Subject_ID,Task,Item_Index,Word,Absolute_Word_Start,Absolute_Word_End,Word_Duration,Gap_Before,Audio_Path,Segment_Path,F0semitoneFrom27.5Hz_sma3nz_amean,F0semitoneFrom27.5Hz_sma3nz_stddevNorm,F0semitoneFrom27.5Hz_sma3nz_percentile20.0,F0semitoneFrom27.5Hz_sma3nz_percentile50.0,F0semitoneFrom27.5Hz_sma3nz_percentile80.0,F0semitoneFrom27.5Hz_sma3nz_pctlrange0-2,F0semitoneFrom27.5Hz_sma3nz_meanRisingSlope,F0semitoneFrom27.5Hz_sma3nz_stddevRisingSlope,F0semitoneFrom27.5Hz_sma3nz_meanFallingSlope,F0semitoneFrom27.5Hz_sma3nz_stddevFallingSlope,loudness_sma3_amean,loudness_sma3_stddevNorm,loudness_sma3_percentile20.0,loudness_sma3_percentile50.0,loudness_sma3_percentile80.0,loudness_sma3_pctlrange0-2,loudness_sma3_meanRisingSlope,loudness_sma3_stddevRisingSlope,loudness_sma3_meanFallingSlope,loudness_sma3_stddevFallingSlope,spectralFlux_sma3_amean,spectralFlux_sma3_stddevNorm,mfcc1_sma3_amean,mfcc1_sma3_stddevNorm,mfcc2_sma3_amean,mfcc2_sma3_stddevNorm,mfcc3_sma3_amean,mfcc3_sma3_stddevNorm,mfcc4_sma3_amean,mfcc4_sma3_stddevNorm,jitterLocal_sma3nz_amean,jitterLocal_sma3nz_stddevNorm,shimmerLocaldB_sma3nz_amean,shimmerLocaldB_sma3nz_stddevNorm,HNRdBACF_sma3nz_amean,HNRdBACF_sma3nz_stddevNorm,logRelF0-H1-H2_sma3nz_amean,logRelF0-H1-H2_sma3nz_stddevNorm,logRelF0-H1-A3_sma3nz_amean,logRelF0-H1-A3_sma3nz_stddevNorm,F1frequency_sma3nz_amean,F1frequency_sma3nz_stddevNorm,F1bandwidth_sma3nz_amean,F1bandwidth_sma3nz_stddevNorm,F1amplitudeLogRelF0_sma3nz_amean,F1amplitudeLogRelF0_sma3nz_stddevNorm,F2frequency_sma3nz_amean,F2frequency_sma3nz_stddevNorm,F2bandwidth_sma3nz_amean,F2bandwidth_sma3nz_stddevNorm,F2amplitudeLogRelF0_sma3nz_amean,F2amplitudeLogRelF0_sma3nz_stddevNorm,F3frequency_sma3nz_amean,F3frequency_sma3nz_stddevNorm,F3bandwidth_sma3nz_amean,F3bandwidth_sma3nz_stddevNorm,F3amplitudeLogRelF0_sma3nz_amean,F3amplitudeLogRelF0_sma3nz_stddevNorm,alphaRatioV_sma3nz_amean,alphaRatioV_sma3nz_stddevNorm,hammarbergIndexV_sma3nz_amean,hammarbergIndexV_sma3nz_stddevNorm,slopeV0-500_sma3nz_amean,slopeV0-500_sma3nz_stddevNorm,slopeV500-1500_sma3nz_amean,slopeV500-1500_sma3nz_stddevNorm,spectralFluxV_sma3nz_amean,spectralFluxV_sma3nz_stddevNorm,mfcc1V_sma3nz_amean,mfcc1V_sma3nz_stddevNorm,mfcc2V_sma3nz_amean,mfcc2V_sma3nz_stddevNorm,mfcc3V_sma3nz_amean,mfcc3V_sma3nz_stddevNorm,mfcc4V_sma3nz_amean,mfcc4V_sma3nz_stddevNorm,alphaRatioUV_sma3nz_amean,hammarbergIndexUV_sma3nz_amean,slopeUV0-500_sma3nz_amean,slopeUV500-1500_sma3nz_amean,spectralFluxUV_sma3nz_amean,loudnessPeaksPerSec,VoicedSegmentsPerSec,MeanVoicedSegmentLengthSec,StddevVoicedSegmentLengthSec,MeanUnvoicedSegmentLength,StddevUnvoicedSegmentLength,equivalentSoundLevel_dBp
xxxxxxxx159,C,1,red,1.279,1.7271,0.4481000000000001,1.279,data/not_shared/wd_audio/WD_CI/xxxxxxxx159/xxxxxxxx159_stroop_C.wav,data/not_shared/wd_audio/WD_CI/xxxxxxxx159/xxxxxxxx159_stroop_task.wav,37.00321960449219,0.0373830050230026,35.65203094482422,36.62078857421875,38.618629455566406,2.9665985107421875,17.00439453125,0.0,24.02579498291016,0.0,0.6641110777854919,0.2689815163612366,0.5012485980987549,0.7318622469902039,0.8213552832603455,0.3201066851615906,2.6334991455078125,0.0,-2.665374994277954,0.0,0.2272054851055145,0.4209690690040588,34.972991943359375,0.179210215806961,-0.3697140216827392,-31.405460357666016,-9.42461109161377,-0.6231918334960938,-52.38735580444336,-0.2619242370128631,0.0073591875843703,0.507792592048645,0.6108285784721375,0.4715001583099365,11.063048362731934,0.1889950335025787,-9.666481018066406,-0.4042410850524902,22.26435089111328,0.2363203167915344,499.5457763671875,0.4332813918590545,1211.821044921875,0.1209895685315132,-4.76528787612915,-0.9167171716690063,1417.41748046875,0.3179855048656463,989.4008178710938,0.1463673114776611,-11.558207511901855,-1.6815848350524902,2791.315185546875,0.1116446852684021,516.4556274414062,1.0031728744506836,-29.111019134521484,-0.2812871038913727,-13.218578338623049,-0.4222316145896911,26.894142150878903,0.1856943517923355,0.0382234416902065,0.868527889251709,-0.0317217893898487,-0.2631591558456421,0.2398155927658081,0.3963946104049682,34.99214553833008,0.1919920593500137,-3.0088558197021484,-3.4310874938964844,-9.793783187866213,-0.6319198608398438,-54.46647262573242,-0.2512656450271606,0.0,0.0,0.0,0.0,0.0,2.3255815505981445,2.702702760696411,0.3599999845027923,0.0,0.0,0.0,-32.14363098144531
xxxxxxxx159,C,2,yellow,1.8588,2.1571,0.2982999999999998,0.1316999999999999,data/not_shared/wd_audio/WD_CI/xxxxxxxx159/xxxxxxxx159_stroop_C.wav,data/not_shared/wd_audio/WD_CI/xxxxxxxx159/xxxxxxxx159_stroop_task.wav,35.50624084472656,0.0157211162149906,35.04072952270508,35.32278823852539,35.825653076171875,0.7849235534667969,6.567096710205078,0.0,15.620100021362305,0.0,0.7792724967002869,0.2085080593824386,0.6623556613922119,0.8551788330078125,0.9002096652984619,0.23785400390625,3.380058765411377,0.0,-1.2340326309204102,0.0,0.2697839736938476,0.3195498287677765,35.895450592041016,0.0714153349399566,-23.71096992492676,-0.9917171597480774,-17.87839126586914,-0.3034195601940155,-30.71708869934082,-0.4742932319641113,0.0055041997693479,0.7677185535430908,0.5135003328323364,0.3259980678558349,10.87882137298584,0.1359111815690994,-7.502102375030518,-0.2104566097259521,14.473825454711914,0.8818562030792236,427.1159973144531,0.0692102760076522,1199.8360595703125,0.1337892860174179,-7.464590549468994,-0.5340020060539246,1269.822265625,0.0686277970671653,1024.957763671875,0.0711572915315628,9.46146297454834,0.4599914848804474,2499.40478515625,0.0868985801935195,1011.9387817382812,0.4443950653076172,-21.18561553955078,-0.3966076374053955,-3.387957811355591,-3.7506022453308105,30.752412796020508,0.1117732301354408,0.0425195917487144,0.4139679074287414,-0.0092862406745553,-3.668872117996216,0.2849908471107483,0.3053578734397888,35.64133071899414,0.0785624459385871,-18.55080223083496,-1.2940512895584106,-19.657835006713867,-0.2369964271783828,-33.09923553466797,-0.4696674644947052,0.0,0.0,0.0,0.0,0.0,3.5714285373687744,4.545454502105713,0.209999993443489,0.0,0.0,0.0,-31.89745330810547
xxxxxxxx159,C,3,blue,2.2489,2.6001,0.3511999999999999,0.0918000000000001,data/not_shared/wd_audio/WD_CI/xxxxxxxx159/xxxxxxxx159_stroop_C.wav,data/not_shared/wd_audio/WD_CI/xxxxxxxx159/xxxxxxxx159_stroop_task.wav,36.44769287109375,0.0558646097779274,34.331783294677734,36.16557312011719,38.70830535888672,4.376522064208984,0.0,0.0,-0.1784963607788086,0.0,0.7583543062210083,0.3026183843612671,0.4606590270996094,0.8897531032562256,0.9499242901802064,0.4892652630805969,4.788710117340088,2.588574171066284,1.1225250959396362,0.2462255656719207,0.2543580234050751,0.7565426230430603,31.90660285949707,0.1918877363204956,-22.95558357238769,-0.9202464818954468,-6.096609115600586,-1.4593145847320557,0.5527209043502808,25.09920310974121,0.0090255746617913,1.0243232250213623,0.5281964540481567,0.53855961561203,8.919596672058105,0.4977627396583557,0.0856572315096855,63.74058532714844,9.230740547180176,1.650852918624878,687.6259765625,0.2840282917022705,1176.7796630859375,0.1581777036190033,-12.051959991455078,-1.0893205404281616,1639.93603515625,0.1184205338358879,1160.3897705078125,0.207570880651474,-12.046445846557615,-1.685453176498413,2685.23095703125,0.1581128239631652,819.279296875,0.4075019657611847,-20.67034912109375,-0.960533082485199,-9.651226997375488,-1.331753134727478,27.603395462036133,0.3684104681015014,0.0519582033157348,0.4401756525039673,0.0006543385679833,28.005558013916016,0.2732053399085998,0.7541729211807251,33.2470703125,0.1786904484033584,-18.643354415893555,-1.1200240850448608,-6.046786785125732,-1.617071509361267,-2.452460289001465,-5.430801868438721,0.0,0.0,0.0,0.0,0.0,2.941176414489746,3.5714285373687744,0.2699999809265136,0.0,0.0,0.0,-32.447120666503906
xxxxxxxx159,C,4,green,2.7318,3.1578,0.4260000000000001,0.1316999999999999,data/not_shared/wd_audio/WD_CI/xxxxxxxx159/xxxxxxxx159_stroop_C.wav,data/not_shared/wd_audio/WD_CI/xxxxxxxx159/xxxxxxxx159_stroop_task.wav,39.84532928466797,0.0555809028446674,38.4113655090332,40.24242782592773,42.07099914550781,3.65963363647461,27.559062957763672,0.0,-40.47823333740234,0.0,0.4845665395259857,0.2782760858535766,0.3330694139003753,0.5305845141410828,0.6279280781745911,0.2948586642742157,-1.509673833847046,2.5034735202789307,0.9483147859573364,0.240995854139328,0.1833138018846511,0.3848873972892761,23.163768768310547,0.4412747919559479,-8.186057090759277,-1.1355940103530884,42.4102783203125,0.2845608592033386,-22.61868095397949,-0.5885756611824036,0.0114452149718999,1.0590033531188965,0.6406509280204773,0.6198852062225342,8.313775062561035,0.4694238603115082,12.671528816223145,0.4810530245304107,4.017906665802002,2.0880045890808105,560.2069702148438,0.5656130313873291,1115.904052734375,0.2864445149898529,-22.37941169738769,-0.661679208278656,1751.197998046875,0.1380653530359268,512.9341430664062,0.8155900239944458,-29.546815872192383,-0.3219137787818908,2723.251220703125,0.0568638779222965,980.9953002929688,0.282907634973526,-16.471717834472656,-0.757297694683075,-10.151148796081545,-1.0944466590881348,14.713672637939451,0.91789048910141,0.0505602285265922,0.3892288208007812,-0.0260406006127595,-0.2089627981185913,0.1908254921436309,0.3518614768981933,23.45247840881348,0.4692085385322571,-9.657954216003418,-0.952614724636078,40.467769622802734,0.2968640625476837,-21.94395065307617,-0.6504718661308289,0.0,0.0,0.0,0.0,0.0,2.4390244483947754,2.857142925262451,0.3400000035762787,0.0,0.0,0.0,-37.04725646972656
xxxxxxxx159,C,5,green,3.4811,3.972,0.4908999999999999,0.3233000000000001,data/not_shared/wd_audio/WD_CI/xxxxxxxx159/xxxxxxxx159_stroop_C.wav,data/not_shared/wd_audio/WD_CI/xxxxxxxx159/xxxxxxxx159_stroop_task.wav,41.0113410949707,0.0665100961923599,38.88234329223633,42.02117538452149,43.30131912231445,4.418975830078125,23.723285675048828,0.0,-33.18313980102539,0.0,0.4786787331104278,0.386862576007843,0.2745450735092163,0.527382493019104,0.6494876742362976,0.3749426007270813,0.8261433839797974,2.0089240074157715,1.7009230852127075,0.0,0.1595828831195831,0.3627820611000061,21.254558563232425,0.2395182400941848,-10.390274047851562,-1.356311917304993,40.0356559753418,0.2276385575532913,-27.318498611450195,-0.5036276578903198,0.0160344392061233,0.945201814174652,0.8333885073661804,1.0326552391052246,9.69782543182373,0.3770399391651153,10.282148361206056,0.6780980825424194,3.343221426010132,2.950218439102173,739.7420043945312,0.5662564039230347,1382.4586181640625,0.268336534500122,-20.96476173400879,-0.6422296762466431,1743.9459228515625,0.1249038502573967,979.8961181640624,0.731058657169342,-26.800661087036133,-0.1768798679113388,2686.3671875,0.1235062927007675,1056.7574462890625,0.4005025029182434,-15.946054458618164,-0.5779262185096741,-8.128458023071289,-1.0356024503707886,11.964459419250488,0.9504342079162598,0.0617248825728893,0.4173965156078338,-0.019333055242896,-0.4787414371967315,0.1651059538125991,0.3300369381904602,20.87188720703125,0.2538160681724548,-12.890588760375977,-1.058019757270813,38.49176025390625,0.2308694720268249,-27.396427154541016,-0.5357381701469421,0.0,0.0,0.0,0.0,0.0,2.0833334922790527,2.4390244483947754,0.3999999761581421,0.0,0.0,0.0,-38.29898452758789
xxxxxxxx159,C,6,blue,4.1855,4.6744,0.4889000000000001,0.2135000000000002,data/not_shared/wd_audio/WD_CI/xxxxxxxx159/xxxxxxxx159_stroop_C.wav,data/not_shared/wd_audio/WD_CI/xxxxxxxx159/xxxxxxxx159_stroop_task.wav,35.373016357421875,0.0255661346018314,34.453094482421875,35.14177322387695,36.3942756652832,1.941181182861328,13.919504165649414,0.0,13.33955192565918,0.0,0.799979031085968,0.3484540283679962,0.556343138217926,0.9344728589057922,1.0149283409118652,0.4585852026939392,5.123047351837158,2.495123863220215,-1.677995204925537,1.9104444980621336,0.2400619834661483,0.4283769428730011,28.6645622253418,0.1295488774776458,-30.855457305908203,-0.6464967727661133,-13.095331192016602,-1.0093778371810913,0.3791236877441406,39.11428451538086,0.0067863557487726,1.079183578491211,0.7266963124275208,0.9118697047233582,8.884185791015625,0.2121338993310928,-2.825355529785156,-2.303781032562256,2.415388345718384,5.475694179534912,481.1997375488281,0.2522416412830353,1264.413330078125,0.1965594589710235,-2.3312325477600098,-2.709380865097046,1482.7135009765625,0.0639372393488884,1208.16064453125,0.2630878388881683,5.2922539710998535,1.9206454753875728,2363.640380859375,0.1082086488604545,1175.8018798828125,0.2710895836353302,-5.770068645477295,-2.033863306045532,-0.3773614764213562,-26.12220764160156,21.127260208129883,0.3126597702503204,0.061752513051033,0.3001174330711365,0.0105090206488966,1.7501052618026731,0.2596268355846405,0.3791699111461639,28.40671730041504,0.1270772963762283,-33.47772216796875,-0.6042255759239197,-14.303367614746094,-0.9745470881462096,3.316401243209839,4.260534286499023,0.0,0.0,0.0,0.0,0.0,4.255319118499756,2.500000238418579,0.3899999856948852,0.0,0.0,0.0,-33.7166862487793
xxxxxxxx159,C,7,yellow,4.7811,5.1533,0.3721999999999994,0.1067,data/not_shared/wd_audio/WD_CI/xxxxxxxx159/xxxxxxxx159_stroop_C.wav,data/not_shared/wd_audio/WD_CI/xxxxxxxx159/xxxxxxxx159_stroop_task.wav,35.51327896118164,0.0422525592148304,34.13473892211914,35.13817596435547,36.54576110839844,2.411022186279297,27.44482040405273,0.0,22.175148010253903,0.0,0.6132265329360962,0.3825256824493408,0.4144676029682159,0.5219616889953613,0.8595913052558899,0.4451237022876739,2.484863758087158,2.6625516414642334,3.61560583114624,0.0,0.2603251934051513,0.4966522455215454,37.74676132202149,0.1257925629615783,-11.004837989807127,-1.484037160873413,-12.54176139831543,-0.6566389203071594,-28.8192138671875,-0.3723087012767792,0.0101135447621345,0.6553696393966675,0.8243758082389832,0.4895137846469879,8.735762596130371,0.2506540417671203,-8.210439682006836,-0.2484961897134781,15.782892227172852,0.6838818192481995,427.228759765625,0.1459748595952987,1177.0615234375,0.1293160170316696,-10.548002243041992,-0.659141480922699,1248.211669921875,0.082366719841957,938.69921875,0.0576282814145088,-0.8569852113723755,-15.752103805541992,2449.529296875,0.0626441985368728,647.1773071289062,0.1642006486654281,-27.046947479248047,-0.329159677028656,-8.68543529510498,-0.9530143737792968,30.294374465942383,0.1505458652973175,0.0200689136981964,0.81220942735672,-0.0148359686136245,-1.4537290334701538,0.2956462204456329,0.4171897768974304,38.30815505981445,0.1206004619598388,-14.293312072753906,-1.1163513660430908,-14.42890739440918,-0.5298793315887451,-29.04115867614746,-0.3732567727565765,0.0,0.0,0.0,0.0,0.0,2.777777910232544,3.3333334922790527,0.2899999916553497,0.0,0.0,0.0,-32.416481018066406
xxxxxxxx159,C,8,red,5.269,5.6532,0.3841999999999999,0.1157000000000003,data/not_shared/wd_audio/WD_CI/xxxxxxxx159/xxxxxxxx159_stroop_C.wav,data/not_shared/wd_audio/WD_CI/xxxxxxxx159/xxxxxxxx159_stroop_task.wav,35.13710403442383,0.0200662221759557,34.4593505859375,34.948265075683594,36.00614929199219,1.5467987060546875,11.524603843688965,0.0,16.721820831298828,0.0,0.5050989985466003,0.2646126747131347,0.4044086337089538,0.57175612449646,0.6086350083351135,0.2042263746261596,0.7284530401229858,2.6004533767700195,0.3163357675075531,0.0,0.1388020813465118,0.3983919620513916,35.75861358642578,0.1608987748622894,-8.870952606201172,-0.8303117156028748,-7.080807685852051,-1.3589626550674438,-46.38136672973633,-0.2578977048397064,0.008389220573008,1.3366045951843262,0.5762971639633179,0.4327831268310547,10.062442779541016,0.1995329856872558,-10.397262573242188,-0.3198927342891693,13.532907485961914,0.5093449950218201,457.69622802734375,0.3120185136795044,1277.8251953125,0.1540822237730026,-6.300540924072266,-0.9842390418052672,1285.338134765625,0.2228342443704605,904.1670532226562,0.1729767173528671,0.7160103917121887,15.181737899780272,2622.14599609375,0.0932772979140281,470.3193359375,0.3329752385616302,-22.704225540161133,-0.1558253467082977,-9.18608856201172,-0.3010363280773163,26.626718521118164,0.1776612401008606,0.0442598275840282,0.4964081943035126,-0.0282324068248271,-0.2747161090373993,0.1548079550266266,0.3395319879055023,36.231842041015625,0.1697202324867248,-10.499297142028809,-0.6305788159370422,-9.597946166992188,-0.878176212310791,-50.2520866394043,-0.1730953752994537,0.0,0.0,0.0,0.0,0.0,2.702702760696411,3.225806474685669,0.2999999821186065,0.0,0.0,0.0,-36.26781845092773
xxxxxxxx159,C,9,blue,6.4563,6.6469,0.1905999999999998,0.8030999999999997,data/not_shared/wd_audio/WD_CI/xxxxxxxx159/xxxxxxxx159_stroop_C.wav,data/not_shared/wd_audio/WD_CI/xxxxxxxx159/xxxxxxxx159_stroop_task.wav,35.94707489013672,0.0277219861745834,34.922420501708984,35.763031005859375,37.135738372802734,2.21331787109375,0.0,0.0,-0.2148513793945312,0.0,0.8641316294670105,0.4370852708816528,0.3970880806446075,0.9994451999664308,1.1879668235778809,0.7908787727355957,7.800712585449219,0.0,-23.78757667541504,0.0,0.4940329492092132,0.5625229477882385,26.398298263549805,0.2271421551704406,-26.4458065032959,-0.9022379517555236,-14.175721168518066,-0.8167983293533325,-5.171513080596924,-2.85863995552063,0.0104520721361041,0.4974676072597503,1.0948545932769775,0.2387673109769821,6.907994270324707,0.5280609130859375,6.456256866455078,1.0480787754058838,17.120899200439453,1.059421420097351,510.01458740234375,0.2956321239471435,1310.4710693359375,0.1129375025629997,7.6683831214904785,0.3544007241725921,1542.385986328125,0.0707061514258384,1238.3983154296875,0.4701214134693146,-0.252753883600235,-65.58934783935547,2483.502685546875,0.1318143606185913,1155.754150390625,0.4616363942623138,-11.88394260406494,-1.371541142463684,-8.234973907470703,-1.5551577806472778,27.238237380981445,0.2151425182819366,0.0968307480216026,0.1023166924715042,-0.0101427538320422,-1.978486180305481,0.471012681722641,0.606232762336731,29.845333099365234,0.1151129156351089,-15.795145988464355,-1.4332215785980225,-11.236990928649902,-1.1517467498779297,-11.66843318939209,-1.1661213636398315,0.0,0.0,0.0,0.0,0.0,5.555555820465088,8.333333969116211,0.1099999994039535,0.0,0.0,0.0,-31.649354934692383
xxxxxxxx159,C,10,yellow,6.9293,7.474,0.5447000000000006,0.2824,data/not_shared/wd_audio/WD_CI/xxxxxxxx159/xxxxxxxx159_stroop_C.wav,data/not_shared/wd_audio/WD_CI/xxxxxxxx159/xxxxxxxx159_stroop_task.wav,37.41991424560547,0.0429616309702396,35.881935119628906,36.9488639831543,39.20515441894531,3.3232192993164062,23.635665893554688,0.0,22.660446166992188,0.0,0.7011135220527649,0.4543693959712982,0.275358647108078,0.7222984433174133,1.0483365058898926,0.7729778289794922,-0.7010724544525146,2.5752804279327397,2.646004199981689,0.0,0.4144355654716491,0.5174742937088013,29.80467987060547,0.270765870809555,-7.404889106750488,-3.57761025428772,-13.867008209228516,-0.8089741468429565,-21.1519718170166,-0.6861469745635986,0.0150763839483261,1.354577898979187,0.7963624596595764,0.7411327362060547,9.651789665222168,0.2239875495433807,-6.307563304901123,-0.8084940910339355,16.30328941345215,0.6766270399093628,402.6905517578125,0.147844523191452,1263.350830078125,0.1467030942440033,-57.11663818359375,-1.4134482145309448,1260.8680419921875,0.0826129391789436,1014.943603515625,0.1188341230154037,-33.63374710083008,-2.226475238800049,2443.2392578125,0.0707968920469284,684.7715454101562,0.3728143274784088,-53.7426986694336,-1.2166417837142944,-6.678304672241211,-1.6834324598312378,28.438615798950195,0.1936205327510833,0.0409093461930751,0.7732332348823547,-0.0090581998229026,-2.933384656906128,0.4090727269649505,0.382908433675766,31.83906364440918,0.1953667402267456,-16.103548049926758,-1.422540545463562,-18.03327751159668,-0.5614901185035706,-24.87398910522461,-0.483349859714508,-32.30088424682617,42.28564834594727,-0.1279166638851165,-0.0325442031025886,0.7427841424942017,1.886792540550232,2.127659559249878,0.3799999952316284,0.0,0.0700000002980232,0.0,-30.87759780883789
xxxxxxxx159,C,11,red,7.8372,8.2522,0.415,0.3631999999999999,data/not_shared/wd_audio/WD_CI/xxxxxxxx159/xxxxxxxx159_stroop_C.wav,data/not_shared/wd_audio/WD_CI/xxxxxxxx159/xxxxxxxx159_stroop_task.wav,37.15920639038086,0.0604708157479763,34.99123764038086,36.44989013671875,40.261474609375,5.270236968994141,23.572790145874023,0.0,32.868141174316406,0.0,0.498209536075592,0.2724806070327759,0.3551254868507385,0.4540462493896484,0.640880286693573,0.2857547998428345,4.443208694458008,1.8248323202133176,-2.276173591613769,2.7916502952575684,0.2433340847492218,0.4870108366012573,35.36475372314453,0.1416249275207519,3.066453456878662,2.810192346572876,-8.424131393432617,-1.8152495622634888,-33.91132354736328,-0.4700098931789398,0.0138468034565448,1.1190508604049685,0.8436918258666992,0.7823065519332886,10.913975715637209,0.2618426382541656,-8.196430206298828,-0.7841302752494812,21.930797576904297,0.2541441321372986,558.7998657226562,0.4117586612701416,1282.701171875,0.1243781372904777,-12.617438316345217,-0.8810136318206787,1470.399658203125,0.2818491756916046,1019.4718017578124,0.188697263598442,-19.326068878173828,-1.0324522256851196,2818.947509765625,0.1451689749956131,593.7850952148438,0.5526557564735413,-36.478145599365234,-0.2320021688938141,-16.770437240600586,-0.4049305915832519,34.230159759521484,0.173348382115364,0.0368125475943088,0.7297351956367493,-0.0280797202140092,-0.3767848908901214,0.2396638244390487,0.4362856745719909,36.03094482421875,0.1372171342372894,2.597875595092773,3.4518885612487797,-12.161092758178713,-1.0942288637161257,-36.87522888183594,-0.4188041090965271,0.0,0.0,0.0,0.0,0.0,5.000000476837158,2.941176414489746,0.3299999833106994,0.0,0.0,0.0,-33.652122497558594
xxxxxxxx159,C,12,green,8.4787,9.2022,0.7234999999999996,0.2264999999999997,data/not_shared/wd_audio/WD_CI/xxxxxxxx159/xxxxxxxx159_stroop_C.wav,data/not_shared/wd_audio/WD_CI/xxxxxxxx159/xxxxxxxx159_stroop_task.wav,40.78340530395508,0.0440033078193664,39.74591064453125,40.80656814575195,42.428993225097656,2.6830825805664062,56.70455932617188,19.099613189697266,43.85721969604492,10.97695541381836,0.6469751000404358,0.4000385105609894,0.3744636476039886,0.6601748466491699,0.8396897315979004,0.4652260839939117,8.630120277404785,7.114377498626709,0.3062152862548828,2.8959197998046875,0.2238085120916366,0.5128771066665649,16.057693481445312,0.5187183618545532,-15.318978309631348,-1.0423295497894287,20.049291610717773,0.8670127391815186,-12.806358337402344,-1.0666933059692385,0.0302967801690101,0.8709004521369934,1.0635945796966553,0.7145772576332092,5.035334587097168,1.183658480644226,2.976017951965332,4.278342247009277,3.216156244277954,3.387343406677246,689.887939453125,0.5618494749069214,1080.1966552734375,0.3921259939670563,-18.06840705871582,-0.3820306956768036,1719.8365478515625,0.165335401892662,917.126953125,0.5191743969917297,-17.60297203063965,-0.6215384602546692,2690.358154296875,0.073256529867649,1032.3326416015625,0.3459323644638061,-15.531937599182127,-0.8187769651412964,-6.369840145111084,-1.4972304105758667,12.098340034484863,0.9662033915519714,0.0411177985370159,0.6160838603973389,-0.0149271478876471,-0.9505125284194946,0.2228496223688125,0.4947080612182617,15.627056121826172,0.5669263005256653,-11.444183349609377,-1.1761218309402466,23.50303077697754,0.6908964514732361,-14.249068260192873,-0.9936805963516236,0.0,0.0,0.0,0.0,0.0,4.2253522872924805,1.6393442153930664,0.5999999642372131,0.0,0.0,0.0,-37.24141311645508
xxxxxxxx159,W,1,yellow,1.0037,1.4128,0.4091,1.0037,data/not_shared/wd_audio/WD_CI/xxxxxxxx159/xxxxxxxx159_stroop_W.wav,data/not_shared/wd_audio/WD_CI/xxxxxxxx159/xxxxxxxx159_stroop_task.wav,36.50081634521485,0.0359599255025386,35.33877944946289,36.16147994995117,37.461204528808594,2.122425079345703,25.220617294311523,0.0,16.340829849243164,0.0,0.7647921442985535,0.4698356986045837,0.4427518844604492,0.7607107162475586,1.172335863113403,0.7295839786529541,1.5667197704315186,2.6954736709594727,4.779567718505859,0.0,0.363914430141449,0.4067988395690918,28.60449981689453,0.3801348805427551,-13.686844825744627,-1.9629294872283936,-15.414935111999512,-0.4308250248432159,-19.40684127807617,-0.6122827529907227,0.0077884499914944,0.3380035758018493,0.7568755745887756,0.3900167644023895,8.613701820373535,0.1893895268440246,-6.552679061889648,-0.3520238995552063,13.08331298828125,0.8179517984390259,429.4405822753906,0.050332099199295,1177.96923828125,0.1315385848283767,-31.61369514465332,-2.0397424697875977,1298.2552490234375,0.0493526943027973,1086.505126953125,0.1237703785300254,-20.31455421447754,-3.1931612491607666,2422.083984375,0.0564092434942722,788.5828857421875,0.3529407978057861,-40.206912994384766,-1.4304544925689695,-3.1685574054718018,-3.7595252990722656,24.852846145629883,0.1967912316322326,0.0231530498713254,1.6312100887298584,0.0030641888733953,8.893095016479492,0.4203490614891052,0.2701433002948761,30.864538192749023,0.21608667075634,-21.07519149780273,-1.2250176668167114,-16.9660701751709,-0.3851267397403717,-17.599788665771484,-0.601350724697113,-16.81758689880371,22.262849807739254,-0.0667979195713996,-0.0235189516097307,0.1062984615564346,2.5641026496887207,3.030303239822388,0.2800000011920929,0.0,0.0299999993294477,0.0,-31.257503509521484
xxxxxxxx159,W,2,red,1.5195,1.9995,0.48,0.1067,data/not_shared/wd_audio/WD_CI/xxxxxxxx159/xxxxxxxx159_stroop_W.wav,data/not_shared/wd_audio/WD_CI/xxxxxxxx159/xxxxxxxx159_stroop_task.wav,37.36208724975586,0.0357866510748863,35.740447998046875,37.56874084472656,38.78063583374024,3.04018783569336,18.70265769958496,0.0,6.081360340118408,8.147005081176758,0.6405516266822815,0.2737032473087311,0.4621897339820862,0.6677298545837402,0.8445315957069397,0.3823418617248535,7.551368713378906,1.5640547275543213,-6.420736789703369,5.697007179260254,0.2454146444797516,0.5290672183036804,36.068477630615234,0.1202418580651283,-3.699454307556152,-2.5064914226531982,-13.622831344604492,-1.2937748432159424,-34.72209930419922,-0.500731885433197,0.0073735904879868,0.675597608089447,0.6232048869132996,0.7897965312004089,11.124930381774902,0.234625905752182,-4.413310050964356,-2.295583963394165,23.51909065246582,0.1045120358467102,508.6743469238281,0.3539879918098449,1332.7532958984375,0.1897165477275848,-9.907188415527344,-1.0522935390472412,1429.87353515625,0.2404605597257614,1031.1002197265625,0.2355901002883911,-9.107361793518066,-2.200059175491333,2681.66455078125,0.1075141951441764,850.8956298828125,0.3282070755958557,-32.18555450439453,-0.1430922001600265,-12.297647476196287,-0.7237848043441772,32.593753814697266,0.0781044214963913,0.0604218281805515,0.3767227232456207,-0.0293432176113128,-0.1926820129156112,0.2480485290288925,0.5720831155776978,37.48517990112305,0.0403640307486057,-2.108221530914306,-3.940510511398315,-16.6023006439209,-1.0514209270477295,-39.03396987915039,-0.3868959546089172,0.0,0.0,0.0,0.0,0.0,4.255319118499756,2.500000238418579,0.3899999856948852,0.0,0.0,0.0,-31.901966094970703
xxxxxxxx159,W,3,green,2.185,2.3896,0.2046000000000001,0.1855,data/not_shared/wd_audio/WD_CI/xxxxxxxx159/xxxxxxxx159_stroop_W.wav,data/not_shared/wd_audio/WD_CI/xxxxxxxx159/xxxxxxxx159_stroop_task.wav,43.86344909667969,0.0098146367818117,43.560829162597656,44.04020309448242,44.21135330200195,0.6505241394042969,17.043685913085938,0.0,-9.581851959228516,0.0,0.5904009938240051,0.2399931848049163,0.4733237028121948,0.6203109622001648,0.7191581130027771,0.2458344101905822,3.3532488346099854,0.0,-2.532052993774414,0.0,0.1749207079410553,0.3454792201519012,17.19100570678711,0.3008785545825958,-15.177801132202148,-0.3250973224639892,37.489017486572266,0.1351425498723983,-32.536251068115234,-0.4148392677307129,0.0119888391345739,1.3904294967651367,0.6133424639701843,0.4746860265731811,14.082982063293455,0.1289924681186676,7.941933631896973,0.1656603813171386,-1.8318164348602293,-3.088648796081543,1118.027587890625,0.2114345878362655,1365.414794921875,0.239443689584732,-27.40494537353516,-0.0335328169167041,1869.2894287109373,0.0403901077806949,663.714111328125,0.3617574274539947,-27.16193962097168,-0.1013208180665969,3016.08544921875,0.029588995501399,830.8876953125,0.0663290843367576,-17.09369468688965,-0.4938110113143921,-10.57847785949707,-0.343656063079834,13.632009506225586,0.3229969441890716,0.0740120038390159,0.1867949515581131,-0.0065779527649283,-0.9703353643417358,0.1536797732114792,0.1694729477167129,20.24190330505371,0.14865143597126,-13.845733642578123,-0.3871456980705261,35.07346725463867,0.1135564669966697,-24.55218315124512,-0.3164395093917846,0.0,0.0,0.0,0.0,0.0,5.263157844543457,7.692307949066162,0.1199999973177909,0.0,0.0,0.0,-35.706336975097656
xxxxxxxx159,W,4,blue,2.5582,3.0122,0.4540000000000002,0.1685999999999996,data/not_shared/wd_audio/WD_CI/xxxxxxxx159/xxxxxxxx159_stroop_W.wav,data/not_shared/wd_audio/WD_CI/xxxxxxxx159/xxxxxxxx159_stroop_task.wav,34.37018966674805,0.0198500268161296,33.662445068359375,34.35231018066406,34.868751525878906,1.2063064575195312,8.935522079467773,0.0,12.20607566833496,1.8294005393981931,0.6417819261550903,0.2849640250205993,0.4314243793487549,0.7236359715461731,0.7916340827941895,0.3602097034454345,2.376615047454834,3.2245121002197266,0.9173972010612488,0.0,0.1711264997720718,0.4993580877780914,31.65431404113769,0.1044666171073913,-30.40504646301269,-0.4218809008598327,-11.617679595947266,-1.122797608375549,6.603108882904053,1.433890461921692,0.0061312988400459,0.7651153802871704,0.6297991275787354,0.4755472838878631,8.893104553222656,0.1892343610525131,-0.3369530737400055,-11.825450897216797,3.307348728179932,3.4726908206939697,574.6585083007812,0.1865718811750412,1401.0484619140625,0.1754549294710159,-2.2835309505462646,-3.1621811389923096,1520.6011962890625,0.1198207810521125,1481.4168701171875,0.2375590354204177,1.02573561668396,8.120844841003418,2301.702392578125,0.1197823658585548,1401.8109130859375,0.3890211284160614,-6.947292327880859,-1.1968097686767578,-0.6235988140106201,-11.74448299407959,19.61563873291016,0.3458588421344757,0.0582723803818225,0.364469975233078,0.0073671177960932,2.3910248279571533,0.1864722967147827,0.452436089515686,31.031476974487305,0.0992104634642601,-32.283416748046875,-0.3966944813728332,-15.163003921508787,-0.6707202792167664,7.070214748382568,1.418767333030701,0.0,0.0,0.0,0.0,0.0,2.2727272510528564,2.6315789222717285,0.3700000047683716,0.0,0.0,0.0,-36.77375411987305
xxxxxxxx159,W,5,green,3.1987,3.4901,0.2913999999999999,0.1865000000000001,data/not_shared/wd_audio/WD_CI/xxxxxxxx159/xxxxxxxx159_stroop_W.wav,data/not_shared/wd_audio/WD_CI/xxxxxxxx159/xxxxxxxx159_stroop_task.wav,42.56672668457031,0.0280324723571538,41.20119857788086,42.882057189941406,43.78730773925781,2.586109161376953,35.51681900024414,0.0,-29.10870742797852,0.0,0.526740550994873,0.3888664543628692,0.3368129134178161,0.5650044679641724,0.7183505296707153,0.3815376162528991,4.341620922088623,0.0,-2.822609663009644,0.0,0.1902680248022079,0.490300565958023,22.255455017089844,0.370849996805191,-12.047574043273926,-1.0749380588531494,27.166439056396484,0.6263349056243896,-18.203657150268555,-0.6853287220001221,0.0101537257432937,0.8318414092063904,0.9960010051727296,1.0844385623931885,9.993609428405762,0.3397111296653747,10.049875259399414,0.196550577878952,-1.637993335723877,-5.160506248474121,787.9109497070312,0.586829423904419,942.4227294921876,0.3931289315223694,-29.49336814880371,-0.0588935650885105,1826.2098388671875,0.1519351154565811,1136.781494140625,0.5381421446800232,-22.199485778808597,-0.4481949210166931,2752.470703125,0.0769124031066894,1070.4796142578125,0.2796979546546936,-14.078706741333008,-0.5815525650978088,-10.046896934509276,-1.0557727813720703,13.46342945098877,0.9429919123649596,0.0684348419308662,0.3175115585327148,-0.0135511383414268,-0.4366650581359863,0.19460991024971,0.4991658926010132,20.08111953735352,0.3890209197998047,-11.237728118896484,-1.2369734048843384,34.99369430541992,0.2494239807128906,-17.06572914123535,-0.804963231086731,0.0,0.0,0.0,0.0,0.0,3.5714285373687744,4.545454502105713,0.209999993443489,0.0,0.0,0.0,-37.13093185424805
xxxxxxxx159,W,6,yellow,3.5489,3.8283,0.2793999999999998,0.0588000000000001,data/not_shared/wd_audio/WD_CI/xxxxxxxx159/xxxxxxxx159_stroop_W.wav,data/not_shared/wd_audio/WD_CI/xxxxxxxx159/xxxxxxxx159_stroop_task.wav,34.5252571105957,0.0190280266106128,34.04448318481445,34.25347900390625,34.824806213378906,0.7803230285644531,9.281758308410645,0.0,24.51070213317871,0.0,0.6080108880996704,0.4092247188091278,0.3232475519180298,0.642983078956604,0.8472549915313721,0.5240074396133423,4.720065593719482,0.0,-4.593531608581543,0.0,0.4146755635738373,0.4514647722244262,34.21632385253906,0.1958536803722381,-11.24501132965088,-1.7535905838012695,-10.723162651062012,-0.8428736329078674,-20.15896987915039,-0.6105626225471497,0.0315795391798019,1.2932186126708984,1.365684151649475,0.9428012371063232,9.800527572631836,0.2061181664466858,-5.804584980010986,-0.5248697400093079,11.265088081359863,0.966886818408966,498.8853759765625,0.2283166348934173,1110.6873779296875,0.1455041021108627,-35.23383331298828,-1.8033208847045896,1412.09326171875,0.2272451370954513,953.55419921875,0.1144365593791008,-27.680477142333984,-2.5305535793304443,2653.07763671875,0.0939178094267845,720.4781494140625,0.5938894748687744,-45.096527099609375,-1.3483198881149292,-12.90243148803711,-0.8190563321113586,32.48397445678711,0.2068309783935547,-0.046986885368824,-0.5578224062919617,-0.0169153325259685,-1.3450024127960205,0.4322066009044647,0.4317788481712341,36.79219055175781,0.1748537570238113,-10.981826782226562,-1.7425026893615725,-11.983575820922852,-0.7013168931007385,-25.28809928894043,-0.3911951184272766,-32.89213562011719,41.06693649291992,-0.1385879963636398,-0.0248438064008951,0.8389196991920471,3.846153974533081,5.000000476837158,0.1599999964237213,0.0,0.0199999995529651,0.0,-31.82632064819336
xxxxxxxx159,W,7,blue,4.0348,4.3122,0.2774000000000001,0.2064999999999996,data/not_shared/wd_audio/WD_CI/xxxxxxxx159/xxxxxxxx159_stroop_W.wav,data/not_shared/wd_audio/WD_CI/xxxxxxxx159/xxxxxxxx159_stroop_task.wav,35.390438079833984,0.0476490035653114,33.96711349487305,34.83005905151367,36.59666442871094,2.62955093383789,23.245851516723636,0.0,168.46218872070312,0.0,0.5719238519668579,0.3530918657779693,0.3450178802013397,0.5721474885940552,0.8069187998771667,0.461900919675827,1.6721378564834597,1.7262330055236816,3.8023386001586914,0.0,0.1864738017320633,0.4142565131187439,32.87562942504883,0.1560534536838531,-17.752872467041016,-0.7128262519836426,-16.15519905090332,-0.4662666916847229,-10.17428493499756,-0.9134631156921388,0.009294849820435,0.4967486560344696,0.8673677444458008,0.4373496174812317,7.268791675567627,0.3535959720611572,-7.498607158660889,-0.7634801864624023,9.834803581237791,0.4727062582969665,488.591064453125,0.1866018325090408,1278.28076171875,0.167709469795227,-9.390628814697266,-0.9181501269340516,1421.03125,0.0917991995811462,1160.1029052734375,0.0773326680064201,-2.7470126152038574,-3.4468212127685547,2451.10888671875,0.068922609090805,1344.927001953125,0.260113388299942,-21.298259735107425,-0.6031315326690674,-4.004106521606445,-0.6859346032142639,26.42731666564941,0.1352927237749099,0.0392629168927669,0.6764729022979736,0.0048491586931049,1.4991589784622192,0.2220231592655182,0.3547786176204681,31.9006290435791,0.1656099110841751,-23.417165756225582,-0.3445718288421631,-19.76914405822754,-0.1840520352125167,-7.489640235900879,-1.196721434593201,0.0,0.0,0.0,0.0,0.0,3.846153974533081,5.000000476837158,0.1899999976158142,0.0,0.0,0.0,-36.45221328735352
xxxxxxxx159,W,8,red,4.395,4.7163,0.3213000000000008,0.0827999999999997,data/not_shared/wd_audio/WD_CI/xxxxxxxx159/xxxxxxxx159_stroop_W.wav,data/not_shared/wd_audio/WD_CI/xxxxxxxx159/xxxxxxxx159_stroop_task.wav,34.02059555053711,0.0260061640292406,33.56549453735352,33.95501708984375,34.748260498046875,1.1827659606933594,103.81002807617188,0.0,9.469188690185549,0.0,0.5022931694984436,0.3219882547855377,0.3915308713912964,0.567582905292511,0.6443460583686829,0.2528151869773865,1.71324360370636,0.0,-3.585935592651367,0.0,0.1518332660198211,0.453905314207077,36.480899810791016,0.1639601737260818,-11.191153526306152,-0.600017249584198,-7.5920023918151855,-1.0377880334854126,-44.56318664550781,-0.2396613955497741,0.0064231012947857,0.8940718173980713,0.6812871098518372,0.4994240403175354,9.63670539855957,0.3015298545360565,-10.736924171447754,-0.3578174710273742,10.695693016052246,0.5395643711090088,435.5848388671875,0.1581776589155197,1200.1207275390625,0.0757517963647842,-11.602123260498049,-0.5550612807273865,1230.8134765625,0.0838328376412391,948.3566284179688,0.1174506843090057,1.0786614418029783,8.2028169631958,2587.586181640625,0.052428763359785,462.8016357421875,0.1178657859563827,-23.275041580200195,-0.1457034647464752,-11.234044075012209,-0.2248263955116272,28.704626083374023,0.1835691779851913,0.0294546894729137,0.5679376125335693,-0.0288233812898397,-0.2027677297592163,0.1731725931167602,0.4350354075431824,37.58887481689453,0.1621468365192413,-13.325462341308594,-0.419620007276535,-9.765477180480955,-0.7124246954917908,-48.89882278442383,-0.1329573988914489,0.0,0.0,0.0,0.0,0.0,3.225806474685669,4.0,0.2399999946355819,0.0,0.0,0.0,-35.855655670166016
xxxxxxxx159,W,9,blue,5.0236,5.28,0.2564000000000002,0.3072999999999997,data/not_shared/wd_audio/WD_CI/xxxxxxxx159/xxxxxxxx159_stroop_W.wav,data/not_shared/wd_audio/WD_CI/xxxxxxxx159/xxxxxxxx159_stroop_task.wav,33.91306686401367,0.0395244881510734,32.84858703613281,33.088592529296875,35.49231719970703,2.6437301635742188,0.0,0.0,-0.2054195404052734,0.0,0.6957998871803284,0.4124181270599365,0.3791253864765167,0.8311631083488464,0.9226504564285278,0.5435250997543335,3.925546407699585,1.5715839862823486,2.274862289428711,0.0,0.2165106534957885,0.6120377779006958,27.058874130249023,0.2128833383321762,-25.202192306518555,-0.7493085265159607,-9.76180934906006,-1.4073302745819092,2.540687799453736,4.363114833831787,0.0344646610319614,1.2408355474472046,1.4298657178878784,0.7163398861885071,6.666666507720947,0.5397759079933167,1.481391668319702,5.317876815795898,9.811923027038574,1.5673933029174805,496.1766357421875,0.1695063263177871,1223.391845703125,0.2000274509191513,-2.2904915809631348,-3.3032944202423096,1529.0751953125,0.0432582460343837,1022.2613525390624,0.169213980436325,-0.7505033612251282,-17.559953689575195,2565.380126953125,0.0528426729142665,1228.2606201171875,0.268314003944397,-12.582392692565918,-0.806270182132721,-3.5362472534179688,-3.520727157592773,25.403905868530277,0.2397395074367523,0.0668569579720497,0.4054686427116394,-0.0023869494907557,-8.287272453308105,0.2396776527166366,0.5949692726135254,27.929933547973636,0.2254150211811065,-20.322908401489254,-0.9583640098571776,-10.810151100158691,-1.4486476182937622,-1.0500192642211914,-9.730757713317873,0.0,0.0,0.0,0.0,0.0,4.1666669845581055,5.555555820465088,0.1700000017881393,0.0,0.0,0.0,-35.009521484375
xxxxxxxx159,W,10,green,5.4007,5.739,0.3383000000000002,0.1206999999999993,data/not_shared/wd_audio/WD_CI/xxxxxxxx159/xxxxxxxx159_stroop_W.wav,data/not_shared/wd_audio/WD_CI/xxxxxxxx159/xxxxxxxx159_stroop_task.wav,41.53626251220703,0.0379144996404647,40.07627868652344,42.13706207275391,42.94914627075195,2.872867584228516,40.146766662597656,0.0,-25.23927116394043,0.0,0.5070702433586121,0.2269272655248642,0.4202056527137756,0.5667796730995178,0.5916123390197754,0.1714066863059997,1.5374476909637451,0.0,-1.3946906328201294,2.471370220184326,0.1592835187911987,0.3381038904190063,22.07976531982422,0.3689009249210357,-14.326884269714355,-0.5535136461257935,30.48383331298828,0.634179413318634,-21.36016082763672,-0.554100751876831,0.0111393947154283,1.3958972692489624,0.8551499843597412,0.4552976787090301,8.881902694702148,0.3183228671550751,9.79672622680664,0.2686649560928345,1.344149112701416,4.639502048492432,522.1433715820312,0.6145188212394714,1112.1142578125,0.1964386105537414,-30.18211936950684,-0.1048705875873565,1729.3131103515625,0.1424087136983871,468.6272583007813,0.932408094406128,-25.072900772094727,-0.2571214735507965,2702.487548828125,0.0722498521208763,976.892578125,0.2560123205184936,-13.969675064086914,-0.5748928189277649,-7.673041820526123,-1.1685192584991455,11.36141300201416,0.9081305265426636,0.0551284253597259,0.2036306262016296,-0.0210234392434358,-0.1890057325363159,0.1530219167470932,0.2997036576271057,20.64017677307129,0.3952859044075012,-14.237109184265137,-0.6095678806304932,38.40602493286133,0.2702948451042175,-21.87901306152344,-0.5954574942588806,0.0,0.0,0.0,0.0,0.0,3.125,3.846153974533081,0.25,0.0,0.0,0.0,-38.77290725708008
xxxxxxxx159,W,11,red,5.8258,6.1121,0.2862999999999998,0.0868000000000002,data/not_shared/wd_audio/WD_CI/xxxxxxxx159/xxxxxxxx159_stroop_W.wav,data/not_shared/wd_audio/WD_CI/xxxxxxxx159/xxxxxxxx159_stroop_task.wav,34.99692916870117,0.0302096083760261,33.90701675415039,34.81112289428711,35.82343673706055,1.916419982910156,27.109020233154297,0.0,41.04022979736328,0.0,0.3401286602020263,0.2304864525794983,0.2801802456378937,0.312912255525589,0.4341734945774078,0.1539932489395141,1.4207794666290283,1.855400562286377,1.257083296775818,0.0,0.196808323264122,0.4526194632053375,38.42594146728516,0.2025911659002304,9.8434419631958,0.7450695037841797,-1.7663936614990234,-4.869895458221436,-34.56915283203125,-0.3162114918231964,0.0156175345182418,0.4661068916320801,1.2211703062057495,0.3350152373313904,7.949731826782227,0.1701194047927856,-7.848574638366699,-0.4790394604206085,24.66959953308105,0.2249395549297332,534.5106201171875,0.3572989404201507,1288.6556396484375,0.1123066246509552,-7.755427360534668,-0.5407804846763611,1479.89990234375,0.3098592460155487,883.4620361328125,0.16402667760849,-18.814830780029297,-0.5885899662971497,2753.091064453125,0.1191132068634033,685.267333984375,0.3919183611869812,-34.85657501220703,-0.0977207496762275,-19.92548942565918,-0.1738106161355972,33.5448112487793,0.1063732057809829,-0.0194781515747308,-1.8900949954986568,-0.0426011756062507,-0.2981757223606109,0.2212909609079361,0.4707159399986267,38.275516510009766,0.2288396209478378,7.681232452392578,0.8280255794525146,-4.950777530670166,-1.4022016525268557,-33.711875915527344,-0.3597793579101562,0.0,0.0,0.0,0.0,0.0,3.7037038803100586,4.761904716491699,0.199999988079071,0.0,0.0,0.0,-38.553958892822266
xxxxxxxx159,W,12,yellow,6.172,6.5841,0.4121000000000006,0.0598999999999998,data/not_shared/wd_audio/WD_CI/xxxxxxxx159/xxxxxxxx159_stroop_W.wav,data/not_shared/wd_audio/WD_CI/xxxxxxxx159/xxxxxxxx159_stroop_task.wav,34.67213821411133,0.0216811038553714,33.95707702636719,34.4744873046875,35.362701416015625,1.4056243896484375,10.48481559753418,0.0,4.584904670715332,17.26376724243164,0.3983003199100494,0.4541011452674866,0.1931041181087494,0.3989876508712768,0.5771452188491821,0.3840411007404327,4.251256465911865,0.0,-1.89232075214386,0.0,0.1416092365980148,0.7486763596534729,38.56187438964844,0.0881046280264854,-8.20705509185791,-1.6332192420959473,-11.369529724121094,-1.0867677927017212,-18.05406188964844,-0.669944703578949,0.0115903289988636,1.2036536931991575,0.8310883641242981,0.7829585671424866,9.34713077545166,0.1942078918218612,-5.281507015228272,-0.3112611174583435,15.858301162719728,0.4454673528671264,523.0933227539062,0.3536613881587982,1166.3511962890625,0.1284253299236297,-12.68496036529541,-0.4646851718425751,1441.833740234375,0.2598662376403808,930.3215942382812,0.1936747729778289,-7.667474746704102,-2.049412488937378,2593.92529296875,0.1578298211097717,818.5781860351562,0.3142122626304626,-30.12211227416992,-0.2152210026979446,-11.006175994873049,-0.6905699372291565,32.61729049682617,0.118498682975769,0.0072643137536942,2.297393560409546,-0.0126990564167499,-1.6181305646896362,0.1650106757879257,0.6405090093612671,39.26941680908203,0.0809775218367576,-9.329178810119627,-1.521599054336548,-13.514859199523926,-0.8926593661308289,-20.95116806030273,-0.5136373043060303,0.0,0.0,0.0,0.0,0.0,2.500000238418579,2.941176414489746,0.3299999833106994,0.0,0.0,0.0,-37.63683319091797
xxxxxxxx159,CW,1,yellow,1.6572,2.0932,0.4359999999999999,1.6572,data/not_shared/wd_audio/WD_CI/xxxxxxxx159/xxxxxxxx159_stroop_CW.wav,data/not_shared/wd_audio/WD_CI/xxxxxxxx159/xxxxxxxx159_stroop_task.wav,37.00640869140625,0.0383725874125957,35.705753326416016,36.63222503662109,38.343109130859375,2.63735580444336,20.07675170898437,0.0,20.886199951171875,0.0,0.6843507885932922,0.3855083286762237,0.4196363985538482,0.7103458642959595,0.9426904916763306,0.5230541229248047,3.878627061843872,0.0,-4.168008327484131,0.0,0.2490033358335495,0.349954217672348,33.46773910522461,0.2106821984052658,-13.650348663330078,-1.7152349948883057,-11.872547149658203,-0.801644504070282,-25.45143699645996,-0.4022091031074524,0.0080093806609511,1.0278788805007937,0.6136953830718994,0.4926811158657074,10.238224983215332,0.2108307033777237,-5.520724773406982,-0.6606415510177612,17.061092376708984,0.6499097943305969,522.1625366210938,0.3250000774860382,1291.054443359375,0.256535530090332,-7.190171718597412,-0.6165077090263367,1333.2730712890625,0.1606856286525726,1076.090576171875,0.1479689180850982,-1.893696427345276,-7.733838081359863,2584.763427734375,0.1526015102863311,751.1831665039062,0.478869765996933,-24.756858825683597,-0.3700622320175171,-6.448747158050537,-1.7173136472702026,27.02699279785156,0.2308290004730224,0.041295975446701,0.6634457111358643,-0.0038807513192296,-7.173939228057861,0.2752928435802459,0.2400269210338592,32.83318328857422,0.2251443564891815,-16.494474411010742,-1.4634793996810913,-14.239086151123049,-0.5717484354972839,-25.986251831054688,-0.4090340733528137,0.0,0.0,0.0,0.0,0.0,2.3809523582458496,2.777777910232544,0.3499999940395355,0.0,0.0,0.0,-32.95378875732422
xxxxxxxx159,CW,2,red,2.4375,2.8346,0.3971,0.3443,data/not_shared/wd_audio/WD_CI/xxxxxxxx159/xxxxxxxx159_stroop_CW.wav,data/not_shared/wd_audio/WD_CI/xxxxxxxx159/xxxxxxxx159_stroop_task.wav,36.55181121826172,0.0317996554076671,35.41501235961914,36.17462921142578,38.04883193969727,2.633819580078125,14.091293334960938,0.0,5.87006950378418,9.961321830749512,0.743874192237854,0.2983570992946625,0.5250559449195862,0.8181478977203369,0.9291831254959106,0.4041271805763244,2.684643030166626,0.0,-4.577313423156738,0.0,0.2691811621189117,0.4975009262561798,38.376346588134766,0.0722387358546257,-4.163235664367676,-2.2261104583740234,-14.590367317199709,-0.6754957437515259,-46.53520584106445,-0.2561516463756561,0.0064212614670395,0.6575031876564026,0.8884577751159668,1.4846516847610474,11.649439811706545,0.1267893016338348,-10.396337509155272,-0.3783101439476013,23.13820075988769,0.189895287156105,470.6414489746094,0.3540599346160888,1214.2845458984375,0.0671277195215225,-5.732572078704834,-0.959145724773407,1300.07568359375,0.1949762105941772,938.0480346679688,0.128007486462593,-7.379521369934082,-1.7152419090270996,2613.621337890625,0.1250030994415283,635.9959716796875,0.3480629026889801,-29.74860000610352,-0.1679960042238235,-13.186161041259766,-0.3074826598167419,31.48024177551269,0.0891120135784149,0.0714122280478477,0.1461780220270156,-0.0316042825579643,-0.2470318228006363,0.2970699369907379,0.4809702038764953,37.86079788208008,0.0681246370077133,-6.231560707092285,-1.3599112033843994,-18.08772850036621,-0.3282727003097534,-50.0787353515625,-0.1873780041933059,0.0,0.0,0.0,0.0,0.0,2.6315789222717285,3.125,0.3100000023841858,0.0,0.0,0.0,-30.31547737121582
xxxxxxxx159,CW,3,green,3.1079,3.2327,0.1248,0.2732999999999999,data/not_shared/wd_audio/WD_CI/xxxxxxxx159/xxxxxxxx159_stroop_CW.wav,data/not_shared/wd_audio/WD_CI/xxxxxxxx159/xxxxxxxx159_stroop_task.wav,39.34444808959961,0.0,39.34444808959961,39.34444808959961,39.34444808959961,0.0,0.0,0.0,0.0,0.0,0.343801885843277,0.5076181292533875,0.1508230566978454,0.3240285217761993,0.5504763722419739,0.3996533155441284,0.0381081774830818,0.0,0.0,0.0,0.1292224079370498,0.5258957147598267,29.713144302368164,0.2428358495235443,-10.147086143493652,-1.8481643199920652,33.96358871459961,0.3169719576835632,1.8230204582214355,7.10670280456543,0.0425859950482845,0.5909349918365479,2.0123651027679443,0.4426836669445038,7.520555019378662,0.2456144988536834,9.016584396362305,0.1307941824197769,0.750015914440155,3.8735549449920654,474.7516479492188,0.4263238310813904,1740.113525390625,0.1746351420879364,-33.997703552246094,-0.1860923767089843,1563.5404052734375,0.0637561902403831,1114.60546875,0.3520227968692779,-30.48769187927246,-0.3332348465919494,2490.484375,0.0438812635838985,917.1988525390624,0.1497838348150253,-21.12535285949707,-0.5082887411117554,-22.045318603515625,-0.410021424293518,28.84174346923828,0.3595156073570251,0.0245887693017721,0.7753716111183167,-0.0155128212645649,-0.0979823321104049,0.0935310870409011,0.2946922481060028,35.20466995239258,0.1098624616861343,1.9904437065124512,8.21037483215332,25.953197479248047,0.265149712562561,11.870116233825684,0.5512272119522095,0.0,0.0,0.0,0.0,0.0,0.0,0.0,0.0,0.0,0.0,0.0,-42.47715377807617
xxxxxxxx159,CW,4,blue,3.7664,4.5397,0.7732999999999999,0.5337000000000001,data/not_shared/wd_audio/WD_CI/xxxxxxxx159/xxxxxxxx159_stroop_CW.wav,data/not_shared/wd_audio/WD_CI/xxxxxxxx159/xxxxxxxx159_stroop_task.wav,30.555191040039062,0.2274739146232605,24.41918182373047,35.34550476074219,35.947105407714844,11.527923583984377,233.80332946777344,0.0,-3.050952672958374,0.0,0.3363898396492004,1.2635468244552612,0.0649418234825134,0.1433553993701934,0.3355991542339325,0.270657330751419,5.620797634124756,3.452666759490967,-7.420574188232422,8.2686185836792,0.3065823912620544,0.8675236105918884,26.9997615814209,0.2238208055496215,-0.9235265254974364,-21.790332794189453,0.4967998266220093,22.014352798461918,8.34935188293457,1.0062367916107178,0.0374175831675529,1.4706324338912964,1.6281671524047852,0.3972828388214111,3.0820136070251465,1.2392807006835938,-3.723236799240112,-2.225595712661743,11.084898948669434,1.0045037269592283,595.7752075195312,0.3401947915554046,1468.4951171875,0.2168808579444885,-160.0350341796875,-0.4807562530040741,1663.666015625,0.1507408022880554,1283.8216552734375,0.1782419830560684,-150.4646759033203,-0.5508061051368713,2555.39453125,0.1522551625967025,1219.2890625,0.1603142172098159,-151.25704956054688,-0.5363985300064087,-9.43629550933838,-1.3899236917495728,27.11826515197754,0.3431461453437805,0.0350443199276924,1.9891691207885744,-0.0040234047919511,-3.571186065673828,0.4088669419288635,0.78972989320755,26.49803924560547,0.1841290593147277,-11.242520332336426,-2.2271196842193604,-6.746255397796631,-1.8990546464920044,5.062108039855957,2.478797674179077,-22.425432205200195,38.5455207824707,-0.0696503743529319,-0.0026989378966391,0.2374885976314544,2.6315789222717285,2.857142925262451,0.0799999982118606,0.0599999986588954,0.25,0.1700000017881393,-35.53422927856445
xxxxxxxx159,CW,5,green,4.9817,5.4287,0.447,0.4420000000000001,data/not_shared/wd_audio/WD_CI/xxxxxxxx159/xxxxxxxx159_stroop_CW.wav,data/not_shared/wd_audio/WD_CI/xxxxxxxx159/xxxxxxxx159_stroop_task.wav,44.69338607788086,0.0473219342529773,43.775665283203125,45.59922790527344,46.18637847900391,2.410713195800781,12.514273643493652,0.0,-29.997095108032227,0.0,1.332429051399231,0.4131860136985779,0.8381094932556152,1.4571529626846311,1.8618996143341064,1.0237901210784912,7.100146770477295,0.0,-7.637823581695557,0.0,0.6950218081474304,0.5715498924255371,0.8681687712669373,11.043551445007324,-12.58108615875244,-0.8247053623199463,38.91427993774414,0.184930607676506,-44.63787078857422,-0.199835866689682,0.0136849377304315,1.3545618057250977,0.6058151125907898,0.5546764731407166,6.002638339996338,1.20574152469635,7.010014057159424,0.3014487028121948,-12.252273559570312,-0.4367268681526184,1304.003173828125,0.2255760133266449,471.8063354492188,0.7540290951728821,-23.76980781555176,-0.0637478977441787,2304.467041015625,0.1397306472063064,1391.3868408203125,0.3135181367397308,-10.430806159973145,-0.736075758934021,3100.673583984375,0.0831134691834449,1322.652587890625,0.2852514386177063,-2.254429817199707,-1.6131510734558103,3.77606463432312,0.9690538048744202,-0.7612088918685913,-4.835914611816406,0.1233833059668541,0.2263658493757248,-0.007605783175677,-1.009503722190857,0.8817646503448486,0.3920324444770813,-3.495800256729126,-2.235642194747925,-18.853458404541016,-0.1832348853349685,35.642452239990234,0.170283704996109,-47.8260612487793,-0.1750284433364868,0.0,0.0,0.0,0.0,0.0,2.3255815505981445,3.3333334922790527,0.2899999916553497,0.0,0.0,0.0,-27.82457733154297
xxxxxxxx159,CW,6,blue,6.144,6.7357,0.5916999999999994,0.7153,data/not_shared/wd_audio/WD_CI/xxxxxxxx159/xxxxxxxx159_stroop_CW.wav,data/not_shared/wd_audio/WD_CI/xxxxxxxx159/xxxxxxxx159_stroop_task.wav,36.524940490722656,0.0476433932781219,34.64985656738281,36.19746398925781,38.51079940795898,3.860942840576172,15.867310523986816,0.308276891708374,15.490859031677246,1.0080881118774414,0.7802830934524536,0.535906970500946,0.280699759721756,0.8578396439552307,1.2094067335128784,0.9287070035934448,3.069984197616577,2.704495668411255,3.612210988998413,2.160829782485962,0.2353756874799728,0.5753871202468872,27.83896255493164,0.1955948621034622,-23.40945816040039,-1.07566237449646,3.756828546524048,4.064692974090576,3.574326038360596,3.295530319213867,0.0067883213050663,0.5033091902732849,0.5866509675979614,0.5885019302368164,9.974401473999023,0.2780190706253052,1.1243963241577148,5.611125469207764,3.407705068588257,3.202106475830078,595.1426391601562,0.4617476165294647,1245.86181640625,0.1771295219659805,-15.1309232711792,-2.0484864711761475,1615.7322998046875,0.1523385643959045,1167.57861328125,0.3352715075016022,-14.496960639953612,-1.9068562984466555,2495.966796875,0.1555570214986801,1059.975341796875,0.3596790730953216,-18.01381492614746,-1.527936339378357,-6.258881568908691,-1.865570068359375,19.266231536865234,0.5392504930496216,0.0519069544970989,0.686229944229126,0.001223158207722,12.218944549560549,0.2568148076534271,0.5184299945831299,29.149282455444336,0.1339249163866043,-27.804317474365234,-0.8205700516700745,2.9061858654022217,5.47997522354126,1.6549575328826904,6.581944942474365,-18.89185905456543,27.886213302612305,-0.0380297750234603,-0.0070723518729209,0.0818552896380424,3.4482760429382324,1.886792540550232,0.5099999904632568,0.0,0.0,0.0,-32.98350143432617
xxxxxxxx159,CW,7,green,7.5179,8.0337,0.5157999999999996,0.7822000000000005,data/not_shared/wd_audio/WD_CI/xxxxxxxx159/xxxxxxxx159_stroop_CW.wav,data/not_shared/wd_audio/WD_CI/xxxxxxxx159/xxxxxxxx159_stroop_task.wav,39.53730392456055,0.0661541149020195,37.34162902832031,40.232948303222656,41.88613128662109,4.544502258300781,34.93410873413086,0.0,-0.6113471984863281,20.339155197143555,0.4892055988311767,0.4018860161304474,0.3050744533538818,0.4959336519241333,0.6988250613212585,0.3937506079673767,2.7858386039733887,0.6486572027206421,-1.444185733795166,2.2366762161254883,0.1563239842653274,0.3340665102005005,22.82058906555176,0.3848870396614074,-7.972854614257812,-1.8112106323242188,36.5904426574707,0.2470921576023101,-16.308774948120117,-0.7304642200469971,0.0158254615962505,1.3277785778045654,0.7010128498077393,0.5962383151054382,9.858390808105469,0.2819896340370178,12.560254096984863,0.384516954421997,5.412411689758301,2.3896515369415283,918.1342163085938,0.4746131300926208,1129.2777099609375,0.424121618270874,-22.15800094604492,-0.3410734236240387,1816.7862548828125,0.1486326307058334,1236.8619384765625,0.4549426734447479,-23.548603057861328,-0.5376319289207458,2750.42138671875,0.1027402505278587,1047.8370361328125,0.8916168808937073,-16.45442771911621,-0.7965797781944275,-10.12904453277588,-1.077111005783081,13.70151138305664,0.9127349853515624,0.0596048347651958,0.5543075203895569,-0.0222211387008428,-0.2445006072521209,0.1573141813278198,0.3199884593486786,22.64529228210449,0.4125195443630218,-8.999512672424316,-1.6757919788360596,34.791385650634766,0.2307879477739334,-15.78650951385498,-0.798700213432312,0.0,0.0,0.0,0.0,0.0,4.0,2.2727272510528564,0.429999977350235,0.0,0.0,0.0,-38.201271057128906
xxxxxxxx159,CW,8,blue,9.1722,9.7399,0.5677000000000003,1.1385000000000003,data/not_shared/wd_audio/WD_CI/xxxxxxxx159/xxxxxxxx159_stroop_CW.wav,data/not_shared/wd_audio/WD_CI/xxxxxxxx159/xxxxxxxx159_stroop_task.wav,35.40412902832031,0.0307766906917095,34.333213806152344,35.199832916259766,36.512657165527344,2.179443359375,10.46163272857666,0.0,14.787381172180176,0.0,0.5870757102966309,0.3817319571971893,0.3387669622898102,0.7336471676826477,0.7934466600418091,0.4546796977519989,1.873235106468201,2.73131799697876,2.859830617904663,2.009187936782837,0.1315774023532867,0.5810781121253967,31.87387084960937,0.1098134368658065,-23.883380889892575,-0.6728177070617676,-1.8675572872161863,-9.61964225769043,5.555498123168945,1.627641201019287,0.0066914418712258,0.991917371749878,0.5576450228691101,0.5677698254585266,10.547296524047852,0.1773173063993454,-2.163856029510498,-1.6885504722595217,1.1223344802856443,8.076377868652344,559.3986206054688,0.3351134359836578,1308.9908447265625,0.144471675157547,-9.726585388183594,-0.9331371784210204,1535.5228271484375,0.157224416732788,1311.7073974609375,0.273305594921112,-7.091612815856934,-1.9765918254852293,2334.130615234375,0.1490595787763595,1266.7216796875,0.3088617324829101,-11.595160484313965,-1.128665328025818,-5.095948219299316,-1.4708139896392822,20.5288200378418,0.1872734725475311,0.0511380285024642,0.4735599458217621,0.0024153760168701,4.287871360778809,0.1450985074043274,0.5047299265861511,31.815542221069336,0.1162101253867149,-27.497846603393555,-0.4740520417690277,-4.921468734741211,-3.379241466522217,5.304973125457764,1.784290790557861,0.0,0.0,0.0,0.0,0.0,3.6363635063171382,2.040816307067871,0.4799999892711639,0.0,0.0,0.0,-37.01094436645508
xxxxxxxx159,CW,9,yellow,10.557,11.2005,0.6434999999999995,0.8170999999999999,data/not_shared/wd_audio/WD_CI/xxxxxxxx159/xxxxxxxx159_stroop_CW.wav,data/not_shared/wd_audio/WD_CI/xxxxxxxx159/xxxxxxxx159_stroop_task.wav,35.713619232177734,0.0311722699552774,34.69614028930664,35.48507308959961,36.63636016845703,1.9402198791503904,14.675798416137695,0.0,12.946834564208984,0.0,0.5247076749801636,0.4709142446517944,0.2043022215366363,0.5857763290405273,0.7624978423118591,0.5581955909729004,2.2635204792022705,0.0,-2.176191091537476,0.0,0.1585391908884048,0.5952531099319458,32.98711013793945,0.2935731709003448,-13.885371208190918,-1.4328808784484863,-12.365422248840332,-1.1055809259414673,-10.58196258544922,-1.07399582862854,0.0101474225521087,1.402790069580078,0.4935089647769928,0.5584441423416138,11.152366638183594,0.1015369147062301,-7.771289348602295,-0.4926898777484894,10.162055015563965,1.176827311515808,568.0618286132812,0.3795639872550964,1185.4715576171875,0.1588988900184631,-27.55731964111328,-1.6968811750411987,1518.1846923828125,0.2400364279747009,985.6318969726562,0.1977566629648208,-20.04208374023437,-2.5042097568511963,2623.031005859375,0.1647844612598419,869.9054565429688,0.3973931968212127,-37.24900817871094,-1.176849365234375,-6.205370903015137,-1.3960881233215332,28.813037872314453,0.2961801290512085,0.0201491471379995,1.7610400915145874,0.0041342903859913,5.106684684753418,0.1680606454610824,0.5369665622711182,35.19221878051758,0.2331322729587555,-18.50606346130371,-0.9864068627357484,-14.041108131408691,-0.96890127658844,-13.535889625549316,-0.7296914458274841,-19.225261688232425,30.995376586914062,-0.0927489623427391,-0.0114217177033424,0.2450431734323501,1.5873016119003296,1.7543859481811523,0.5199999809265137,0.0,0.0299999993294477,0.0,-35.596736907958984
xxxxxxxx159,CW,10,blue,11.6395,12.1883,0.5488,0.439,data/not_shared/wd_audio/WD_CI/xxxxxxxx159/xxxxxxxx159_stroop_CW.wav,data/not_shared/wd_audio/WD_CI/xxxxxxxx159/xxxxxxxx159_stroop_task.wav,35.04241180419922,0.0417770333588123,34.52847671508789,35.20458984375,35.86296463012695,1.3344879150390625,89.99732208251953,57.07771682739258,10.150636672973633,0.0,0.6100702881813049,0.5431429147720337,0.264225959777832,0.5947375297546387,0.9935598373413086,0.7293338775634766,4.964941024780273,0.0,-2.571126699447632,0.0,0.1452389061450958,0.6226668953895569,31.85342788696289,0.1387212425470352,-22.82850646972656,-0.8372169137001038,1.462976098060608,10.568209648132324,3.696868658065796,2.321528434753418,0.0066811079159379,0.8482778072357178,0.5722354054450989,0.6760596632957458,9.965240478515623,0.291778028011322,-0.2885277867317199,-17.209789276123047,5.583659648895264,2.266245126724243,640.3982543945312,0.3721855580806732,1169.610107421875,0.1700686067342758,-8.612581253051758,-1.258081555366516,1643.3736572265625,0.1533335447311401,1076.1739501953125,0.1988837569952011,-8.790008544921875,-1.6603596210479736,2563.435791015625,0.1242647767066955,1034.1751708984375,0.273663192987442,-14.064820289611816,-1.020596623420715,-6.254263877868652,-1.4695007801055908,20.991464614868164,0.3432982265949249,0.0614422485232353,0.39253631234169,0.0011588941561058,13.351278305053713,0.16010382771492,0.5509740114212036,31.99813842773437,0.1413445025682449,-26.35281753540039,-0.6571312546730042,-0.8035706877708435,-18.557838439941406,2.8205182552337646,3.07002592086792,0.0,0.0,0.0,0.0,0.0,1.886792540550232,2.127659559249878,0.4599999785423279,0.0,0.0,0.0,-36.0654182434082
xxxxxxxx159,CW,11,green,12.6532,14.4891,1.8359000000000003,0.4649000000000001,data/not_shared/wd_audio/WD_CI/xxxxxxxx159/xxxxxxxx159_stroop_CW.wav,data/not_shared/wd_audio/WD_CI/xxxxxxxx159/xxxxxxxx159_stroop_task.wav,35.61201477050781,0.1823447942733764,32.87328338623047,37.06010437011719,40.9052963256836,8.032012939453125,744.4341430664062,773.785888671875,44.21453857421875,14.297109603881836,0.3688606917858124,0.7497185468673706,0.0992813855409622,0.3052830696105957,0.5604536533355713,0.4611722826957702,5.343966960906982,4.35484790802002,4.675003528594971,2.874070644378662,0.1897303014993667,1.002934217453003,27.27037811279297,0.4228871464729309,-3.673255205154419,-3.316579341888428,15.65358543395996,1.3603663444519043,-6.614240646362305,-2.652509450912476,0.0506363548338413,2.661382913589477,1.1976343393325806,0.8135262727737427,6.63667631149292,0.8291093707084656,6.500660419464111,1.5101584196090698,14.31029987335205,0.7619220018386841,517.3112182617188,0.3982895016670227,1288.725830078125,0.1975668370723724,-105.09970092773438,-0.8384623527526855,1544.7862548828125,0.1528354883193969,773.9447021484375,0.5729940533638,-92.40321350097656,-0.9040853977203368,2618.29931640625,0.0619253069162368,866.2474975585938,0.5104847550392151,-93.22915649414062,-0.8850114345550537,-12.535764694213867,-0.66154944896698,22.95145034790039,0.4665785431861877,0.0295292437076568,1.512822508811951,-0.0207462459802627,-0.4825189113616943,0.2009936571121215,0.896676242351532,30.643531799316406,0.3341214060783386,-5.191457271575928,-2.5291616916656494,17.618541717529297,1.3948485851287842,-13.614468574523926,-1.219817280769348,-11.312389373779297,21.81198501586914,-0.0186280887573957,-0.0100978137925267,0.1775180399417877,2.1978023052215576,3.4285714626312256,0.1633333414793014,0.1787611544132232,0.1066666692495346,0.0570574738085269,-38.19562149047852
xxxxxxxx159,CW,12,red,15.0957,15.6,0.5042999999999989,0.6066000000000003,data/not_shared/wd_audio/WD_CI/xxxxxxxx159/xxxxxxxx159_stroop_CW.wav,data/not_shared/wd_audio/WD_CI/xxxxxxxx159/xxxxxxxx159_stroop_task.wav,37.9267807006836,0.0616389401257038,35.517433166503906,37.478271484375,39.99872970581055,4.481296539306641,28.517932891845703,0.0,53.97903060913086,0.0,0.6634722948074341,0.3235048353672027,0.4292847812175751,0.6565499901771545,0.9045223593711852,0.4752375781536102,0.5376408100128174,3.788885116577149,1.8003222942352295,0.0,0.2932155430316925,0.8972154259681702,22.53664970397949,0.3910139203071594,-1.2480586767196655,-3.179131507873535,-6.580722808837891,-1.4867085218429563,-40.68243408203125,-0.3520832657814026,0.0332638323307037,1.615971565246582,1.0957608222961426,0.8152706027030945,8.03350830078125,0.5444298982620239,-2.7049825191497803,-3.125481128692627,20.745424270629883,0.1814040243625641,703.8341064453125,0.291003555059433,1192.4110107421875,0.1033660173416137,-45.952396392822266,-1.6845943927764893,1899.473876953125,0.190455287694931,652.7669677734375,0.2911032736301422,-47.56393432617188,-1.3927348852157593,2965.189453125,0.0669655427336692,472.7784118652344,0.2591831088066101,-50.58559036254883,-1.266565203666687,-14.971529006958008,-0.3371853232383728,21.84864044189453,0.1849491000175476,0.0779204368591308,0.3391955494880676,-0.0411940328776836,-0.2872498035430908,0.3547317385673523,0.7933115363121033,25.800683975219727,0.1993675827980041,-0.5906670689582825,-6.377896308898926,-6.855068683624268,-1.1325125694274902,-46.65029144287109,-0.2275334298610687,2.279694080352783,10.699849128723145,0.0241281874477863,0.004382143728435,0.1092588454484939,2.040816307067871,2.3255815505981445,0.3499999940395355,0.0,0.0599999986588954,0.0,-32.48676681518555
xxxxxxxx160,C,1,red,1.0845,1.768,0.6835,1.0845,data/not_shared/wd_audio/WD_CI/xxxxxxxx160/xxxxxxxx160_stroop_C.wav,data/not_shared/wd_audio/WD_CI/xxxxxxxx160/xxxxxxxx160_stroop_task.wav,30.9001522064209,0.1966014057397842,28.94334602355957,31.599552154541016,35.69453811645508,6.751192092895508,67.53997039794922,30.22261619567871,599.5637817382812,0.0,0.2173859626054763,0.5292355418205261,0.0843465477228164,0.2175696045160293,0.3344138860702514,0.2500673532485962,0.9034080505371094,0.3144311010837555,0.794113039970398,0.0,0.1032163649797439,0.6287745237350464,36.666385650634766,0.1173042580485344,27.16972923278809,0.2846496701240539,0.7777981758117676,7.8935933113098145,10.066463470458984,0.5442694425582886,0.0350002348423004,2.160381555557251,1.034554123878479,0.8856072425842285,8.323193550109863,0.6538766622543335,4.630351066589356,7.408843517303467,32.946163177490234,0.6505001783370972,543.8930053710938,0.3434498906135559,1391.5615234375,0.1105477809906005,-50.04338455200195,-1.4074549674987793,1527.9256591796875,0.2202790081501007,1115.3875732421875,0.1476085186004638,-63.797882080078125,-0.9562062621116638,2680.123779296875,0.1139817014336586,889.4559936523438,0.3861254155635834,-73.47183990478516,-0.7697129845619202,-28.14315223693848,-0.1358109563589096,40.80758285522461,0.127463698387146,0.0675476565957069,0.2989435493946075,-0.0251287445425987,-0.3321068286895752,0.1267447173595428,0.4682870507240295,37.217506408691406,0.119890846312046,30.96846580505371,0.1419047862291336,-0.7456755638122559,-7.012226104736328,8.6659574508667,0.648857593536377,-21.109045028686523,34.84505844116211,0.02594580873847,-0.0154195260256528,0.0290910974144935,1.4925373792648315,1.6393442153930664,0.4799999892711639,0.0,0.0999999940395355,0.0,-37.475730895996094
xxxxxxxx160,C,2,yellow,1.9326,2.3936,0.4610000000000001,0.1646,data/not_shared/wd_audio/WD_CI/xxxxxxxx160/xxxxxxxx160_stroop_C.wav,data/not_shared/wd_audio/WD_CI/xxxxxxxx160/xxxxxxxx160_stroop_task.wav,30.912921905517575,0.0751826837658882,28.7747802734375,30.09876823425293,33.48503494262695,4.710254669189453,0.1754938811063766,0.0,0.0,0.0,0.2932190299034118,0.2310791909694671,0.2389028668403625,0.3044478893280029,0.3576710224151611,0.1187681555747985,0.591815173625946,0.1948753446340561,0.8040419816970825,0.0,0.085852026939392,0.4297042489051819,41.18090057373047,0.0683964341878891,23.59254646301269,0.1181564256548881,-6.464344501495361,-1.072969913482666,1.605078101158142,2.3196001052856445,0.0116184642538428,0.4790333211421966,0.6935998201370239,0.7498748898506165,9.96774959564209,0.1307280957698822,6.804829120635986,0.3864801824092865,39.155418395996094,0.1484743952751159,486.4999694824219,0.334787368774414,1470.166259765625,0.0946971848607063,-8.487656593322754,-0.4423531293869018,1432.861083984375,0.2325236797332763,1114.6551513671875,0.2039588242769241,-28.18640899658203,-0.2450224012136459,2587.8017578125,0.1541110426187515,995.1030883789062,0.3105575144290924,-44.39739227294922,-0.1233071088790893,-23.776050567626957,-0.1434389799833297,37.441627502441406,0.1173588559031486,0.0566345416009426,0.342413067817688,-0.0310707483440637,-0.2661574482917785,0.0829358920454979,0.4216510653495788,41.33979797363281,0.0714075490832328,23.801897048950195,0.1229147091507911,-6.390600204467773,-1.1611618995666504,1.5190708637237549,2.5685431957244877,0.0,0.0,0.0,0.0,0.0,2.222222328186035,2.5641026496887207,0.3799999952316284,0.0,0.0,0.0,-37.914588928222656
xxxxxxxx160,C,3,green,2.4584,2.8266,0.3681999999999998,0.0647999999999999,data/not_shared/wd_audio/WD_CI/xxxxxxxx160/xxxxxxxx160_stroop_C.wav,data/not_shared/wd_audio/WD_CI/xxxxxxxx160/xxxxxxxx160_stroop_task.wav,30.038898468017575,0.2103399336338043,22.412826538085938,30.553903579711918,36.54565048217773,14.132823944091797,103.31883239746094,80.00230407714844,171.96705627441406,146.5802001953125,0.284604012966156,0.1328186392784118,0.2504160404205322,0.2821632921695709,0.3162507116794586,0.0658346712589263,1.127002477645874,0.6193973422050476,0.7971844673156738,0.7783931493759155,0.1528562307357788,0.3559041619300842,30.3886775970459,0.1429543644189834,20.74871063232422,0.2770627737045288,27.77974319458008,0.3110764324665069,13.919869422912598,0.8794476389884949,0.1473344713449478,1.6878774166107178,1.0686874389648438,0.5417737364768982,7.464624881744385,0.5640158653259277,6.7578654289245605,2.832958936691284,18.920499801635746,0.5952457785606384,514.2576904296875,0.2854865193367004,1300.303955078125,0.1138360723853111,-6.995553493499756,-2.734234094619751,1806.064697265625,0.0544078685343265,906.8302612304688,0.3031315803527832,-26.243370056152344,-0.5908752083778381,2573.855224609375,0.096261091530323,1388.75732421875,0.3236507177352905,-19.364471435546875,-0.8505291938781738,-24.41854286193848,-0.1656072735786438,29.240503311157227,0.2647896707057953,0.0793149173259735,0.228462353348732,-0.0190224032849073,-0.2829251587390899,0.1584183871746063,0.3389036357402801,29.983821868896484,0.1552383452653885,19.41150665283203,0.278175413608551,27.35408592224121,0.3419466018676758,11.656070709228516,1.0514895915985107,0.0,0.0,0.0,0.0,0.0,8.571428298950195,3.4482760429382324,0.2800000011920929,0.0,0.0,0.0,-36.95415115356445
xxxxxxxx160,C,4,blue,2.8824,3.3853,0.5028999999999999,0.0558,data/not_shared/wd_audio/WD_CI/xxxxxxxx160/xxxxxxxx160_stroop_C.wav,data/not_shared/wd_audio/WD_CI/xxxxxxxx160/xxxxxxxx160_stroop_task.wav,28.095117568969727,0.0589137710630893,26.68620109558105,27.396713256835938,29.40935707092285,2.723155975341797,12.392807960510254,0.0,4.764103889465332,0.0,0.2385067343711853,0.3483090996742248,0.1559825241565704,0.255005270242691,0.3214242160320282,0.1654416918754577,0.6540429592132568,0.0,-1.5959004163742063,0.0,0.0709418505430221,0.4597439169883728,42.441104888916016,0.1029567047953605,11.483352661132812,0.5930754542350769,-5.320143222808838,-3.037818670272827,5.6500244140625,1.0114597082138062,0.0126888491213321,1.0170061588287354,0.5926449298858643,0.4837773442268371,7.362079620361328,0.1099913343787193,8.159443855285645,0.2648833394050598,33.3277473449707,0.1136919111013412,459.71881103515625,0.2324433922767639,1385.7822265625,0.1064946874976158,-5.241996765136719,-0.7718073129653931,1386.6009521484375,0.0763402730226516,1138.34130859375,0.1410316824913025,-16.72193717956543,-0.5415685176849365,2374.20751953125,0.0476193130016326,901.8032836914062,0.1869417876005172,-31.88774681091309,-0.169512003660202,-17.085298538208008,-0.3527763485908508,32.144195556640625,0.0821931436657905,0.0464570149779319,0.2786156237125397,-0.0202060565352439,-0.2011178284883499,0.0682467520236969,0.3557287156581878,42.13093948364258,0.110909916460514,11.37860870361328,0.6590787768363953,-6.375905990600586,-2.7732253074646,5.831323146820068,1.061771035194397,0.0,0.0,0.0,0.0,0.0,2.040816307067871,2.500000238418579,0.3899999856948852,0.0,0.0,0.0,-43.70763397216797
xxxxxxxx160,C,5,blue,4.1466,4.5896,0.4429999999999996,0.7613000000000003,data/not_shared/wd_audio/WD_CI/xxxxxxxx160/xxxxxxxx160_stroop_C.wav,data/not_shared/wd_audio/WD_CI/xxxxxxxx160/xxxxxxxx160_stroop_task.wav,31.908246994018555,0.0608078613877296,30.127517700195312,31.55185890197754,34.36248779296875,4.2349700927734375,21.78392791748047,0.0,-2.57254695892334,7.586088180541992,0.3051749765872955,0.2721316218376159,0.2311560958623886,0.3423953056335449,0.3776509165763855,0.1464948207139969,1.56989848613739,0.9497467875480652,-0.2641579210758209,0.7855450510978699,0.0912116020917892,0.3493444621562958,39.052040100097656,0.0549949519336223,21.32563591003418,0.4154005050659179,-12.846257209777832,-0.6614311933517456,7.8809709548950195,0.9848912954330444,0.0098538221791386,0.7316405773162842,0.8967683911323547,0.8748063445091248,9.995515823364258,0.134167194366455,6.484885215759277,0.6216221451759338,34.45480728149414,0.1764493137598037,560.99462890625,0.3649726212024688,1507.5439453125,0.0890088379383087,-12.828336715698242,-0.625472903251648,1501.6822509765625,0.2256098836660385,1291.625244140625,0.2784808874130249,-27.223308563232425,-0.3533358871936798,2580.819580078125,0.1786939650774002,1225.33837890625,0.3031034171581268,-41.42877197265625,-0.1634326428174972,-19.46859741210937,-0.2441232204437255,36.892696380615234,0.0927852839231491,0.0530004240572452,0.5531842112541199,-0.0196074526757001,-0.6190928816795349,0.0931404680013656,0.3413667678833008,38.989356994628906,0.0535145066678524,19.0754337310791,0.3877439498901367,-13.807613372802734,-0.6127637028694153,8.274182319641113,0.9920399785041808,0.0,0.0,0.0,0.0,0.0,4.651163101196289,2.702702760696411,0.3599999845027923,0.0,0.0,0.0,-39.07500457763672
xxxxxxxx160,C,6,green,4.8171,5.4426,0.6254999999999997,0.2275,data/not_shared/wd_audio/WD_CI/xxxxxxxx160/xxxxxxxx160_stroop_C.wav,data/not_shared/wd_audio/WD_CI/xxxxxxxx160/xxxxxxxx160_stroop_task.wav,30.363370895385746,0.1253242790699005,27.09566879272461,29.94717025756836,34.638607025146484,7.542938232421875,63.133750915527344,25.594263076782227,24.507965087890625,0.0,0.1742576956748962,0.3726257085800171,0.1189546957612037,0.1636809259653091,0.2561502754688263,0.1371955871582031,0.4340360760688782,0.4718899726867676,0.7056371569633484,0.0,0.0770187750458717,0.4661961793899536,35.647926330566406,0.1052137240767479,19.98201942443848,0.2497657835483551,21.255861282348636,0.4623956382274627,23.19491577148437,0.3687011003494262,0.029774572700262,1.6170889139175415,1.1125208139419556,0.6761490702629089,8.10073471069336,0.4002137184143066,15.031476974487305,0.3392324447631836,31.70061492919922,0.2215625196695327,483.9967041015625,0.2595438063144684,1419.7425537109375,0.2652559578418731,-16.09166717529297,-1.208045244216919,1687.2666015625,0.1052628308534622,1028.1451416015625,0.2945098876953125,-34.62469482421875,-0.4745612442493438,2522.7783203125,0.1082584261894226,1264.8336181640625,0.3313106000423431,-36.18725204467773,-0.4752771258354187,-25.20607566833496,-0.1155180260539054,30.234676361083984,0.1888809949159622,0.0570610351860523,0.4564816057682037,-0.0187766160815954,-0.2722117006778717,0.0827681124210357,0.4114148318767547,35.60118865966797,0.1125844940543174,20.599119186401367,0.2249412536621093,21.940746307373047,0.4301992356777191,24.363548278808597,0.3427138328552246,-24.21648979187012,42.05992126464844,0.0269825533032417,-0.0208869874477386,0.0,1.6393442153930664,1.8181817531585691,0.5299999713897705,0.0,0.0,0.0,-41.19774627685547
xxxxxxxx160,C,7,yellow,6.0403,6.1251,0.0847999999999995,0.5977000000000006,data/not_shared/wd_audio/WD_CI/xxxxxxxx160/xxxxxxxx160_stroop_C.wav,data/not_shared/wd_audio/WD_CI/xxxxxxxx160/xxxxxxxx160_stroop_task.wav,26.91120147705078,0.0,26.91120147705078,26.91120147705078,26.91120147705078,0.0,0.0,0.0,0.0,0.0,0.1993874460458755,0.3123312294483185,0.1360746026039123,0.214028850197792,0.2592801749706268,0.1232055723667144,0.0243220031261444,0.0,0.0,0.0,0.066616877913475,0.4062745571136474,40.72702407836914,0.1021778732538223,20.220638275146484,0.2605427205562591,-19.57481384277344,-0.2503546476364136,-12.278960227966309,-0.7186128497123718,0.0312579832971096,0.0,1.500760555267334,0.0189016591757535,4.190701484680176,0.335426390171051,-1.827364683151245,-0.4772374927997589,31.273881912231445,0.0581841878592968,721.2976684570312,0.1904590129852295,1372.3746337890625,0.0452764630317688,2.839513063430786,0.1945920288562774,1764.3033447265625,0.1752047836780548,1223.6378173828125,0.1388759762048721,-26.09486198425293,-0.1923052072525024,2919.3369140625,0.1408828198909759,990.0245971679688,0.0909361913800239,-38.39498901367188,-0.0063002365641295,-25.209041595458984,-0.0977463722229003,33.31013107299805,0.0484694726765155,0.023349329829216,0.2965359091758728,-0.0477042272686958,-0.1909316033124923,0.0682267695665359,0.3548582792282104,35.29213333129883,0.1306167393922805,25.88081741333008,0.031763769686222,-13.806812286376951,-0.1728180646896362,-0.431730568408966,-13.34823989868164,0.0,0.0,0.0,0.0,0.0,0.0,0.0,0.0,0.0,0.0,0.0,-45.69023132324219
xxxxxxxx160,C,8,red,6.154,6.595,0.4409999999999998,0.0289000000000001,data/not_shared/wd_audio/WD_CI/xxxxxxxx160/xxxxxxxx160_stroop_C.wav,data/not_shared/wd_audio/WD_CI/xxxxxxxx160/xxxxxxxx160_stroop_task.wav,28.51569175720215,0.050607830286026,28.132404327392575,28.43303680419922,29.6019229888916,1.4695186614990234,48.73679733276367,35.8082160949707,22.68598747253418,0.0037898446898907,0.1714023351669311,0.1987828761339187,0.1447859108448028,0.1723842173814773,0.2091436088085174,0.0643576979637146,0.3163464665412903,0.0305352360010147,-0.0502339005470275,0.8490691781044006,0.0684956386685371,0.2825750112533569,41.77787399291992,0.0851986706256866,30.217002868652344,0.1515447497367859,1.1014323234558103,8.36124038696289,4.770812511444092,1.2210596799850464,0.0302419252693653,0.7512551546096802,0.7358626127243042,0.4782018363475799,6.415552616119385,0.3277249634265899,7.142452716827393,0.8719775080680847,42.949554443359375,0.0996301174163818,598.1412353515625,0.3125911355018616,1458.6834716796875,0.0936209931969642,-14.96314811706543,-0.5058020353317261,1611.6798095703125,0.2156053781509399,1194.575439453125,0.1201646029949188,-35.304718017578125,-0.240433394908905,2822.559814453125,0.1213125810027122,1038.9371337890625,0.4196991920471191,-45.84326171875,-0.0774095654487609,-28.91908073425293,-0.1186179742217063,41.58045959472656,0.045738261193037,0.043142270296812,0.390817791223526,-0.0349172689020633,-0.1394508928060531,0.0653522759675979,0.2020074129104614,41.983001708984375,0.0894822776317596,30.618860244750977,0.1535032838582992,-0.3417212069034576,-26.208166122436523,3.891688823699951,1.4954551458358765,0.0,0.0,0.0,0.0,0.0,4.651163101196289,2.702702760696411,0.3599999845027923,0.0,0.0,0.0,-44.2176399230957
xxxxxxxx160,C,9,yellow,7.2815,7.3283,0.0467999999999992,0.6865000000000006,data/not_shared/wd_audio/WD_CI/xxxxxxxx160/xxxxxxxx160_stroop_C.wav,data/not_shared/wd_audio/WD_CI/xxxxxxxx160/xxxxxxxx160_stroop_task.wav,,,,,,,,,,,,,,,,,,,,,,,,,,,,,,,,,,,,,,,,,,,,,,,,,,,,,,,,,,,,,,,,,,,,,,,,,,,,,,,,,,,,,,,,
xxxxxxxx160,C,10,red,7.6097,9.0524,1.4427000000000003,0.2814000000000005,data/not_shared/wd_audio/WD_CI/xxxxxxxx160/xxxxxxxx160_stroop_C.wav,data/not_shared/wd_audio/WD_CI/xxxxxxxx160/xxxxxxxx160_stroop_task.wav,33.06907653808594,0.0944187045097351,32.76845169067383,32.98147201538086,35.544681549072266,2.776229858398437,32.395355224609375,23.792829513549805,59.30806350708008,40.8797492980957,0.3131971061229706,0.1395004838705063,0.2735254466533661,0.318848580121994,0.3418133854866028,0.0682879388332367,0.3970653414726257,0.4926229119300842,0.4021102488040924,0.182035893201828,0.0605775751173496,0.5749708414077759,39.18827819824219,0.0980763137340545,26.0760498046875,0.2090055495500564,-1.3078805208206177,-6.960999011993408,7.975898742675781,1.2049182653427124,0.0145807042717933,3.836173295974731,0.3157127201557159,0.9731608033180236,11.809440612792969,0.2597129642963409,5.4479804039001465,0.893394947052002,35.955299377441406,0.1200315728783607,584.4306640625,0.3262785375118255,1541.0650634765625,0.1810147762298584,-16.044967651367188,-0.7142623066902161,1525.032470703125,0.1819387674331665,1232.058349609375,0.1653193831443786,-32.72114562988281,-0.2549396455287933,2714.742919921875,0.0886271521449089,1045.30517578125,0.4125746190547943,-44.652587890625,-0.1612138599157333,-27.168947219848636,-0.1063406392931938,42.506568908691406,0.1029456704854965,0.0672106146812439,0.2986071407794952,-0.0253558158874511,-0.3457462787628174,0.0612522698938846,0.5841495394706726,38.99879455566406,0.0977936908602714,26.329259872436523,0.2060191482305526,-2.2489709854125977,-3.593611001968384,7.563753604888916,1.2700644731521606,0.0,0.0,0.0,0.0,0.0,2.0979020595550537,0.7299270033836365,1.3600000143051147,0.0,0.0,0.0,-35.60513687133789
xxxxxxxx160,C,11,green,9.2799,9.6461,0.3662000000000009,0.2274999999999991,data/not_shared/wd_audio/WD_CI/xxxxxxxx160/xxxxxxxx160_stroop_C.wav,data/not_shared/wd_audio/WD_CI/xxxxxxxx160/xxxxxxxx160_stroop_task.wav,28.69191551208496,0.032524611800909,28.15871810913086,28.25664329528809,29.22475814819336,1.0660400390625,6.375094890594482,0.0,14.070765495300291,0.0,0.1383821219205856,0.120610125362873,0.1211843490600586,0.1436986923217773,0.150588646531105,0.0294042974710464,0.4459544122219085,0.0046127438545227,0.4773555099964142,0.1462891101837158,0.0328739807009696,0.3637366890907287,43.20043563842773,0.0374161601066589,16.881855010986328,0.3052171766757965,9.25954532623291,0.739018976688385,17.83433723449707,0.2508387863636017,0.017119463533163,0.5416421294212341,0.6153504848480225,0.5673196911811829,8.791627883911133,0.1044088676571846,6.880560874938965,0.7953420281410217,34.643760681152344,0.0917342975735664,380.3006896972656,0.0379752814769744,1289.547607421875,0.0640106201171875,-6.070834636688232,-0.777619481086731,1329.0849609375,0.0476413778960704,1016.4901123046876,0.1126054748892784,-24.43349838256836,-0.3705984950065613,2307.2021484375,0.0298520885407924,1042.2744140625,0.2592748701572418,-37.03885269165039,-0.1406217068433761,-21.947420120239254,-0.1942838877439499,34.962242126464844,0.1068321913480758,0.0480410642921924,0.4247886538505554,-0.012152106501162,-0.3996835350990295,0.0325831025838851,0.3761732280254364,43.594032287597656,0.0334309786558151,15.728772163391112,0.3077716529369354,7.390159606933594,0.7779819965362549,17.955564498901367,0.2673886120319366,0.0,0.0,0.0,0.0,0.0,5.714285850524902,3.4482760429382324,0.2800000011920929,0.0,0.0,0.0,-47.31454849243164
xxxxxxxx160,C,12,green,9.8646,10.1809,0.3163,0.2184999999999988,data/not_shared/wd_audio/WD_CI/xxxxxxxx160/xxxxxxxx160_stroop_C.wav,data/not_shared/wd_audio/WD_CI/xxxxxxxx160/xxxxxxxx160_stroop_task.wav,28.046667098999023,0.1617991775274276,23.574050903320312,30.146827697753903,31.132795333862305,7.558744430541992,76.13800048828125,43.23663330078125,133.96612548828125,0.0,0.1333606392145156,0.3388500511646271,0.0962680429220199,0.1231396198272705,0.1817278414964676,0.0854597985744476,1.205607771873474,0.0,-0.7389287352561951,0.0,0.0589885525405406,0.4470821321010589,39.049354553222656,0.0682209283113479,17.143604278564453,0.2972763478755951,22.193832397460938,0.2305776625871658,24.76255226135254,0.1956042051315307,0.0463789589703083,1.314121127128601,1.0144808292388916,0.4513264298439026,6.644616603851318,0.4924461841583252,13.784175872802734,0.4322293400764465,34.97926712036133,0.0984454900026321,430.0638427734375,0.1724792569875717,1291.1478271484375,0.1323375850915908,-5.363384246826172,-2.6487553119659424,1540.2921142578125,0.0689679235219955,986.1543579101562,0.2387034446001052,-31.04071617126465,-0.3404123187065124,2503.93994140625,0.054752517491579,946.0953979492188,0.161825880408287,-32.76875686645508,-0.3506365120410919,-28.046297073364254,-0.0840319544076919,37.292701721191406,0.1086837723851203,0.0302981603890657,0.8240671157836914,-0.0144767519086599,-0.2839571535587311,0.0702675506472587,0.2971133291721344,39.01589584350586,0.0732819885015487,19.5793571472168,0.1210264712572097,24.19721984863281,0.1280182152986526,25.89858055114746,0.1926218271255493,0.0,0.0,0.0,0.0,0.0,3.3333334922790527,4.347826480865479,0.2199999988079071,0.0,0.0,0.0,-44.68194961547852
xxxxxxxx160,W,1,red,1.4856,1.8458,0.3602000000000001,1.4856,data/not_shared/wd_audio/WD_CI/xxxxxxxx160/xxxxxxxx160_stroop_W.wav,data/not_shared/wd_audio/WD_CI/xxxxxxxx160/xxxxxxxx160_stroop_task.wav,31.000537872314453,0.0619436167180538,29.513229370117188,30.01144218444824,32.98809814453125,3.4748687744140625,16.96624755859375,0.0,24.147750854492188,0.0,0.2514404952526092,0.2777868807315826,0.1866106688976287,0.2629486322402954,0.3140658736228943,0.1274552047252655,1.2973697185516355,0.0,-1.3278892040252686,0.0,0.0983823463320732,0.4758825600147247,41.820289611816406,0.1031684204936027,29.52118682861328,0.1228920519351959,-9.519929885864258,-0.4814420044422149,-5.743463039398193,-1.34044086933136,0.0116832135245203,0.5551126003265381,0.9510526657104492,0.8750084638595581,9.164215087890623,0.0896598324179649,4.352343559265137,0.580930233001709,39.600528717041016,0.0662750378251075,448.4404602050781,0.3769403100013733,1566.32568359375,0.0592399612069129,-9.266737937927246,-0.7715009450912476,1328.4052734375,0.2313141673803329,1117.77587890625,0.1864397078752517,-30.305498123168945,-0.252779096364975,2584.754150390625,0.1187630295753479,794.6956176757812,0.4120222628116607,-45.67402648925781,-0.0955564975738525,-27.115434646606445,-0.138972595334053,38.05680084228516,0.1398853957653045,0.0577157624065876,0.2244282364845276,-0.043920062482357,-0.2837749719619751,0.09424889087677,0.462123692035675,42.1342658996582,0.1102469488978385,29.50574111938477,0.1332344561815261,-9.695626258850098,-0.4820801019668579,-7.058920860290527,-1.107047200202942,0.0,0.0,0.0,0.0,0.0,2.857142925262451,3.4482760429382324,0.2800000011920929,0.0,0.0,0.0,-39.754432678222656
xxxxxxxx160,W,2,yellow,1.9506,2.1252,0.1746000000000001,0.1047999999999997,data/not_shared/wd_audio/WD_CI/xxxxxxxx160/xxxxxxxx160_stroop_W.wav,data/not_shared/wd_audio/WD_CI/xxxxxxxx160/xxxxxxxx160_stroop_task.wav,29.753742218017575,0.0085527207702398,29.551013946533203,29.643388748168945,29.929611206054688,0.3785972595214844,0.0767694488167762,0.0,0.0,0.0,0.2525305449962616,0.0957658216357231,0.2318417578935623,0.2640264630317688,0.270599752664566,0.0387579947710037,0.5885022282600403,0.0,-0.7819980382919312,0.0,0.0677576959133148,0.391155332326889,40.71626281738281,0.0360268019139766,36.55266189575195,0.0389737747609615,0.0150715075433254,213.17025756835935,5.4842023849487305,0.94012451171875,0.0130316289141774,0.4327804446220398,0.9452542662620544,0.4466093480587005,10.039945602416992,0.0777542069554328,4.540260314941406,0.1933152079582214,46.34156799316406,0.0817689672112464,498.4171142578125,0.4047189950942993,1462.6304931640625,0.1576713323593139,-16.8885555267334,-0.5985231399536133,1480.8441162109375,0.3098644912242889,1103.152587890625,0.1422951966524124,-36.83321380615234,-0.2278341799974441,2800.41796875,0.1600930988788604,748.5294799804688,0.1364979892969131,-51.727760314941406,-0.0692970156669616,-29.391681671142575,-0.0255136527121067,41.96964263916016,0.0262581706047058,0.0575394742190837,0.1678791940212249,-0.0357297174632549,-0.1800748854875564,0.0719356909394264,0.3434638679027557,41.19960021972656,0.0401424169540405,36.66936492919922,0.0407381132245063,0.9783140420913696,3.0780179500579834,3.465745687484741,1.4934946298599243,0.0,0.0,0.0,0.0,0.0,6.25,10.000000953674316,0.089999996125698,0.0,0.0,0.0,-38.478633880615234
xxxxxxxx160,W,3,red,2.1621,2.1631,0.0009999999999998,0.0369000000000001,data/not_shared/wd_audio/WD_CI/xxxxxxxx160/xxxxxxxx160_stroop_W.wav,data/not_shared/wd_audio/WD_CI/xxxxxxxx160/xxxxxxxx160_stroop_task.wav,,,,,,,,,,,,,,,,,,,,,,,,,,,,,,,,,,,,,,,,,,,,,,,,,,,,,,,,,,,,,,,,,,,,,,,,,,,,,,,,,,,,,,,,
xxxxxxxx160,W,4,green,2.2858,2.3666,0.0807999999999999,0.1227,data/not_shared/wd_audio/WD_CI/xxxxxxxx160/xxxxxxxx160_stroop_W.wav,data/not_shared/wd_audio/WD_CI/xxxxxxxx160/xxxxxxxx160_stroop_task.wav,16.299396514892578,0.0,16.299396514892578,16.299396514892578,16.299396514892578,0.0,0.0,0.0,0.0,0.0,0.2963121235370636,0.0404712930321693,0.2828772068023681,0.3008050620555877,0.3091632127761841,0.0262860059738159,0.0,0.0,-0.0026719484012573,0.0,0.1391294300556183,0.2231853306293487,36.04050827026367,0.0322648547589778,18.197872161865234,0.08354252576828,21.704509735107425,0.0195574853569269,17.437341690063477,0.1910087615251541,0.0188963431864976,0.0,1.40069317817688,0.2215426415205001,2.467529535293579,0.0011014484334737,-36.66461563110352,-0.0450554676353931,6.336086273193359,0.3160912692546844,470.1634216308594,0.0054704309441149,1403.8060302734375,0.0068521937355399,22.110332489013672,0.1598277539014816,1638.8857421875,0.0471740141510963,1050.8577880859375,0.0754628852009773,2.0589752197265625,3.433022737503052,2475.3935546875,0.025099154561758,1543.41845703125,0.1119935289025306,-2.380290269851685,-1.828020691871643,-28.27763938903809,-0.0167540702968835,36.23214721679688,0.0012970616808161,0.0619508922100067,0.0990122333168983,-0.0226144324988126,-0.1638423949480056,0.1896553188562393,0.1644419729709625,37.44707107543945,0.0153587907552719,16.65380096435547,0.0536191835999488,21.434982299804688,0.0345296934247016,14.084355354309082,0.1226678863167762,0.0,0.0,0.0,0.0,0.0,0.0,0.0,0.0,0.0,0.0,0.0,-35.11006546020508
xxxxxxxx160,W,5,blue,2.4135,2.8146,0.4011,0.0468999999999999,data/not_shared/wd_audio/WD_CI/xxxxxxxx160/xxxxxxxx160_stroop_W.wav,data/not_shared/wd_audio/WD_CI/xxxxxxxx160/xxxxxxxx160_stroop_task.wav,29.54811286926269,0.060045052319765,28.110626220703125,28.90485572814941,30.890182495117188,2.7795562744140625,29.295398712158203,0.0,12.72120475769043,0.0,0.2787816524505615,0.3340338468551636,0.1830264180898666,0.2582858800888061,0.3768001794815063,0.1937737613916397,0.99186372756958,0.7070555090904236,1.41891610622406,0.4545546174049377,0.0959386229515075,0.2288920283317566,43.244895935058594,0.0771066173911094,13.887081146240234,0.5692224502563477,-5.512727737426758,-2.5140044689178467,8.745992660522461,0.9632468819618224,0.0251073483377695,1.3192641735076904,1.111948013305664,0.4988675415515899,7.668664932250977,0.1065464690327644,7.387187480926514,0.3096917867660522,32.3631706237793,0.1336718797683715,487.9037170410156,0.1520801484584808,1496.47509765625,0.0878341048955917,-9.009221076965332,-0.7108675837516785,1440.0079345703125,0.0959496572613716,1121.282958984375,0.1332041770219802,-20.459152221679688,-0.5438068509101868,2472.85986328125,0.066222034394741,949.8267211914062,0.218008205294609,-35.54191589355469,-0.2350486069917678,-18.296466827392575,-0.3951348066329956,33.64334487915039,0.1822827905416488,0.0652985274791717,0.2070488780736923,-0.0177987478673458,-0.5349912643432617,0.1025107726454734,0.1903478950262069,42.69142150878906,0.0779215395450592,13.53282642364502,0.6298643946647644,-6.9462080001831055,-2.103518486022949,8.83571720123291,1.0197089910507202,0.0,0.0,0.0,0.0,0.0,5.128205299377441,3.030303239822388,0.3199999928474426,0.0,0.0,0.0,-40.94089126586914
xxxxxxxx160,W,6,green,2.9363,3.1309,0.1945999999999998,0.1217000000000001,data/not_shared/wd_audio/WD_CI/xxxxxxxx160/xxxxxxxx160_stroop_W.wav,data/not_shared/wd_audio/WD_CI/xxxxxxxx160/xxxxxxxx160_stroop_task.wav,34.004295349121094,0.0085983676835894,33.79341125488281,33.859798431396484,34.22013092041016,0.4267196655273437,0.0,0.0,-0.0847867354750633,0.0,0.152382418513298,0.2161126732826233,0.1227458864450454,0.1447730064392089,0.1895953714847564,0.066849485039711,0.9743515253067015,0.0,-1.2469085454940796,0.0,0.0668201521039009,0.5326475501060486,37.82165145874024,0.1563116610050201,24.074996948242188,0.1612562090158462,22.00767517089844,0.3036080300807953,13.288363456726074,0.5611351728439331,0.0258901305496692,0.2948076426982879,1.231149435043335,0.8484769463539124,11.42881679534912,0.0642855167388916,17.77240753173828,0.1152572184801101,40.85306167602539,0.1277074664831161,516.2005615234375,0.1717026829719543,1645.1090087890625,0.1060533449053764,-20.71097946166992,-0.2843465805053711,1661.2823486328125,0.0248200464993715,1353.0628662109375,0.1001172736287117,-46.82686614990234,-0.0328573249280452,2943.90185546875,0.0183808654546737,1229.4876708984375,0.0743532329797744,-55.45757293701172,-0.1054959297180175,-35.99620056152344,-0.0153375128284096,50.824825286865234,0.0289845243096351,0.0393287539482116,0.1960803270339965,-0.0176231320947408,-0.193570852279663,0.0403397008776664,0.1049106791615486,43.3315544128418,0.036354336887598,27.741004943847656,0.0308588948100805,15.970903396606444,0.1805321723222732,19.56309509277344,0.1323902904987335,0.0,0.0,0.0,0.0,0.0,5.555555820465088,11.111111640930176,0.0799999982118606,0.0,0.0,0.0,-42.53991317749024
xxxxxxxx160,W,7,yellow,3.1658,3.5719,0.4060999999999999,0.0348999999999999,data/not_shared/wd_audio/WD_CI/xxxxxxxx160/xxxxxxxx160_stroop_W.wav,data/not_shared/wd_audio/WD_CI/xxxxxxxx160/xxxxxxxx160_stroop_task.wav,27.44020652770996,0.0775576159358024,26.831911087036133,27.76958274841309,29.067646026611328,2.2357349395751958,120.2939224243164,71.79548645019531,71.41485595703125,44.908668518066406,0.2140387445688247,0.2295468598604202,0.1626634299755096,0.2135034799575805,0.2520147860050201,0.0893513560295105,1.6461671590805054,0.8277032375335693,1.2105883359909058,1.3993360996246338,0.0980658233165741,0.4650391042232513,41.601470947265625,0.1431888788938522,28.104398727416992,0.1472252458333969,-11.253484725952148,-0.832217812538147,5.375995635986328,2.681673765182495,0.0349771007895469,0.8057336807250977,1.2349532842636108,0.5626950263977051,3.8873794078826895,1.1719627380371094,5.514885902404785,0.9091851711273192,41.470947265625,0.0836856439709663,555.1337280273438,0.314247578382492,1458.1900634765625,0.1086506694555282,-3.787013053894043,-1.4815592765808103,1556.0174560546875,0.2027629762887954,1159.2825927734375,0.2055862545967102,-27.71299743652344,-0.252320259809494,2700.26611328125,0.1045748591423034,1056.5126953125,0.4474677741527557,-39.84642028808594,-0.1345496624708175,-25.885417938232425,-0.0526291355490684,38.36689376831055,0.0836182087659835,0.0509498342871665,0.3787525594234466,-0.0380616448819637,-0.3369022011756897,0.1056673899292945,0.4457056224346161,40.61555099487305,0.1463157385587692,28.58662986755371,0.1482550352811813,-11.70815086364746,-0.8368633389472961,5.064184188842773,3.083008289337158,0.0,0.0,0.0,0.0,0.0,7.692307949066162,3.030303239822388,0.3199999928474426,0.0,0.0,0.0,-42.643856048583984
xxxxxxxx160,W,8,red,3.6617,3.7215,0.0597999999999996,0.0898000000000003,data/not_shared/wd_audio/WD_CI/xxxxxxxx160/xxxxxxxx160_stroop_W.wav,data/not_shared/wd_audio/WD_CI/xxxxxxxx160/xxxxxxxx160_stroop_task.wav,,,,,,,,,,,,,,,,,,,,,,,,,,,,,,,,,,,,,,,,,,,,,,,,,,,,,,,,,,,,,,,,,,,,,,,,,,,,,,,,,,,,,,,,
xxxxxxxx160,W,9,blue,3.8044,4.0259,0.2215000000000002,0.0828999999999999,data/not_shared/wd_audio/WD_CI/xxxxxxxx160/xxxxxxxx160_stroop_W.wav,data/not_shared/wd_audio/WD_CI/xxxxxxxx160/xxxxxxxx160_stroop_task.wav,28.4792537689209,0.030768247321248,27.647937774658203,28.0264949798584,29.497886657714844,1.8499488830566408,23.59491539001465,0.0,12.099218368530272,0.0,0.2239420562982559,0.2842541635036468,0.1753003001213073,0.2182199209928512,0.2866866290569305,0.1113863289356231,0.4976348280906677,1.2022356986999512,1.48189115524292,0.0,0.0678728446364402,0.3201092183589935,48.19332885742188,0.0542926639318466,15.710983276367188,0.5689961314201355,-16.295982360839844,-0.6826037764549255,4.507822513580322,0.4768901467323303,0.0288707241415977,0.6954759955406189,0.9813922047615052,0.2956654727458954,6.265903472900391,0.3129905164241791,7.121190547943115,0.314585268497467,35.827423095703125,0.1190141215920448,540.8372802734375,0.1288941353559494,1705.0460205078125,0.0907924771308898,-6.415867805480957,-0.8112550973892212,1331.264404296875,0.0734476074576377,1378.845947265625,0.2575580477714538,-17.77596664428711,-0.5765907764434814,2413.968017578125,0.0629209205508232,964.0739135742188,0.1674227565526962,-35.81281280517578,-0.2028476893901825,-15.778254508972168,-0.3049856126308441,33.788597106933594,0.1264474987983703,0.0476956889033317,0.1695753037929535,-0.0234989803284406,-0.2503890693187713,0.0780796334147453,0.2680043578147888,48.883445739746094,0.041039552539587,11.411649703979492,0.6007815003395081,-22.215347290039062,-0.2958365380764007,3.816833972930908,0.4432185590267181,0.0,0.0,0.0,0.0,0.0,4.761904716491699,6.6666669845581055,0.1400000005960464,0.0,0.0,0.0,-44.59017181396485
xxxxxxxx160,W,10,red,4.1037,4.3431,0.2393999999999998,0.0777999999999998,data/not_shared/wd_audio/WD_CI/xxxxxxxx160/xxxxxxxx160_stroop_W.wav,data/not_shared/wd_audio/WD_CI/xxxxxxxx160/xxxxxxxx160_stroop_task.wav,29.935346603393555,0.0431573502719402,28.765439987182617,29.466896057128903,31.030519485473636,2.265079498291016,34.10242462158203,0.0,17.32088851928711,0.0,0.1686577945947647,0.1870854496955871,0.1417748183012008,0.1719166338443756,0.1976165920495987,0.0558417737483978,0.8786008358001709,0.0,-0.9811670780181884,0.0,0.0732519030570983,0.3133358955383301,41.56534957885742,0.0344376638531684,31.48964500427246,0.1473172307014465,5.656732082366943,0.5511877536773682,9.465007781982422,0.4034611284732818,0.02407081797719,1.1038280725479126,0.8861376047134399,0.8854873180389404,8.886561393737793,0.114770732820034,7.492390632629394,0.2081972658634185,40.06592178344727,0.0783227756619453,441.9392395019531,0.253713846206665,1560.08349609375,0.086451232433319,-9.57172966003418,-0.5868428349494934,1248.2364501953125,0.1122791543602943,1338.640625,0.1900399774312973,-33.41637420654297,-0.1288371831178665,2528.615478515625,0.0307277478277683,656.6483764648438,0.0954792872071266,-43.78368377685547,-0.0543225333094596,-29.840696334838867,-0.0842150077223777,40.566856384277344,0.0627419799566268,0.0571851655840873,0.2768242061138153,-0.0291778948158025,-0.1635051816701889,0.0664070025086402,0.174805074930191,41.63121795654297,0.0363632589578628,33.61558151245117,0.0921680554747581,4.445868492126465,0.5658451914787292,10.22220230102539,0.4048326313495636,0.0,0.0,0.0,0.0,0.0,4.545454502105713,6.25,0.1499999910593032,0.0,0.0,0.0,-42.94467544555664
xxxxxxxx160,W,11,blue,4.5377,4.7592,0.2214999999999998,0.1946000000000003,data/not_shared/wd_audio/WD_CI/xxxxxxxx160/xxxxxxxx160_stroop_W.wav,data/not_shared/wd_audio/WD_CI/xxxxxxxx160/xxxxxxxx160_stroop_task.wav,27.972152709960938,0.0414662323892116,26.76192092895508,27.669937133789062,29.203859329223636,2.4419384002685547,0.2160820066928863,0.0,0.0,0.0,0.2208254188299179,0.092405654489994,0.2045633345842361,0.214126706123352,0.2420714646577835,0.0375081300735473,0.4106914103031158,0.1048559844493866,0.0921752005815506,0.3229901790618896,0.0549172237515449,0.2882157266139984,49.5182991027832,0.0219199750572443,11.363396644592283,0.4180213510990143,-14.302059173583984,-0.528294026851654,3.309931516647339,0.8211709856987,0.0142154674977064,0.5957770347595215,1.1044280529022217,0.380213052034378,6.8034772872924805,0.1380775868892669,9.95159149169922,0.2800298929214477,39.19400405883789,0.0478281788527965,514.6935424804688,0.1646050214767456,1701.457275390625,0.0734071061015129,-4.496125221252441,-1.619883418083191,1385.24951171875,0.0743201896548271,1220.7281494140625,0.0833051726222038,-15.033275604248049,-0.3170274496078491,2495.321044921875,0.0325711816549301,935.71142578125,0.1597299128770828,-36.53314208984375,-0.1638201177120208,-16.73862075805664,-0.0929384976625442,35.431156158447266,0.0523235909640789,0.0433865264058113,0.1575919985771179,-0.0259114485234022,-0.1307131797075271,0.06293236464262,0.1566004455089569,49.63127899169922,0.0237528104335069,9.135120391845703,0.4046246111392975,-18.05560111999512,-0.2554395198822021,2.2259011268615723,0.939663827419281,0.0,0.0,0.0,0.0,0.0,9.523809432983398,6.6666669845581055,0.1400000005960464,0.0,0.0,0.0,-44.62932968139648
xxxxxxxx160,W,12,green,4.7961,5.1294,0.3333000000000004,0.0369000000000001,data/not_shared/wd_audio/WD_CI/xxxxxxxx160/xxxxxxxx160_stroop_W.wav,data/not_shared/wd_audio/WD_CI/xxxxxxxx160/xxxxxxxx160_stroop_task.wav,31.858251571655277,0.053072165697813,29.995630264282227,32.41923141479492,33.5041389465332,3.508508682250977,17.281436920166016,0.0,-29.55711555480957,0.0,0.2063771933317184,0.2650852799415588,0.1601044237613678,0.1922758966684341,0.2722520232200622,0.1121475994586944,0.4644360542297363,0.5555541515350342,1.1941020488739014,0.0,0.0858013182878494,0.394046276807785,43.48914337158203,0.0815407410264015,28.65876197814941,0.2527889013290405,-1.653710961341858,-4.692897796630859,7.616530895233154,0.5661740899085999,0.0153022855520248,0.8360479474067688,1.034015655517578,0.7075626254081726,8.837352752685547,0.3140620589256286,7.876582145690918,0.4731580317020416,41.830020904541016,0.1468640863895416,400.61920166015625,0.1636188477277755,1406.48291015625,0.086508072912693,-6.7704596519470215,-0.7212793827056885,1271.291015625,0.1082139834761619,1015.767578125,0.0943826362490654,-27.937833786010746,-0.1789440810680389,2550.78662109375,0.0591612383723259,891.0609130859375,0.6582350730895996,-46.8056526184082,-0.1168639808893203,-25.269271850585938,-0.1477617770433426,41.99224853515625,0.0867122933268547,0.0625226721167564,0.2699725031852722,-0.0236290730535984,-0.4166626930236816,0.0953409597277641,0.3221268653869629,42.89934539794922,0.0858480259776115,28.62133407592773,0.2657556533813476,-2.794415235519409,-2.8750574588775635,6.256826400756836,0.5503736138343811,0.0,0.0,0.0,0.0,0.0,3.125,3.846153974533081,0.25,0.0,0.0,0.0,-41.351783752441406
xxxxxxxx160,CW,1,red,0.9767,1.342,0.3653,0.9767,data/not_shared/wd_audio/WD_CI/xxxxxxxx160/xxxxxxxx160_stroop_CW.wav,data/not_shared/wd_audio/WD_CI/xxxxxxxx160/xxxxxxxx160_stroop_task.wav,32.257041931152344,0.058666456490755,30.358806610107425,31.782373428344727,34.356388092041016,3.9975814819335938,0.1947014182806015,0.0,0.0,0.0,0.4019739031791687,0.3238193690776825,0.2703263461589813,0.4247634410858154,0.5192894339561462,0.2489630877971649,-0.3602335453033447,1.6722387075424194,1.13685142993927,0.0,0.1597034335136413,0.4294933974742889,38.92679977416992,0.1642802208662033,26.199195861816406,0.2627153098583221,1.9902156591415403,2.7028605937957764,6.110684394836426,1.261989951133728,0.0086309053003788,0.286778837442398,0.6783620119094849,1.0520761013031006,10.69737148284912,0.1080081909894943,4.676784992218018,0.8926491737365723,37.71102142333984,0.1693843007087707,585.3204956054688,0.2105359584093094,1590.9639892578125,0.1642945557832718,-15.484045028686523,-0.3698842823505401,1554.6531982421875,0.1876166462898254,1332.3468017578125,0.1432652920484542,-35.67180252075195,-0.2000109255313873,2720.469482421875,0.069063052535057,861.2694091796875,0.3888197839260101,-44.161258697509766,-0.0934956967830658,-27.892866134643555,-0.1801716983318328,38.37809371948242,0.1364971250295639,0.0669245421886444,0.4211536943912506,-0.0305405408143997,-0.3528863191604614,0.1444767266511917,0.3267450034618377,39.69020462036133,0.1704916656017303,26.59276962280273,0.2796454429626465,3.844328403472901,0.9971855282783508,6.908358097076416,1.1784851551055908,0.0,0.0,0.0,0.0,0.0,2.857142925262451,3.4482760429382324,0.2800000011920929,0.0,0.0,0.0,-32.3936767578125
xxxxxxxx160,CW,2,yellow,1.4926,2.1322,0.6396000000000002,0.1505999999999998,data/not_shared/wd_audio/WD_CI/xxxxxxxx160/xxxxxxxx160_stroop_CW.wav,data/not_shared/wd_audio/WD_CI/xxxxxxxx160/xxxxxxxx160_stroop_task.wav,34.29769515991211,0.0711004957556724,31.934659957885746,33.54049301147461,37.27624130249024,5.341581344604492,18.46722221374512,0.0,-18.517793655395508,0.0,0.2637896239757538,0.6491607427597046,0.0577178113162517,0.2405853569507599,0.4389245808124542,0.3812067806720733,0.3574309647083282,0.2610896825790405,1.0479791164398191,0.0,0.0906792655587196,0.6048495769500732,39.25122833251953,0.0963711142539978,16.2259578704834,0.5202699899673462,-1.417386531829834,-4.943487167358398,2.302828311920166,3.0879294872283936,0.0185891594737768,0.6807821989059448,0.7848993539810181,0.6124129295349121,10.051136016845703,0.1439791619777679,5.552371978759766,0.4911964535713196,32.97116470336914,0.1674990206956863,752.1990966796875,0.3008139431476593,1354.967529296875,0.1331834495067596,-53.057952880859375,-1.282653570175171,1815.801513671875,0.2263387590646743,1336.858154296875,0.2754810154438019,-64.7057876586914,-0.9397628307342528,2810.100830078125,0.1151094585657119,1083.237060546875,0.3091037571430206,-72.23548126220703,-0.7846177816390991,-26.945148468017575,-0.2296817898750305,39.91344451904297,0.1898886710405349,0.0603221207857131,0.2283708602190017,-0.0356924049556255,-0.2406571209430694,0.1203548535704612,0.3033415377140045,41.08805084228516,0.0450093671679496,19.96149063110352,0.3033634424209595,-4.007997035980225,-1.505262851715088,-1.2328810691833496,-3.666634559631348,-21.67007064819336,34.32332229614258,-0.0066730482503771,-0.0146438553929328,0.026917714625597,1.6129032373428345,1.8518519401550293,0.4399999976158142,0.0,0.0799999982118606,0.0,-38.058780670166016
xxxxxxxx160,CW,3,yellow,2.1451,4.3501,2.2050000000000005,0.0128999999999996,data/not_shared/wd_audio/WD_CI/xxxxxxxx160/xxxxxxxx160_stroop_CW.wav,data/not_shared/wd_audio/WD_CI/xxxxxxxx160/xxxxxxxx160_stroop_task.wav,28.723880767822266,0.1070438995957374,27.49205207824707,28.66286849975586,31.02108764648437,3.5290355682373047,133.5806121826172,97.91275024414062,99.36554718017578,103.4056167602539,0.2495724856853485,0.649005115032196,0.0801833644509315,0.2125145047903061,0.4197386503219604,0.3395552933216095,2.201373338699341,1.0432302951812744,1.3168727159500122,0.4367932975292206,0.0929043442010879,0.8683826923370361,36.997467041015625,0.311401218175888,14.077292442321776,0.8486028909683228,-4.047454833984375,-1.855119109153748,8.84449291229248,1.4066177606582642,0.0435352586209774,1.8999199867248533,1.0795904397964478,0.6106458306312561,6.529920101165772,0.507082998752594,1.1010314226150513,4.443216800689697,35.77572250366211,0.1298057585954666,510.0583190917969,0.3036026656627655,1431.6490478515625,0.1229105815291404,-66.72705841064453,-1.3433659076690674,1453.5401611328125,0.1594569683074951,1122.32275390625,0.189214289188385,-79.21668243408203,-1.0176483392715454,2546.188232421875,0.1114676967263221,997.2222900390624,0.2297213524580001,-89.33917999267578,-0.8263314962387085,-21.855113983154297,-0.1702961474657058,35.344825744628906,0.1364033222198486,0.0611821189522743,0.4970089197158813,-0.0327356271445751,-0.4037140607833862,0.1293478012084961,0.5721285939216614,41.87885284423828,0.2317572683095932,19.242595672607425,0.4827871322631836,-5.437385559082031,-1.4365053176879885,8.702494621276855,1.5026248693466189,-11.669049263000488,22.719614028930664,-0.007195692975074,-0.0076816175132989,0.0195595882833004,2.7397260665893555,1.4084508419036863,0.476666659116745,0.4179580211639404,0.3149999976158142,0.1449999958276748,-38.75748062133789
xxxxxxxx160,CW,4,red,4.7233,6.3566,1.6333000000000002,0.3731999999999997,data/not_shared/wd_audio/WD_CI/xxxxxxxx160/xxxxxxxx160_stroop_CW.wav,data/not_shared/wd_audio/WD_CI/xxxxxxxx160/xxxxxxxx160_stroop_task.wav,31.915668487548828,0.0730983614921569,29.834487915039062,31.094099044799805,34.62010192871094,4.785614013671875,17.810243606567383,5.432900428771973,8.389703750610352,13.828828811645508,0.5336048007011414,0.6111462712287903,0.2567612826824188,0.423132061958313,0.874997615814209,0.6182363033294678,3.209294080734253,2.9979169368743896,1.3656684160232544,0.9257744550704956,0.1761021167039871,0.4589469730854034,40.9500617980957,0.1315912753343582,14.864908218383787,1.1548218727111816,0.242763802409172,38.78906631469727,4.486752986907959,1.91969633102417,0.0248383749276399,1.5402058362960815,0.7505742907524109,0.8482550382614136,8.858070373535156,0.4366849660873413,0.2404360920190811,27.015356063842773,26.56478881835937,0.4739813208580017,606.6117553710938,0.3234431743621826,1387.0927734375,0.1609184890985489,-17.580665588378906,-1.183409571647644,1611.7813720703125,0.2048440873622894,1334.891357421875,0.327947586774826,-32.22343826293945,-0.6649934649467468,2596.761962890625,0.1309456080198288,1034.221435546875,0.4492840468883514,-37.28914642333984,-0.5405471920967102,-23.52813148498535,-0.3563286364078522,33.07151794433594,0.3329077363014221,0.0693447589874267,0.3162580728530884,-0.0343092530965805,-0.2462161630392074,0.181678295135498,0.4402183890342712,41.13196563720703,0.1322616636753082,14.368485450744627,1.2136448621749878,-0.3576778471469879,-24.46920394897461,4.11383867263794,2.1161108016967773,-19.23801612854004,25.111373901367188,0.0601483322679996,-0.0369643457233905,0.0436861850321292,1.85185182094574,1.2820513248443604,0.7599999904632568,0.209999993443489,0.0,0.0,-31.30458068847656
xxxxxxxx160,CW,5,green,7.1378,8.3111,1.1732999999999991,0.7812000000000001,data/not_shared/wd_audio/WD_CI/xxxxxxxx160/xxxxxxxx160_stroop_CW.wav,data/not_shared/wd_audio/WD_CI/xxxxxxxx160/xxxxxxxx160_stroop_task.wav,30.62588119506836,0.1693025380373001,28.804244995117188,30.385272979736328,34.79150390625,5.9872589111328125,80.59546661376953,64.4430160522461,54.09337615966797,48.339622497558594,0.3000044524669647,0.4729532897472381,0.1584672480821609,0.3031641244888305,0.4332379400730133,0.2747706770896911,1.6000452041625977,0.4966734945774078,0.4999295175075531,0.6587015390396118,0.1130096092820167,0.5704964995384216,42.40938186645508,0.1493695229291916,13.426539421081545,0.8333932161331177,16.191343307495117,0.7336814403533936,12.774712562561035,0.5878239870071411,0.0306053347885608,1.431673288345337,0.6971051096916199,1.0323113203048706,8.52946662902832,0.538487434387207,-1.7317346334457395,-17.70826530456543,25.50091361999512,1.1851917505264282,613.1732177734375,0.1802265495061874,1406.0777587890625,0.0971832424402237,-36.78518295288086,-1.4441485404968262,1714.3848876953125,0.1248607113957405,1049.1578369140625,0.3564825057983398,-49.64998245239258,-0.984815001487732,2769.6396484375,0.1068880781531333,1096.7152099609375,0.3108906149864197,-57.7088508605957,-0.7909154295921326,-24.47171974182129,-0.2470774799585342,33.17267990112305,0.2334900200366974,0.0575019791722297,0.4341860711574554,-0.0298849828541278,-0.239284411072731,0.1236578524112701,0.5098601579666138,43.00180816650391,0.1528834104537964,14.444572448730469,0.7852383852005005,15.364766120910645,0.8199794292449951,11.565607070922852,0.6400840282440186,-21.1816520690918,25.947959899902344,0.0319001227617263,-0.0196803268045187,0.0542667768895626,2.5862069129943848,2.727272748947144,0.3166666626930237,0.2390722781419754,0.089999996125698,0.0,-35.58922576904297
xxxxxxxx160,CW,6,green,9.0734,10.6328,1.5594,0.7622999999999998,data/not_shared/wd_audio/WD_CI/xxxxxxxx160/xxxxxxxx160_stroop_CW.wav,data/not_shared/wd_audio/WD_CI/xxxxxxxx160/xxxxxxxx160_stroop_task.wav,30.22959518432617,0.1109709367156028,27.05315589904785,29.953798294067383,33.86307144165039,6.809915542602539,52.790283203125,25.01706886291504,-37.11568069458008,58.53520584106445,0.3761875629425049,0.9196654558181764,0.0511389523744583,0.2502973079681396,0.709026575088501,0.6578876376152039,2.4986352920532227,2.465078115463257,1.598182201385498,0.0028273463249206,0.156868040561676,0.8895711302757263,37.8297119140625,0.166545495390892,5.214388370513916,2.121737480163574,13.3712739944458,1.3291945457458496,16.639755249023438,0.4144343733787536,0.0242672860622406,0.8812645673751831,0.9421074390411376,0.9919804334640504,7.710063934326172,0.4970396161079407,7.024476051330566,1.2566925287246704,23.74555015563965,0.3838306069374084,489.4482727050781,0.2411659657955169,1280.0963134765625,0.1127170398831367,-76.90325927734375,-1.1657772064208984,1623.636962890625,0.1229263320565223,1030.7611083984375,0.415716290473938,-86.48064422607422,-0.9477880001068116,2510.600830078125,0.1139832139015197,1119.6895751953125,0.2451233565807342,-87.68858337402344,-0.9255623817443848,-20.86532592773437,-0.2765709161758423,25.67305564880371,0.2790855765342712,0.0533568039536476,0.5685381889343262,-0.0302727650851011,-0.1790731996297836,0.2412550598382949,0.473349779844284,40.56979751586914,0.1351684629917144,9.369747161865234,1.149600863456726,16.815034866333008,1.2515032291412354,19.321401596069336,0.3007948100566864,-12.923943519592283,23.247425079345703,-0.0160979572683572,-0.01187046431005,0.0137540809810161,1.298701286315918,1.3698630332946775,0.4699999988079071,0.0599999986588954,0.4899999797344208,0.0,-31.09147071838379
xxxxxxxx160,CW,7,blue,11.9399,12.6213,0.6814,1.3071000000000002,data/not_shared/wd_audio/WD_CI/xxxxxxxx160/xxxxxxxx160_stroop_CW.wav,data/not_shared/wd_audio/WD_CI/xxxxxxxx160/xxxxxxxx160_stroop_task.wav,31.84598731994629,0.0916471481323242,29.0832462310791,31.107940673828125,35.35707473754883,6.273828506469727,21.974437713623047,0.0,6.99538516998291,0.166215032339096,0.468713104724884,0.5299705862998962,0.1927632093429565,0.4761013686656952,0.6776612401008606,0.484898030757904,0.5956204533576965,1.5202361345291138,3.752277135848999,0.0,0.146413043141365,0.4890375733375549,45.96982955932617,0.1249544769525528,2.2068428993225098,5.225541114807129,-2.094334363937378,-4.536046028137207,7.814139842987059,0.4362541437149048,0.0153141412883996,0.894901692867279,0.9315865635871888,0.8314499855041504,9.340086936950684,0.1342628002166748,5.962199687957764,0.7719954252243042,26.672697067260746,0.1847627162933349,512.1245727539062,0.2205460369586944,1543.7926025390625,0.1187954246997833,-11.505227088928224,-0.7279565334320068,1404.615966796875,0.113249160349369,1356.4395751953125,0.3041115403175354,-20.597900390625,-0.5106968283653259,2444.540771484375,0.1013414040207862,1016.0569458007812,0.3717418909072876,-34.100730895996094,-0.263303130865097,-16.62613296508789,-0.3892419338226318,32.419677734375,0.2311113625764846,0.064614862203598,0.4356048703193664,-0.0137421498075127,-0.3322439193725586,0.1575385481119156,0.4258700907230377,46.26860427856445,0.1282564848661422,0.9547895193099976,11.853904724121094,-2.932664394378662,-3.255730390548706,7.541182041168213,0.4466652274131775,0.0,0.0,0.0,0.0,0.0,1.4925373792648315,1.6393442153930664,0.5999999642372131,0.0,0.0,0.0,-34.68425750732422
xxxxxxxx160,CW,8,yellow,12.9436,13.3137,0.3701000000000007,0.3223000000000002,data/not_shared/wd_audio/WD_CI/xxxxxxxx160/xxxxxxxx160_stroop_CW.wav,data/not_shared/wd_audio/WD_CI/xxxxxxxx160/xxxxxxxx160_stroop_task.wav,28.5694580078125,0.0644411295652389,26.55638313293457,28.60762405395508,30.7342529296875,4.17786979675293,26.18821907043457,0.0,13.55319881439209,8.395186424255371,0.3408722877502441,0.383737564086914,0.2010170221328735,0.3535513877868652,0.4690466821193695,0.2680296599864959,1.7157814502716064,2.6539289951324463,1.238891839981079,0.0,0.1562755554914474,0.5401613712310791,46.17940521240234,0.1123573333024978,17.550302505493164,0.5268439054489136,-2.766864538192749,-2.1339683532714844,-12.240025520324709,-0.742500364780426,0.0123548824340105,0.4458438754081726,1.0880982875823977,0.6990457773208618,6.632607936859131,0.3913325071334839,6.56225061416626,1.091349482536316,36.274147033691406,0.1582906246185302,534.828125,0.3435657024383545,1468.711669921875,0.1096857041120529,-9.306320190429688,-0.881649911403656,1396.97021484375,0.2277001291513443,1222.7625732421875,0.2617671191692352,-22.047908782958984,-0.6193869709968567,2607.031982421875,0.1031621024012565,721.5620727539062,0.4047120213508606,-37.248783111572266,-0.1978252828121185,-26.521541595458984,-0.1331561654806137,35.86385726928711,0.1026451736688613,0.0510188862681388,0.4292519092559814,-0.049044445157051,-0.2248701304197311,0.1781353801488876,0.4453209936618805,47.563385009765625,0.0926392003893852,16.306034088134766,0.592079222202301,-3.582383155822754,-1.7115817070007324,-13.948259353637695,-0.6229663491249084,0.0,0.0,0.0,0.0,0.0,2.777777910232544,3.3333334922790527,0.2899999916553497,0.0,0.0,0.0,-37.12238693237305
xxxxxxxx160,CW,9,red,13.6021,14.3065,0.7043999999999997,0.2883999999999993,data/not_shared/wd_audio/WD_CI/xxxxxxxx160/xxxxxxxx160_stroop_CW.wav,data/not_shared/wd_audio/WD_CI/xxxxxxxx160/xxxxxxxx160_stroop_task.wav,26.70623588562012,0.1602682024240493,26.471778869628903,28.50173568725586,29.45094871520996,2.9791698455810547,140.4918975830078,121.59165954589844,100.62238311767578,84.04414367675781,0.2066442817449569,0.5885169506072998,0.0856572985649108,0.2136635035276413,0.3515595495700836,0.2659022510051727,1.602400541305542,0.0661202669143676,-0.5523208975791931,0.97371643781662,0.0877739638090133,0.6128395199775696,43.05572128295898,0.2067583054304123,16.83098793029785,0.7965328097343445,7.315815925598144,0.8945145606994629,16.399433135986328,0.4055875539779663,0.0360939241945743,1.2496955394744873,1.4245562553405762,0.8321107625961304,6.688201427459717,0.5790340304374695,2.91528868675232,2.185469150543213,45.72542190551758,0.1193437948822975,682.5225219726562,0.2111364752054214,1459.954833984375,0.1817667335271835,-71.30175018310547,-1.1926548480987549,1732.8258056640625,0.1278279423713684,1276.0400390625,0.254915177822113,-84.62784576416016,-0.8744365572929382,2846.587158203125,0.0784315913915634,1148.52978515625,0.3228016495704651,-93.2550277709961,-0.7346463799476624,-28.925678253173828,-0.223256766796112,43.84172821044922,0.1279346346855163,0.0284416824579238,0.9590645432472228,-0.0287632830440998,-0.4632454812526703,0.1104868352413177,0.425359159708023,45.81403732299805,0.1867409944534301,23.51573371887207,0.4506757855415344,7.416589260101318,1.0065698623657229,13.99134349822998,0.3672216832637787,-15.219724655151367,29.12467193603516,-0.0047389506362378,-0.0069888844154775,0.0268195290118455,2.898550748825073,3.174603223800659,0.209999993443489,0.0299999993294477,0.1799999922513961,0.0,-38.25942611694336
xxxxxxxx160,CW,10,red,16.2271,18.8701,2.6430000000000007,1.9206000000000003,data/not_shared/wd_audio/WD_CI/xxxxxxxx160/xxxxxxxx160_stroop_CW.wav,data/not_shared/wd_audio/WD_CI/xxxxxxxx160/xxxxxxxx160_stroop_task.wav,30.950517654418945,0.1192761212587356,29.16851234436035,30.892520904541016,33.545997619628906,4.377485275268555,218.80560302734372,163.92210388183594,49.196407318115234,29.88100242614746,0.3114944100379944,0.9033129811286926,0.0865156799554824,0.2201989889144897,0.4937067329883575,0.4071910381317138,2.013841390609741,1.1681063175201416,0.4728784263134002,0.8922542333602905,0.1050844490528106,1.100307583808899,35.89820861816406,0.2922560572624206,8.813456535339355,1.6520280838012695,2.6564877033233643,3.77998685836792,5.108177185058594,1.930626392364502,0.056893490254879,2.3416662216186523,1.056105375289917,0.7926251888275146,7.28335428237915,0.6638796925544739,-1.2470895051956177,-6.646529674530029,28.449447631835938,0.3582016229629516,551.8179321289062,0.2939093708992004,1380.0926513671875,0.1388178169727325,-63.34129333496094,-1.3278099298477173,1541.3809814453125,0.1753589361906051,1140.953369140625,0.2014149129390716,-73.94757080078125,-1.04435133934021,2577.051025390625,0.129331424832344,850.8931884765625,0.2598118484020233,-80.17388916015625,-0.9131851196289062,-21.950069427490234,-0.3550170361995697,32.51524353027344,0.235939621925354,0.0627091079950332,0.506902277469635,-0.0305643286556005,-0.3577078878879547,0.1411406248807907,0.8529449105262756,40.64733123779297,0.188626155257225,11.498018264770508,1.3361347913742063,0.5081628561019897,19.50153541564941,4.592770099639893,2.442253828048706,-11.190003395080566,20.287761688232425,-0.0014816200127825,-0.0129158580675721,0.0155518362298607,1.1406844854354858,1.5564203262329102,0.4549999833106994,0.2287465780973434,0.226666659116745,0.2852289378643036,-34.129661560058594
xxxxxxxx160,CW,11,blue,19.6364,22.3652,2.7288000000000032,0.7662999999999975,data/not_shared/wd_audio/WD_CI/xxxxxxxx160/xxxxxxxx160_stroop_CW.wav,data/not_shared/wd_audio/WD_CI/xxxxxxxx160/xxxxxxxx160_stroop_task.wav,30.624156951904297,0.1331360936164856,28.84235191345215,30.766996383666992,34.55404281616211,5.711690902709961,42.2469596862793,21.023237228393555,2.2118358612060547,11.32518196105957,0.2562566101551056,1.0033466815948486,0.1326680928468704,0.1630741506814956,0.2114886790513992,0.0788205862045288,3.2482752799987797,2.965317249298096,-1.327572464942932,3.2214038372039795,0.0890208259224891,1.2784355878829956,41.31525421142578,0.1652315557003021,18.123315811157227,0.521661639213562,4.518617630004883,3.1199026107788086,9.48891258239746,0.9017415642738342,0.0282408706843853,1.4065803289413452,0.7998644709587097,0.6835651397705078,8.753838539123535,0.3078407943248749,5.992068767547607,0.949922502040863,38.02783584594727,0.1925297677516937,620.849609375,0.252741664648056,1539.985107421875,0.1307817697525024,-26.162921905517575,-1.8205528259277344,1634.6292724609375,0.1432467550039291,1328.645751953125,0.2632885277271271,-42.88346099853516,-0.9927680492401124,2708.493408203125,0.110096774995327,1160.6396484375,0.307811439037323,-52.6757698059082,-0.7487987279891968,-26.478199005126957,-0.287071168422699,40.55016708374024,0.1379373222589492,0.0482501462101936,0.6516072750091553,-0.0235494952648878,-0.3554936051368713,0.0866998434066772,1.2428041696548462,42.59003448486328,0.1158958971500396,19.33994674682617,0.4639905095100403,4.610233783721924,3.0585691928863525,9.420794486999512,0.9075542688369752,-13.040645599365234,22.01365089416504,-0.0112028531730175,0.0008518165559507,0.0175373125821352,0.7380073666572571,0.7604563236236572,1.2200000286102295,0.0099999997764825,0.1599999964237213,0.0,-36.630802154541016
xxxxxxxx164,C,1,red,1.8068,2.2559,0.4491,1.8068,data/not_shared/wd_audio/WD_CI/xxxxxxxx164/xxxxxxxx164_stroop_C.wav,data/not_shared/wd_audio/WD_CI/xxxxxxxx164/xxxxxxxx164_stroop_task.wav,35.37725830078125,0.0240397360175848,34.35443878173828,35.565948486328125,36.292442321777344,1.9380035400390625,9.775671005249023,0.0,-8.069738388061523,0.0,0.2963273227214813,0.3968024849891662,0.169372946023941,0.3077278733253479,0.4142612218856811,0.2448882758617401,2.3545284271240234,0.0,-1.3037283420562744,0.0,0.0804537236690521,0.5187515020370483,45.57195281982422,0.1072038188576698,24.501914978027344,0.1850016564130783,-1.1078548431396484,-7.793697357177734,-17.590885162353516,-0.6977403163909912,0.0048105781897902,0.4735107123851776,0.430596113204956,1.3491861820220947,13.20626163482666,0.067286416888237,7.9365315437316895,0.8418435454368591,46.38706970214844,0.1052471846342086,612.16064453125,0.3893456161022186,1389.43359375,0.1402691006660461,-25.074737548828125,-0.3445160686969757,1692.72216796875,0.2459027171134948,1037.3572998046875,0.1053555086255073,-39.37505722045898,-0.2592166066169739,3015.794921875,0.1344289779663086,843.2442626953125,0.3606637418270111,-57.64225006103516,-0.0482399836182594,-30.9102783203125,-0.2179726958274841,47.86524963378906,0.1282820254564285,0.0733301043510437,0.4284373819828033,-0.0450039617717266,-0.2197883427143097,0.0860415175557136,0.5038766264915466,46.266632080078125,0.1060230135917663,25.04414939880371,0.1838824152946472,-3.107788324356079,-2.4421181678771973,-20.839147567749023,-0.4782163798809051,0.0,0.0,0.0,0.0,0.0,2.3255815505981445,2.702702760696411,0.3599999845027923,0.0,0.0,0.0,-34.814697265625
xxxxxxxx164,C,2,yellow,2.3696,2.8266,0.4569999999999998,0.1137000000000001,data/not_shared/wd_audio/WD_CI/xxxxxxxx164/xxxxxxxx164_stroop_C.wav,data/not_shared/wd_audio/WD_CI/xxxxxxxx164/xxxxxxxx164_stroop_task.wav,34.8228874206543,0.0144388983026146,34.28767013549805,35.01348876953125,35.26795959472656,0.9802894592285156,8.869307518005371,0.0,-7.250645160675049,0.0,0.2561143338680267,0.442048579454422,0.1337523162364959,0.2413243800401687,0.3770792484283447,0.2433269321918487,2.076504707336426,0.0,-1.2691594362258911,0.0,0.0491831749677658,0.3757106959819793,42.24165344238281,0.0778978988528251,15.885734558105469,0.2917526960372925,-6.67910099029541,-1.5176233053207395,-3.6146533489227295,-2.679151773452759,0.0060499291867017,0.7495452761650085,0.4602735042572021,0.5669119954109192,12.934837341308594,0.0455473847687244,-0.1133516505360603,-31.48513984680176,34.14470672607422,0.1476767659187317,803.2225952148438,0.2051078081130981,1417.45751953125,0.1447258442640304,-19.191516876220703,-0.4075276553630829,1534.0517578125,0.1168109253048896,1314.659912109375,0.3876633942127228,-27.802608489990234,-0.325287789106369,2838.0654296875,0.0465443171560764,792.2474365234375,0.2352968156337738,-51.057865142822266,-0.0797166898846626,-19.930103302001957,-0.1967838108539581,44.141151428222656,0.0424372814595699,0.0500029399991035,0.5517221093177795,-0.0167645663022995,-0.685804009437561,0.054327592253685,0.3621361553668976,42.925559997558594,0.0702579766511917,15.841582298278809,0.31319460272789,-8.841394424438477,-1.0273081064224243,-6.045664310455322,-1.314085602760315,0.0,0.0,0.0,0.0,0.0,2.2727272510528564,2.6315789222717285,0.3700000047683716,0.0,0.0,0.0,-38.3868293762207
xxxxxxxx164,C,3,blue,3.0012,3.3274,0.3262,0.1745999999999998,data/not_shared/wd_audio/WD_CI/xxxxxxxx164/xxxxxxxx164_stroop_C.wav,data/not_shared/wd_audio/WD_CI/xxxxxxxx164/xxxxxxxx164_stroop_task.wav,34.67853546142578,0.026053812354803,33.85222625732422,34.53517150878906,35.65254592895508,1.8003196716308594,0.1179171726107597,0.0,0.0,0.0,0.2886145710945129,0.3327929973602295,0.1902071237564087,0.2932807505130768,0.3837473094463348,0.1935401856899261,2.730739116668701,0.0,-1.4880928993225098,0.0,0.0754739269614219,0.3116929829120636,41.942779541015625,0.06272953748703,18.439926147460938,0.2943273186683655,-3.64322566986084,-2.256040334701538,0.4012617170810699,16.810571670532227,0.0078311571851372,0.8267743587493896,0.8932086229324341,1.2998698949813845,12.64585304260254,0.0454543530941009,0.9178247451782228,7.779469490051269,36.08823394775391,0.1051649078726768,777.544189453125,0.059864554554224,1376.7408447265625,0.0748908296227455,-19.322364807128903,-0.3516750633716583,1646.5963134765625,0.0702147260308265,1086.225830078125,0.2326472997665405,-32.16191864013672,-0.2171719074249267,2881.583251953125,0.0296412743628025,961.1158447265624,0.7387229204177856,-49.24677658081055,-0.0922641232609748,-24.859169006347656,-0.1476404070854187,44.78768539428711,0.0630720406770706,0.0477547831833362,0.3690427839756012,-0.0181543473154306,-0.171753853559494,0.0798395946621894,0.2869209349155426,42.6187858581543,0.0569990314543247,18.814044952392575,0.3171267807483673,-5.591742515563965,-1.3950766324996948,-1.1857528686523438,-5.375724792480469,0.0,0.0,0.0,0.0,0.0,3.225806474685669,4.0,0.2399999946355819,0.0,0.0,0.0,-37.08740234375
xxxxxxxx164,C,4,green,3.509,3.9371,0.4281000000000001,0.1815999999999999,data/not_shared/wd_audio/WD_CI/xxxxxxxx164/xxxxxxxx164_stroop_C.wav,data/not_shared/wd_audio/WD_CI/xxxxxxxx164/xxxxxxxx164_stroop_task.wav,33.250572204589844,0.1957383751869201,31.59164428710937,35.80464553833008,37.70332336425781,6.1116790771484375,0.0,0.0,-0.6507884860038757,0.0,0.2296209931373596,0.4521077871322632,0.1099797561764717,0.25788214802742,0.3299767076969147,0.2199969589710235,1.5962291955947876,0.0075818300247192,-0.168956458568573,0.8800811767578125,0.0970838963985443,0.5455766320228577,39.6013298034668,0.0858786106109619,20.384565353393555,0.2235395312309265,12.797202110290527,0.259953886270523,6.598612308502197,0.946864366531372,0.0347876846790313,1.8367540836334229,0.6015374064445496,0.9290305972099304,9.720147132873535,0.607266902923584,23.90266227722168,0.417332649230957,41.14361190795898,0.14108707010746,553.9832153320312,0.2783633172512054,1499.0404052734375,0.1167248114943504,-54.20856094360352,-1.0334161520004272,1529.4356689453125,0.1993387788534164,1197.4293212890625,0.244880735874176,-58.46952819824219,-0.8087542057037354,2738.293701171875,0.1541779786348343,973.6522216796876,0.391438752412796,-66.91027069091797,-0.66628497838974,-29.78745460510254,-0.0513616241514682,40.789024353027344,0.0787433981895446,0.0636090561747551,0.4323280751705169,-0.0168190188705921,-0.4104391038417816,0.1134934499859809,0.4480714499950409,39.352169036865234,0.0936208143830299,21.801931381225582,0.160362958908081,12.963680267333984,0.2451768517494201,7.172584533691406,0.9268027544021606,-26.98019218444824,39.74787521362305,0.0185301639139652,-0.014637260697782,0.0718741118907928,4.878048896789551,2.777777910232544,0.3199999928474426,0.0,0.0199999995529651,0.0,-36.93922805786133
xxxxxxxx164,C,5,green,5.293,5.6272,0.3342,1.3559,data/not_shared/wd_audio/WD_CI/xxxxxxxx164/xxxxxxxx164_stroop_C.wav,data/not_shared/wd_audio/WD_CI/xxxxxxxx164/xxxxxxxx164_stroop_task.wav,31.927703857421875,0.0463555604219436,30.482467651367188,32.41965103149414,32.839569091796875,2.3571014404296875,-18.898582458496094,0.0,34.18426513671875,0.0,0.436505526304245,0.339083582162857,0.2988952994346618,0.4325129687786102,0.5809168219566345,0.2820215225219726,3.3306996822357178,0.0,-2.5051286220550537,0.0,0.1475760489702224,0.3181191384792328,32.112918853759766,0.1228389665484428,17.673608779907227,0.2149599343538284,36.45157241821289,0.2354526668787002,14.859458923339844,0.270386278629303,0.014514653943479,1.4092103242874146,1.3216087818145752,1.269093036651611,10.333170890808104,0.1331668347120285,7.6215386390686035,1.0515788793563845,19.596115112304688,0.2928228676319122,457.3589477539063,0.3286495208740234,1163.7498779296875,0.1624059826135635,-8.858892440795898,-1.1440434455871582,1733.85791015625,0.0815906375646591,678.2361450195312,0.6466994881629944,-34.85382843017578,-0.1203012019395828,2663.991455078125,0.0898265019059181,982.3775634765624,0.3074446320533752,-27.15138816833496,-0.3480887115001678,-20.907169342041016,-0.3054316639900207,25.4337158203125,0.4201667904853821,0.0632876455783844,0.1955959200859069,-0.0266936942934989,-0.1980422288179397,0.1611528396606445,0.3269052803516388,30.99866104125977,0.113592192530632,17.44654655456543,0.2374908328056335,36.37894058227539,0.260598212480545,15.639719009399414,0.2294989675283432,0.0,0.0,0.0,0.0,0.0,3.125,3.846153974533081,0.25,0.0,0.0,0.0,-33.04711151123047
xxxxxxxx164,C,6,yellow,5.8567,7.2056,1.3488999999999995,0.2294999999999998,data/not_shared/wd_audio/WD_CI/xxxxxxxx164/xxxxxxxx164_stroop_C.wav,data/not_shared/wd_audio/WD_CI/xxxxxxxx164/xxxxxxxx164_stroop_task.wav,32.77573013305664,0.0237139705568552,32.16261291503906,32.957027435302734,33.44963455200195,1.2870216369628906,25.43903923034668,19.06998443603516,16.900972366333008,6.02159595489502,0.2542375028133392,0.5956330895423889,0.1094487085938453,0.2277775853872299,0.388382077217102,0.2789333760738373,2.6835944652557373,0.5064333081245422,0.4574402272701263,0.6261304020881653,0.0596574358642101,0.4505881071090698,42.644508361816406,0.1406726837158203,12.252588272094728,0.7882997393608093,3.610171318054199,1.943968415260315,-3.2330193519592285,-3.241077423095703,0.0091971363872289,1.0029431581497192,0.7069087028503418,0.9614369869232178,11.247964859008787,0.1540416479110717,-3.63273811340332,-1.125766634941101,29.482742309570312,0.3000566661357879,757.9058837890625,0.2768658399581909,1418.2271728515625,0.2691540122032165,-41.965431213378906,-1.3438159227371216,1695.33203125,0.1822106093168258,1179.076904296875,0.2033696919679641,-53.44194412231445,-0.9645637273788452,3016.681396484375,0.0923522189259529,1076.408203125,0.4905349016189575,-66.0218734741211,-0.6973811388015747,-23.641586303710938,-0.3028211891651153,41.79790115356445,0.1742774844169616,0.0225807931274175,1.462592601776123,-0.0296783186495304,-0.5334189534187317,0.0657551065087318,0.3737319111824035,43.748085021972656,0.1289655417203903,13.99790382385254,0.633581817150116,3.376333951950073,2.124647617340088,-4.763453006744385,-2.2161052227020264,-12.853179931640623,24.08778381347656,-0.0242600664496421,-0.0111682657152414,0.0235082730650901,2.2556393146514893,1.574803113937378,0.5550000071525574,0.1449999958276748,0.1299999952316284,0.0,-38.071380615234375
xxxxxxxx164,C,7,red,8.1595,8.1605,0.0010000000000012,0.9539,data/not_shared/wd_audio/WD_CI/xxxxxxxx164/xxxxxxxx164_stroop_C.wav,data/not_shared/wd_audio/WD_CI/xxxxxxxx164/xxxxxxxx164_stroop_task.wav,,,,,,,,,,,,,,,,,,,,,,,,,,,,,,,,,,,,,,,,,,,,,,,,,,,,,,,,,,,,,,,,,,,,,,,,,,,,,,,,,,,,,,,,
xxxxxxxx164,C,8,yellow,8.1914,8.5705,0.3790999999999993,0.030899999999999,data/not_shared/wd_audio/WD_CI/xxxxxxxx164/xxxxxxxx164_stroop_C.wav,data/not_shared/wd_audio/WD_CI/xxxxxxxx164/xxxxxxxx164_stroop_task.wav,33.82309341430664,0.0136119648814201,33.439537048339844,33.92509460449219,34.264801025390625,0.8252639770507812,8.029862403869629,0.0,-6.909561634063721,0.0,0.3232719004154205,0.3160880804061889,0.2122392058372497,0.3260928392410278,0.4263766705989837,0.214137464761734,0.8145455718040466,1.362413763999939,1.3292903900146484,0.0,0.0707536563277244,0.3865946233272552,44.21644973754883,0.0419907793402671,22.35362434387207,0.1189834251999855,-0.722825825214386,-8.511140823364258,-16.5076961517334,-0.479864090681076,0.0055932966060936,0.6350288987159729,0.7428324818611145,1.4208407402038574,12.61144733428955,0.041535384953022,-6.7047295570373535,-0.2821477651596069,34.18442916870117,0.0651899576187133,529.76416015625,0.386847585439682,1647.501708984375,0.1232730895280838,-18.7627067565918,-0.2721225619316101,1398.27392578125,0.2103005200624466,1189.0009765625,0.1572874188423156,-29.32937812805176,-0.2962057590484619,2884.81884765625,0.0723024755716323,839.2064208984375,0.3113151788711548,-50.28020477294922,-0.044097539037466,-24.414888381958008,-0.074835680425167,43.2656135559082,0.0479155667126178,0.049623042345047,0.3099494874477386,-0.0348005667328834,-0.2144039571285247,0.0799619555473327,0.3567790985107422,44.58223724365234,0.0350411832332611,22.403955459594727,0.1275490224361419,-2.4865856170654297,-2.0568337440490723,-18.18826103210449,-0.3885039389133453,0.0,0.0,0.0,0.0,0.0,2.777777910232544,3.3333334922790527,0.2899999916553497,0.0,0.0,0.0,-35.36642074584961
xxxxxxxx164,C,9,red,8.6394,9.0165,0.3771000000000004,0.068900000000001,data/not_shared/wd_audio/WD_CI/xxxxxxxx164/xxxxxxxx164_stroop_C.wav,data/not_shared/wd_audio/WD_CI/xxxxxxxx164/xxxxxxxx164_stroop_task.wav,33.54829025268555,0.0222019366919994,32.804927825927734,33.370140075683594,34.35585021972656,1.550922393798828,0.0640090927481651,0.0,0.0,0.0,0.2184294760227203,0.1041233018040657,0.1942593604326248,0.2210576236248016,0.2399286478757858,0.045669287443161,0.3558529913425445,0.2803800404071808,0.5011892318725586,0.0210519731044769,0.0431155078113079,0.2357702106237411,45.79977035522461,0.050879456102848,28.711938858032227,0.0534295663237571,12.498876571655272,0.1915137618780136,-1.5383152961730957,-4.782240867614746,0.0036170536186546,0.3589776456356048,0.2640291452407837,0.4517654776573181,12.810539245605469,0.0305638723075389,-0.4885371923446655,-12.895319938659668,39.46685791015625,0.099878154695034,829.2557983398438,0.0374934040009975,1135.39208984375,0.1179876551032066,-32.0344352722168,-0.1397949904203415,2051.120361328125,0.0221458245068788,1077.022216796875,0.1633636057376861,-52.50410079956055,-0.0536241643130779,3323.026611328125,0.0270441174507141,801.9860229492188,0.2268658876419067,-58.39148712158203,-0.0457891896367073,-36.63365936279297,-0.0407031178474426,50.65449142456055,0.0248767901211977,0.0379083789885044,0.4253163635730743,-0.04218740016222,-0.1993230283260345,0.0422436743974685,0.2085939198732376,46.06327438354492,0.0470848307013511,28.891202926635746,0.0474045649170875,12.602437019348145,0.1966706961393356,-4.342550754547119,-0.8619297742843628,0.0,0.0,0.0,0.0,0.0,5.555555820465088,3.3333334922790527,0.2899999916553497,0.0,0.0,0.0,-36.29701614379883
xxxxxxxx164,C,10,green,9.0834,9.8247,0.7413000000000007,0.0668999999999986,data/not_shared/wd_audio/WD_CI/xxxxxxxx164/xxxxxxxx164_stroop_C.wav,data/not_shared/wd_audio/WD_CI/xxxxxxxx164/xxxxxxxx164_stroop_task.wav,33.72418594360352,0.0360871329903602,32.58259582519531,33.63227844238281,34.38653945922852,1.8039436340332031,11.184438705444336,1.902586936950684,12.96691608428955,2.929875373840332,0.2617914378643036,0.3250967264175415,0.1965974271297454,0.2720886468887329,0.3449575901031494,0.1483601629734039,1.3929916620254517,0.5041983127593994,-0.1699432730674743,0.7434420585632324,0.0793087631464004,0.4888869524002075,40.382442474365234,0.0738612040877342,23.77560806274414,0.2192784994840622,10.291786193847656,0.6757866740226746,12.285067558288574,0.4588493108749389,0.0060664643533527,0.3624010384082794,0.5417678356170654,1.1157132387161257,11.95746898651123,0.1282905042171478,5.32029390335083,2.491670846939087,38.93840408325195,0.2160796225070953,716.2568359375,0.1429751217365265,1340.687744140625,0.1750033646821975,-29.800731658935547,-0.2028823047876358,1740.83935546875,0.0787336155772209,980.6583251953124,0.3248300552368164,-38.928707122802734,-0.102288156747818,2985.443359375,0.0702965930104255,945.8516235351562,0.3336195349693298,-52.23966217041016,-0.0600164495408535,-29.97230529785156,-0.0820829719305038,43.16248321533203,0.0683113262057304,0.0598902143537998,0.593267023563385,-0.021218067035079,-0.2986539304256439,0.0845330730080604,0.4864287376403808,40.51298904418945,0.0758019089698791,24.556058883666992,0.1903561651706695,10.09566593170166,0.7140415906906128,12.3345365524292,0.4762145578861236,0.0,0.0,0.0,0.0,0.0,2.7397260665893555,1.4925373792648315,0.6599999666213989,0.0,0.0,0.0,-35.486083984375
xxxxxxxx164,C,11,yellow,10.3994,10.7247,0.3253000000000003,0.5747,data/not_shared/wd_audio/WD_CI/xxxxxxxx164/xxxxxxxx164_stroop_C.wav,data/not_shared/wd_audio/WD_CI/xxxxxxxx164/xxxxxxxx164_stroop_task.wav,48.652099609375,0.030468787997961,47.31136703491211,47.87110900878906,50.654205322265625,3.342838287353516,-168.2458953857422,0.0,47.7148323059082,0.0,0.1670133769512176,0.2626791894435882,0.1452018171548843,0.1879717111587524,0.1981787681579589,0.0529769510030746,1.1899112462997437,0.0,-0.2687436044216156,0.0,0.0171098336577415,0.2690459489822387,18.43917655944824,0.2255045026540756,-28.072582244873047,-0.2793741226196289,-3.761611700057984,-1.2826049327850342,17.584264755249023,0.2565536201000213,0.0387774370610713,1.2278378009796145,1.6151710748672483,0.3162685036659241,1.150797724723816,1.4342809915542605,-8.809314727783203,-0.3884366452693939,7.299217224121094,0.6696755886077881,926.4644775390624,0.0361836068332195,971.744873046875,0.115276850759983,-113.61624145507812,-0.7018414735794067,1915.4549560546875,0.0163553226739168,849.1611938476562,0.0615576617419719,-111.91688537597656,-0.7265739440917969,2945.564208984375,0.0416988544166088,867.7677612304688,0.1372055113315582,-116.76155853271484,-0.6610963940620422,7.146317005157471,0.1352930068969726,-0.7970845103263855,-2.163870334625244,0.0569422133266925,0.1659489274024963,0.0179454497992992,0.260204017162323,0.0169825833290815,0.1300595998764038,17.922876358032227,0.0545326247811317,-30.84099006652832,-0.0572112314403057,-2.2995870113372803,-1.4267462491989136,19.51030921936035,0.1988150030374527,2.552675724029541,3.808094739913941,0.0326990708708763,0.0086573492735624,0.0160301607102155,3.225806474685669,4.347826480865479,0.1099999994039535,0.0,0.1099999994039535,0.0,-56.86012649536133
xxxxxxxx164,W,1,yellow,1.6392,2.1581,0.5189000000000001,1.6392,data/not_shared/wd_audio/WD_CI/xxxxxxxx164/xxxxxxxx164_stroop_W.wav,data/not_shared/wd_audio/WD_CI/xxxxxxxx164/xxxxxxxx164_stroop_task.wav,35.797122955322266,0.0285380445420742,34.64668273925781,35.85931396484375,36.88350677490234,2.2368240356445312,9.034783363342283,0.0,-14.78562355041504,0.0,0.463789701461792,0.4601351618766784,0.2249087393283844,0.4860086441040039,0.6793150901794434,0.4544063508510589,3.336562395095825,0.0,-2.2606794834136963,0.0,0.1274469643831253,0.5179303288459778,40.94912338256836,0.079218789935112,15.967591285705566,0.3469765186309814,-9.464088439941406,-0.6872547268867493,-17.08527183532715,-0.4796109199523926,0.0060198167338967,0.5328869223594666,0.5191517472267151,1.3357349634170532,12.916046142578123,0.0729996338486671,6.53281831741333,0.9534583687782288,36.91861724853516,0.116989754140377,425.0141906738281,0.3297916948795318,1445.250732421875,0.1225727275013923,-10.080815315246582,-0.5027166604995728,1307.4322509765625,0.1788855940103531,959.9310913085938,0.0890034139156341,-20.82875061035156,-0.4391710460186004,2709.79931640625,0.0604193210601806,823.4124755859375,0.3128407597541809,-45.62118911743164,-0.0937571972608566,-18.50053024291992,-0.239035502076149,39.21372222900391,0.1022838652133941,0.0941613242030143,0.1721062660217285,-0.0253608617931604,-0.3192757070064544,0.142379492521286,0.4237850606441498,40.64974212646485,0.0819534808397293,16.228368759155273,0.3570599257946014,-10.13752555847168,-0.6550560593605042,-19.134387969970703,-0.3300953209400177,0.0,0.0,0.0,0.0,0.0,2.0,2.2727272510528564,0.429999977350235,0.0,0.0,0.0,-32.050392150878906
xxxxxxxx164,W,2,red,2.3876,2.8485,0.4609000000000001,0.2294999999999998,data/not_shared/wd_audio/WD_CI/xxxxxxxx164/xxxxxxxx164_stroop_W.wav,data/not_shared/wd_audio/WD_CI/xxxxxxxx164/xxxxxxxx164_stroop_task.wav,34.7213249206543,0.0234917104244232,33.857574462890625,34.92941665649414,35.5321159362793,1.674541473388672,11.003843307495115,0.0,-12.470093727111816,0.0,0.2785186171531677,0.3637286126613617,0.1808602809906005,0.3056095838546753,0.3532743155956268,0.1724140346050262,0.9239106178283693,1.4149997234344482,1.0448715686798096,0.0,0.0878007933497428,0.4486020803451538,43.84915542602539,0.0689551532268524,25.444488525390625,0.0900217443704605,8.44836711883545,0.67839515209198,-3.6719119548797607,-3.124335527420044,0.0068438895978033,0.701216459274292,0.4179703295230865,1.0456624031066897,13.057199478149414,0.0548158660531044,11.412084579467772,0.6266030669212341,42.157352447509766,0.0861969590187072,747.5819091796875,0.277491807937622,1360.97021484375,0.123981274664402,-27.000104904174805,-0.2780846357345581,1913.0672607421875,0.1990999579429626,1209.6282958984375,0.1138245537877082,-45.7950325012207,-0.2480704188346862,3078.5703125,0.0946017056703567,904.878173828125,0.3076465427875519,-56.52460861206055,-0.0552658513188362,-32.31540298461914,-0.13619065284729,48.550689697265625,0.0900377929210662,0.0590787231922149,0.3701408505439758,-0.0317411758005619,-0.2707210779190063,0.0893331244587898,0.5650922060012817,44.35118103027344,0.0662634372711181,25.8662052154541,0.0774544775485992,7.173381328582764,0.7056896686553955,-7.091399669647217,-1.1254034042358398,0.0,0.0,0.0,0.0,0.0,2.222222328186035,2.5641026496887207,0.3799999952316284,0.0,0.0,0.0,-33.846435546875
xxxxxxxx164,W,3,green,3.0102,3.4711,0.4608999999999996,0.1617000000000001,data/not_shared/wd_audio/WD_CI/xxxxxxxx164/xxxxxxxx164_stroop_W.wav,data/not_shared/wd_audio/WD_CI/xxxxxxxx164/xxxxxxxx164_stroop_task.wav,35.55918502807617,0.0665125325322151,33.147789001464844,36.10007858276367,37.94078826904297,4.792999267578125,29.88448143005371,0.0,-25.49919319152832,0.0,0.3230064213275909,0.3634624779224396,0.1993387043476104,0.3301033079624176,0.4381508231163025,0.238812118768692,0.7149131894111633,1.4154661893844604,1.169059157371521,0.0,0.1408737599849701,0.2687861323356628,36.21059036254883,0.0578757598996162,29.90065574645996,0.1274622082710266,12.417041778564451,0.7821490168571472,18.947898864746094,0.463949054479599,0.0134617695584893,0.914516806602478,0.9047808647155762,1.3566930294036863,12.38961410522461,0.1593504399061203,24.482912063598636,0.1672076135873794,48.04874038696289,0.1194441094994545,722.9466552734375,0.1029083505272865,1258.8375244140625,0.1139597296714782,-35.29631805419922,-0.1221820190548896,1928.9183349609373,0.0288261659443378,822.0487670898438,0.4286414086818695,-40.727142333984375,-0.1423105299472808,3103.4140625,0.0492583662271499,1189.4810791015625,0.1942368149757385,-57.15192794799805,-0.0937524512410163,-31.58946418762207,-0.0750999227166175,40.041282653808594,0.1282341033220291,0.071935586631298,0.2046732008457183,-0.0256829895079135,-0.2955934107303619,0.1490407884120941,0.2177618145942688,36.14291000366211,0.0618973150849342,30.183942794799805,0.1328264027833938,10.731511116027832,0.8710366487503052,17.141353607177734,0.4665260016918182,0.0,0.0,0.0,0.0,0.0,2.222222328186035,2.5641026496887207,0.3799999952316284,0.0,0.0,0.0,-32.24234771728516
xxxxxxxx164,W,4,blue,3.6467,4.2124,0.5656999999999996,0.1756000000000002,data/not_shared/wd_audio/WD_CI/xxxxxxxx164/xxxxxxxx164_stroop_W.wav,data/not_shared/wd_audio/WD_CI/xxxxxxxx164/xxxxxxxx164_stroop_task.wav,34.363494873046875,0.0302497539669275,33.38430404663086,34.34906005859375,35.49161529541016,2.107311248779297,3.9638803005218506,7.665306568145752,21.57554626464844,0.0,0.2420232743024826,0.5750094652175903,0.0737203732132911,0.2563799917697906,0.3778424859046936,0.304122120141983,1.2365994453430176,1.042350172996521,1.062222957611084,0.0,0.0695022270083427,0.4795397520065307,38.890098571777344,0.0368980467319488,13.224607467651367,0.3689683377742767,8.751349449157715,0.6498119831085205,15.192094802856444,0.4211323261260986,0.0093376375734806,1.0965754985809326,0.6148099899291992,0.8064163327217102,12.023715019226074,0.1569585055112838,8.172773361206055,1.0136479139328003,30.78519821166992,0.1660694032907486,604.6801147460938,0.331020712852478,1415.68310546875,0.1171300038695335,-53.81083297729492,-1.2241125106811523,1593.91796875,0.1099676042795181,1009.7592163085938,0.1112515553832054,-59.64457702636719,-1.0030797719955444,2703.53369140625,0.0852316990494728,1000.0678100585938,0.2892380356788635,-70.40007019042969,-0.7830299139022827,-25.743751525878903,-0.0661385431885719,41.91010284423828,0.044572215527296,0.0593070872128009,0.4228097796440124,-0.0096016125753521,-0.9879682064056396,0.0851177871227264,0.2324738800525665,39.184417724609375,0.0317673683166503,14.870457649230955,0.287566989660263,8.580170631408691,0.7247786521911621,17.04709243774414,0.353558748960495,-20.872398376464844,34.27853775024414,0.0174062792211771,-0.0099579729139804,0.0337616838514804,1.8181817531585691,2.0,0.4099999964237213,0.0,0.0700000002980232,0.0,-36.00511169433594
xxxxxxxx164,W,5,green,6.0922,6.3506,0.2583999999999999,1.8798000000000004,data/not_shared/wd_audio/WD_CI/xxxxxxxx164/xxxxxxxx164_stroop_W.wav,data/not_shared/wd_audio/WD_CI/xxxxxxxx164/xxxxxxxx164_stroop_task.wav,34.912254333496094,0.0230310391634702,34.39409255981445,34.56787872314453,35.758140563964844,1.3640480041503906,-5.271530628204346,0.0,30.355127334594727,0.0,0.4900155961513519,0.4079411327838897,0.2731731235980987,0.5629183650016785,0.6689671277999878,0.395794004201889,1.4751830101013184,2.3431830406188965,2.4438061714172363,0.0,0.1480367630720138,0.3791517615318298,34.06315612792969,0.0947558283805847,14.43489933013916,0.2529968917369842,21.15359878540039,0.695262610912323,16.9121036529541,0.1654740273952484,0.021531905978918,1.1386078596115112,1.3182536363601685,0.9904364347457886,11.95574951171875,0.1113031730055809,15.0930814743042,0.0713360458612442,26.214733123779297,0.2423597276210785,482.26416015625,0.2126226276159286,1297.663330078125,0.1051432564854621,-9.299299240112305,-0.8509206771850586,1621.205322265625,0.0805359482765197,866.6383666992188,0.3468173444271087,-31.193342208862305,-0.0589242205023765,2572.825927734375,0.0419140495359897,814.458740234375,0.1974933594465255,-31.53808212280273,-0.2571275532245636,-21.949052810668945,-0.1442324519157409,29.343158721923828,0.2465717494487762,0.0920705422759056,0.4193896949291229,-0.0232400894165039,-0.2291865348815918,0.1457410454750061,0.381206065416336,33.90348815917969,0.1079585999250412,14.54891586303711,0.2664428353309631,16.912872314453125,0.8691511750221252,15.84473991394043,0.1447572708129882,0.0,0.0,0.0,0.0,0.0,4.1666669845581055,5.555555820465088,0.1700000017881393,0.0,0.0,0.0,-30.78135681152344
xxxxxxxx164,W,6,yellow,6.3955,6.5591,0.1635999999999997,0.0449000000000001,data/not_shared/wd_audio/WD_CI/xxxxxxxx164/xxxxxxxx164_stroop_W.wav,data/not_shared/wd_audio/WD_CI/xxxxxxxx164/xxxxxxxx164_stroop_task.wav,29.30226325988769,0.0184773169457912,28.818359375,29.30573081970215,29.833332061767575,1.014972686767578,0.0,0.0,-0.1847690939903259,0.0,0.2884773015975952,0.2661431729793548,0.2004179060459137,0.327770322561264,0.3510138392448425,0.1505959331989288,-1.7356935739517212,0.0,1.4238089323043823,0.0,0.1076685562729835,0.2522054314613342,43.80693817138672,0.0778203085064888,20.00863647460937,0.0814999043941497,12.366082191467283,0.3501648604869842,15.228662490844728,0.4690054953098297,0.0079400409013032,0.4080755412578583,0.550892174243927,0.2548380196094513,9.519408226013184,0.0656978413462638,-8.379854202270508,-0.2586366832256317,27.966917037963867,0.1620510667562484,466.5726013183594,0.1508205085992813,1359.3201904296875,0.0274597704410552,-9.806734085083008,-0.2025735229253769,1493.5433349609375,0.1151436492800712,1097.6904296875,0.1419350653886795,-33.484405517578125,-0.0732789635658264,2456.301025390625,0.0175370369106531,863.5358276367188,0.0632395520806312,-44.65071105957031,-0.1083244457840919,-25.539209365844727,-0.0492067746818065,35.816123962402344,0.1341302245855331,0.0402182266116142,0.2346193790435791,-0.0195364449173212,-0.2717211544513702,0.115272045135498,0.2296011596918106,42.1243782043457,0.0803618803620338,20.021892547607425,0.0687921270728111,13.57779312133789,0.3656382262706756,19.93197250366211,0.2604331374168396,0.0,0.0,0.0,0.0,0.0,0.0,11.111111640930176,0.0799999982118606,0.0,0.0,0.0,-35.798831939697266
xxxxxxxx164,W,7,blue,6.5731,7.4311,0.8579999999999997,0.0140000000000002,data/not_shared/wd_audio/WD_CI/xxxxxxxx164/xxxxxxxx164_stroop_W.wav,data/not_shared/wd_audio/WD_CI/xxxxxxxx164/xxxxxxxx164_stroop_task.wav,33.901123046875,0.0404684394598007,33.822364807128906,34.37648010253906,34.699440002441406,0.8770751953125,14.669082641601562,6.7997212409973145,-2.268422842025757,3.643770933151245,0.3137336373329162,0.2487038373947143,0.2415464371442794,0.3197602033615112,0.3867606818675995,0.14521424472332,0.4493787288665771,0.6120105385780334,0.7960679531097412,0.2037542164325714,0.0589470341801643,0.3773844242095947,41.66767883300781,0.0888036862015724,21.285703659057617,0.182510420680046,4.324819564819336,0.8666645884513855,3.315018892288208,2.8390679359436035,0.0060633271932601,1.079934000968933,0.3439898788928985,0.6803434491157532,12.545722007751465,0.1082041338086128,1.3512389659881592,2.9163711071014404,36.34965896606445,0.1152606531977653,644.7305297851562,0.2563787698745727,1412.1268310546875,0.1523982286453247,-21.86197280883789,-0.3918509781360626,1537.2916259765625,0.1086920723319053,1037.8525390625,0.2246650159358978,-32.81962585449219,-0.1251369565725326,2843.492431640625,0.052588801831007,718.9140014648438,0.3881446123123169,-48.64325714111328,-0.0836974754929542,-26.165979385375977,-0.0923283398151397,43.64347076416016,0.0643201768398284,0.0672377794981002,0.3025971055030823,-0.0166631694883108,-0.5119505524635315,0.0593976527452468,0.3676786720752716,42.11822509765625,0.0817785039544105,21.59014892578125,0.1786940097808838,3.965765237808228,0.9110077023506165,2.6228435039520264,3.5777416229248047,0.0,0.0,0.0,0.0,0.0,2.3809523582458496,1.2820513248443604,0.7699999809265137,0.0,0.0,0.0,-35.292572021484375
xxxxxxxx164,W,8,red,7.7095,8.1505,0.4409999999999989,0.2784000000000004,data/not_shared/wd_audio/WD_CI/xxxxxxxx164/xxxxxxxx164_stroop_W.wav,data/not_shared/wd_audio/WD_CI/xxxxxxxx164/xxxxxxxx164_stroop_task.wav,33.70081329345703,0.0163976103067398,33.34506607055664,33.76900100708008,34.16807556152344,0.8230094909667969,22.875038146972656,9.30338191986084,20.29319953918457,0.0,0.0983253270387649,0.5689827799797058,0.0482450015842914,0.0656227245926857,0.1734414398670196,0.1251964420080185,0.0373650342226028,0.0,0.3625402450561523,0.0,0.0259382501244545,0.7341848611831665,32.77659606933594,0.2243264615535736,13.474591255187988,0.653018593788147,19.10807228088379,0.2266671806573867,8.51421070098877,0.5536028146743774,0.0082372613251209,0.7561212182044983,0.8660804033279419,1.1913187503814695,11.904860496520996,0.1020108386874198,3.7201836109161377,1.0950026512145996,24.86549568176269,0.4277950227260589,932.1668090820312,0.1213163137435913,1170.810791015625,0.0801347717642784,-107.89569854736328,-0.7240771651268005,2167.30126953125,0.0674480646848678,898.4956665039062,0.1651836633682251,-113.4677963256836,-0.6271628141403198,3257.104736328125,0.0553499683737754,838.233642578125,0.2553883492946625,-116.06111145019533,-0.5938475728034973,-32.98831558227539,-0.1362256109714508,44.25374221801758,0.1513876616954803,0.0054839537478983,3.4399449825286865,-0.0236307866871356,-0.4329274594783783,0.0415086448192596,0.2034660428762436,39.568355560302734,0.0992967560887336,20.49510955810547,0.3190165758132934,19.26170539855957,0.2967667877674103,6.979829788208008,0.6629945635795593,-19.43501853942871,28.351198196411133,-0.0182471945881843,-0.0024993505794554,0.0148431044071912,0.0,2.702702760696411,0.209999993443489,0.0,0.1400000005960464,0.0,-43.1193962097168
xxxxxxxx164,W,9,red,8.6992,9.8356,1.1364,0.5487000000000002,data/not_shared/wd_audio/WD_CI/xxxxxxxx164/xxxxxxxx164_stroop_W.wav,data/not_shared/wd_audio/WD_CI/xxxxxxxx164/xxxxxxxx164_stroop_task.wav,35.10263442993164,0.0344364643096923,34.36298370361328,35.4583740234375,36.09904098510742,1.7360572814941406,0.1622600555419922,0.0,0.0,0.0,0.150144338607788,1.184669017791748,0.0480000674724578,0.0500026643276214,0.3505368232727051,0.3025367558002472,0.4848301112651825,0.0,-0.7937948107719421,0.0,0.0364801362156868,1.3649835586547852,28.518310546875,0.2443204671144485,4.5647969245910645,2.780585527420044,11.955188751220703,0.6611148118972778,2.2673182487487797,3.031447649002075,0.0101809790357947,1.1718767881393433,0.8309239149093628,1.2997997999191284,12.963927268981934,0.1191888749599456,16.113933563232422,0.3890217542648315,43.3725814819336,0.2197684049606323,528.5458374023438,0.33753302693367,1325.51123046875,0.1329652816057205,-157.0487060546875,-0.4957017302513122,1512.796142578125,0.1567724496126175,1007.2437133789062,0.2397774755954742,-160.5543670654297,-0.4371194839477539,2748.74951171875,0.1346499323844909,910.7764892578124,0.341050922870636,-164.20587158203125,-0.3884019553661346,-27.297338485717773,-0.2081464082002639,42.68024444580078,0.1567309647798538,0.0882048979401588,0.3669862151145935,-0.0105694252997636,-0.886005163192749,0.1073138639330864,0.3376529216766357,36.64089584350586,0.1803924888372421,23.87610244750977,0.1851202249526977,1.8871210813522337,2.57923436164856,5.376369476318359,2.0923798084259038,-10.714299201965332,17.333553314208984,-0.0019488172838464,-0.003777424339205,0.0076458752155303,0.8928571343421936,0.943396270275116,0.25,0.0,0.7899999618530273,0.0,-35.68415451049805
xxxxxxxx164,W,10,green,9.9145,10.1868,0.2722999999999995,0.0789000000000008,data/not_shared/wd_audio/WD_CI/xxxxxxxx164/xxxxxxxx164_stroop_W.wav,data/not_shared/wd_audio/WD_CI/xxxxxxxx164/xxxxxxxx164_stroop_task.wav,36.66304397583008,0.0242221597582101,35.694366455078125,36.80957794189453,37.60948944091797,1.915122985839844,0.0,0.0,-0.1224674209952354,0.0,0.4540453553199768,0.0764382183551788,0.4375815689563751,0.4581790566444397,0.4832643270492553,0.0456827580928802,0.5199717879295349,0.8322328925132751,0.9120357632637024,0.2037716507911682,0.1364312320947647,0.3795082569122314,37.52294158935547,0.0998661443591117,29.146604537963867,0.0804924145340919,2.988119602203369,1.7555932998657229,2.164368867874145,1.5843369960784912,0.0042102732695639,0.3093954920768738,0.2698457539081573,0.5624335408210754,14.072720527648926,0.0400434620678424,29.098796844482425,0.0295872408896684,43.8355598449707,0.165490448474884,720.3907470703125,0.0753544643521308,1374.090087890625,0.1703730523586273,-32.629371643066406,-0.1060811728239059,1797.4019775390625,0.1068208813667297,1145.1612548828125,0.3336063325405121,-42.32170867919922,-0.1178265064954757,2912.65380859375,0.0867866650223732,976.4913330078124,0.3093457520008087,-49.39392852783203,-0.1071140319108963,-34.087032318115234,-0.0552927516400814,44.52348709106445,0.0776581093668937,0.0967768132686615,0.1337833404541015,-0.0230806712061166,-0.1472400426864624,0.119878239929676,0.2806780934333801,36.07008361816406,0.0819632112979888,30.06591033935547,0.0523972138762474,1.1754549741744995,3.813002824783325,1.937993407249451,1.869487166404724,0.0,0.0,0.0,0.0,0.0,7.692307949066162,5.000000476837158,0.1899999976158142,0.0,0.0,0.0,-29.474349975585938
xxxxxxxx164,W,11,yellow,10.4153,10.7107,0.295399999999999,0.2285000000000003,data/not_shared/wd_audio/WD_CI/xxxxxxxx164/xxxxxxxx164_stroop_W.wav,data/not_shared/wd_audio/WD_CI/xxxxxxxx164/xxxxxxxx164_stroop_task.wav,34.117286682128906,0.0037174222525209,34.03815841674805,34.09195709228516,34.16477966308594,0.1266212463378906,3.0988311767578125,0.9435768127441406,8.725004196166992,5.239744186401367,0.2570788860321045,0.0871241837739944,0.2378847002983093,0.2622781991958618,0.2757391631603241,0.0378544628620147,0.5368147492408752,0.1976325213909149,0.332683116197586,0.3818049728870392,0.0460131056606769,0.3119208216667175,45.630470275878906,0.0454901568591594,25.714927673339844,0.0942184776067733,10.566169738769531,0.312612771987915,-6.626817226409912,-0.5472707748413086,0.0068429703824222,0.3420453369617462,0.4125362634658813,0.3942016661167145,12.902612686157228,0.0149374492466449,11.105642318725586,0.3096615672111511,40.61908721923828,0.0938954055309295,466.129150390625,0.5212509632110596,1480.8568115234375,0.0588760338723659,-27.091800689697266,-0.2321461737155914,1423.4735107421875,0.3255051076412201,1067.43505859375,0.1289502531290054,-33.332237243652344,-0.3878072500228882,2706.671142578125,0.1308944672346115,779.4347534179688,0.185221791267395,-53.04678726196289,-0.0585678108036518,-32.10824966430664,-0.0937961190938949,47.682865142822266,0.0386161021888256,0.0739155858755111,0.1900602728128433,-0.0302349049597978,-0.1371573954820633,0.050673734396696,0.2894754409790039,45.959617614746094,0.0435931272804737,26.8291130065918,0.0476320758461952,10.992755889892578,0.324722021818161,-7.01902961730957,-0.5599386692047119,0.0,0.0,0.0,0.0,0.0,7.142857074737549,4.545454502105713,0.209999993443489,0.0,0.0,0.0,-35.632606506347656
xxxxxxxx164,W,12,yellow,10.7426,11.016,0.2734000000000005,0.0319000000000002,data/not_shared/wd_audio/WD_CI/xxxxxxxx164/xxxxxxxx164_stroop_W.wav,data/not_shared/wd_audio/WD_CI/xxxxxxxx164/xxxxxxxx164_stroop_task.wav,33.627628326416016,0.0228291079401969,32.951499938964844,34.01696014404297,34.152645111083984,1.2011451721191406,192.24777221679688,0.0,16.146169662475586,12.87608814239502,0.0960622355341911,0.653733491897583,0.0454723238945007,0.063348576426506,0.1560026258230209,0.1105303019285202,-0.1777666211128235,0.0,1.4317351579666138,0.0,0.0315014757215976,0.7672668099403381,36.020931243896484,0.1247397139668464,12.67942714691162,0.4368067979812622,12.80128288269043,0.421196311712265,7.61456823348999,0.4812512993812561,0.0079456884413957,0.3490998744964599,0.615040123462677,0.7103491425514221,11.000568389892578,0.1162144243717193,5.687094211578369,0.3053535521030426,25.039501190185547,0.3158597350120544,562.197998046875,0.6099344491958618,1370.764892578125,0.1557812988758087,-141.2178192138672,-0.433656096458435,1552.086669921875,0.2302693724632263,1023.822998046875,0.1517864167690277,-109.52086639404295,-0.6548522114753723,2834.6240234375,0.0946159809827804,790.3536376953125,0.2343466579914093,-118.53582000732422,-0.533291757106781,-23.165218353271484,-0.1242507100105285,43.89975357055664,0.1530537754297256,0.0157484263181686,1.8659374713897705,-0.0027601574547588,-1.11582350730896,0.0487655252218246,0.3872447907924652,39.7144660949707,0.0930477306246757,16.268878936767578,0.3664159476757049,9.634638786315918,0.6191377639770508,6.66930103302002,0.5377318263053894,-23.07954406738281,35.18667221069336,-0.0114607717841863,-0.0083463387563824,0.0320547297596931,0.0,10.000000953674316,0.044999998062849,0.0249999985098838,0.0350000001490116,0.0149999996647238,-44.153263092041016
xxxxxxxx164,CW,1,yellow,2.1241,2.4854,0.3612999999999999,2.1241,data/not_shared/wd_audio/WD_CI/xxxxxxxx164/xxxxxxxx164_stroop_CW.wav,data/not_shared/wd_audio/WD_CI/xxxxxxxx164/xxxxxxxx164_stroop_task.wav,34.47024917602539,0.0272419806569814,33.27896499633789,34.87862777709961,35.36670684814453,2.0877418518066406,11.203314781188965,0.0,3.876304626464844,5.120336532592773,0.444283664226532,0.374379426240921,0.2604527175426483,0.4871250092983246,0.6113535761833191,0.3509008586406708,5.001385688781738,0.0,-2.0446856021881104,0.0,0.1274479031562805,0.374050498008728,45.41213607788086,0.0926191881299018,14.528517723083496,0.4593457877635956,-7.583900928497314,-1.1682642698287964,-25.42057037353516,-0.2669099271297455,0.0055383937433362,0.4644747078418731,0.8085917830467224,1.1126866340637207,12.141191482543944,0.109184555709362,-3.810146331787109,-0.2585082352161407,36.33482360839844,0.0928045958280563,505.5082702636719,0.285753458738327,1640.53857421875,0.1534583270549774,-12.388432502746582,-0.4613739848136902,1309.8935546875,0.1035897880792617,1045.0159912109375,0.0750362873077392,-22.466766357421875,-0.4240275621414184,2716.412353515625,0.0774119272828102,917.2122192382812,0.2049203664064407,-49.773902893066406,-0.1228000372648239,-14.463401794433594,-0.2916098535060882,40.917625427246094,0.1712685376405716,0.0608288086950778,0.3686126470565796,-0.0333595350384712,-0.1718818694353103,0.1433634907007217,0.2707437574863434,45.65102005004883,0.0988663136959075,12.540905952453612,0.4395363926887512,-10.949132919311523,-0.4848188757896423,-27.76809501647949,-0.1736449152231216,0.0,0.0,0.0,0.0,0.0,2.857142925262451,3.4482760429382324,0.2800000011920929,0.0,0.0,0.0,-33.459476470947266
xxxxxxxx164,CW,2,red,2.7468,3.1099,0.3631000000000002,0.2614000000000001,data/not_shared/wd_audio/WD_CI/xxxxxxxx164/xxxxxxxx164_stroop_CW.wav,data/not_shared/wd_audio/WD_CI/xxxxxxxx164/xxxxxxxx164_stroop_task.wav,33.55927658081055,0.0311107095330953,32.46356201171875,34.10261535644531,34.47431564331055,2.010753631591797,3.676563024520874,0.0,-17.926115036010742,0.0,0.1729112416505813,0.3508415818214416,0.1171525940299034,0.1648618131875991,0.2381208688020706,0.1209682747721672,0.0,0.0,-0.0055735171772539,0.0,0.0438953042030334,0.3527774214744568,37.48173522949219,0.0836257934570312,19.290571212768555,0.139222040772438,13.66301727294922,0.3345483243465423,2.81799864768982,3.226209878921509,0.0095868939533829,0.2680780589580536,0.4456723630428314,0.3416682183742523,11.87550926208496,0.1001947224140167,6.703230381011963,0.3756552040576935,30.013532638549805,0.1015411466360092,845.2847900390625,0.139077141880989,1118.1192626953125,0.129834696650505,-26.706302642822266,-0.1475613266229629,1931.6219482421875,0.0731881633400917,929.9697875976562,0.1551863104104995,-44.81181716918945,-0.0880660638213157,3190.47802734375,0.0679560899734497,564.663818359375,0.3170619904994964,-49.64433288574219,-0.0447352826595306,-30.100154876708984,-0.0687314569950103,43.44567489624024,0.0561953783035278,0.0313758924603462,0.4467321038246155,-0.0255166590213775,-0.3323150277137756,0.0446414314210414,0.3766453266143799,37.98769760131836,0.0844734236598014,19.80370140075684,0.1332447230815887,13.183764457702637,0.3594274222850799,0.7621379494667053,11.342836380004885,0.0,0.0,0.0,0.0,0.0,0.0,3.4482760429382324,0.2800000011920929,0.0,0.0,0.0,-40.35452651977539
xxxxxxxx164,CW,3,green,3.939,4.85,0.9109999999999996,0.8291,data/not_shared/wd_audio/WD_CI/xxxxxxxx164/xxxxxxxx164_stroop_CW.wav,data/not_shared/wd_audio/WD_CI/xxxxxxxx164/xxxxxxxx164_stroop_task.wav,33.57062911987305,0.0561461634933948,32.30967330932617,33.58598327636719,35.09330368041992,2.78363037109375,21.451557159423828,2.7997140884399414,1.3941326141357422,13.755207061767578,0.2749652862548828,0.4927316904067993,0.1262724250555038,0.2871983051300049,0.3818497061729431,0.2555772662162781,2.438276052474976,0.0856328010559082,-0.4338323473930359,1.081538200378418,0.0875355824828147,0.4140732586383819,38.43279266357422,0.0887197330594062,16.656999588012695,0.5494802594184875,11.754433631896973,0.6710701584815979,14.813935279846191,0.5085074305534363,0.0118699911981821,1.117684006690979,0.745253324508667,0.9287962913513184,11.181095123291016,0.2564776241779327,9.212218284606934,1.490797758102417,32.801513671875,0.2960130572319031,639.2692260742188,0.2096654623746872,1402.092041015625,0.1464297920465469,-39.17219161987305,-1.19424569606781,1685.0728759765625,0.1196680814027786,1062.5,0.4063798189163208,-47.18640899658203,-0.923540472984314,2779.299560546875,0.085150733590126,1163.62890625,0.3200318813323974,-57.71177291870117,-0.6994560360908508,-26.20258331298828,-0.22380430996418,38.41231918334961,0.1285900175571441,0.0679074749350547,0.5144277811050415,-0.0187551081180572,-0.5457250475883484,0.0946516096591949,0.3742440938949585,38.8573112487793,0.0836779922246933,17.781185150146484,0.529242217540741,11.301830291748049,0.7423418760299683,13.912038803100586,0.554728627204895,-17.926929473876953,32.33845901489258,0.0155443577095866,0.0063418298959732,0.0389179661870002,2.222222328186035,2.3809523582458496,0.375,0.0350000001490116,0.0599999986588954,0.0,-35.73532485961914
xxxxxxxx164,CW,4,green,6.2438,7.2385,0.9947,1.3938000000000006,data/not_shared/wd_audio/WD_CI/xxxxxxxx164/xxxxxxxx164_stroop_CW.wav,data/not_shared/wd_audio/WD_CI/xxxxxxxx164/xxxxxxxx164_stroop_task.wav,35.22501373291016,0.0337847210466861,34.01437759399414,35.26811599731445,36.01178741455078,1.9974098205566408,15.99274444580078,7.421485900878906,-0.8794188499450684,9.667235374450684,0.2780217826366424,0.3101183772087097,0.2161349356174469,0.2921332120895386,0.3404035568237304,0.1242686212062835,1.454681634902954,0.8243851661682129,-0.1413561701774597,0.5320180058479309,0.0814803466200828,0.4675672948360443,39.54444122314453,0.0869508907198906,25.1809139251709,0.1372103989124298,7.002852916717529,0.6678226590156555,9.859441757202148,0.6266908645629883,0.0063654878176748,0.634513258934021,0.3801335096359253,0.5633825659751892,13.121527671813965,0.0635087862610817,18.674753189086918,0.3928666114807129,41.062747955322266,0.1871279776096344,503.1935119628906,0.3246068358421325,1396.534912109375,0.1331253796815872,-19.07535171508789,-0.6106925010681152,1481.663330078125,0.1671383827924728,1117.768310546875,0.3078373670578003,-35.313865661621094,-0.1380496025085449,2651.6044921875,0.1615095883607864,996.3089599609376,0.3303995728492737,-51.094200134277344,-0.1056518480181694,-29.912233352661133,-0.0881463959813118,45.54410171508789,0.0708226710557937,0.0843667313456535,0.2697741985321045,-0.0138525078073143,-0.7657443284988403,0.0847861319780349,0.4511123895645141,39.61687850952149,0.0891712680459022,25.39565086364746,0.1356467455625534,6.68089485168457,0.6947078704833984,9.185956954956056,0.6198845505714417,0.0,0.0,0.0,0.0,0.0,2.040816307067871,1.0869566202163696,0.9099999666213988,0.0,0.0,0.0,-34.60592269897461
xxxxxxxx164,CW,5,yellow,9.0754,9.694,0.6186000000000007,1.8369,data/not_shared/wd_audio/WD_CI/xxxxxxxx164/xxxxxxxx164_stroop_CW.wav,data/not_shared/wd_audio/WD_CI/xxxxxxxx164/xxxxxxxx164_stroop_task.wav,35.006717681884766,0.0123844984918832,34.57259750366211,35.025611877441406,35.424415588378906,0.8518180847167969,12.517066955566406,6.58383846282959,6.623502254486084,6.547004699707031,0.2657568454742431,0.2290817499160766,0.2212298512458801,0.2635426819324493,0.3240544199943542,0.1028245687484741,1.242956280708313,0.5154933929443359,0.1348373889923095,0.947173237800598,0.0645317211747169,0.5699911117553711,43.86326217651367,0.0747370645403862,26.027645111083984,0.1314305514097213,-0.3421473801136017,-17.766399383544922,-12.699164390563965,-0.5163842439651489,0.0081062810495495,1.0578628778457642,0.5215691328048706,1.270702838897705,12.829005241394045,0.1230393797159195,8.340953826904297,0.2651064991950989,43.10616302490234,0.1009071990847587,551.6431274414062,0.418423980474472,1408.9072265625,0.1422242224216461,-21.32710647583008,-0.1335310935974121,1609.0040283203125,0.2628249824047088,1073.14306640625,0.1165584549307823,-36.57172775268555,-0.3280022144317627,2897.231201171875,0.127906322479248,1038.90771484375,0.2277158945798874,-56.927276611328125,-0.0718455240130424,-26.3645076751709,-0.245596244931221,49.32389831542969,0.0713370665907859,0.0733101963996887,0.2796704769134521,-0.0336523093283176,-0.2145522236824035,0.0665961354970932,0.6168053150177002,44.03659057617188,0.0767593085765838,25.91507339477539,0.1381933093070984,-1.2060062885284424,-4.721461296081543,-13.849601745605469,-0.4136773347854614,0.0,0.0,0.0,0.0,0.0,3.3333334922790527,1.8518519401550293,0.5299999713897705,0.0,0.0,0.0,-35.54263687133789
xxxxxxxx164,CW,6,red,9.7598,9.8586,0.0987999999999988,0.0657999999999994,data/not_shared/wd_audio/WD_CI/xxxxxxxx164/xxxxxxxx164_stroop_CW.wav,data/not_shared/wd_audio/WD_CI/xxxxxxxx164/xxxxxxxx164_stroop_task.wav,0.0,0.0,0.0,0.0,0.0,0.0,0.0,0.0,0.0,0.0,0.0637441128492355,0.1163292527198791,0.0558483824133873,0.0646674633026123,0.0704633891582489,0.0146150067448616,0.3299113512039184,0.0,-0.4123672246932983,0.0,0.0185991078615188,0.2426629513502121,29.14277648925781,0.0563838109374046,11.300931930541992,0.102235734462738,11.73932933807373,0.3351148962974548,5.860433578491211,0.6885830760002136,0.0,0.0,3.05508804321289,0.0,8.574543952941895,0.0,3.536962509155273,0.0,12.334070205688477,0.0,941.7081909179688,0.0,1150.2413330078125,0.0,-157.2310791015625,-0.1607188582420349,2093.55419921875,0.0,1399.973388671875,0.0,-160.53982543945312,-0.1455071568489074,2856.115966796875,0.0,1073.4169921875,0.0,-161.41567993164062,-0.1415848433971405,-22.086645126342773,0.0,35.28812026977539,0.0,0.0013585980050265,0.0,-0.0057642003521323,0.0,0.0358815155923366,0.0,31.40714836120605,0.0,11.520186424255373,0.0,7.335055828094482,0.0,5.649306774139404,0.0,-16.1904354095459,27.315832138061523,0.0187222324311733,-0.0110369604080915,0.0,12.5,0.0,0.0,0.0,0.0,0.0,-58.30525588989258
xxxxxxxx164,CW,7,yellow,10.9401,11.446,0.5059000000000005,1.0815,data/not_shared/wd_audio/WD_CI/xxxxxxxx164/xxxxxxxx164_stroop_CW.wav,data/not_shared/wd_audio/WD_CI/xxxxxxxx164/xxxxxxxx164_stroop_task.wav,19.74709129333496,0.0746005326509475,18.84220123291016,19.98756599426269,20.63349914550781,1.7912979125976562,33.76923370361328,7.366397857666016,75.51126098632812,30.355167388916016,0.1156995370984077,0.4901674091815948,0.0546666570007801,0.1028085127472877,0.1845128238201141,0.1298461705446243,1.2846251726150513,0.8200845122337341,0.4605291485786438,0.0,0.0625685453414917,0.6249732375144958,25.8559627532959,0.1060623526573181,7.544491291046143,0.3379677832126617,13.310004234313965,0.2000360190868377,6.056085586547852,0.6825608015060425,0.0617644451558589,0.0647271648049354,0.9378575086593628,0.6078726053237915,-3.0694425106048584,-0.776878833770752,6.805138111114502,0.477547824382782,26.668657302856445,0.1352511644363403,533.4398193359375,0.4493425786495209,1403.18603515625,0.086426667869091,-107.5039520263672,-0.8163902163505554,1523.076416015625,0.1890551596879959,1118.7696533203125,0.0574354343116283,-112.23786163330078,-0.7411177158355713,2603.644775390625,0.1280079931020736,875.61669921875,0.1357410848140716,-115.17010498046876,-0.6973944902420044,-17.614002227783203,-0.108459822833538,29.000019073486328,0.0711123645305633,-0.0363555625081062,-0.4259060621261596,-0.011617038398981,-0.3531454503536224,0.0943877696990966,0.3306289911270141,27.58638572692871,0.0569255463778972,8.240151405334473,0.3887311518192291,14.780152320861816,0.1676024347543716,3.4778623580932617,1.224069118499756,-17.69925308227539,29.788240432739254,-0.0413982719182968,-0.0082110948860645,0.0448700971901416,2.040816307067871,4.545454502105713,0.0999999940395355,0.0599999986588954,0.0999999940395355,0.0799999982118606,-51.07377624511719
xxxxxxxx164,CW,8,blue,11.7613,12.3998,0.6385000000000005,0.3153000000000006,data/not_shared/wd_audio/WD_CI/xxxxxxxx164/xxxxxxxx164_stroop_CW.wav,data/not_shared/wd_audio/WD_CI/xxxxxxxx164/xxxxxxxx164_stroop_task.wav,31.684593200683597,0.0175958145409822,31.331748962402344,31.552413940429688,32.00913619995117,0.6773872375488281,5.477656364440918,0.567949652671814,20.84659576416016,15.089543342590332,0.4733550548553467,0.1895396262407302,0.4351524412631988,0.4952979981899261,0.5437124371528625,0.1085599958896637,1.5158710479736328,0.5986229777336121,-0.6145747900009155,1.100411295890808,0.079759880900383,0.3370759189128876,42.47677612304688,0.0872189998626709,11.062325477600098,0.428017258644104,7.618286609649658,0.7148256301879883,-14.847732543945312,-0.3846882283687591,0.0072987987659871,1.1740268468856812,0.5435314178466797,1.3379007577896118,11.405494689941406,0.0491841249167919,-2.4569756984710693,-1.6468411684036257,26.907567977905277,0.2268487513065338,472.2415771484375,0.3265150189399719,1444.7735595703125,0.1643981486558914,-11.56409740447998,-0.2769795656204223,1332.397216796875,0.1450390815734863,1068.7333984375,0.214414894580841,-19.419246673583984,-0.3419187366962433,2656.953369140625,0.0402809716761112,984.899169921875,0.8495144248008728,-37.784481048583984,-0.1831722110509872,-16.86163902282715,-0.1302807182073593,34.69879531860352,0.1335301995277404,0.0374958887696266,0.4982902109622955,-0.0266541019082069,-0.2136528640985489,0.0826635211706161,0.3817988038063049,42.235164642333984,0.0898045599460601,10.33647632598877,0.4018590152263641,7.125802516937256,0.7635692954063416,-15.93267059326172,-0.2934061884880066,0.0,0.0,0.0,0.0,0.0,3.225806474685669,1.7857142686843872,0.550000011920929,0.0,0.0,0.0,-34.020694732666016
xxxxxxxx164,CW,9,green,12.5086,13.1721,0.6635000000000009,0.1087999999999986,data/not_shared/wd_audio/WD_CI/xxxxxxxx164/xxxxxxxx164_stroop_CW.wav,data/not_shared/wd_audio/WD_CI/xxxxxxxx164/xxxxxxxx164_stroop_task.wav,32.66328811645508,0.0370758026838302,31.49493980407715,32.8895149230957,33.45735549926758,1.9624156951904297,11.539222717285156,0.0,2.550503730773926,9.146336555480955,0.2910162806510925,0.3956153690814972,0.1823181509971618,0.2941958010196686,0.4032674431800842,0.2209492921829223,2.8616390228271484,1.0742329359054563,0.2842480838298797,0.834524393081665,0.0874532610177993,0.531913161277771,41.38717269897461,0.118399478495121,22.050737380981445,0.1804681867361068,17.098560333251953,0.5745761394500732,10.278876304626465,1.049366474151611,0.00875024497509,0.719102144241333,0.6271651387214661,0.8083146810531616,11.683493614196776,0.1121405363082885,7.01328182220459,1.7290351390838623,34.991920471191406,0.1362996250391006,521.6546020507812,0.2595072090625763,1437.6566162109375,0.161428228020668,-21.13793182373047,-0.3898007571697235,1576.0380859375,0.1703711748123169,928.9013671875,0.2117627710103988,-33.74723434448242,-0.1852119266986847,2788.78662109375,0.0927303880453109,910.6310424804688,0.2917555272579193,-47.90639114379883,-0.1259109377861023,-26.51741600036621,-0.1095224246382713,42.43777084350586,0.118303008377552,0.0471196770668029,0.8300749659538269,-0.0220988970249891,-0.4280990362167358,0.0908983200788497,0.5852808952331543,41.565460205078125,0.1227949634194374,22.54274559020996,0.1705199629068374,17.33649253845215,0.5919575095176697,10.036907196044922,1.1247650384902954,0.0,0.0,0.0,0.0,0.0,3.076923131942749,1.6949152946472168,0.5799999833106995,0.0,0.0,0.0,-33.95306396484375
xxxxxxxx166,C,1,red,1.4237,1.7341,0.3104,1.4237,data/not_shared/wd_audio/WD_CI/xxxxxxxx166/xxxxxxxx166_stroop_C.wav,data/not_shared/wd_audio/WD_CI/xxxxxxxx166/xxxxxxxx166_stroop_task.wav,27.008508682250977,0.0611909851431846,25.402320861816406,26.681697845458984,28.92465209960937,3.5223312377929688,28.13036346435547,0.0,43.50516128540039,0.0,0.711222767829895,0.2916623651981354,0.5670771598815918,0.7014671564102173,0.8821312785148621,0.3150541186332702,6.506636142730713,5.623071670532227,2.520140647888184,0.0,0.3586368858814239,0.3869444727897644,37.81229782104492,0.1217843294143676,16.93865203857422,0.2334915101528167,31.76787567138672,0.4172489941120147,-36.33295440673828,-0.4387044012546539,0.0200179778039455,0.6965300440788269,0.9189692139625548,0.4154186546802521,6.378957748413086,0.3853278458118438,-2.173819303512573,-2.348630428314209,23.75420188903809,0.0856823623180389,568.508544921875,0.2533173859119415,1273.6904296875,0.13601616024971,-8.500170707702637,-0.6698458194732666,1763.76220703125,0.2265512347221374,736.5761108398438,0.705208957195282,-21.764158248901367,-0.3399277031421661,2930.544921875,0.1124274581670761,583.3093872070312,0.6480984091758728,-27.136756896972656,-0.1272982060909271,-21.936710357666016,-0.1241145282983779,25.36263465881348,0.1566838026046753,0.0705151706933975,0.3761574327945709,-0.0568897128105163,-0.2360044568777084,0.4105867445468902,0.2685733437538147,38.19626998901367,0.1328160315752029,15.804191589355469,0.2094884663820266,29.499608993530277,0.470965176820755,-41.1239013671875,-0.3456758856773376,0.0,0.0,0.0,0.0,0.0,3.3333334922790527,4.1666669845581055,0.2299999892711639,0.0,0.0,0.0,-28.88552665710449
xxxxxxxx166,C,2,yellow,1.8209,2.0763,0.2553999999999998,0.0867999999999999,data/not_shared/wd_audio/WD_CI/xxxxxxxx166/xxxxxxxx166_stroop_C.wav,data/not_shared/wd_audio/WD_CI/xxxxxxxx166/xxxxxxxx166_stroop_task.wav,26.093276977539062,0.0140429055318236,25.724414825439453,26.06006622314453,26.383852005004883,0.6594371795654297,11.275516510009766,0.0,12.54908275604248,0.0,1.317604660987854,0.1708066761493683,1.1661745309829712,1.3016273975372314,1.5414056777954102,0.3752311468124389,6.040287971496582,3.150158643722534,4.251443386077881,0.0,0.4913422465324402,0.314555287361145,38.19764709472656,0.0410028956830501,0.9452840089797974,10.496129989624023,8.758626937866211,0.6838155388832092,-47.46460723876953,-0.2017984241247177,0.0066213659010827,0.4054209589958191,0.9426517486572266,0.6558693647384644,7.111209869384766,0.0578319951891899,6.537620067596436,1.2134075164794922,18.705427169799805,0.0942002832889556,596.0762329101562,0.3730028569698334,1183.6165771484375,0.1190010234713554,-0.485777735710144,-9.760430335998535,1662.539794921875,0.2952515184879303,700.8386840820312,0.2714091539382934,-7.587177276611328,-1.3704042434692385,2783.3037109375,0.1358008235692978,371.2405395507813,0.1032728850841522,-17.71171760559082,-0.1714407801628112,-17.35277557373047,-0.3258177042007446,23.03580665588379,0.1525280624628067,0.0730965435504913,0.2791577875614166,-0.0577783323824405,-0.1611369997262954,0.5760881900787354,0.1741158366203308,38.19612503051758,0.0443129055202007,3.344502210617065,3.107954502105713,6.301812171936035,0.7454165816307068,-52.068115234375,-0.0996158495545387,0.0,0.0,0.0,0.0,0.0,4.1666669845581055,5.555555820465088,0.1700000017881393,0.0,0.0,0.0,-24.80360412597656
xxxxxxxx166,C,3,blue,2.192,2.3666,0.1745999999999998,0.1157000000000003,data/not_shared/wd_audio/WD_CI/xxxxxxxx166/xxxxxxxx166_stroop_C.wav,data/not_shared/wd_audio/WD_CI/xxxxxxxx166/xxxxxxxx166_stroop_task.wav,25.50408172607422,0.0043811057694256,25.40299415588379,25.4736442565918,25.612140655517575,0.209146499633789,3.5175323486328125,0.0,5.431779384613037,0.0,1.552344560623169,0.1214531660079956,1.3919881582260132,1.5995306968688965,1.723149657249451,0.3311614990234375,4.478022575378418,0.0,-5.524368762969971,0.0,0.3174285292625427,0.1952037513256073,32.79777526855469,0.059687104076147,-21.28095245361328,-0.1739015877246856,9.126219749450684,0.4856723845005035,-2.8714559078216557,-1.2545675039291382,0.0035659200511872,0.3109636604785919,0.6358617544174194,0.1933143585920334,7.562848091125488,0.0502173006534576,8.6354341506958,0.0356507413089275,6.397042274475098,0.0823642686009407,399.6541442871094,0.0123553350567817,997.8051147460938,0.0323890261352062,-6.203176975250244,-0.2118690609931945,1328.3961181640625,0.0020238587167114,785.3397216796875,0.0537662729620933,2.1201648712158203,0.4617107212543487,2267.466552734375,0.0060964105650782,619.1639404296875,0.0823156386613845,-4.97542142868042,-0.1072188690304756,-5.519299030303955,-0.0787994861602783,11.942659378051758,0.0678357258439064,0.0559174641966819,0.1968221515417099,-0.0196711141616106,-0.1374257057905197,0.334668904542923,0.1546980887651443,31.796911239624023,0.0576794743537902,-21.097949981689453,-0.1826486885547638,6.336576461791992,0.2837283909320831,-5.2009453773498535,-0.2875880002975464,0.0,0.0,0.0,0.0,0.0,6.25,10.000000953674316,0.089999996125698,0.0,0.0,0.0,-26.55460929870605
xxxxxxxx166,C,4,green,2.5233,2.9254,0.4020999999999999,0.1566999999999998,data/not_shared/wd_audio/WD_CI/xxxxxxxx166/xxxxxxxx166_stroop_C.wav,data/not_shared/wd_audio/WD_CI/xxxxxxxx166/xxxxxxxx166_stroop_task.wav,23.77208137512207,0.169525071978569,23.650001525878903,24.041296005249023,26.838045120239254,3.188043594360352,187.4634246826172,0.0,33.814361572265625,29.114049911499023,0.4473987817764282,0.7290451526641846,0.1204582601785659,0.400667279958725,0.8771717548370361,0.7567135095596313,1.0959858894348145,1.1237391233444214,3.539877414703369,0.0,0.1970391273498535,0.5144912600517273,36.563724517822266,0.0922042205929756,1.6918368339538574,5.855446815490723,45.38360977172852,0.1780144572257995,20.790002822875977,0.2165834605693817,0.0731582716107368,1.3256099224090576,1.3271297216415403,0.7326167821884155,3.9434854984283447,0.8580385446548462,7.732792854309082,0.93905109167099,28.14435195922852,0.2463625818490982,443.5735168457031,0.4488610923290252,1106.002685546875,0.1294281184673309,-2.414309501647949,-3.331749200820923,1522.27734375,0.102387748658657,704.9901733398438,0.1000227332115173,-22.114303588867188,-0.2246073633432388,2421.7353515625,0.0829051285982132,867.96044921875,0.2573539316654205,-20.983905792236328,-0.2761877179145813,-18.585039138793945,-0.3499981462955475,24.30925750732422,0.3481514453887939,0.0429053083062171,0.7180492877960205,-0.0069743189960718,-0.4677624404430389,0.230441465973854,0.3574523031711578,36.14977264404297,0.0970018059015274,-0.6290153861045837,-14.277958869934082,47.9195556640625,0.1204843893647193,20.23505973815918,0.2314303964376449,0.0,0.0,0.0,0.0,0.0,2.5641026496887207,3.030303239822388,0.3199999928474426,0.0,0.0,0.0,-33.10634994506836
xxxxxxxx166,C,5,green,3.1808,3.5689,0.3881000000000001,0.2554000000000003,data/not_shared/wd_audio/WD_CI/xxxxxxxx166/xxxxxxxx166_stroop_C.wav,data/not_shared/wd_audio/WD_CI/xxxxxxxx166/xxxxxxxx166_stroop_task.wav,29.05951690673828,0.0337439514696598,28.38405036926269,29.21275520324707,29.533361434936523,1.149311065673828,11.738523483276367,0.0,7.35212230682373,15.918251037597656,0.5604391694068909,0.4629413485527038,0.2141740471124649,0.7275462746620178,0.7682325839996338,0.5540585517883301,3.153491735458374,0.0,-0.1829695850610733,0.0,0.1486380398273468,0.4325127005577087,36.25008392333984,0.0542303174734115,-1.2596120834350586,-5.441091537475586,40.19733810424805,0.145211786031723,16.44187355041504,0.376669704914093,0.0122912321239709,0.8738939762115479,0.5290578603744507,0.8581182956695557,8.951675415039062,0.1878040134906768,12.632047653198242,0.4211771488189697,25.285961151123047,0.1759558916091919,424.2392578125,0.3671826422214508,1212.04833984375,0.053249605000019,-5.08494758605957,-1.7007969617843628,1465.3787841796875,0.1126679182052612,786.6912231445312,0.0702077746391296,-24.6814079284668,-0.3104040920734405,2437.699951171875,0.0836062878370285,708.2975463867188,0.1500187665224075,-26.36993789672852,-0.1641301661729812,-18.495922088623047,-0.2012451291084289,25.20858383178711,0.0961693674325943,0.0537753701210022,0.4891577959060669,-0.0061140358448028,-1.1362494230270386,0.1429494768381118,0.4397112429141998,36.40153121948242,0.0537156164646148,-0.2733854353427887,-25.04194450378418,40.09901809692383,0.158759519457817,17.522485733032227,0.3525719046592712,0.0,0.0,0.0,0.0,0.0,2.702702760696411,3.225806474685669,0.2999999821186065,0.0,0.0,0.0,-31.291263580322266
xxxxxxxx166,C,6,blue,3.6547,4.0159,0.3612000000000002,0.0857999999999998,data/not_shared/wd_audio/WD_CI/xxxxxxxx166/xxxxxxxx166_stroop_C.wav,data/not_shared/wd_audio/WD_CI/xxxxxxxx166/xxxxxxxx166_stroop_task.wav,26.24358367919922,0.0224529020488262,25.67131805419922,26.045181274414062,26.80855941772461,1.1372413635253906,0.0588168427348136,0.0,0.0,0.0,1.1503679752349854,0.2175884693861007,0.9360562562942504,1.1814912557601929,1.417434811592102,0.4813785552978515,-0.7975046634674072,4.1836137771606445,4.01439380645752,0.0,0.3770465552806854,0.3002409338951111,41.758636474609375,0.1027941107749939,-11.575861930847168,-0.8297733664512634,6.518015384674072,1.049579381942749,-15.206216812133787,-0.6675398349761963,0.0052456241101026,0.4002407193183899,0.5571643710136414,0.4735578894615173,7.434138298034668,0.0729909092187881,9.867180824279783,0.6669662594795227,17.915111541748047,0.2769818305969238,387.54248046875,0.0508943125605583,1093.398681640625,0.1086950451135635,-4.71521520614624,-0.9423593282699584,1272.8079833984375,0.0449680276215076,832.5938720703125,0.1286076605319976,-1.3645641803741455,-2.2779741287231445,2244.7626953125,0.0211980938911438,587.6007690429688,0.0678249895572662,-13.321216583251951,-0.320169597864151,-9.298349380493164,-0.4239033162593841,20.124202728271484,0.2218538224697113,0.0663549825549125,0.1880033910274505,-0.017011072486639,-0.4769891202449798,0.3670538365840912,0.2354133874177932,40.90118408203125,0.1024097874760627,-14.61302089691162,-0.5081547498703003,5.945168495178223,1.1510581970214844,-12.168145179748535,-0.6839715242385864,0.0,0.0,0.0,0.0,0.0,2.857142925262451,3.4482760429382324,0.2800000011920929,0.0,0.0,0.0,-27.47908973693848
xxxxxxxx166,C,7,yellow,4.0887,4.41,0.3212999999999999,0.0727999999999999,data/not_shared/wd_audio/WD_CI/xxxxxxxx166/xxxxxxxx166_stroop_C.wav,data/not_shared/wd_audio/WD_CI/xxxxxxxx166/xxxxxxxx166_stroop_task.wav,26.610933303833008,0.0277684554457664,25.80923080444336,26.464807510375977,27.39594268798828,1.586711883544922,11.496819496154783,0.0,-3.658549070358277,0.0,0.9016335606575012,0.2127780467271804,0.7138288021087646,0.8979572653770447,1.0556387901306152,0.3418099880218506,3.545900821685791,4.608407020568848,2.93845534324646,0.0,0.3035552501678467,0.2827334105968475,43.46157836914063,0.0448988527059555,0.7049772143363953,9.97170639038086,17.6966609954834,0.352580726146698,-41.84642791748047,-0.1863380819559097,0.0062929685227572,0.4427517354488373,0.769480288028717,0.8455803394317627,7.71685791015625,0.0786356627941131,11.862326622009276,0.4909745156764984,23.502626419067383,0.1810199171304702,693.986083984375,0.3364159166812897,1148.495361328125,0.1428263783454895,-0.809563398361206,-6.763083934783936,1879.01708984375,0.2628054022789001,592.0427856445312,0.3871529400348663,-9.667681694030762,-0.945601999759674,3005.3466796875,0.1593803614377975,873.8433837890625,0.9358867406845092,-19.79633903503418,-0.2103114426136016,-18.478172302246094,-0.1357700824737548,22.125123977661133,0.1527712047100067,0.06101680919528,0.1815885454416275,-0.0585761703550815,-0.1047665849328041,0.3342993259429931,0.270384818315506,44.09841537475586,0.0316878445446491,-1.5618976354599,-3.4830329418182373,15.751835823059082,0.3384225368499756,-43.36793518066406,-0.1766998171806335,0.0,0.0,0.0,0.0,0.0,3.225806474685669,4.0,0.2399999946355819,0.0,0.0,0.0,-28.61648178100586
xxxxxxxx166,C,8,red,4.4619,4.7981,0.3361999999999998,0.0518999999999998,data/not_shared/wd_audio/WD_CI/xxxxxxxx166/xxxxxxxx166_stroop_C.wav,data/not_shared/wd_audio/WD_CI/xxxxxxxx166/xxxxxxxx166_stroop_task.wav,25.79429244995117,0.0359330512583255,25.184579849243164,25.28388214111328,26.512773513793945,1.3281936645507812,0.1136392429471015,0.0,0.0,0.0,0.6396782398223877,0.3679524660110473,0.4199933707714081,0.6919651031494141,0.8585304617881775,0.4385370910167694,1.6854418516159058,3.90524172782898,3.183322668075561,0.0,0.1932563483715057,0.2982653081417084,38.93987655639648,0.0928645431995391,5.423067092895508,1.1158082485198977,32.001094818115234,0.3368102312088012,-23.71133041381836,-0.6418711543083191,0.0064097591675817,1.1645128726959229,0.6826049089431763,0.6253347396850586,7.642575263977051,0.053239282220602,14.353056907653809,0.6075971722602844,22.375532150268555,0.1651040166616439,718.9142456054688,0.3220591247081756,1282.5865478515625,0.0988039672374725,-11.939992904663086,-0.5566109418869019,1852.493408203125,0.2177342027425766,587.0594482421875,0.3266974985599518,-14.776080131530762,-0.4851889312267303,2960.539794921875,0.1111594513058662,931.6334838867188,0.6411429643630981,-19.28265190124512,-0.2166250795125961,-17.862417221069336,-0.1941415965557098,20.68772315979004,0.1947445273399353,0.0462044030427932,0.4253920912742615,-0.0480943657457828,-0.4242347776889801,0.2149136066436767,0.201368823647499,38.52637481689453,0.0992297828197479,5.081384181976318,1.2236700057983398,31.524621963500977,0.3767391443252563,-27.63124084472656,-0.5121709704399109,0.0,0.0,0.0,0.0,0.0,3.125,3.846153974533081,0.25,0.0,0.0,0.0,-31.29533576965332
xxxxxxxx166,C,9,yellow,5.5055,5.8477,0.3422,0.7073999999999998,data/not_shared/wd_audio/WD_CI/xxxxxxxx166/xxxxxxxx166_stroop_C.wav,data/not_shared/wd_audio/WD_CI/xxxxxxxx166/xxxxxxxx166_stroop_task.wav,25.63607215881348,0.1264764815568924,25.12459373474121,26.910097122192383,27.665416717529297,2.540822982788086,95.3584213256836,58.97491836547852,26.624242782592773,0.0,1.1197603940963743,0.4182455837726593,0.5631110668182373,1.1553722620010376,1.6102384328842163,1.047127366065979,0.4235389232635498,5.030261039733887,5.232485294342041,0.0,0.5685068964958191,0.2671123445034027,43.42672348022461,0.0934425741434097,-1.65315043926239,-7.534547328948975,6.238715648651123,0.9584187865257264,-47.61671829223633,-0.2091823071241378,0.1129624471068382,2.2713639736175537,1.014374613761902,0.6100420951843262,3.917335748672485,1.277587890625,0.2981210350990295,12.87986183166504,19.47252655029297,0.3134994208812713,575.64111328125,0.3513290882110595,1271.0390625,0.136952131986618,5.520640850067139,0.9718644022941588,1611.6978759765625,0.2162780463695526,761.014892578125,0.1797310709953308,-3.687199115753174,-2.352627754211426,2838.114013671875,0.1167172566056251,402.3120422363281,0.1210121512413024,-17.417537689208984,-0.2890463173389435,-18.97167587280273,-0.4806273579597473,28.263938903808597,0.2358641326427459,0.0855285450816154,0.2038885354995727,-0.0579023584723472,-0.1462101340293884,0.6074283123016357,0.2060223966836929,43.24800491333008,0.1020806729793548,-0.6332411766052246,-21.365447998046875,5.530389785766602,1.0940409898757937,-51.135066986083984,-0.1377830952405929,0.0,0.0,0.0,0.0,0.0,3.030303239822388,3.7037038803100586,0.2599999904632568,0.0,0.0,0.0,-25.423046112060547
xxxxxxxx166,C,10,red,6.0353,6.3256,0.2902999999999993,0.1876000000000006,data/not_shared/wd_audio/WD_CI/xxxxxxxx166/xxxxxxxx166_stroop_C.wav,data/not_shared/wd_audio/WD_CI/xxxxxxxx166/xxxxxxxx166_stroop_task.wav,27.061813354492188,0.0227070171386003,26.462478637695312,26.899311065673828,27.71139144897461,1.2489128112792969,0.0818321928381919,0.0,0.0,0.0,0.8450558185577393,0.1958434283733368,0.6531503200531006,0.8655170202255249,0.984856367111206,0.3317060470581054,2.8885281085968018,2.172654390335083,3.3144407272338867,0.0,0.2463652640581131,0.2814260721206665,38.40618133544922,0.0471876747906208,6.687930107116699,0.5957189202308655,31.156030654907227,0.3060863316059112,-31.68325424194336,-0.5367003083229065,0.005644170101732,0.4440318644046783,0.6049261093139648,0.4414255917072296,8.27206802368164,0.052995715290308,5.409290790557861,1.0814498662948608,20.46973419189453,0.2020328938961029,737.2576293945312,0.1421889215707779,1142.5430908203125,0.1060470938682556,-8.457586288452148,-1.1699990034103394,2038.351318359375,0.109456643462181,415.944580078125,0.3024869263172149,-16.007923126220703,-0.1981841623783111,3116.84033203125,0.0800491720438003,622.10498046875,0.6915914416313171,-18.399906158447266,-0.1379027515649795,-18.09292984008789,-0.1213671714067459,19.52997589111328,0.1787083446979522,0.0708069652318954,0.1508311480283737,-0.0598292052745819,-0.1857325434684753,0.2833795547485351,0.1332164853811264,39.115421295166016,0.0340646915137767,8.304695129394531,0.3365437090396881,28.44245147705078,0.3169082701206207,-37.87845230102539,-0.3617697656154632,0.0,0.0,0.0,0.0,0.0,3.5714285373687744,4.545454502105713,0.209999993443489,0.0,0.0,0.0,-28.722679138183597
xxxxxxxx166,C,11,green,6.4044,6.5122,0.1078000000000001,0.0788000000000002,data/not_shared/wd_audio/WD_CI/xxxxxxxx166/xxxxxxxx166_stroop_C.wav,data/not_shared/wd_audio/WD_CI/xxxxxxxx166/xxxxxxxx166_stroop_task.wav,29.97594451904297,0.0013981850352138,29.945697784423828,29.98053741455078,30.007110595703125,0.0614128112792968,0.0,0.0,-0.0341180153191089,0.0,0.46366748213768,0.1377154290676117,0.4017316401004791,0.4461849927902221,0.5215495228767395,0.1198178827762603,2.848309278488159,0.0,3.275379180908203,0.0,0.1168006137013435,0.42598557472229,38.16299819946289,0.0166646428406238,-2.525782823562622,-0.441276878118515,40.23333740234375,0.0879288390278816,17.653366088867188,0.4075324535369873,0.0059286579489707,0.0316143259406089,0.8018297553062439,0.0992971509695053,10.755024909973145,0.0077621201053261,13.273755073547363,0.0981942415237426,19.29730224609375,0.0476259477436542,290.1434326171875,0.059026263654232,1331.7576904296875,0.0211000926792621,-6.32248592376709,-0.0052313432097435,1206.77734375,0.0084536904469132,805.8692626953125,0.006495987996459,-22.80568504333496,-0.0316772125661373,2309.0166015625,0.0036000940017402,409.142822265625,0.0006598700419999,-26.08222007751465,-0.0507484525442123,-16.301471710205078,-0.0730950236320495,21.64662170410156,0.0486804842948913,0.0738376155495643,0.3629742562770843,0.0028149506542831,0.8762352466583252,0.1204716563224792,0.0716591328382492,38.372859954833984,0.0230398476123809,-2.506445407867432,-0.367433488368988,36.24349594116211,0.0310536846518516,8.493886947631836,0.2721554934978485,0.0,0.0,0.0,0.0,0.0,0.0,33.333335876464844,0.0199999995529651,0.0,0.0,0.0,-32.53919982910156
xxxxxxxx166,C,12,blue,6.6858,7.065,0.3792,0.1736000000000004,data/not_shared/wd_audio/WD_CI/xxxxxxxx166/xxxxxxxx166_stroop_C.wav,data/not_shared/wd_audio/WD_CI/xxxxxxxx166/xxxxxxxx166_stroop_task.wav,26.67766761779785,0.0760454684495925,25.30225372314453,25.59488868713379,27.83994674682617,2.5376930236816406,0.2331929057836532,0.0,0.0,0.0,0.8433401584625244,0.5307576060295105,0.2412650138139724,1.0361016988754272,1.2674270868301392,1.026162028312683,6.835668563842773,0.8460018634796143,-1.422368407249451,2.9349069595336914,0.2445160001516342,0.5065230131149292,38.58390808105469,0.0744688883423805,-16.102014541625977,-0.5189695954322815,11.393488883972168,0.3933057188987732,-0.4481208920478821,-13.734596252441406,0.0172446593642234,2.1766202449798584,0.830402135848999,0.4389718472957611,5.579067707061768,0.3040032088756561,12.697701454162598,0.595836877822876,14.69503402709961,0.3645485639572143,440.1060180664063,0.21202452480793,1096.4715576171875,0.1803589910268783,-10.27158546447754,-0.4963872730731964,1357.4754638671875,0.0728801786899566,886.669189453125,0.204727753996849,-6.249727249145508,-1.5476940870285034,2278.031005859375,0.0364498756825923,682.3043212890625,0.20280122756958,-15.010587692260742,-0.6026280522346497,-8.010501861572266,-0.4883109033107757,17.349599838256836,0.3157833516597748,0.0360635630786418,0.4713031053543091,-0.0142466630786657,-0.3893729746341705,0.2969547212123871,0.3106891214847564,38.268985748291016,0.0812023282051086,-18.54759407043457,-0.4018926322460174,10.669550895690918,0.4296660423278808,-2.554993152618408,-1.8586266040802,0.0,0.0,0.0,0.0,0.0,5.555555820465088,3.4482760429382324,0.2800000011920929,0.0,0.0,0.0,-31.321304321289062
xxxxxxxx166,W,1,yellow,1.8059,2.1631,0.3571999999999999,1.8059,data/not_shared/wd_audio/WD_CI/xxxxxxxx166/xxxxxxxx166_stroop_W.wav,data/not_shared/wd_audio/WD_CI/xxxxxxxx166/xxxxxxxx166_stroop_task.wav,28.127918243408203,0.0656164363026619,26.19349670410156,28.010772705078125,29.861888885498047,3.668392181396485,26.363494873046875,0.0,36.98135757446289,0.0,1.1612476110458374,0.400110125541687,0.8133423328399658,1.15856671333313,1.6395809650421145,0.8262386322021484,6.26649808883667,4.057411193847656,5.91556453704834,0.0,0.7686365842819214,0.4363584816455841,38.26449203491211,0.0747643709182739,8.512664794921875,1.3732024431228638,8.955751419067383,0.5495859384536743,-47.28636932373047,-0.3156371116638183,0.0211901515722274,0.94878089427948,1.3175044059753418,1.0778942108154297,4.96250581741333,0.3946251273155212,-4.4991068840026855,-0.9012380242347716,17.959890365600586,0.2412258833646774,673.0665283203125,0.3421700298786163,1192.9736328125,0.1782983243465423,-1.073615312576294,-6.33012056350708,1888.9007568359373,0.2731973528861999,580.7570190429688,0.6337668895721436,-16.71907615661621,-0.6901191473007202,3038.540283203125,0.1291255801916122,583.058837890625,0.2707215547561645,-24.085613250732425,-0.2779054045677185,-21.738435745239254,-0.1950191557407379,27.75737953186035,0.1635138839483261,0.0660744830965995,0.3665615618228912,-0.0631311312317848,-0.1522813588380813,0.8725201487541199,0.3294311463832855,38.41240310668945,0.0809182748198509,8.89792537689209,1.4360090494155884,8.96779727935791,0.5985879898071289,-48.69011688232422,-0.329457938671112,0.0,0.0,0.0,0.0,0.0,2.941176414489746,3.5714285373687744,0.2699999809265136,0.0,0.0,0.0,-23.97707939147949
xxxxxxxx166,W,2,red,2.2289,2.5033,0.2744,0.0657999999999998,data/not_shared/wd_audio/WD_CI/xxxxxxxx166/xxxxxxxx166_stroop_W.wav,data/not_shared/wd_audio/WD_CI/xxxxxxxx166/xxxxxxxx166_stroop_task.wav,27.9836540222168,0.035194419324398,27.10202407836914,27.586105346679688,28.87438201904297,1.772357940673828,0.1507188826799392,0.0,0.0,0.0,0.7864575386047363,0.2108605951070785,0.673130989074707,0.7151045799255371,0.950812041759491,0.2776810526847839,4.380528450012207,3.6029863357543945,5.835492134094238,0.0,0.2892012596130371,0.2966320216655731,40.63201904296875,0.0439952425658702,14.57450008392334,0.3157682716846466,23.22245407104492,0.4334920346736908,-30.13063240051269,-0.4410681426525116,0.0064176451414823,0.569974422454834,0.8353363871574402,0.533918559551239,8.434247970581055,0.0478635802865028,-3.339144468307495,-0.3747705817222595,21.88218688964844,0.2232981771230697,654.9820556640625,0.2355391830205917,1247.2479248046875,0.1727791428565979,-10.02110481262207,-1.006295919418335,1903.3564453125,0.1971699446439743,627.2225341796875,0.4326064586639404,-21.29244804382324,-0.1513702422380447,2965.51318359375,0.086964838206768,955.9337158203124,0.5481521487236023,-25.114721298217773,-0.1553245186805725,-21.83390617370605,-0.1537735015153885,22.93609619140625,0.2129850387573242,0.0887152925133705,0.1371745020151138,-0.0640747398138046,-0.1380295157432556,0.3246501982212066,0.2160122543573379,40.39435577392578,0.0457882620394229,16.47065544128418,0.2089226096868515,19.932205200195312,0.4615851044654846,-33.62408447265625,-0.39277184009552,0.0,0.0,0.0,0.0,0.0,3.846153974533081,5.000000476837158,0.1899999976158142,0.0,0.0,0.0,-28.199617385864254
xxxxxxxx166,W,3,green,2.623,2.9254,0.3023999999999995,0.1197000000000003,data/not_shared/wd_audio/WD_CI/xxxxxxxx166/xxxxxxxx166_stroop_W.wav,data/not_shared/wd_audio/WD_CI/xxxxxxxx166/xxxxxxxx166_stroop_task.wav,31.173660278320312,0.0670177415013313,28.81815719604492,32.313873291015625,32.98121643066406,4.163059234619141,0.0,0.0,-0.2525962293148041,0.0,0.7432475090026855,0.2262537181377411,0.5621405243873596,0.8042734265327454,0.8824357986450195,0.3202952742576599,1.0584430694580078,1.7363179922103882,1.6512436866760254,0.0,0.3004666864871979,0.616631031036377,36.20517349243164,0.0588817857205867,-2.2951056957244877,-2.673142671585083,40.59498596191406,0.1005610078573226,10.774614334106444,0.292161077260971,0.0105523718520998,0.9308443665504456,0.5069479942321777,0.4129826128482818,9.726495742797852,0.2686104476451874,21.360048294067383,0.357719361782074,28.3472900390625,0.1064908504486084,608.0361938476562,0.56358802318573,1155.183837890625,0.1799793988466262,-8.233196258544922,-1.3132761716842651,1618.187744140625,0.1982987523078918,855.6058349609375,0.1866249144077301,-22.252046585083008,-0.1741907000541687,2637.814208984375,0.1305827498435974,726.1450805664062,0.2936424016952514,-28.09171485900879,-0.1866789907217025,-19.380512237548828,-0.1888570040464401,27.684499740600582,0.2027579396963119,0.0766791999340057,0.2046213448047638,0.0033645948860794,1.1379387378692627,0.3176808059215545,0.6319580674171448,36.54653930664063,0.0617284327745437,-0.4336460530757904,-12.721484184265137,39.9405632019043,0.1075821816921234,11.759288787841797,0.2325961738824844,0.0,0.0,0.0,0.0,0.0,3.4482760429382324,4.347826480865479,0.2199999988079071,0.0,0.0,0.0,-27.87059783935547
xxxxxxxx166,W,4,blue,3.1219,3.5459,0.4239999999999999,0.1965000000000003,data/not_shared/wd_audio/WD_CI/xxxxxxxx166/xxxxxxxx166_stroop_W.wav,data/not_shared/wd_audio/WD_CI/xxxxxxxx166/xxxxxxxx166_stroop_task.wav,27.188491821289062,0.0769064053893089,26.33630752563477,26.73113250732422,28.97167587280273,2.6353683471679688,11.789450645446776,0.0,-377.9758605957031,0.0,1.2914236783981323,0.393065482378006,0.7664222717285156,1.4823051691055298,1.8005800247192385,1.0341577529907229,12.418671607971191,2.049579620361328,3.5077128410339355,6.585611820220947,0.4651046097278595,0.3412089347839355,38.69902038574219,0.0910226181149482,-22.51714134216309,-0.4270989298820495,5.4423136711120605,1.0395132303237915,-10.859416007995604,-0.575095534324646,0.0232095848768949,2.080641269683838,0.8820028305053711,0.4619320631027221,5.322122573852539,0.4844036400318146,5.386780261993408,1.4336012601852417,11.146906852722168,0.5138623118400574,398.39111328125,0.0801651626825332,1063.55322265625,0.0442507751286029,-5.97757625579834,-0.6550319790840149,1304.3328857421875,0.0133281694725155,852.2634887695312,0.0441331155598163,0.8931039571762085,4.720792770385742,2256.189453125,0.0186770167201757,650.9920654296875,0.0705125108361244,-10.744555473327637,-0.6449010968208313,-5.529282569885254,-0.3890318572521209,15.88283634185791,0.2477596998214721,0.0592837743461132,0.1379566788673401,-0.0108601367101073,-0.4794032275676727,0.5148770809173584,0.2803515195846557,37.76791763305664,0.0776109620928764,-25.42037582397461,-0.276618629693985,6.597123622894287,0.796990692615509,-10.080886840820312,-0.6056054830551147,0.0,0.0,0.0,0.0,0.0,4.878048896789551,2.857142925262451,0.3400000035762787,0.0,0.0,0.0,-27.34626579284668
xxxxxxxx166,W,5,green,3.6906,4.2543,0.5636999999999999,0.1446999999999998,data/not_shared/wd_audio/WD_CI/xxxxxxxx166/xxxxxxxx166_stroop_W.wav,data/not_shared/wd_audio/WD_CI/xxxxxxxx166/xxxxxxxx166_stroop_task.wav,27.20500373840332,0.2152755707502365,19.183277130126957,29.82404136657715,31.827150344848636,12.64387321472168,192.71185302734372,0.0,40.96302032470703,39.515228271484375,0.5474991202354431,0.5045055747032166,0.2159505188465118,0.6813974976539612,0.817906379699707,0.6019558906555176,0.5568281412124634,1.1716291904449463,1.6618707180023191,0.0,0.2282940745353698,0.5725926756858826,39.51279067993164,0.1263934671878814,4.823309421539307,1.6917879581451416,25.364389419555664,0.5856326818466187,7.118629455566406,2.1189000606536865,0.0547356493771076,1.6665576696395874,0.94020277261734,0.5993086099624634,6.491309642791748,0.9069711565971376,13.899176597595217,1.0842667818069458,27.48308753967285,0.1488018333911895,344.37158203125,0.2244627922773361,1240.77978515625,0.0755504444241523,6.207787036895752,1.2093833684921265,1298.2322998046875,0.0876872539520263,813.669189453125,0.1440009623765945,-14.621027946472168,-0.6180005669593811,2320.4560546875,0.0436024256050586,700.35498046875,0.2915050089359283,-22.159069061279297,-0.3199353814125061,-19.52901268005371,-0.1933660358190536,28.531877517700195,0.1701483726501464,0.0694924816489219,0.1967320740222931,-0.0029223836027085,-5.191344261169434,0.2135874330997467,0.5743606686592102,38.21718215942383,0.0921108052134513,4.381237506866455,1.934447288513184,28.05429458618164,0.4760794341564178,9.500398635864258,1.4656187295913696,0.0,0.0,0.0,0.0,0.0,1.8181817531585691,2.040816307067871,0.4799999892711639,0.0,0.0,0.0,-28.998680114746094
xxxxxxxx166,W,6,yellow,4.3272,4.5437,0.2164999999999999,0.0729000000000006,data/not_shared/wd_audio/WD_CI/xxxxxxxx166/xxxxxxxx166_stroop_W.wav,data/not_shared/wd_audio/WD_CI/xxxxxxxx166/xxxxxxxx166_stroop_task.wav,25.961238861083984,0.0571393892168998,26.26514434814453,26.53357315063477,26.64375686645508,0.3786125183105469,89.76698303222656,0.0,-0.2926690280437469,0.0,1.2374448776245115,0.2104562371969223,0.9842901825904846,1.3595815896987915,1.465768337249756,0.4814781546592712,14.125584602355955,0.0,-3.965401411056519,0.0,0.5318265557289124,0.2300823777914047,44.18679428100586,0.048472985625267,-3.195173501968384,-2.9759116172790527,6.713923931121826,1.12248957157135,-47.75809860229492,-0.2323896884918213,0.0085412226617336,0.49620321393013,0.9976755380630492,0.8698717951774597,7.126855850219727,0.2587033212184906,-13.523466110229492,-2.808379411697388,3.312135934829712,10.700760841369627,511.210693359375,0.5747504234313965,1272.4349365234375,0.1649548560380935,3.981388568878174,0.97669917345047,1510.303466796875,0.3347024619579315,764.1597900390625,0.2853298187255859,-1.1040083169937134,-9.36005973815918,2685.450439453125,0.1651179045438766,413.7745666503906,0.0831066891551017,-16.452287673950195,-0.2442561239004135,-19.076377868652344,-0.3538061380386352,27.915266036987305,0.1604033857583999,0.0759262368083,0.0897513255476951,-0.0581736341118812,-0.1009405851364135,0.5935337543487549,0.1762193739414215,44.119022369384766,0.0546383075416088,-0.9480175375938416,-11.092291831970217,3.8980209827423096,1.4877475500106812,-52.34566116333008,-0.1856933534145355,0.0,0.0,0.0,0.0,0.0,5.000000476837158,7.142857074737549,0.1299999952316284,0.0,0.0,0.0,-24.587310791015625
xxxxxxxx166,W,7,blue,4.6325,4.9338,0.3012999999999994,0.0887999999999999,data/not_shared/wd_audio/WD_CI/xxxxxxxx166/xxxxxxxx166_stroop_W.wav,data/not_shared/wd_audio/WD_CI/xxxxxxxx166/xxxxxxxx166_stroop_task.wav,26.47443580627441,0.0417196676135063,26.377805709838867,26.5599365234375,26.97983932495117,0.6020336151123047,222.76611328125,0.0,6.51553201675415,0.0,1.312628149986267,0.1807268410921096,1.0458109378814695,1.379441738128662,1.526466727256775,0.4806557893753052,4.018985748291016,0.0,-6.299439907073975,0.0,0.3712724149227142,0.2993411719799042,37.83747100830078,0.0692853406071662,-17.611534118652344,-0.4951324462890625,11.750843048095703,0.4703503251075744,-18.127338409423828,-0.2901176512241363,0.0051352400332689,0.5104248523712158,0.4642444252967834,0.3347416222095489,6.819971561431885,0.217912271618843,10.392732620239258,0.8093847036361694,14.01496696472168,0.4642225503921509,386.1693420410156,0.1122946888208389,1101.515869140625,0.1168225705623626,-4.012979030609131,-2.181842565536499,1259.5750732421875,0.0432625524699687,854.5615234375,0.0676179379224777,0.3677564859390259,13.2223539352417,2249.0869140625,0.0141332019120454,547.2364501953125,0.1871296167373657,-8.93482780456543,-0.6065309047698975,-7.1529717445373535,-0.3007251322269439,15.358878135681152,0.1652341336011886,0.0579738169908523,0.1981694400310516,-0.0135149452835321,-0.2439168989658355,0.3604403734207153,0.2359146922826767,37.35357284545898,0.0690710246562957,-19.614032745361328,-0.4396944344043731,12.838262557983398,0.443269282579422,-16.154945373535156,-0.245004802942276,0.0,0.0,0.0,0.0,0.0,3.4482760429382324,4.347826480865479,0.2199999988079071,0.0,0.0,0.0,-27.656858444213867
xxxxxxxx166,W,8,red,5.0076,5.4785,0.4709000000000003,0.0738000000000003,data/not_shared/wd_audio/WD_CI/xxxxxxxx166/xxxxxxxx166_stroop_W.wav,data/not_shared/wd_audio/WD_CI/xxxxxxxx166/xxxxxxxx166_stroop_task.wav,24.51144218444824,0.1681155264377594,21.25938606262207,25.876537322998047,27.38362693786621,6.124240875244141,-15.76661205291748,17.160898208618164,273.22869873046875,0.0,0.6044333577156067,0.6402665376663208,0.2106786370277404,0.5835530161857605,1.019259333610535,0.8085806965827942,3.73503303527832,3.405925273895264,3.807770013809204,0.0,0.2293002754449844,0.4789938926696777,39.57120513916016,0.042206522077322,11.660870552062988,0.6103147268295288,27.78971290588379,0.3932308256626129,-21.156400680541992,-0.96551913022995,0.0164807867258787,2.7048568725585938,0.8959603309631348,0.5835362672805786,5.055032730102539,0.9619465470314026,4.7408647537231445,1.8943288326263428,23.918479919433597,0.1635744869709015,741.5851440429688,0.1998068690299987,1222.204833984375,0.164075419306755,-8.924256324768066,-1.2075769901275637,2002.5059814453125,0.1526465415954589,603.9569091796875,0.584010899066925,-17.735960006713867,-0.3678496778011322,2984.995361328125,0.1053276285529136,864.2615356445312,0.5155502557754517,-19.34089469909668,-0.1412314027547836,-21.21135139465332,-0.1628532856702804,24.903715133666992,0.161348357796669,0.0696266815066337,0.2846530675888061,-0.0462377294898033,-0.3582853674888611,0.2517416477203369,0.4660131931304931,39.3925666809082,0.0429754294455051,9.908544540405272,0.5889095664024353,28.560043334960938,0.4030343890190124,-24.56621551513672,-0.803992509841919,0.0,0.0,0.0,0.0,0.0,2.1739132404327397,2.500000238418579,0.3899999856948852,0.0,0.0,0.0,-28.98954200744629
xxxxxxxx166,W,9,blue,5.9385,6.4573,0.5187999999999997,0.4599999999999999,data/not_shared/wd_audio/WD_CI/xxxxxxxx166/xxxxxxxx166_stroop_W.wav,data/not_shared/wd_audio/WD_CI/xxxxxxxx166/xxxxxxxx166_stroop_task.wav,24.23301124572754,0.179050862789154,20.535484313964844,25.45685768127441,28.193979263305664,7.65849494934082,146.81504821777344,50.0014762878418,114.1604995727539,77.9513168334961,0.8115763664245605,0.8246225714683533,0.1597853153944015,0.4527909755706787,1.6281168460845947,1.4683315753936768,4.090766906738281,0.0,-7.855117321014404,0.0,0.3303624391555786,0.7707220315933228,38.0627326965332,0.0907472223043441,-5.130785465240479,-4.010018348693848,12.495001792907717,0.8535031080245972,-12.93575668334961,-0.4160325527191162,0.088586539030075,1.3227927684783936,2.134310722351074,0.71177077293396,1.7750812768936155,2.47903823852539,-5.721098899841309,-3.1811978816986084,14.112884521484377,1.4644088745117188,415.2005004882813,0.3771532773971557,1152.5863037109375,0.101591557264328,6.902919769287109,1.3856244087219238,1351.2191162109375,0.1658422797918319,835.0051879882812,0.136106476187706,-3.5138187408447266,-1.928809404373169,2407.965087890625,0.1206579059362411,598.1036376953125,0.2776388227939605,-12.580988883972168,-0.5140004754066467,-15.813633918762209,-0.5993128418922424,26.224760055541992,0.3993909060955047,0.0827583894133567,0.1805890053510666,-0.0134029826149344,-1.4232509136199951,0.3079245090484619,0.8227543830871582,38.16519165039063,0.0959816202521324,-1.6802655458450315,-11.580194473266602,11.99862003326416,0.9385734796524048,-12.923714637756348,-0.4273644983768463,0.0,0.0,0.0,0.0,0.0,2.0,2.2727272510528564,0.429999977350235,0.0,0.0,0.0,-29.56816864013672
xxxxxxxx166,W,10,green,6.609,6.8734,0.2644000000000002,0.1516999999999999,data/not_shared/wd_audio/WD_CI/xxxxxxxx166/xxxxxxxx166_stroop_W.wav,data/not_shared/wd_audio/WD_CI/xxxxxxxx166/xxxxxxxx166_stroop_task.wav,29.69352912902832,0.0539597384631633,28.19771194458008,29.611839294433597,31.4486026763916,3.2508907318115234,0.0,0.0,-0.2592312693595886,0.0,0.9389801025390624,0.1313567459583282,0.8524745106697083,0.908231556415558,1.0334941148757937,0.1810196042060852,3.841093063354492,1.4327759742736816,-3.1476714611053467,3.139362096786499,0.4330272078514099,0.3917347192764282,37.066837310791016,0.0814130753278732,0.6664183735847473,3.857088327407837,23.51023292541504,0.5470986366271973,-1.0633679628372192,-13.53752326965332,0.0095600048080086,0.3445169031620025,0.7232484817504883,0.5236708521842957,8.509613990783691,0.2907289564609527,11.636781692504885,1.154428005218506,32.08946990966797,0.1892060041427612,330.4989013671875,0.073151059448719,1171.179931640625,0.0674797818064689,6.666685581207275,0.4869211316108703,1362.17578125,0.0404200367629528,699.002197265625,0.1209000274538993,-15.051249504089355,-0.3420459032058716,2406.6943359375,0.0345184430480003,913.0980224609376,0.1874600052833557,-26.5820426940918,-0.1164208650588989,-17.295549392700195,-0.1722067147493362,29.281570434570312,0.0598113127052784,0.0932629406452179,0.1376599222421646,-0.0099095897749066,-0.722877562046051,0.3852221071720123,0.2416916787624359,36.26204299926758,0.0780335217714309,0.5563774704933167,3.839455127716065,27.720563888549805,0.3914691507816314,5.674588680267334,0.7543857097625732,0.0,0.0,0.0,0.0,0.0,8.0,5.000000476837158,0.1899999976158142,0.0,0.0,0.0,-26.00086212158203
xxxxxxxx166,W,11,red,6.9273,7.032,0.1047000000000002,0.0538999999999996,data/not_shared/wd_audio/WD_CI/xxxxxxxx166/xxxxxxxx166_stroop_W.wav,data/not_shared/wd_audio/WD_CI/xxxxxxxx166/xxxxxxxx166_stroop_task.wav,25.587724685668945,0.0096361311152577,25.40333366394043,25.509429931640625,25.756458282470703,0.3531246185302734,0.1961803436279297,0.0,0.0,0.0,0.6516473293304443,0.0983197912573814,0.5930407047271729,0.6601442694664001,0.7133837938308716,0.1203430891036987,0.0219495687633752,0.0,0.0,0.0,0.2818417251110077,0.3978999257087707,44.7836799621582,0.0687165707349777,16.17242431640625,0.2465792596340179,21.267295837402344,0.5864986777305603,-30.133583068847656,-0.1543880403041839,0.007557472679764,0.0586861036717891,0.451376348733902,0.1106806397438049,5.739345550537109,0.1092288717627525,-0.8864001035690308,-2.3549790382385254,27.044246673583984,0.0811470299959182,322.1650695800781,0.0348358787596225,1461.8524169921875,0.0541447475552558,-1.170822024345398,-0.9251591563224792,1047.0072021484375,0.0051348730921745,954.2769775390624,0.0466680005192756,-23.25164604187012,-0.0416593737900257,2342.8984375,0.0037156438920646,543.4278564453125,0.1301693022251129,-29.101470947265625,-0.1099193841218948,-26.95745658874512,-0.0097747668623924,32.041954040527344,0.0597923584282398,0.0742213726043701,0.0326883308589458,-0.0675642937421798,-0.0092202369123697,0.2184792160987854,0.006474778521806,48.19030380249024,0.0135172521695494,20.730039596557617,0.024399047717452,5.4330596923828125,0.6351218223571777,-32.36639404296875,-0.1039566099643707,0.0,0.0,0.0,0.0,0.0,0.0,33.333335876464844,0.0199999995529651,0.0,0.0,0.0,-30.408843994140625
xxxxxxxx166,W,12,yellow,7.1597,7.5389,0.3792,0.1276999999999999,data/not_shared/wd_audio/WD_CI/xxxxxxxx166/xxxxxxxx166_stroop_W.wav,data/not_shared/wd_audio/WD_CI/xxxxxxxx166/xxxxxxxx166_stroop_task.wav,26.86028289794922,0.0447632037103176,25.973466873168945,26.30771255493164,27.56307983398437,1.5896129608154297,22.9157829284668,0.0,3.920523405075073,0.0,0.8445090055465698,0.5844334363937378,0.2858805656433105,0.8564424514770508,1.4012714624404907,1.1153908967971802,11.904708862304688,0.0,-4.766353607177734,0.0,0.3689131736755371,0.8025582432746887,40.06401443481445,0.0526959896087646,-1.743485450744629,-4.2853617668151855,14.81918716430664,0.7563871145248413,-27.567676544189453,-0.5663810968399048,0.0078371968120336,0.8336825370788574,1.045668363571167,0.5856945514678955,6.8833327293396,0.1358703374862671,16.951810836791992,0.5463700890541077,21.396652221679688,0.1819488704204559,605.9754638671875,0.4065687954425812,1201.94287109375,0.1318943202495575,-11.363991737365724,-0.6568443775177002,1651.5244140625,0.3040781021118164,792.838134765625,0.2514421939849853,-11.716476440429688,-1.289386510848999,2639.385009765625,0.1511320024728775,915.145263671875,0.6325477957725525,-20.74630355834961,-0.400595098733902,-16.172664642333984,-0.2319600880146026,23.124683380126957,0.1670028269290924,0.0345763154327869,0.6426689624786377,-0.0447233170270919,-0.2771723568439483,0.4407412111759186,0.7053347229957581,39.867767333984375,0.0562521293759346,-3.719659566879273,-1.750020980834961,13.3910551071167,0.8681158423423767,-31.01478576660156,-0.4785716235637665,0.0,0.0,0.0,0.0,0.0,2.777777910232544,3.3333334922790527,0.2899999916553497,0.0,0.0,0.0,-27.824308395385746
xxxxxxxx166,CW,1,yellow,1.755,2.1381,0.3831000000000002,1.755,data/not_shared/wd_audio/WD_CI/xxxxxxxx166/xxxxxxxx166_stroop_CW.wav,data/not_shared/wd_audio/WD_CI/xxxxxxxx166/xxxxxxxx166_stroop_task.wav,28.18939971923828,0.0434921383857727,26.898656845092773,27.899070739746094,29.41912841796875,2.520471572875977,15.183774948120115,0.0,16.936492919921875,0.0,1.0771152973175049,0.3693326115608215,0.7517508268356323,1.0523784160614014,1.4851784706115725,0.7334276437759399,6.74332332611084,4.72109317779541,5.261225700378418,0.0,0.5071346163749695,0.4264555275440216,40.11230850219727,0.0846346020698547,0.9702771902084352,11.13818359375,13.122052192687988,0.39680016040802,-38.78632354736328,-0.3744350969791412,0.0093155335634946,0.6302085518836975,1.3229659795761108,0.7210100889205933,7.016672134399414,0.2171532958745956,0.3874346911907196,11.958610534667969,20.103633880615234,0.2369317710399627,701.1577758789062,0.3010521829128265,1221.989501953125,0.1659704893827438,-1.2075574398040771,-5.792927265167236,1914.8106689453125,0.2310328632593155,715.3390502929688,0.3697747588157654,-14.855109214782717,-0.7176564335823059,3025.664794921875,0.1306769996881485,858.2379150390625,0.542402982711792,-23.80809211730957,-0.2434788942337036,-18.887176513671875,-0.2748061716556549,25.385915756225582,0.2255374193191528,0.0621990822255611,0.3239673376083374,-0.0539318993687629,-0.1829427182674408,0.5804575085639954,0.2989370822906494,40.78404235839844,0.0806734263896942,-0.2737697958946228,-40.87301254272461,11.691686630249023,0.3795162141323089,-41.81905364990234,-0.3327939212322235,0.0,0.0,0.0,0.0,0.0,2.702702760696411,3.225806474685669,0.2999999821186065,0.0,0.0,0.0,-25.77326774597168
xxxxxxxx166,CW,2,red,2.2319,2.6909,0.4590000000000001,0.0937999999999998,data/not_shared/wd_audio/WD_CI/xxxxxxxx166/xxxxxxxx166_stroop_CW.wav,data/not_shared/wd_audio/WD_CI/xxxxxxxx166/xxxxxxxx166_stroop_task.wav,28.24551773071289,0.044340755790472,26.927818298339844,28.31904983520508,29.330625534057617,2.402807235717773,0.1025941744446754,0.0,0.0,0.0,0.7692968249320984,0.243911787867546,0.5936564207077026,0.7486190795898438,0.9926086664199828,0.3989522457122803,3.334913969039917,3.267676830291748,1.7622045278549194,0.0,0.2213956266641616,0.3674870431423187,41.67599868774414,0.069299042224884,11.049898147583008,0.3382265865802765,25.860706329345703,0.4185788333415985,-27.778757095336918,-0.4534512758255005,0.0053527983836829,0.4660349190235138,0.5533571243286133,0.6289066076278687,9.064589500427246,0.0696917101740837,-3.0561535358428955,-0.5616676211357117,22.14262580871582,0.3108968436717987,729.3418579101562,0.1989414095878601,1176.0709228515625,0.1649224460124969,-11.683429718017578,-0.936941623687744,2007.59716796875,0.1761931478977203,614.4737548828125,0.5782532691955566,-18.76634979248047,-0.2281376123428344,2923.10009765625,0.1197023764252662,924.1067504882812,0.631359338760376,-24.156885147094727,-0.2235586643218994,-20.488231658935547,-0.1746488958597183,21.40111351013184,0.2246174365282058,0.0945065915584564,0.114779956638813,-0.0569371581077575,-0.2797851860523224,0.2402526289224624,0.3423748612403869,42.21743774414063,0.0645648762583732,11.360280990600586,0.3313603103160858,24.069822311401367,0.4339066445827484,-29.09722900390625,-0.4464450478553772,0.0,0.0,0.0,0.0,0.0,2.2727272510528564,2.6315789222717285,0.3700000047683716,0.0,0.0,0.0,-28.485137939453125
xxxxxxxx166,CW,3,green,2.9004,3.2356,0.3351999999999999,0.2094999999999998,data/not_shared/wd_audio/WD_CI/xxxxxxxx166/xxxxxxxx166_stroop_CW.wav,data/not_shared/wd_audio/WD_CI/xxxxxxxx166/xxxxxxxx166_stroop_task.wav,30.775480270385746,0.0444177836179733,29.4670352935791,31.38880729675293,31.86370277404785,2.39666748046875,-19.93498039245605,0.0,11.087838172912598,0.0,0.6356805562973022,0.2491047531366348,0.4018411934375763,0.6928280591964722,0.7625088691711426,0.3606676757335663,2.349406242370605,0.3109562397003174,0.6778576374053955,0.0,0.2383830249309539,0.4129631519317627,35.70757293701172,0.0747957080602645,-0.46990767121315,-10.59365940093994,36.27408218383789,0.1353505849838256,16.113067626953125,0.3664499521255493,0.0068139573559165,0.6182980537414551,0.6291324496269226,0.4534642100334167,9.9026460647583,0.1339611858129501,24.86910820007324,0.3553652167320251,29.52654266357422,0.095975250005722,392.4987487792969,0.4715222120285034,1268.0772705078125,0.0906016677618026,-2.3314247131347656,-3.6994709968566895,1433.28759765625,0.1179943904280662,874.942626953125,0.1593707799911499,-21.810619354248047,-0.1379246264696121,2382.0361328125,0.0732883214950561,767.4309692382812,0.1169492825865745,-25.286056518554688,-0.1515910327434539,-19.44921875,-0.1143811866641044,28.06934356689453,0.1108038499951362,0.0709182992577552,0.2476318627595901,0.0049309404566884,1.2133517265319824,0.2440771013498306,0.4133424162864685,35.198238372802734,0.0760626643896102,1.1539547443389893,3.441762924194336,37.662330627441406,0.1148880198597908,14.765908241271973,0.3866713345050812,0.0,0.0,0.0,0.0,0.0,3.125,3.846153974533081,0.25,0.0,0.0,0.0,-29.231937408447266
xxxxxxxx166,CW,4,blue,3.4781,3.8363,0.3582000000000001,0.2425000000000001,data/not_shared/wd_audio/WD_CI/xxxxxxxx166/xxxxxxxx166_stroop_CW.wav,data/not_shared/wd_audio/WD_CI/xxxxxxxx166/xxxxxxxx166_stroop_task.wav,27.024168014526367,0.0348690412938594,26.06500244140625,26.933364868164062,28.09363174438477,2.028629302978516,0.0934985727071762,0.0,0.0,0.0,1.0829144716262815,0.3587805330753326,0.6948695182800293,1.2393159866333008,1.3865501880645752,0.6916806697845459,2.485900640487671,0.0,-8.078072547912598,0.0,0.3422814011573791,0.3756192028522491,40.376495361328125,0.0620751939713954,-20.404476165771484,-0.3555396795272827,16.89446449279785,0.163638949394226,-12.555624961853027,-0.5998063683509827,0.0082752201706171,0.3545664250850677,1.1118967533111572,0.5963683724403381,6.504970550537109,0.1784653961658477,14.280908584594728,0.2276360094547271,17.769515991210938,0.2398563474416732,397.1553039550781,0.0430120676755905,1061.247802734375,0.0469021052122116,-9.057958602905272,-0.3222704231739044,1295.214111328125,0.010427345521748,835.2528076171875,0.0609451420605182,-3.76556134223938,-1.0066993236541748,2223.0654296875,0.0126519529148936,649.6694946289062,0.0416834615170955,-13.834494590759276,-0.3246321082115173,-7.251479625701904,-0.2422757297754287,16.887714385986328,0.1788886189460754,0.0545376986265182,0.1690929234027862,-0.0129404840990901,-0.2969615161418915,0.3985187709331512,0.2273422926664352,39.44245910644531,0.0410026907920837,-23.031871795654297,-0.2077324986457824,17.144149780273438,0.160171702504158,-14.724956512451172,-0.4401968717575073,0.0,0.0,0.0,0.0,0.0,2.941176414489746,3.5714285373687744,0.2699999809265136,0.0,0.0,0.0,-29.352684020996094
xxxxxxxx166,CW,5,green,4.6883,5.0206,0.3323,0.8519999999999999,data/not_shared/wd_audio/WD_CI/xxxxxxxx166/xxxxxxxx166_stroop_CW.wav,data/not_shared/wd_audio/WD_CI/xxxxxxxx166/xxxxxxxx166_stroop_task.wav,31.76755714416504,0.0251246970146894,30.965261459350582,31.97504425048828,32.4815788269043,1.516317367553711,-12.154802322387695,0.0,6.813921451568604,0.0,0.600080668926239,0.3534078598022461,0.321896493434906,0.7270363569259644,0.7553035020828247,0.4334070086479187,2.0137641429901123,1.6234475374221802,1.3647104501724243,0.0,0.2156603932380676,0.4824787080287933,37.86370086669922,0.0671328976750373,2.7745158672332764,1.6324580907821655,30.97577667236328,0.1021720692515373,16.56707191467285,0.7340959310531616,0.0071313050575554,0.6999866962432861,0.7267742156982422,1.0113694667816162,11.399927139282228,0.0424718037247657,23.051589965820312,0.291409432888031,29.545167922973636,0.2399227321147918,316.6800842285156,0.095481626689434,1224.2855224609375,0.0845146253705024,6.018768310546875,1.3156391382217407,1342.6112060546875,0.0396481603384017,766.2807006835938,0.0651852115988731,-19.72416114807129,-0.1414822190999984,2321.234375,0.0416881628334522,713.4014892578125,0.1409801989793777,-25.90770530700684,-0.1312101036310196,-21.148569107055664,-0.1347845643758773,30.261474609375,0.0957527458667755,0.0714033022522926,0.2634491920471191,-0.0022175563499331,-4.292311668395996,0.2050331979990005,0.5043140053749084,37.95038604736328,0.0712832286953926,2.3732407093048096,2.061305284500122,31.329710006713867,0.1063249036669731,17.744192123413086,0.7408704161643982,0.0,0.0,0.0,0.0,0.0,3.125,3.846153974533081,0.25,0.0,0.0,0.0,-27.239452362060547
xxxxxxxx166,CW,6,blue,5.1802,5.74,0.5598000000000001,0.1596000000000002,data/not_shared/wd_audio/WD_CI/xxxxxxxx166/xxxxxxxx166_stroop_CW.wav,data/not_shared/wd_audio/WD_CI/xxxxxxxx166/xxxxxxxx166_stroop_task.wav,28.238845825195312,0.040323119610548,27.32179832458496,27.500476837158203,29.394752502441406,2.0729541778564453,0.0719573497772216,0.0,0.0,0.0,1.3272985219955444,0.3386314809322357,0.9708598852157592,1.3855311870574951,1.782854080200195,0.811994194984436,0.5611560344696045,3.787734031677246,3.3733434677124023,0.0,0.44562828540802,0.4603979289531708,38.567962646484375,0.0919636860489845,-18.225046157836918,-0.3969056308269501,12.451403617858888,0.8062846660614014,-8.553642272949219,-1.169913649559021,0.0110806273296475,0.912170708179474,0.8012462854385376,0.5297040939331055,7.099228858947754,0.2342369854450225,3.6362318992614746,2.167461395263672,13.798802375793455,0.1917143315076828,381.6513671875,0.0869583413004875,1066.429931640625,0.0390548594295978,-3.7846360206604,-1.2198832035064695,1294.1514892578125,0.015363841317594,788.7208251953125,0.1114073693752288,-2.7464499473571777,-2.2996633052825928,2256.688232421875,0.0161001477390527,586.1220092773438,0.1072133332490921,-12.657748222351074,-0.5047705173492432,-7.143992424011231,-0.4719276130199432,16.223899841308594,0.2200050503015518,0.0787449106574058,0.255902498960495,-0.0097092548385262,-0.4787856936454773,0.4898964464664459,0.3720741868019104,38.37179946899414,0.0950935706496238,-19.18399810791016,-0.3652818202972412,11.824807167053224,0.8786433339118958,-9.902965545654297,-0.8966399431228638,0.0,0.0,0.0,0.0,0.0,1.8518519401550293,2.0833334922790527,0.4699999988079071,0.0,0.0,0.0,-26.639657974243164
xxxxxxxx166,CW,7,yellow,6.3137,6.8943,0.5806000000000004,0.5736999999999997,data/not_shared/wd_audio/WD_CI/xxxxxxxx166/xxxxxxxx166_stroop_CW.wav,data/not_shared/wd_audio/WD_CI/xxxxxxxx166/xxxxxxxx166_stroop_task.wav,28.63204002380371,0.0331217683851718,27.750022888183597,28.543630599975582,29.681060791015625,1.9310379028320312,7.885693550109863,0.0,4.199225425720215,12.416321754455566,0.7602399587631226,0.4370052516460418,0.5945307612419128,0.7217865586280823,1.0157915353775024,0.4212607741355896,6.069488048553467,0.5875177383422852,-2.4460840225219727,3.923182964324951,0.289129376411438,0.6184768676757812,44.91456985473633,0.0762622952461242,4.042476177215576,3.9978318214416495,4.584806442260742,2.4069418907165527,-21.31884002685547,-0.5958693623542786,0.0078280251473188,0.6775985956192017,0.911955177783966,0.7459405660629272,8.488417625427246,0.1665171682834625,3.9585893154144287,1.988056778907776,23.77138900756836,0.3792834281921386,651.3779296875,0.3494859039783478,1302.1357421875,0.1532766371965408,-6.380673885345459,-1.0808027982711792,1684.780517578125,0.2587034404277801,1028.8282470703125,0.2491784840822219,-16.790863037109375,-0.789999783039093,2699.388916015625,0.1375087946653366,952.9832763671876,0.5914062857627869,-26.84877014160156,-0.3472762703895569,-19.80908203125,-0.4326654970645904,28.339954376220703,0.3092842996120453,0.0730493813753128,0.2979763448238373,-0.0451565124094486,-0.3049555718898773,0.2787455320358276,0.6467100381851196,45.29246139526367,0.0754063799977302,4.3944501876831055,3.878584384918213,3.728917598724365,3.043644905090332,-19.776086807250977,-0.6237055659294128,0.0,0.0,0.0,0.0,0.0,3.5087718963623047,1.9607843160629272,0.5,0.0,0.0,0.0,-28.82123374938965
xxxxxxxx166,CW,8,red,6.9552,7.2874,0.3322000000000003,0.0608999999999992,data/not_shared/wd_audio/WD_CI/xxxxxxxx166/xxxxxxxx166_stroop_CW.wav,data/not_shared/wd_audio/WD_CI/xxxxxxxx166/xxxxxxxx166_stroop_task.wav,28.04005622863769,0.0369641296565532,27.07716941833496,28.118389129638672,29.18597984313965,2.1088104248046875,12.22408390045166,0.0,-76.8690185546875,0.0,0.5716514587402344,0.4629203081130981,0.3264057040214538,0.5366235971450806,0.8538556098937988,0.527449905872345,1.8217408657073972,2.729588508605957,6.552363872528076,0.0,0.1943233758211136,0.432871550321579,42.01928329467773,0.0474126413464546,5.333359718322754,1.2512391805648804,26.6322021484375,0.2190723568201065,-15.622990608215332,-0.9839659929275512,0.0051260078325867,0.4359172880649566,0.6966136693954468,0.371531993150711,8.496207237243652,0.1124130338430404,10.297894477844238,0.4274989664554596,24.894948959350582,0.1147648692131042,827.0068359375,0.1252778768539428,1132.648681640625,0.0769336968660354,-12.898024559020996,-0.5516480803489685,2120.153076171875,0.0929774492979049,610.5516967773438,0.2259642779827118,-22.988582611083984,-0.2529761493206024,2969.601806640625,0.0999153554439544,1215.0179443359375,0.5256145596504211,-24.53097915649414,-0.130925714969635,-18.129451751708984,-0.1702906638383865,23.10364532470703,0.1094616204500198,0.0686259344220161,0.2190675139427185,-0.0427795276045799,-0.4015596210956573,0.2091509997844696,0.4265782833099365,42.17059326171875,0.0485976338386535,3.209760904312134,1.6249221563339231,26.80691719055176,0.2370250076055526,-19.387699127197266,-0.7495174407958984,0.0,0.0,0.0,0.0,0.0,3.125,3.846153974533081,0.25,0.0,0.0,0.0,-31.00686264038086
xxxxxxxx166,CW,9,red,7.8372,8.5206,0.6833999999999998,0.5498000000000003,data/not_shared/wd_audio/WD_CI/xxxxxxxx166/xxxxxxxx166_stroop_CW.wav,data/not_shared/wd_audio/WD_CI/xxxxxxxx166/xxxxxxxx166_stroop_task.wav,29.37202835083008,0.0392193645238876,27.88996315002441,29.580495834350582,30.52811050415039,2.638147354125977,14.609249114990234,3.519116878509521,12.62767505645752,5.211808204650879,0.5017991065979004,0.5307748913764954,0.2571102678775787,0.4679563343524933,0.6910020709037781,0.4338918030261993,3.7876999378204346,3.4757421016693115,2.348743200302124,0.0,0.1818611472845077,0.7336466312408447,42.82195281982422,0.0811174437403678,10.924901962280272,0.7072119116783142,22.647804260253903,0.4012914896011352,-15.314577102661133,-1.447978973388672,0.0079090120270848,0.6917164325714111,0.5905255079269409,0.8999415040016174,8.862190246582031,0.1904601603746414,-3.971323966979981,-0.979689598083496,20.03248786926269,0.2591069340705871,600.0829467773438,0.2594737410545349,1463.820556640625,0.1389424204826355,-14.959712028503418,-0.6557719707489014,1716.66845703125,0.2091821432113647,1200.076416015625,0.3903314173221588,-24.18327140808105,-0.4044090509414673,2561.645751953125,0.0768506079912185,812.627685546875,0.4901232421398163,-25.255922317504883,-0.2262730300426483,-22.014440536499023,-0.208919420838356,24.65241813659668,0.2286122441291809,0.0837026983499527,0.2461224794387817,-0.0431014113128185,-0.4112156927585602,0.2041390985250473,0.6848682165145874,43.30452346801758,0.0779218524694442,9.889968872070312,0.7627029418945312,23.314027786254883,0.4034174382686615,-18.95253562927246,-1.1150447130203247,0.0,0.0,0.0,0.0,0.0,1.4925373792648315,1.6949152946472168,0.5799999833106995,0.0,0.0,0.0,-31.602752685546875
xxxxxxxx166,CW,10,red,9.2051,9.691,0.4859000000000009,0.6844999999999999,data/not_shared/wd_audio/WD_CI/xxxxxxxx166/xxxxxxxx166_stroop_CW.wav,data/not_shared/wd_audio/WD_CI/xxxxxxxx166/xxxxxxxx166_stroop_task.wav,29.850948333740234,0.0501080192625522,27.95150756835937,30.093542098999023,31.389562606811523,3.4380550384521484,10.453296661376951,0.0,-8.786964416503906,0.0,0.6127446889877319,0.1797176152467727,0.5530956387519836,0.5923047661781311,0.6472504138946533,0.0941547751426696,4.648858070373535,3.904512405395508,-0.0883266925811767,1.3195892572402954,0.1946897804737091,0.3521047532558441,43.474979400634766,0.0694388076663017,4.151451587677002,1.397529363632202,12.941690444946287,0.957779824733734,-21.65913391113281,-0.7175926566123962,0.0069441371597349,0.5613304972648621,0.792888343334198,1.233946442604065,9.23360824584961,0.1259623765945434,-2.951526403427124,-1.125946044921875,19.480737686157227,0.1755765676498413,563.8240966796875,0.3148972988128662,1457.814697265625,0.1407941728830337,-8.349485397338867,-0.7228503823280334,1522.0443115234375,0.2337584346532821,1100.7393798828125,0.246179461479187,-20.890899658203125,-0.276928186416626,2535.978271484375,0.0774083361029625,728.1613159179688,0.4979565739631653,-25.544313430786133,-0.1099941805005073,-20.218097686767575,-0.2427905052900314,24.9826602935791,0.2269244045019149,0.0791864618659019,0.1803697198629379,-0.0466963127255439,-0.3574272692203522,0.2094071805477142,0.3564537763595581,43.40943908691406,0.0736952275037765,5.077462673187256,1.1021735668182373,15.251651763916016,0.7549762725830078,-21.350357055664062,-0.7777988910675049,0.0,0.0,0.0,0.0,0.0,4.255319118499756,2.4390244483947754,0.3999999761581421,0.0,0.0,0.0,-32.23888397216797
xxxxxxxx166,CW,11,blue,9.8117,10.3754,0.5637000000000008,0.1206999999999993,data/not_shared/wd_audio/WD_CI/xxxxxxxx166/xxxxxxxx166_stroop_CW.wav,data/not_shared/wd_audio/WD_CI/xxxxxxxx166/xxxxxxxx166_stroop_task.wav,29.727462768554688,0.0307615902274847,28.945653915405277,29.272205352783203,30.6529541015625,1.7073001861572266,4.354300022125244,0.0,40.14091873168945,0.0,1.09829580783844,0.3903420567512512,0.6036762595176697,1.2235015630722046,1.5020495653152466,0.8983733057975769,1.3945176601409912,3.9979846477508554,2.154427289962769,0.0,0.3046320080757141,0.379154235124588,43.00184631347656,0.0469811893999576,-19.77471351623535,-0.5205036401748657,-3.557788133621216,-1.8615617752075195,-12.881183624267578,-0.5723552107810974,0.005042316392064,0.6057721376419067,0.5587078332901001,0.5429275035858154,8.325166702270508,0.2934826612472534,-2.776646852493286,-1.6178772449493408,9.963634490966797,0.3365664780139923,413.2620239257813,0.0442581214010715,1058.3232421875,0.0651834085583686,-4.421917915344238,-0.6991198658943176,1295.9854736328125,0.0254843607544899,890.919189453125,0.0397491082549095,-0.2694250345230102,-19.032102584838867,2207.7978515625,0.0305600464344024,691.0806274414062,0.1615079343318939,-16.265674591064453,-0.3094342648983001,-5.545263767242432,-0.4853124916553497,21.05610656738281,0.1286407113075256,0.0721153542399406,0.209579050540924,-0.004874225705862,-1.5505223274230957,0.3313096463680267,0.3072154223918915,42.65203094482422,0.0402519032359123,-22.52552795410156,-0.3422419726848602,-5.135958194732666,-1.0455646514892578,-14.211661338806152,-0.484725147485733,0.0,0.0,0.0,0.0,0.0,1.8181817531585691,2.0833334922790527,0.4699999988079071,0.0,0.0,0.0,-28.07490539550781
xxxxxxxx166,CW,12,green,10.6119,11.86,1.248099999999999,0.2364999999999995,data/not_shared/wd_audio/WD_CI/xxxxxxxx166/xxxxxxxx166_stroop_CW.wav,data/not_shared/wd_audio/WD_CI/xxxxxxxx166/xxxxxxxx166_stroop_task.wav,27.48312187194824,0.1284077316522598,26.756271362304688,27.55946350097656,30.334421157836918,3.5781497955322266,277.68377685546875,85.37673950195312,36.19084167480469,31.386245727539062,0.486557275056839,0.6156409978866577,0.1937156021595001,0.5109670162200928,0.6748826503753662,0.4811670482158661,3.677877187728882,0.8567583560943604,-4.151917457580566,3.605853080749512,0.1810185611248016,0.8725338578224182,39.1940803527832,0.1460892260074615,4.4380292892456055,1.81313157081604,20.890457153320312,0.7031404376029968,6.888687133789063,3.2306199073791504,0.0188315641134977,2.6289873123168945,1.007475733757019,1.246780276298523,7.84382438659668,0.5323251485824585,11.62378978729248,2.1652591228485107,28.27573585510254,0.7830272316932678,403.6691589355469,0.3893819451332092,1255.4471435546875,0.1557905972003936,-28.89264678955078,-2.3938148021698,1403.681884765625,0.1468266099691391,791.4967651367188,0.173184797167778,-41.713134765625,-1.5168713331222534,2444.68408203125,0.1051643416285514,710.6537475585938,0.2003708481788635,-50.382957458496094,-1.178927302360535,-20.30933380126953,-0.2438046634197235,30.322237014770508,0.1517908275127411,0.0632220432162284,0.3830037117004394,-0.0163918249309062,-1.3778072595596311,0.1912058740854263,0.7938147187232971,39.61771011352539,0.1370794475078582,4.5525736808776855,1.7868056297302246,23.55941200256348,0.6263927221298218,6.9751386642456055,3.286028385162353,-17.944704055786133,28.74016761779785,0.0186511799693107,-0.0033851263578981,0.035364344716072,1.6260162591934204,1.7094017267227173,0.4949999749660492,0.2349999994039535,0.1499999910593032,0.0,-31.092382431030277
xxxxxxxx167,C,1,red,1.0406,1.6313,0.5907,1.0406,data/not_shared/wd_audio/WD_CI/xxxxxxxx167/xxxxxxxx167_stroop_C.wav,data/not_shared/wd_audio/WD_CI/xxxxxxxx167/xxxxxxxx167_stroop_task.wav,37.33839797973633,0.0965184718370437,33.17875289916992,37.773475646972656,41.2922248840332,8.113471984863281,21.090932846069336,0.0,-15.54167652130127,0.0,0.4565275013446808,0.4150688350200653,0.2844907641410827,0.4893823266029358,0.6187524795532227,0.3342617154121399,0.628284215927124,1.7578779458999634,1.5989950895309448,0.0,0.2775589823722839,0.4451413154602051,38.9815559387207,0.0763592645525932,10.181288719177246,0.6884063482284546,10.562755584716797,0.940461039543152,-13.04701328277588,-0.6494188904762268,0.0200746953487396,0.6083128452301025,1.131151556968689,0.6554549932479858,10.604609489440918,0.1594930738210678,10.564024925231934,0.4798121154308319,32.33921432495117,0.2452960163354873,464.0592651367188,0.367644339799881,1357.616455078125,0.1229815632104873,-7.949648380279541,-1.4779664278030396,1422.4932861328125,0.1743090450763702,1155.1258544921875,0.215577095746994,-31.508201599121094,-0.171736404299736,2539.5029296875,0.085255391895771,817.7015380859375,0.2713509798049927,-42.56424331665039,-0.1150122955441474,-24.977924346923828,-0.1633898913860321,37.810523986816406,0.1509610563516616,0.078478142619133,0.2965416014194488,-0.0251488965004682,-0.3049851059913635,0.3082476854324341,0.3163696527481079,39.257301330566406,0.0772559344768524,10.309610366821287,0.7160316705703735,10.30667781829834,1.014407515525818,-14.5109224319458,-0.5304511189460754,0.0,0.0,0.0,0.0,0.0,1.7241380214691162,1.9230769872665403,0.5099999904632568,0.0,0.0,0.0,-31.19307327270508
xxxxxxxx167,C,2,yellow,2.2449,2.8585,0.6135999999999999,0.6135999999999999,data/not_shared/wd_audio/WD_CI/xxxxxxxx167/xxxxxxxx167_stroop_C.wav,data/not_shared/wd_audio/WD_CI/xxxxxxxx167/xxxxxxxx167_stroop_task.wav,35.64349365234375,0.0970831140875816,31.62406539916992,37.592716217041016,38.72930908203125,7.105243682861328,31.97232437133789,0.0,-0.7478441596031189,0.0,0.6315860152244568,0.6967885494232178,0.1847462654113769,0.4987768530845642,1.1920429468154907,1.0072966814041138,6.733645439147949,0.0,-2.847689390182495,0.0,0.2792018949985504,0.7532892823219299,38.31696319580078,0.105619691312313,-0.2470016777515411,-52.08567428588867,-3.371547222137451,-2.86080265045166,-13.712591171264648,-1.2405893802642822,0.0146209327504038,0.4399712681770324,0.9823004007339478,0.6022560596466064,8.724663734436035,0.3991086781024933,7.346133708953857,0.954573094844818,27.039039611816406,0.1963111013174057,609.0318603515625,0.4393542110919952,1537.174072265625,0.1839024275541305,-10.688955307006836,-1.4612482786178589,1500.240234375,0.2039937525987625,1244.999267578125,0.2216099947690963,-18.09507942199707,-0.9746962189674376,2710.827392578125,0.1476664990186691,1237.06640625,0.5399699807167053,-35.111412048339844,-0.4118753671646118,-14.119338035583496,-0.6954240798950195,33.641170501708984,0.2999320328235626,0.0863355100154876,0.2961227297782898,-0.0081918565556406,-1.7873151302337646,0.3124441802501678,0.6547489762306213,38.4315299987793,0.1100086122751236,-1.63715660572052,-7.825711727142334,-5.451702117919922,-1.4146982431411743,-16.068140029907227,-1.0132116079330444,0.0,0.0,0.0,0.0,0.0,1.6666667461395264,1.8518519401550293,0.5299999713897705,0.0,0.0,0.0,-31.91596984863281
xxxxxxxx167,C,3,blue,3.9939,4.419,0.4250999999999996,1.1354000000000002,data/not_shared/wd_audio/WD_CI/xxxxxxxx167/xxxxxxxx167_stroop_C.wav,data/not_shared/wd_audio/WD_CI/xxxxxxxx167/xxxxxxxx167_stroop_task.wav,32.13506317138672,0.0476796515285968,30.69723892211914,31.876100540161133,33.26768112182617,2.5704421997070312,27.312294006347656,4.63084888458252,10.507075309753418,0.8475942611694336,0.6045569777488708,0.3989122807979584,0.37461718916893,0.5352477431297302,0.8737639784812927,0.4991467893123626,4.629416465759277,4.198564052581787,3.1538164615631104,0.0,0.2259088903665542,0.3006670773029327,39.38815689086914,0.1601641476154327,-1.5511751174926758,-8.020193099975586,-1.978079080581665,-4.071860313415527,-2.9117722511291504,-1.720539927482605,0.0123410522937774,0.7791993618011475,0.8627716302871704,0.6255607008934021,8.019380569458008,0.3650976717472076,16.932456970214844,0.5350902676582336,30.226152420043945,0.5076717734336853,540.5916137695312,0.4139354526996612,1493.008544921875,0.1168470382690429,-1.3116986751556396,-3.9461514949798575,1428.0194091796875,0.139530673623085,1234.0057373046875,0.2725535929203033,-12.386351585388184,-0.9299330115318298,2537.018798828125,0.1605627834796905,951.4135131835938,0.3256777822971344,-26.285839080810547,-0.59065842628479,-11.943552017211914,-0.7554658055305481,31.82327461242676,0.3014686405658722,0.0835529789328575,0.3631387054920196,-0.0021605938673019,-5.683885097503662,0.2379399389028549,0.273643434047699,38.25269317626953,0.1596509963274002,-3.8840816020965576,-3.068282127380371,-4.043198108673096,-1.6525561809539795,-3.014357328414917,-1.7479270696640017,0.0,0.0,0.0,0.0,0.0,2.4390244483947754,2.857142925262451,0.3400000035762787,0.0,0.0,0.0,-33.504478454589844
xxxxxxxx167,C,4,green,4.5028,4.9078,0.4050000000000002,0.0838000000000001,data/not_shared/wd_audio/WD_CI/xxxxxxxx167/xxxxxxxx167_stroop_C.wav,data/not_shared/wd_audio/WD_CI/xxxxxxxx167/xxxxxxxx167_stroop_task.wav,37.3346061706543,0.1265217512845993,32.50677490234375,39.30942535400391,41.5957260131836,9.088951110839844,0.0,0.0,-0.5198749899864197,0.0,0.4777565598487854,0.264963686466217,0.3398978114128113,0.5297966003417969,0.5885457992553711,0.2486479878425598,1.9692847728729248,0.3972320556640625,-0.5220100283622742,1.5068186521530151,0.2292729914188385,0.5456425547599792,29.05548667907715,0.2148488610982895,0.2933507561683655,24.1917724609375,29.39710807800293,0.2620273232460022,-6.971166610717773,-0.8598035573959351,0.0557650476694107,1.2697926759719849,0.465019553899765,0.4540600776672363,10.028636932373049,0.4818326830863952,16.233379364013672,0.1919514387845993,20.310693740844727,0.4821189939975738,415.6285095214844,0.4704053997993469,1189.2403564453125,0.1238569617271423,-0.6766342520713806,-21.28626823425293,1600.511962890625,0.1240412667393684,622.1561889648438,0.2283088415861129,-28.53743553161621,-0.0890964269638061,2693.918701171875,0.0928279012441635,739.4358520507812,0.400045782327652,-27.71483612060547,-0.1311680227518081,-18.76224899291992,-0.2319703102111816,26.41339111328125,0.1462476551532745,0.0885259881615638,0.248570442199707,-0.0254389438778162,-0.2412258088588714,0.240058347582817,0.5594828128814697,27.35921287536621,0.2041194885969162,-2.107358455657959,-2.5577986240386963,28.183883666992188,0.2804196178913116,-7.490530490875244,-0.8569360375404358,0.0,0.0,0.0,0.0,0.0,5.128205299377441,3.125,0.3100000023841858,0.0,0.0,0.0,-33.56404495239258
xxxxxxxx167,C,5,green,5.0964,5.4746,0.3781999999999996,0.1886000000000001,data/not_shared/wd_audio/WD_CI/xxxxxxxx167/xxxxxxxx167_stroop_C.wav,data/not_shared/wd_audio/WD_CI/xxxxxxxx167/xxxxxxxx167_stroop_task.wav,40.569095611572266,0.0549852736294269,38.69894790649414,41.65651321411133,42.26496887207031,3.566020965576172,11.719894409179688,0.0,-36.01993560791016,0.0,0.7257285714149475,0.1627734750509262,0.7048379778862,0.724274754524231,0.7617769241333008,0.0569389462471008,2.058683395385742,0.0,-9.69250774383545,0.0,0.3026752471923828,0.750284731388092,21.79784393310547,0.173721432685852,-9.78211784362793,-0.5328826904296875,23.439884185791016,0.3723927736282348,-11.836954116821287,-0.6157199144363403,0.0084206284955143,0.9925407767295836,0.4324598610401153,0.5520392060279846,13.045628547668455,0.2743376493453979,15.948192596435549,0.177094966173172,13.06248378753662,0.6176024079322815,675.9957885742188,0.7135293483734131,1059.027099609375,0.2957585453987121,-18.05034446716309,-0.7058705687522888,1807.9566650390625,0.2423843592405319,785.3760375976562,0.4411793351173401,-24.7719783782959,-0.1002185642719268,2887.744384765625,0.1283673048019409,1256.8751220703125,0.6809263825416565,-26.08048820495605,-0.1325658708810806,-13.738852500915527,-0.1842902600765228,22.53923225402832,0.0729421228170394,0.0896434113383293,0.2366514503955841,-0.0194258838891983,-0.4659819006919861,0.2199106812477111,0.4787153005599975,21.222042083740234,0.1790158599615097,-11.3583984375,-0.3695263266563415,20.146316528320312,0.2392264306545257,-10.860200881958008,-0.694851815700531,0.0,0.0,0.0,0.0,0.0,2.777777910232544,3.3333334922790527,0.2899999916553497,0.0,0.0,0.0,-30.3651180267334
xxxxxxxx167,C,6,blue,5.5155,6.0483,0.5327999999999999,0.0409000000000006,data/not_shared/wd_audio/WD_CI/xxxxxxxx167/xxxxxxxx167_stroop_C.wav,data/not_shared/wd_audio/WD_CI/xxxxxxxx167/xxxxxxxx167_stroop_task.wav,33.668312072753906,0.1346592158079147,28.84368324279785,32.87904357910156,39.18291091918945,10.339227676391602,40.25960540771485,0.0,-0.3242969512939453,10.918292999267578,0.6098693609237671,0.4984620213508606,0.358409434556961,0.508803129196167,0.9755980968475342,0.6171886920928955,2.7455105781555176,3.074955940246582,2.781975269317627,0.0,0.2781837880611419,0.6426094174385071,36.86725234985352,0.1651183813810348,-4.605029106140137,-3.0599024295806885,0.1354463696479797,81.79533386230469,-11.432491302490234,-0.9428526163101196,0.0218748860061168,1.5864646434783936,0.9882920980453492,0.3750727474689483,6.634789943695068,0.5716735124588013,3.505767583847046,2.057199239730835,23.932880401611328,0.4632299542427063,623.1155395507812,0.3976103961467743,1386.4896240234375,0.1985138058662414,-6.004154205322266,-1.899705410003662,1598.571044921875,0.2021000385284423,1182.544921875,0.2154327630996704,-16.299264907836914,-0.9824764728546144,2642.171875,0.1551965773105621,1192.4007568359375,0.2446227222681045,-27.28114318847656,-0.5828202366828918,-11.84461498260498,-0.7125416994094849,29.557527542114254,0.246502086520195,0.0916681587696075,0.1290089190006256,-0.0098777329549193,-1.7608903646469116,0.3114557266235351,0.5471187829971313,37.17486572265625,0.1713377982378006,-6.896210670471191,-1.9388283491134644,-0.5648760199546814,-20.500720977783203,-12.663430213928224,-0.8351569175720215,0.0,0.0,0.0,0.0,0.0,1.9230769872665403,2.1739132404327397,0.449999988079071,0.0,0.0,0.0,-33.951541900634766
xxxxxxxx167,C,7,red,6.1959,6.8754,0.6795,0.1475999999999997,data/not_shared/wd_audio/WD_CI/xxxxxxxx167/xxxxxxxx167_stroop_C.wav,data/not_shared/wd_audio/WD_CI/xxxxxxxx167/xxxxxxxx167_stroop_task.wav,36.54721832275391,0.1499705463647842,31.914230346679688,38.96173477172852,40.70041275024414,8.786182403564453,31.41990852355957,0.0,-119.41775512695312,0.0,0.3544453382492065,0.4271069169044494,0.1612832844257354,0.3641506433486938,0.5210959315299988,0.3598126471042633,2.9506468772888184,0.1076056286692619,0.8778153657913208,0.0,0.1684075742959976,0.5764211416244507,34.982181549072266,0.1771876662969589,7.939205169677734,0.8991715312004089,5.522850513458252,1.5137958526611328,-15.568924903869627,-0.6221165060997009,0.0242212917655706,0.4675538837909698,1.1322616338729858,0.4927906095981598,9.090718269348145,0.4420237839221954,2.6510977745056152,9.202035903930664,25.233701705932617,1.0386364459991455,616.9420166015625,0.5208465456962585,1228.434326171875,0.1528169959783554,-24.29211807250977,-1.8271011114120483,1612.9974365234375,0.293042242527008,989.8372802734376,0.2681691646575928,-37.77838516235352,-0.847600519657135,2808.356201171875,0.1728407740592956,685.8211059570312,0.3315409421920776,-46.8740348815918,-0.6242457032203674,-21.687355041503903,-0.1662001758813858,34.85580062866211,0.1729217320680618,0.080529399216175,0.3309304416179657,-0.0196807328611612,-0.3425851166248321,0.1835357397794723,0.5383070707321167,35.485591888427734,0.1699377596378326,7.790301322937012,0.8928267955780029,7.985701084136963,0.7449373006820679,-17.03411293029785,-0.5438394546508789,-21.89155387878418,30.62062644958496,0.0116691067814826,-0.033527135848999,0.0859957039356231,1.5151516199111938,1.6949152946472168,0.5299999713897705,0.0,0.0199999995529651,0.0,-35.45418930053711
xxxxxxxx167,C,8,yellow,7.3593,7.464,0.1047000000000002,0.4839000000000002,data/not_shared/wd_audio/WD_CI/xxxxxxxx167/xxxxxxxx167_stroop_C.wav,data/not_shared/wd_audio/WD_CI/xxxxxxxx167/xxxxxxxx167_stroop_task.wav,0.0,0.0,0.0,0.0,0.0,0.0,0.0,0.0,0.0,0.0,0.0953843593597412,0.2547245621681213,0.0677904412150383,0.0982725247740745,0.1143768578767776,0.0465864166617393,0.0077591110020875,0.0,0.0,0.0,0.0273788180202245,0.5750714540481567,31.36306953430176,0.2045381665229797,6.003419876098633,1.1737828254699707,5.161287784576416,0.5340309739112854,-7.040805339813232,-1.4200232028961182,0.0,0.0,0.0,0.0,0.0,0.0,0.0,0.0,0.0,0.0,0.0,0.0,0.0,0.0,-201.0,0.0,0.0,0.0,0.0,0.0,-201.0,0.0,0.0,0.0,0.0,0.0,-201.0,0.0,0.0,0.0,0.0,0.0,0.0,0.0,0.0,0.0,0.0,0.0,0.0,0.0,0.0,0.0,0.0,0.0,0.0,0.0,-7.982091426849365,16.892688751220703,0.0013393814442679,0.005225436296314,0.0,0.0,0.0,0.0,0.0,0.0,0.0,-56.6886100769043
xxxxxxxx167,C,9,green,7.6506,8.0956,0.4449999999999994,0.1865999999999994,data/not_shared/wd_audio/WD_CI/xxxxxxxx167/xxxxxxxx167_stroop_C.wav,data/not_shared/wd_audio/WD_CI/xxxxxxxx167/xxxxxxxx167_stroop_task.wav,40.40338516235352,0.0648731812834739,38.09969329833984,40.84377670288086,43.11766052246094,5.017967224121094,33.773494720458984,0.0,-43.08651351928711,0.0,0.7127309441566467,0.40789994597435,0.2763803899288177,0.8327615857124329,0.907616376876831,0.6312359571456909,3.204561710357666,0.0322425365447998,-0.1565831303596496,1.030789852142334,0.2810230255126953,0.615344226360321,23.347288131713867,0.3184240460395813,-6.202728748321533,-1.4494935274124146,27.09567070007324,0.3012610971927643,-11.463293075561523,-1.488273859024048,0.0166755393147468,1.0368680953979492,0.6578254103660583,0.5825954079627991,11.831360816955566,0.3377448618412018,14.392148971557615,0.3163281977176666,11.990477561950684,0.6288490295410156,844.2822265625,0.4701953530311584,1282.803955078125,0.181204691529274,-22.22555923461914,-0.5281617641448975,1714.2999267578125,0.0520127117633819,1025.58935546875,0.5553150177001953,-25.141191482543945,-0.196226105093956,2753.236328125,0.0698633268475532,1103.0025634765625,0.9445111751556396,-25.92607879638672,-0.2738716304302215,-15.53803539276123,-0.3600742220878601,20.116758346557617,0.3407817184925079,0.0917193442583084,0.2712517380714416,-0.0197283215820789,-0.4479043483734131,0.2488002181053161,0.6068891286849976,24.1152286529541,0.3198379874229431,-7.312193870544434,-1.2615870237350464,24.587108612060547,0.2302448451519012,-7.174903392791748,-1.9958058595657349,0.0,0.0,0.0,0.0,0.0,4.651163101196289,2.702702760696411,0.3599999845027923,0.0,0.0,0.0,-30.26918029785156
xxxxxxxx167,C,10,blue,8.2562,8.6813,0.4251000000000005,0.1606000000000005,data/not_shared/wd_audio/WD_CI/xxxxxxxx167/xxxxxxxx167_stroop_C.wav,data/not_shared/wd_audio/WD_CI/xxxxxxxx167/xxxxxxxx167_stroop_task.wav,32.13774490356445,0.1171016842126846,28.403993606567383,30.87468910217285,36.81962585449219,8.415632247924805,0.2779364883899688,0.0,0.0,0.0,0.6884613633155823,0.4754972755908966,0.3588326275348663,0.7031082510948181,1.026969075202942,0.668136477470398,0.2611979246139526,1.9980748891830444,2.7093875408172607,0.0,0.2492143511772155,0.3991716206073761,35.85765075683594,0.1821601092815399,-7.807155609130859,-1.5248616933822632,-7.023612976074219,-0.7217720150947571,-8.308392524719238,-0.9713793992996216,0.0253144521266222,1.5228204727172852,0.889147162437439,0.4671518206596374,6.190130233764648,0.3647089898586273,6.819160461425781,1.198182225227356,18.97197532653809,0.6571745872497559,525.697998046875,0.302571564912796,1493.979248046875,0.1367033123970031,-2.2934675216674805,-4.168431758880615,1413.6815185546875,0.0930343270301818,1284.324462890625,0.1185503751039505,-8.29892635345459,-1.49649178981781,2362.86767578125,0.1489655077457428,1019.1715087890624,0.2674165666103363,-18.213565826416016,-0.9015533328056335,-6.891242027282715,-1.1014666557312012,26.37735366821289,0.3289685547351837,0.0953977927565574,0.1434769332408905,-0.000161250194651,-86.56137084960938,0.2744312286376953,0.4037564992904663,34.891990661621094,0.1880317628383636,-10.564864158630373,-1.009246826171875,-8.563058853149414,-0.4072458744049072,-7.696751117706299,-1.0649863481521606,0.0,0.0,0.0,0.0,0.0,2.4390244483947754,2.857142925262451,0.3400000035762787,0.0,0.0,0.0,-34.57135009765625
xxxxxxxx167,C,11,yellow,8.8798,9.233,0.353200000000001,0.1984999999999992,data/not_shared/wd_audio/WD_CI/xxxxxxxx167/xxxxxxxx167_stroop_C.wav,data/not_shared/wd_audio/WD_CI/xxxxxxxx167/xxxxxxxx167_stroop_task.wav,32.67855453491211,0.1041045412421226,29.23818588256836,31.528472900390625,36.66971206665039,7.431526184082031,0.3296665549278259,0.0,0.0,0.0,0.6692875623703003,0.4682758450508117,0.3501605987548828,0.6521317958831787,1.0498470067977903,0.6996864080429077,9.88197898864746,0.0,-3.443718671798706,0.0,0.2933273613452911,0.5062194466590881,37.90163040161133,0.1283376067876815,-8.371408462524414,-1.5011403560638428,-8.137742042541504,-0.7188098430633545,-25.905197143554688,-0.25954669713974,0.0569133162498474,0.9763622879981996,1.4320861101150513,0.4797353744506836,5.530089378356934,0.4359515607357025,8.388733863830566,0.6369664669036865,24.78946304321289,0.2815540432929992,589.3469848632812,0.3096671998500824,1390.6732177734375,0.1071236506104469,-3.80060076713562,-1.252571702003479,1451.03369140625,0.1324745267629623,1175.9051513671875,0.1400624960660934,-5.523696899414063,-2.533033609390259,2785.07568359375,0.09526377171278,835.4783325195312,0.5184836983680725,-25.557085037231445,-0.43829146027565,-5.1789093017578125,-1.4176173210144043,29.08363914489746,0.2250345051288604,0.0813196375966072,0.2349189668893814,-0.0034291881602257,-4.331745624542236,0.3374049067497253,0.4064601361751556,36.97594833374024,0.1305681467056274,-11.21627712249756,-1.0762970447540283,-9.902251243591309,-0.4803870320320129,-27.767358779907227,-0.1772899478673935,0.0,0.0,0.0,0.0,0.0,2.941176414489746,3.5714285373687744,0.2699999809265136,0.0,0.0,0.0,-33.337615966796875
xxxxxxxx167,C,12,red,9.3697,9.7828,0.4131,0.1366999999999993,data/not_shared/wd_audio/WD_CI/xxxxxxxx167/xxxxxxxx167_stroop_C.wav,data/not_shared/wd_audio/WD_CI/xxxxxxxx167/xxxxxxxx167_stroop_task.wav,31.84775733947754,0.0622489750385284,29.545799255371094,31.932846069335938,33.66044616699219,4.114646911621094,40.49754333496094,15.127608299255373,21.437963485717773,35.58353805541992,0.3362584114074707,0.4586026668548584,0.1561568826436996,0.3730074167251587,0.4868359267711639,0.3306790590286255,1.684900999069214,0.1911999434232711,2.425171136856079,0.0,0.1394757777452469,0.5329687595367432,34.10838317871094,0.2655524015426636,16.326194763183594,0.2284563034772873,12.878989219665527,0.5129499435424805,-13.874245643615724,-0.8380391597747803,0.0161972120404243,0.6711851954460144,0.7639173865318298,0.7944201827049255,7.278886318206787,0.4297371804714203,15.0420560836792,0.311444491147995,39.21041870117188,0.0722056254744529,385.9143371582031,0.2780043184757232,1255.70068359375,0.0880540162324905,1.9094409942626955,4.053374290466309,1252.611572265625,0.1367679089307785,969.807861328125,0.1455998867750167,-24.220563888549805,-0.220048725605011,2472.64404296875,0.0815098211169242,571.057373046875,0.5035207271575928,-35.30778503417969,-0.1279177814722061,-24.03148651123047,-0.081586055457592,35.13495635986328,0.0964342132210731,0.0887770801782608,0.1824511885643005,-0.0245611388236284,-0.3398765623569488,0.1655495911836624,0.4115703999996185,37.825679779052734,0.1102005615830421,16.220550537109375,0.1924103796482086,13.932406425476074,0.4410845935344696,-18.607397079467773,-0.3847667574882507,0.0,0.0,0.0,0.0,0.0,2.500000238418579,3.125,0.3100000023841858,0.0,0.0,0.0,-35.44722366333008
xxxxxxxx167,W,1,yellow,0.7732,1.1663,0.3930999999999999,0.7732,data/not_shared/wd_audio/WD_CI/xxxxxxxx167/xxxxxxxx167_stroop_W.wav,data/not_shared/wd_audio/WD_CI/xxxxxxxx167/xxxxxxxx167_stroop_task.wav,34.45807647705078,0.0980705544352531,30.641773223876957,34.78520965576172,38.49557876586914,7.8538055419921875,30.262439727783203,0.0,-6.098079681396484,0.0,0.6372293829917908,0.4654392898082733,0.3654312789440155,0.5723636150360107,0.974575936794281,0.6091446876525879,3.438272476196289,3.9087088108062735,3.888306617736816,0.0,0.343954861164093,0.3652179837226867,37.8716049194336,0.1315900087356567,3.4212234020233154,3.08397912979126,-7.142238616943359,-0.9964998364448548,-18.074790954589844,-0.5498167872428894,0.020807709544897,0.7449432611465454,1.1216779947280884,0.6318181157112122,7.636049747467041,0.3501578271389007,9.239317893981934,0.530951201915741,29.62240028381348,0.1518388390541076,568.507080078125,0.2909873127937317,1549.9189453125,0.1121885776519775,-9.037557601928713,-0.829238772392273,1411.4124755859375,0.0921897068619728,1323.8868408203125,0.2431250959634781,-16.662729263305664,-0.7087109684944153,2618.49169921875,0.1017930582165718,1185.2965087890625,0.4928577542304992,-34.57599639892578,-0.3118285536766052,-12.589184761047363,-0.6175698041915894,32.82168960571289,0.2521228194236755,0.0875070840120315,0.2990089356899261,-0.0108520099893212,-1.326859474182129,0.3784052729606628,0.2847728133201599,38.32516098022461,0.130370944738388,1.235044002532959,8.157713890075684,-9.200421333312988,-0.6086551547050476,-21.10791015625,-0.3461243510246277,0.0,0.0,0.0,0.0,0.0,2.6315789222717285,3.125,0.3100000023841858,0.0,0.0,0.0,-32.03079605102539
xxxxxxxx167,W,2,red,1.326,2.0753,0.7492999999999999,0.1597000000000001,data/not_shared/wd_audio/WD_CI/xxxxxxxx167/xxxxxxxx167_stroop_W.wav,data/not_shared/wd_audio/WD_CI/xxxxxxxx167/xxxxxxxx167_stroop_task.wav,35.76017761230469,0.0831041634082794,31.9985294342041,36.99309158325195,38.76493835449219,6.766408920288086,38.72899627685547,14.743572235107422,11.171207427978516,8.31447696685791,0.3671030104160309,0.4034002721309662,0.2062696516513824,0.4025016725063324,0.4977053105831146,0.2914356589317322,0.8345924615859985,0.5803849697113037,0.8713814616203308,0.0,0.1877890080213546,0.4934922754764557,39.13127899169922,0.0825870409607887,11.459108352661133,0.5984377264976501,13.051389694213867,0.464299589395523,-10.032208442687988,-1.0808132886886597,0.0189724266529083,0.5561132431030273,0.8578346967697144,0.4591198861598968,11.105454444885254,0.2100481986999511,13.97274398803711,0.2206120193004608,34.62125778198242,0.2380744218826294,503.2568359375,0.4759373962879181,1359.540283203125,0.1058476716279983,-10.497621536254885,-1.9428952932357788,1509.3045654296875,0.2552690804004669,1101.1744384765625,0.1945198774337768,-30.84627723693848,-0.4027888178825378,2605.906005859375,0.1220708638429641,912.5757446289062,0.3168654441833496,-42.28861618041992,-0.1771267056465149,-25.836076736450195,-0.2141959518194198,40.724491119384766,0.1357193440198898,0.0834225416183471,0.3250763416290283,-0.0203754492104053,-0.4247284829616546,0.2052324414253235,0.4007877111434936,39.5789680480957,0.0753426998853683,11.177056312561035,0.6339303255081177,12.336308479309082,0.4710125625133514,-11.852337837219238,-0.7890634536743164,0.0,0.0,0.0,0.0,0.0,1.3698630332946775,1.4925373792648315,0.6599999666213989,0.0,0.0,0.0,-33.6080322265625
xxxxxxxx167,W,3,green,2.3177,2.7158,0.3981000000000003,0.2423999999999999,data/not_shared/wd_audio/WD_CI/xxxxxxxx167/xxxxxxxx167_stroop_W.wav,data/not_shared/wd_audio/WD_CI/xxxxxxxx167/xxxxxxxx167_stroop_task.wav,38.85676193237305,0.0615839809179306,36.794921875,39.86711502075195,40.888328552246094,4.093406677246094,45.03948593139648,0.0,-39.81452178955078,0.0,0.5390279293060303,0.286539763212204,0.4895033538341522,0.6048779487609863,0.6527465581893921,0.1632432043552398,2.793241500854492,0.5657656788825989,1.178869128227234,0.0,0.2057988196611404,0.6436609029769897,27.598045349121094,0.2019514888525009,-4.566461563110352,-1.5297632217407229,19.36981010437012,0.3246709108352661,1.985641598701477,3.4145612716674805,0.0108741987496614,1.2025564908981323,0.6591622233390808,0.8878113031387329,11.188901901245115,0.3416613042354584,19.278812408447266,0.1278802901506424,16.90854263305664,0.4282762408256531,405.88671875,0.4514097273349762,1145.9046630859375,0.1012841388583183,-7.653809547424316,-1.605581283569336,1479.717041015625,0.1273170262575149,685.2192993164062,0.4072462916374206,-24.960113525390625,-0.0945889949798584,2521.2470703125,0.0529468022286891,732.82861328125,0.5271969437599182,-25.797754287719727,-0.1302017569541931,-14.433491706848145,-0.3192856609821319,24.13620376586914,0.1928780525922775,0.0625838637351989,0.4303481578826904,-0.0187852885574102,-0.2216395139694214,0.1678790003061294,0.5327882170677185,26.551374435424805,0.2045043259859085,-5.374650478363037,-1.3616057634353638,17.04222297668457,0.1876243501901626,2.6001431941986084,2.7178518772125244,0.0,0.0,0.0,0.0,0.0,2.6315789222717285,3.125,0.3100000023841858,0.0,0.0,0.0,-33.534759521484375
xxxxxxxx167,W,4,blue,2.9752,3.3374,0.3622000000000001,0.2593999999999998,data/not_shared/wd_audio/WD_CI/xxxxxxxx167/xxxxxxxx167_stroop_W.wav,data/not_shared/wd_audio/WD_CI/xxxxxxxx167/xxxxxxxx167_stroop_task.wav,33.447364807128906,0.1075578853487968,29.36188316345215,34.46745681762695,36.83694839477539,7.475065231323242,0.3719091117382049,0.0,0.0,0.0,0.3361873030662536,0.3143685460090637,0.2273619771003723,0.3034149408340454,0.4655358493328094,0.2381738722324371,0.4133706390857696,0.2826834917068481,1.5667579174041748,0.0,0.1341597884893417,0.2937214076519012,38.56969833374024,0.0497970432043075,10.459339141845703,0.8429869413375854,-0.7990830540657043,-12.166845321655272,-5.181426525115967,-1.9887977838516235,0.0243252217769622,0.6131734848022461,0.8093419671058655,0.3933620750904083,7.959386825561523,0.2737336754798889,9.742817878723145,0.7325035333633423,32.98733139038086,0.1970430612564087,595.57958984375,0.3647838830947876,1481.3819580078125,0.0910223647952079,-9.89225959777832,-0.9136292934417723,1494.409423828125,0.1353076845407486,1142.685302734375,0.0876978114247322,-22.72418975830078,-0.4656791388988495,2633.16015625,0.1544348001480102,950.6196899414062,0.2977993488311767,-36.09543228149414,-0.2811358273029327,-16.15961265563965,-0.3759665787220001,35.990177154541016,0.1105460822582244,0.081516183912754,0.1747921258211136,-0.0087865618988871,-1.1401535272598269,0.1340848058462143,0.2551971971988678,38.735382080078125,0.0528378449380397,7.568772315979004,0.8641523718833923,-3.783264398574829,-2.043186664581299,-4.287227153778076,-2.5641677379608154,0.0,0.0,0.0,0.0,0.0,2.857142925262451,3.4482760429382324,0.2800000011920929,0.0,0.0,0.0,-39.10197448730469
xxxxxxxx167,W,5,green,3.3913,3.8153,0.4239999999999999,0.0539,data/not_shared/wd_audio/WD_CI/xxxxxxxx167/xxxxxxxx167_stroop_W.wav,data/not_shared/wd_audio/WD_CI/xxxxxxxx167/xxxxxxxx167_stroop_task.wav,37.790992736816406,0.0984988212585449,33.59697723388672,38.98600387573242,41.4643669128418,7.867389678955078,0.0,0.0,-0.3072550594806671,0.0,0.4633006453514099,0.138647973537445,0.4402756690979004,0.4659713506698608,0.5094348788261414,0.0691592097282409,1.351223349571228,0.091526985168457,-2.0418031215667725,2.064420223236084,0.2108377963304519,0.4996444284915924,34.35429763793945,0.1408221870660781,-2.1700284481048584,-4.073198795318604,11.428234100341797,0.6755642294883728,-5.89495325088501,-0.746066689491272,0.0150282513350248,0.5495137572288513,0.8258170485496521,0.6513193845748901,11.63927936553955,0.2577929496765136,16.41942596435547,0.2331425994634628,25.92245101928711,0.3355255424976349,556.5386352539062,0.4533043205738067,1457.09716796875,0.2182823270559311,-7.619385242462158,-2.3015477657318115,1489.4326171875,0.0450963266193866,872.1292724609375,0.1679131984710693,-20.19900321960449,-0.1876064538955688,2655.31689453125,0.0434658676385879,751.2276611328125,0.7723885774612427,-30.23417854309082,-0.161161869764328,-17.987329483032227,-0.1974902749061584,29.94356155395508,0.1964209079742431,0.0863289013504982,0.3003455698490143,-0.0181270483881235,-0.3051970899105072,0.1989123970270156,0.5035789012908936,32.92898941040039,0.1074581444263458,-4.832520484924316,-1.3192976713180542,12.526756286621094,0.6196470260620117,-5.962045192718506,-0.7721896767616272,0.0,0.0,0.0,0.0,0.0,4.878048896789551,2.857142925262451,0.3400000035762787,0.0,0.0,0.0,-33.58048629760742
xxxxxxxx167,W,6,yellow,3.941,4.2324,0.2914000000000003,0.1256999999999997,data/not_shared/wd_audio/WD_CI/xxxxxxxx167/xxxxxxxx167_stroop_W.wav,data/not_shared/wd_audio/WD_CI/xxxxxxxx167/xxxxxxxx167_stroop_task.wav,28.4871768951416,0.082137331366539,26.61925506591797,26.956832885742188,31.19417381286621,4.574918746948242,0.292546272277832,0.0,0.0,0.0,0.4668076634407043,0.1733579188585281,0.3834591805934906,0.4837884902954101,0.5141029357910156,0.130643755197525,1.3503079414367676,0.2108704596757888,2.6461126804351807,0.0,0.1530705392360687,0.4349602162837982,42.11894989013672,0.0760381668806076,1.6512359380722046,3.973467111587525,-8.223939895629883,-0.8990236520767212,-18.78081512451172,-0.5743306875228882,0.0225236322730779,1.4787043333053589,0.625653862953186,0.7715842723846436,5.799495220184326,0.5586541891098022,5.30805253982544,1.8551056385040283,31.39705848693848,0.2062810957431793,742.5737915039062,0.4008061289787292,1492.203857421875,0.1316102892160415,3.4873969554901123,1.317813754081726,1515.6451416015625,0.1457064002752304,1138.5260009765625,0.0368919782340526,-7.3019633293151855,-1.0270373821258545,2976.0419921875,0.1640658974647522,581.3411254882812,0.8514162302017212,-23.709043502807617,-0.3364006280899048,-7.601187705993652,-0.4931317865848541,28.790433883666992,0.1588816195726394,0.0764198750257492,0.1490547955036163,-0.0042137275449931,-3.099447727203369,0.1575159877538681,0.4642027616500854,42.20140838623047,0.0853051915764808,-1.0144686698913574,-4.543903350830078,-11.61269474029541,-0.2957794666290283,-21.68756866455078,-0.4688350856304168,0.0,0.0,0.0,0.0,0.0,3.5714285373687744,4.545454502105713,0.209999993443489,0.0,0.0,0.0,-37.25331115722656
xxxxxxxx167,W,7,blue,4.388,4.7751,0.3871000000000002,0.1555999999999997,data/not_shared/wd_audio/WD_CI/xxxxxxxx167/xxxxxxxx167_stroop_W.wav,data/not_shared/wd_audio/WD_CI/xxxxxxxx167/xxxxxxxx167_stroop_task.wav,32.677879333496094,0.0866189301013946,29.765220642089844,31.771203994750977,35.89127731323242,6.126056671142578,37.75375747680664,0.0,38.38188552856445,0.0,0.5292863845825195,0.3959472179412842,0.3654831349849701,0.4578595459461212,0.7729990482330322,0.4075159132480621,2.5047855377197266,2.7448835372924805,3.3016974925994877,0.0,0.2060753852128982,0.4188047647476196,36.52666091918945,0.1462525874376297,-2.275122880935669,-5.832152843475342,-1.1820533275604248,-3.282368898391724,-16.258005142211914,-0.3090850710868835,0.0374492332339286,0.9466248154640198,0.9430278539657592,0.3503373563289642,6.002710342407227,0.5720000863075256,9.26205062866211,0.5964597463607788,22.67854881286621,0.6505343914031982,444.5479431152344,0.3127734959125519,1469.921142578125,0.0910142362117767,-4.1304612159729,-1.5981504917144775,1294.9730224609375,0.1019541472196579,1335.672607421875,0.3080680668354034,-12.893495559692385,-0.8153802752494812,2252.530029296875,0.1262232810258865,1033.4273681640625,0.2721306979656219,-23.63666534423828,-0.6664858460426331,-10.993520736694336,-0.821521520614624,27.76456642150879,0.3044490814208984,0.076592244207859,0.2686228156089782,-0.007618092931807,-1.6689425706863403,0.232557862997055,0.3313932418823242,35.88349151611328,0.1563088148832321,-5.497888565063477,-2.18410325050354,-2.149270534515381,-1.582544207572937,-17.130447387695312,-0.2574406266212463,0.0,0.0,0.0,0.0,0.0,2.702702760696411,3.225806474685669,0.2999999821186065,0.0,0.0,0.0,-36.749420166015625
xxxxxxxx167,W,8,red,4.852,5.1134,0.2614000000000001,0.0769000000000001,data/not_shared/wd_audio/WD_CI/xxxxxxxx167/xxxxxxxx167_stroop_W.wav,data/not_shared/wd_audio/WD_CI/xxxxxxxx167/xxxxxxxx167_stroop_task.wav,27.360197067260746,0.117114633321762,24.66492462158203,28.88639259338379,29.34958267211914,4.684658050537109,311.40728759765625,0.0,107.9332275390625,69.18955993652344,0.2415646910667419,0.3848000168800354,0.1392322331666946,0.23299241065979,0.351876437664032,0.2126442044973373,3.46767520904541,0.0,-0.1639782190322876,1.1661560535430908,0.0889224410057067,0.4376121759414673,38.572715759277344,0.1461660414934158,15.639724731445312,0.2459800392389297,13.742865562438965,0.3767944872379303,-8.903468132019043,-0.9706851840019226,0.097889207303524,1.5801581144332886,1.5139881372451782,0.7968876361846924,5.970252513885498,0.6673020124435425,10.787124633789062,0.5609278678894043,37.53007507324219,0.1114429086446762,399.0541687011719,0.297170877456665,1539.1514892578125,0.2595170438289642,-1.0052777528762815,-7.206230640411377,1238.357421875,0.0830257534980773,1131.901611328125,0.1974395811557769,-19.61471176147461,-0.3690137863159179,2462.986083984375,0.0501052588224411,686.1104736328125,0.2916204035282135,-30.1653995513916,-0.3349283039569855,-22.608455657958984,-0.1118675097823143,34.3748779296875,0.098215602338314,0.0445862300693988,0.4460002481937408,-0.0273991953581571,-0.2850548326969147,0.0914491862058639,0.4219028651714325,37.85955429077149,0.1623216420412063,15.278669357299805,0.2704165577888489,12.296011924743652,0.4108557105064392,-10.274599075317385,-0.920190155506134,0.0,0.0,0.0,0.0,0.0,4.0,5.263157844543457,0.1799999922513961,0.0,0.0,0.0,-41.14849472045898
xxxxxxxx167,W,9,blue,5.4366,5.8447,0.4080999999999992,0.3231999999999999,data/not_shared/wd_audio/WD_CI/xxxxxxxx167/xxxxxxxx167_stroop_W.wav,data/not_shared/wd_audio/WD_CI/xxxxxxxx167/xxxxxxxx167_stroop_task.wav,32.15263366699219,0.0971389040350914,30.190235137939453,32.4093017578125,34.613853454589844,4.423618316650391,0.4725087583065033,0.0,0.0,0.0,0.717778742313385,0.4792502522468567,0.3824083805084228,0.6161534190177917,1.138625144958496,0.7562167644500732,3.6631126403808594,4.237449645996094,5.686069011688232,0.0,0.2970660626888275,0.3111878037452698,35.250980377197266,0.2152031660079956,-1.7652431726455688,-6.669463157653809,1.113889455795288,6.396996974945068,-12.714852333068848,-0.3705372512340545,0.011371131055057,0.8707531690597534,0.728179931640625,0.3304495811462402,7.438268184661865,0.4748675525188446,13.913219451904297,0.5632466673851013,23.522380828857425,0.6245037913322449,484.0574951171875,0.243600845336914,1360.83447265625,0.1458683162927627,-2.098590135574341,-2.6284725666046143,1461.5377197265625,0.0755778402090072,1096.295654296875,0.1932389289140701,-11.529890060424805,-1.164434790611267,2355.390625,0.1320487856864929,1558.25927734375,0.4684301614761352,-21.44467544555664,-0.7862702012062073,-11.30821132659912,-0.6690051555633545,27.405038833618164,0.3616108298301697,0.0937976464629173,0.1928465366363525,-0.0061819870024919,-2.0124471187591557,0.3163406252861023,0.2634822130203247,33.57414627075195,0.2099694162607193,-4.240288734436035,-2.624238967895508,0.3310471773147583,22.60407447814941,-13.009809494018556,-0.385970801115036,0.0,0.0,0.0,0.0,0.0,2.5641026496887207,3.030303239822388,0.3199999928474426,0.0,0.0,0.0,-32.467498779296875
xxxxxxxx167,W,10,green,5.9205,6.2608,0.3403,0.0758,data/not_shared/wd_audio/WD_CI/xxxxxxxx167/xxxxxxxx167_stroop_W.wav,data/not_shared/wd_audio/WD_CI/xxxxxxxx167/xxxxxxxx167_stroop_task.wav,37.53882598876953,0.1061075925827026,32.82823181152344,38.57987976074219,41.60197067260742,8.773738861083984,0.0,0.0,-0.4063785076141357,0.0,0.5241156816482544,0.2360990494489669,0.4163156151771545,0.5670604109764099,0.625103235244751,0.2087876200675964,-0.1610742807388305,2.0589990615844727,1.3107881546020508,0.0,0.246085062623024,0.480218231678009,26.49408531188965,0.3165651559829712,1.7881460189819336,4.737605094909668,19.06937789916992,0.4364075660705566,-9.486478805541992,-0.7660827040672302,0.0353360958397388,1.3499107360839844,0.7344512939453125,0.6032314896583557,9.779419898986816,0.3399373292922973,16.158687591552734,0.2546259760856628,22.64455795288086,0.4598416090011596,676.6951293945312,0.6226876974105835,1248.20654296875,0.2022769451141357,-5.967239856719971,-2.977482557296753,1618.449462890625,0.0495293326675891,1091.3792724609375,0.709626317024231,-24.085241317749023,-0.147287979722023,2732.345947265625,0.0295341797173023,940.2449340820312,0.4213958978652954,-24.767370223999023,-0.1830575317144394,-16.81377410888672,-0.3248350620269775,24.173402786254883,0.34520423412323,0.0858261585235595,0.4220848977565765,-0.0255123451352119,-0.217255100607872,0.2459864318370819,0.5007123351097107,23.87883758544922,0.2891952097415924,-1.0025317668914795,-6.544986724853516,19.937498092651367,0.446463942527771,-9.896943092346191,-0.7898295521736145,0.0,0.0,0.0,0.0,0.0,3.030303239822388,3.7037038803100586,0.2599999904632568,0.0,0.0,0.0,-33.81510543823242
xxxxxxxx167,W,11,red,6.3835,6.7407,0.3572000000000006,0.1227,data/not_shared/wd_audio/WD_CI/xxxxxxxx167/xxxxxxxx167_stroop_W.wav,data/not_shared/wd_audio/WD_CI/xxxxxxxx167/xxxxxxxx167_stroop_task.wav,31.442991256713867,0.0802037119865417,29.10780906677246,30.539798736572266,34.27960205078125,5.171792984008789,0.2629632949829101,0.0,0.0,0.0,0.3096057474613189,0.3033821880817413,0.2193881273269653,0.3413803577423095,0.3826421499252319,0.1632540225982666,1.9104193449020384,0.0,-1.457371950149536,0.0,0.1386586129665374,0.4495683908462524,38.58065032958984,0.0867276340723037,14.69647979736328,0.221654400229454,16.720861434936523,0.3753557801246643,-8.14546012878418,-0.839505136013031,0.0162711832672357,0.7055270075798035,1.1461281776428225,0.8345968127250671,8.991950988769531,0.2485517710447311,15.275772094726562,0.2259448170661926,40.427734375,0.0767932757735252,402.14105224609375,0.2422622889280319,1267.68603515625,0.0857764258980751,-0.2970786094665527,-25.94709014892578,1334.830078125,0.1246675625443458,1039.513427734375,0.2186462581157684,-26.31038856506348,-0.2016562968492508,2438.206787109375,0.0692757293581962,724.338134765625,0.3467609286308288,-37.49966812133789,-0.184545025229454,-24.337404251098636,-0.0819906964898109,35.80352020263672,0.1165876239538192,0.07088403403759,0.3679205775260925,-0.0192281156778335,-0.4066242575645447,0.1415663361549377,0.4533268511295318,38.613311767578125,0.0909254625439643,13.885953903198242,0.2133911550045013,17.291580200195312,0.3867509067058563,-9.99744987487793,-0.5734128952026367,0.0,0.0,0.0,0.0,0.0,2.941176414489746,3.5714285373687744,0.2699999809265136,0.0,0.0,0.0,-35.93588638305664
xxxxxxxx167,W,12,yellow,6.8804,7.1349,0.2545000000000001,0.1396999999999995,data/not_shared/wd_audio/WD_CI/xxxxxxxx167/xxxxxxxx167_stroop_W.wav,data/not_shared/wd_audio/WD_CI/xxxxxxxx167/xxxxxxxx167_stroop_task.wav,26.311359405517575,0.0307392571121454,25.5694580078125,26.419389724731445,26.907459259033203,1.3380012512207031,20.588943481445312,0.0,72.0977783203125,0.0,0.4443964064121246,0.3123197555541992,0.2859317362308502,0.5106613636016846,0.5706052184104919,0.2846734821796417,2.7778170108795166,0.0,-2.880507707595825,0.0,0.157148540019989,0.2969835996627807,41.234107971191406,0.0742105841636657,-4.473257541656494,-2.2490668296813965,-15.270719528198242,-0.5332825183868408,-7.014360904693604,-1.202551245689392,0.0162005610764026,0.7949848771095276,0.9649305939674376,0.6922016739845276,2.5243160724639893,1.554151177406311,-1.781153440475464,-0.7423751354217529,30.459585189819336,0.1429842859506607,845.08984375,0.1425881385803222,1472.0821533203125,0.12493497133255,-0.16822050511837,-28.082765579223636,1611.58984375,0.0571246109902858,1088.4658203125,0.0918229892849922,-3.125572204589844,-2.457914113998413,3061.955078125,0.08882787078619,771.91015625,0.3525779843330383,-26.863073348999023,-0.1992210745811462,-0.8806667327880859,-4.079490184783936,32.5880126953125,0.0827241316437721,0.0603157952427864,0.2692000865936279,0.0081213237717747,1.48525071144104,0.1847422868013382,0.153609037399292,42.35868453979492,0.0667066872119903,-8.760001182556152,-1.0044641494750977,-19.228944778442383,-0.2503097057342529,-11.708704948425291,-0.320437878370285,0.0,0.0,0.0,0.0,0.0,4.1666669845581055,5.882352828979492,0.1599999964237213,0.0,0.0,0.0,-38.86549377441406
xxxxxxxx167,CW,1,yellow,1.4127,1.9386,0.5259,1.4127,data/not_shared/wd_audio/WD_CI/xxxxxxxx167/xxxxxxxx167_stroop_CW.wav,data/not_shared/wd_audio/WD_CI/xxxxxxxx167/xxxxxxxx167_stroop_task.wav,35.92085266113281,0.0552373342216014,33.81388854980469,35.71364212036133,38.22502899169922,4.411140441894531,27.80048370361328,2.528117656707764,28.488136291503903,5.3243408203125,0.5848449468612671,0.5724230408668518,0.1957418322563171,0.5676830410957336,0.9091485142707824,0.7134066820144653,3.2193679809570312,2.7734193801879883,3.213014602661133,0.0,0.3415150046348572,0.5765596628189087,38.82002639770508,0.1202663853764534,0.1919429749250412,56.205020904541016,-9.767001152038574,-0.7568552494049072,-16.133169174194336,-0.8573035597801208,0.0225642845034599,0.4179693162441253,1.0964370965957642,0.6821632981300354,7.291406631469727,0.3499273955821991,6.633638381958008,1.1099202632904053,28.584104537963867,0.1307666152715683,580.0149536132812,0.4293129742145538,1510.0655517578125,0.1083060801029205,-5.368788242340088,-1.613865852355957,1419.016357421875,0.1608176380395889,1256.1170654296875,0.199618712067604,-16.343284606933594,-0.7755972743034363,2594.35205078125,0.1482983976602554,998.3135375976562,0.348499983549118,-34.41454315185547,-0.2409371584653854,-11.08354377746582,-0.667677104473114,32.65087127685547,0.1974792331457138,0.0899379402399063,0.2363368868827819,-0.0122683336958289,-1.5250216722488403,0.4098662734031677,0.4241691529750824,38.97603225708008,0.1337299644947052,-2.0309901237487797,-5.479273796081543,-12.688183784484863,-0.4264606535434723,-20.11830139160156,-0.6395258903503418,0.0,0.0,0.0,0.0,0.0,1.9607843160629272,2.500000238418579,0.3899999856948852,0.0,0.0,0.0,-32.65633773803711
xxxxxxxx167,CW,2,red,2.625,3.064,0.439,0.6863999999999999,data/not_shared/wd_audio/WD_CI/xxxxxxxx167/xxxxxxxx167_stroop_CW.wav,data/not_shared/wd_audio/WD_CI/xxxxxxxx167/xxxxxxxx167_stroop_task.wav,33.971134185791016,0.074964240193367,31.610525131225582,32.56886672973633,37.16566467285156,5.555139541625977,32.16584014892578,0.0,7.5823564529418945,0.0,0.4396097660064697,0.3508307635784149,0.283777117729187,0.5128363370895386,0.5863338708877563,0.3025567531585693,2.455077886581421,2.6847167015075684,0.7683078646659851,0.0,0.229786992073059,0.3069184720516205,39.99015808105469,0.0551817268133163,12.03817081451416,0.3692019879817962,13.753552436828612,0.3818542957305908,-15.097153663635254,-0.6198520660400391,0.0246613956987857,0.8390012979507446,1.098074197769165,0.7110651731491089,9.03657054901123,0.245110422372818,15.17209815979004,0.2268771976232528,39.48641586303711,0.1425897926092147,379.9263000488281,0.3308437168598175,1385.458251953125,0.0910406708717346,4.744913578033447,2.0797789096832275,1281.218994140625,0.1863579005002975,1160.836669921875,0.3133929371833801,-23.832189559936523,-0.2969594299793243,2392.234375,0.0575564354658126,750.366455078125,0.1916375309228897,-36.43423843383789,-0.136095330119133,-24.957916259765625,-0.1114563792943954,36.875762939453125,0.0543920435011386,0.1025009751319885,0.1458719670772552,-0.0266936123371124,-0.3046722710132599,0.2435761094093322,0.3048695623874664,39.99266052246094,0.0590413771569728,11.778606414794922,0.4001961648464203,13.895097732543944,0.4045424461364746,-17.669416427612305,-0.4206284880638122,0.0,0.0,0.0,0.0,0.0,2.3809523582458496,2.777777910232544,0.3499999940395355,0.0,0.0,0.0,-31.62999153137207
xxxxxxxx167,CW,3,green,4.1865,4.7522,0.5657000000000005,1.1224999999999996,data/not_shared/wd_audio/WD_CI/xxxxxxxx167/xxxxxxxx167_stroop_CW.wav,data/not_shared/wd_audio/WD_CI/xxxxxxxx167/xxxxxxxx167_stroop_task.wav,35.185115814208984,0.1538757383823394,29.62163543701172,37.79049301147461,39.99064636230469,10.369010925292969,0.0,0.0,-0.3560458719730377,0.0,0.4616859853267669,0.3563366234302521,0.2889424562454223,0.5026282668113708,0.6086922883987427,0.3197498321533203,1.5870715379714966,1.0938421487808228,1.787632942199707,0.4008784890174866,0.2167765349149704,0.5733097791671753,29.843799591064453,0.2608168721199035,-0.0321022197604179,-224.48138427734372,29.809642791748047,0.1739047467708587,-0.671729326248169,-11.560986518859863,0.0271916892379522,1.11513352394104,1.5874360799789429,0.8685227036476135,9.322396278381348,0.557756245136261,14.473896980285645,0.7545926570892334,19.766342163085938,0.5147387981414795,349.97052001953125,0.1376750767230987,1136.4151611328125,0.0755606219172477,9.540164947509766,0.7263196110725403,1511.659423828125,0.0233461000025272,540.3296508789062,0.195876345038414,-22.137767791748047,-0.2402873933315277,2590.3369140625,0.0333723276853561,616.1526489257812,0.1986573785543441,-22.6445369720459,-0.1725055426359176,-16.41911506652832,-0.260536640882492,23.49003219604492,0.2441408634185791,0.0898813679814338,0.3632484078407287,-0.0273264907300472,-0.1897335946559906,0.2347991019487381,0.5382660031318665,28.251361846923828,0.2579351961612701,-1.8694148063659668,-3.270506858825684,31.14907455444336,0.1393089443445205,-2.1730175018310547,-3.305414915084839,0.0,0.0,0.0,0.0,0.0,3.6363635063171382,2.127659559249878,0.4599999785423279,0.0,0.0,0.0,-34.409454345703125
xxxxxxxx167,CW,4,blue,5.0206,5.5055,0.4848999999999996,0.2683999999999997,data/not_shared/wd_audio/WD_CI/xxxxxxxx167/xxxxxxxx167_stroop_CW.wav,data/not_shared/wd_audio/WD_CI/xxxxxxxx167/xxxxxxxx167_stroop_task.wav,31.83759307861328,0.0765811502933502,29.222177505493164,33.16923904418945,33.45261001586914,4.230432510375977,27.79696273803711,9.688591957092283,7.983058929443359,4.931732177734375,0.4825922846794128,0.6577448844909668,0.1320454627275467,0.4611212313175201,0.7971044182777405,0.665058970451355,9.354519844055176,0.0,-2.52458119392395,0.0,0.1696806102991104,0.7055777907371521,37.24593734741211,0.1488391607999801,-2.717639446258545,-4.316349029541016,0.1076171472668647,93.88641357421876,5.411234378814697,1.406879186630249,0.0185017976909875,1.4055757522583008,1.0241857767105105,0.4195767939090729,6.716784477233887,0.736171543598175,17.913869857788086,0.6644356846809387,20.181020736694336,0.6079495549201965,501.8816528320313,0.3711398541927337,1527.2860107421875,0.1379281431436538,-7.520179271697998,-1.4440956115722656,1417.3070068359375,0.1392143815755844,1371.7890625,0.2762978374958038,-15.475326538085938,-0.8912451267242432,2284.56396484375,0.1651611328125,1305.851806640625,0.3673159778118133,-24.25059509277344,-0.6714240908622742,-11.712804794311523,-0.6826398372650146,30.53218460083008,0.2859062254428863,0.0671228393912315,0.2912497222423553,0.0027904300950467,4.200026988983154,0.1963125020265579,0.5631287097930908,37.2664794921875,0.1591706275939941,-4.154454708099365,-2.86008882522583,-2.174185037612915,-4.0123209953308105,4.098313331604004,1.769003987312317,0.0,0.0,0.0,0.0,0.0,2.127659559249878,2.4390244483947754,0.3999999761581421,0.0,0.0,0.0,-36.5311393737793
xxxxxxxx167,CW,5,yellow,6.2328,6.4873,0.2545000000000001,0.7273000000000005,data/not_shared/wd_audio/WD_CI/xxxxxxxx167/xxxxxxxx167_stroop_CW.wav,data/not_shared/wd_audio/WD_CI/xxxxxxxx167/xxxxxxxx167_stroop_task.wav,31.22871971130371,0.0131134381517767,30.853588104248047,31.272315979003903,31.59370803833008,0.7401199340820312,15.575600624084473,0.0,17.195844650268555,0.0,0.2395698875188827,0.6644906401634216,0.114420935511589,0.163139134645462,0.3917741179466247,0.2773531675338745,5.545609474182129,0.0,-3.241147756576538,0.0,0.1493063420057296,0.950920045375824,36.89495849609375,0.1850430369377136,10.09034538269043,0.9751054644584656,-11.03171157836914,-0.536226212978363,-22.086597442626957,-0.5321875214576721,0.0265940632671117,0.6684277057647705,1.6680908203125,0.5653626918792725,2.721574544906616,1.202208161354065,3.7000656127929688,0.6894029378890991,34.54294967651367,0.1826299428939819,621.18505859375,0.30133056640625,1455.3758544921875,0.0590458512306213,-53.45497512817383,-1.4014179706573486,1410.513427734375,0.1424442380666732,1523.456298828125,0.3095822930335998,-58.336307525634766,-1.1240146160125732,2644.55322265625,0.066347487270832,771.0284423828125,0.116101823747158,-70.92737579345703,-0.8296417593955994,-20.73126792907715,-0.0703937336802482,35.376060485839844,0.152716115117073,0.0508762039244174,0.4409859180450439,-0.0477438457310199,-0.1725417375564575,0.2342572063207626,0.5604028701782227,38.807090759277344,0.2108569294214248,15.041823387145996,0.5838070511817932,-14.438563346862791,-0.3485991060733795,-19.975494384765625,-0.7194178700447083,-18.84784698486328,28.95367813110352,0.0407952032983303,-0.0422772392630577,0.0422292165458202,4.1666669845581055,5.555555820465088,0.1299999952316284,0.0,0.0199999995529651,0.0,-40.13173294067383
xxxxxxxx170,C,1,red,2.19,2.662,0.472,2.19,data/not_shared/wd_audio/WD_CI/xxxxxxxx170/xxxxxxxx170_stroop_C.wav,data/not_shared/wd_audio/WD_CI/xxxxxxxx170/xxxxxxxx170_stroop_task.wav,35.81489562988281,0.0219818335026502,34.95008087158203,36.03823852539063,36.55022430419922,1.6001434326171875,11.390164375305176,0.0,8.377715110778809,6.685993194580078,0.47225221991539,0.4442949891090393,0.2199560403823852,0.5195302367210388,0.6633720993995667,0.4434160590171814,2.8975181579589844,3.506960391998291,1.094721436500549,0.0,0.1778823435306549,0.5343701243400574,45.35664367675781,0.0556144155561924,12.587172508239746,0.4042191207408905,-0.967143714427948,-4.901763439178467,-22.674753189086918,-0.3614802360534668,0.0059123812243342,0.4949747025966644,0.5147879123687744,0.6662876009941101,12.515851020812988,0.1177295446395874,11.871420860290527,0.2154415398836136,42.47186279296875,0.0893738269805908,499.4440002441406,0.4132069647312164,1480.14794921875,0.1321017444133758,-6.455882549285889,-1.5520192384719849,1460.70849609375,0.2770337164402008,1086.21435546875,0.1592458188533783,-27.545188903808597,-0.3007722198963165,2670.932861328125,0.1634911000728607,939.5010375976562,0.2125426977872848,-39.07525634765625,-0.1558143496513366,-27.50281524658203,-0.1278659999370575,37.85167694091797,0.0872106552124023,0.1120190545916557,0.335930734872818,-0.0382434464991092,-0.1106024980545044,0.2029274404048919,0.4304853677749634,45.74020385742188,0.0520870648324489,11.475388526916504,0.3922335803508758,-2.396647691726685,-1.3154397010803225,-25.086132049560547,-0.2191628515720367,0.0,0.0,0.0,0.0,0.0,2.1739132404327397,2.500000238418579,0.3899999856948852,0.0,0.0,0.0,-31.508581161499023
xxxxxxxx170,C,2,yellow,2.8565,3.2736,0.4171,0.1945000000000001,data/not_shared/wd_audio/WD_CI/xxxxxxxx170/xxxxxxxx170_stroop_C.wav,data/not_shared/wd_audio/WD_CI/xxxxxxxx170/xxxxxxxx170_stroop_task.wav,34.40401840209961,0.0228706579655408,33.454917907714844,34.519569396972656,35.20550537109375,1.7505874633789062,8.602828979492188,0.0,12.397575378417969,0.0,0.643390417098999,0.3027868568897247,0.4250596165657043,0.700575053691864,0.811784029006958,0.3867244124412536,-0.0266934633255004,2.136683702468872,2.276487112045288,0.0,0.2431249171495437,0.4718237519264221,44.38811111450195,0.0756889134645462,-2.803227663040161,-2.612881898880005,-17.094667434692383,-0.3747284114360809,-17.600440979003906,-0.3762171566486358,0.0118622658774256,1.0416107177734375,1.0634806156158447,1.0102601051330566,10.128986358642578,0.1723690927028656,12.103842735290527,0.3018624484539032,31.253236770629883,0.0863450020551681,720.5887451171875,0.295903205871582,1370.6739501953125,0.1434134840965271,-0.2424665093421936,-14.829626083374023,1519.097412109375,0.1459921598434448,1100.3321533203125,0.1414536833763122,-14.20722484588623,-0.6528827548027039,2906.489990234375,0.1011893302202224,724.4498901367188,0.5988627076148987,-30.518369674682617,-0.1300010085105896,-6.186313152313232,-0.6833032965660095,32.92203521728516,0.0725310295820236,0.0893824994564056,0.1982592493295669,-0.0055458047427237,-2.512131452560425,0.2743096947669983,0.3991905152797699,44.01511764526367,0.0788563936948776,-4.6499762535095215,-1.3659292459487915,-19.157012939453125,-0.2307850271463394,-18.950891494750977,-0.3300876021385193,0.0,0.0,0.0,0.0,0.0,2.500000238418579,2.941176414489746,0.3299999833106994,0.0,0.0,0.0,-32.48291778564453
xxxxxxxx170,C,3,green,3.3813,3.7904,0.4091,0.1076999999999999,data/not_shared/wd_audio/WD_CI/xxxxxxxx170/xxxxxxxx170_stroop_C.wav,data/not_shared/wd_audio/WD_CI/xxxxxxxx170/xxxxxxxx170_stroop_task.wav,35.997032165527344,0.0547117218375206,34.18162155151367,36.406768798828125,37.93576431274414,3.7541427612304688,14.285945892333984,0.0,-33.04419708251953,0.0,0.409360408782959,0.2829037308692932,0.3067705333232879,0.4484383165836334,0.5150749683380127,0.2083044350147247,2.186933755874634,0.0,-1.0395811796188354,0.0,0.1698628365993499,0.4720435440540313,33.63248825073242,0.1014285087585449,2.2978203296661377,2.9351630210876465,40.46696853637695,0.1594145745038986,-4.058732986450195,-1.7968924045562744,0.017333798110485,0.5503569841384888,0.7551974654197693,0.5639350414276123,10.610700607299805,0.1773480474948883,28.224220275878903,0.1554030328989029,22.60605812072754,0.2799337208271026,468.7041015625,0.2848586440086365,1225.635009765625,0.1734532415866851,-6.434496402740479,-2.1006925106048584,1751.732177734375,0.0784633010625839,716.92626953125,0.3745474815368652,-33.10889434814453,-0.0970072522759437,2607.258056640625,0.077843889594078,1152.5552978515625,0.4831599593162536,-25.153484344482425,-0.1654442995786667,-19.326642990112305,-0.1984279155731201,23.90695571899414,0.2454905360937118,0.0916130319237709,0.294710099697113,-0.0223450604826211,-0.1722514927387237,0.1648797839879989,0.4512559473514557,33.151710510253906,0.1024877652525901,1.0650001764297483,6.110844612121582,39.47789764404297,0.1648112684488296,-6.04176139831543,-0.9879475831985474,0.0,0.0,0.0,0.0,0.0,2.5641026496887207,3.030303239822388,0.3199999928474426,0.0,0.0,0.0,-34.81147003173828
xxxxxxxx170,C,4,blue,3.9859,4.3541,0.3681999999999998,0.1955,data/not_shared/wd_audio/WD_CI/xxxxxxxx170/xxxxxxxx170_stroop_C.wav,data/not_shared/wd_audio/WD_CI/xxxxxxxx170/xxxxxxxx170_stroop_task.wav,32.70622253417969,0.0226288679987192,31.70388412475586,33.00643539428711,33.40460968017578,1.700725555419922,9.307757377624512,0.0,-4.087352752685547,0.0,0.6122204661369324,0.3667016327381134,0.3303008675575256,0.6930071711540222,0.8167181015014648,0.4864172339439392,6.203235626220703,0.0,-2.7350897789001465,0.0,0.1315963864326477,0.4239847362041473,35.1253662109375,0.0833127424120903,-12.699633598327637,-0.685093343257904,-0.4066006243228912,-26.467485427856445,10.311139106750488,0.7518942952156067,0.0100625678896904,1.1568500995635986,0.6848443746566772,0.3651003241539001,8.794589042663574,0.1849702000617981,10.00120449066162,0.2875444293022156,17.41282081604004,0.2613889873027801,711.0565795898438,0.2274616956710815,1391.986083984375,0.1285865902900695,-3.25108003616333,-1.367693305015564,1626.35693359375,0.1180184185504913,987.5919799804688,0.1885808259248733,-7.724833965301514,-0.4983368217945099,2733.376220703125,0.0944721177220344,595.2001342773438,0.2262298464775085,-18.886213302612305,-0.2472626119852066,-6.648426532745361,-0.8809363842010498,20.26590919494629,0.2153775990009308,0.0673065111041069,0.1954522877931594,-0.006656302139163,-1.442348599433899,0.1539719551801681,0.2429545819759369,34.05572891235352,0.047538373619318,-14.11103057861328,-0.6235479116439819,-2.77062726020813,-3.723074197769165,10.864007949829102,0.7697980999946594,0.0,0.0,0.0,0.0,0.0,2.857142925262451,3.4482760429382324,0.2800000011920929,0.0,0.0,0.0,-37.02743148803711
xxxxxxxx170,C,5,blue,5.0775,5.4147,0.3372000000000001,0.7233999999999998,data/not_shared/wd_audio/WD_CI/xxxxxxxx170/xxxxxxxx170_stroop_C.wav,data/not_shared/wd_audio/WD_CI/xxxxxxxx170/xxxxxxxx170_stroop_task.wav,34.048152923583984,0.0321609228849411,32.783390045166016,34.13848114013672,35.300045013427734,2.5166549682617188,17.114795684814453,0.0,3.7495932579040527,4.80172872543335,0.8527833223342896,0.3497721254825592,0.558734118938446,0.8598760366439819,1.1789971590042114,0.6202630400657654,12.43081760406494,0.0,-3.4325103759765625,0.0,0.3309217989444732,0.4482766389846802,32.77450180053711,0.1225233674049377,-10.238494873046877,-1.340104103088379,4.0114569664001465,2.682635545730591,0.4396194815635681,11.35069465637207,0.0134010547772049,0.9692269563674928,0.8577611446380615,0.4581005871295929,8.006625175476074,0.1902755349874496,11.347671508789062,0.3943476676940918,19.113300323486328,0.5497562289237976,698.6573486328125,0.3122651875019073,1230.66845703125,0.0912282317876815,-5.788816928863525,-1.0313093662261963,1725.2144775390625,0.1098228320479393,1079.4991455078125,0.52561354637146,-14.28444480895996,-0.3754140138626098,2769.68359375,0.1534523069858551,696.80615234375,0.4115983843803406,-19.034523010253903,-0.4088377654552459,-11.110973358154297,-0.7369418740272522,20.311294555664062,0.4005362689495086,0.0983277335762977,0.1492747068405151,-0.0146186351776123,-0.4817686080932617,0.391401082277298,0.3067047595977783,31.074602127075195,0.0643079727888107,-10.39553451538086,-1.4539690017700195,3.702944278717041,3.216757535934448,0.9734762907028198,5.46493673324585,0.0,0.0,0.0,0.0,0.0,3.125,3.846153974533081,0.25,0.0,0.0,0.0,-31.566843032836918
xxxxxxxx170,C,6,green,5.6561,6.0672,0.4110999999999993,0.2414000000000005,data/not_shared/wd_audio/WD_CI/xxxxxxxx170/xxxxxxxx170_stroop_C.wav,data/not_shared/wd_audio/WD_CI/xxxxxxxx170/xxxxxxxx170_stroop_task.wav,31.90605926513672,0.2344930917024612,29.41339874267578,34.03323745727539,38.09716033935547,8.683761596679688,2.2353172302246094,0.0,76.81910705566406,0.0,0.4436542093753814,0.3786374032497406,0.2573568522930145,0.5003824234008789,0.5812749862670898,0.3239181339740753,1.283031702041626,1.9042807817459104,1.695024013519287,0.0,0.2550989687442779,0.4550546705722809,31.4807243347168,0.1349315792322158,3.505084276199341,2.046104907989502,40.89775848388672,0.1826190650463104,-0.6799163818359375,-11.433479309082031,0.0966069027781486,1.736000895500183,1.0079809427261353,0.4637033343315124,5.997409820556641,0.924460768699646,20.465232849121094,0.7829369902610779,18.394689559936523,0.3721491992473602,464.9736328125,0.1279914379119873,1241.0113525390625,0.1089455634355545,-0.6185756325721741,-16.942535400390625,1810.938232421875,0.0228902697563171,460.9742431640625,0.2674956619739532,-28.999717712402344,-0.2954754829406738,2727.05078125,0.0140181183815002,1009.429443359375,0.4490687251091003,-17.103206634521484,-0.2198341935873031,-16.752241134643555,-0.2268205434083938,19.77537727355957,0.230805367231369,0.0987129583954811,0.2229404002428054,-0.0248273573815822,-0.1727149933576584,0.2902958989143371,0.3324996829032898,30.564674377441406,0.125772163271904,1.6981309652328491,3.5460081100463867,42.881290435791016,0.1459999680519104,-3.07425594329834,-1.8308982849121092,0.0,0.0,0.0,0.0,0.0,2.500000238418579,2.941176414489746,0.3299999833106994,0.0,0.0,0.0,-34.05918502807617
xxxxxxxx170,C,7,yellow,6.3376,6.7537,0.4161000000000001,0.2704000000000004,data/not_shared/wd_audio/WD_CI/xxxxxxxx170/xxxxxxxx170_stroop_C.wav,data/not_shared/wd_audio/WD_CI/xxxxxxxx170/xxxxxxxx170_stroop_task.wav,33.382286071777344,0.0451337844133377,32.51243591308594,34.12125396728516,34.299156188964844,1.7867202758789062,37.47689056396485,0.0,2.920532464981079,0.0,0.5614611506462097,0.3473551273345947,0.366862803697586,0.6195184588432312,0.7414247989654541,0.374561995267868,0.8444112539291382,1.384680986404419,2.4813754558563232,0.0,0.1810090541839599,0.4541884064674377,44.807884216308594,0.1046407371759414,-0.4634261429309845,-18.445533752441406,-16.809101104736328,-0.4338843524456024,-8.473280906677246,-0.8381991982460022,0.0080555025488138,1.2112256288528442,0.7128974199295044,0.4597983956336975,9.40500831604004,0.3525120913982391,13.353900909423828,0.4538431167602539,31.82427215576172,0.1951558142900467,641.635986328125,0.3793326616287231,1570.955078125,0.2253224700689315,0.8482146859169006,6.376708984375,1450.5823974609375,0.1908487677574157,1217.914306640625,0.1577119976282119,-8.937938690185547,-1.3111108541488647,2616.39794921875,0.1119276359677314,960.2869262695312,0.2238142937421798,-31.314943313598636,-0.2405001819133758,-6.806849956512451,-0.5610030889511108,32.7869758605957,0.1214500665664672,0.0844292640686035,0.1870043128728866,-0.0067837201058864,-1.7038649320602417,0.2033442705869674,0.3963235020637512,44.0300407409668,0.1045311018824577,-3.0424118041992188,-2.092671632766724,-19.20249938964844,-0.2350519001483917,-9.420736312866213,-0.7218244671821594,0.0,0.0,0.0,0.0,0.0,2.500000238418579,2.941176414489746,0.3299999833106994,0.0,0.0,0.0,-34.025577545166016
xxxxxxxx170,C,8,red,6.9023,7.2625,0.3601999999999998,0.1486,data/not_shared/wd_audio/WD_CI/xxxxxxxx170/xxxxxxxx170_stroop_C.wav,data/not_shared/wd_audio/WD_CI/xxxxxxxx170/xxxxxxxx170_stroop_task.wav,33.534950256347656,0.0160837452858686,32.96919631958008,33.81166076660156,33.92955780029297,0.9603614807128906,8.0474853515625,0.0,0.3198623657226562,8.343592643737793,0.2967951595783233,0.3769477903842926,0.1404241323471069,0.3333334028720855,0.4075579047203064,0.2671337723731994,1.0246785879135132,0.5567262172698975,1.6115198135375977,0.0,0.1037203148007392,0.3862030804157257,47.94112396240234,0.0500860251486301,18.96436309814453,0.2741394937038421,3.8455464839935294,1.4669365882873535,-12.185639381408691,-0.7523869872093201,0.0091115431860089,1.1983691453933716,0.8604655861854553,1.27099871635437,11.318113327026367,0.0855893269181251,17.730451583862305,0.2304717749357223,43.10049057006836,0.0674017518758773,514.8822021484375,0.2998276948928833,1467.2635498046875,0.1083692014217376,-5.85792875289917,-1.5834530591964722,1438.984375,0.2186525017023086,1111.1954345703125,0.1864480674266815,-27.944246292114254,-0.2836913466453552,2626.2822265625,0.1206802204251289,821.353759765625,0.2387242764234542,-41.01129150390625,-0.1568392217159271,-30.77322196960449,-0.0843687206506729,40.280216217041016,0.0986775755882263,0.0780677944421768,0.2636451423168182,-0.0377115234732627,-0.1637183427810669,0.1200243458151817,0.3007272779941559,47.894161224365234,0.0534066930413246,17.53181266784668,0.2574732899665832,2.20177698135376,2.150375843048096,-14.328582763671877,-0.6025072932243347,0.0,0.0,0.0,0.0,0.0,2.857142925262451,3.4482760429382324,0.2800000011920929,0.0,0.0,0.0,-37.16010284423828
xxxxxxxx170,C,9,yellow,7.8492,8.2203,0.3711000000000002,0.5866999999999996,data/not_shared/wd_audio/WD_CI/xxxxxxxx170/xxxxxxxx170_stroop_C.wav,data/not_shared/wd_audio/WD_CI/xxxxxxxx170/xxxxxxxx170_stroop_task.wav,35.20708084106445,0.0326582342386245,33.78620529174805,35.77196502685547,36.172969818115234,2.3867645263671875,13.832093238830566,0.0,1.74259614944458,0.0,0.6421547532081604,0.3556467890739441,0.4001224935054779,0.7259892225265503,0.8499254584312439,0.449802964925766,1.0441185235977173,3.0085678100585938,2.051409244537353,0.0,0.2763024270534515,0.5221156477928162,45.46725463867188,0.0629368871450424,-2.389835834503174,-3.28214430809021,-23.22948265075684,-0.2382167130708694,-14.517430305480955,-0.3781252205371856,0.0127166407182812,0.3273627758026123,1.1520601511001587,0.6150570511817932,8.879778861999512,0.1423352509737014,10.898674964904783,0.212790161371231,34.226829528808594,0.1739651560783386,654.9830932617188,0.366905003786087,1558.2022705078125,0.1115578860044479,-0.2233304977416992,-14.147468566894531,1397.897216796875,0.1053682044148445,1230.6978759765625,0.1408240646123886,-9.343679428100586,-0.5472801923751831,2599.821044921875,0.0897516384720802,1084.992431640625,0.3170973360538482,-33.82505416870117,-0.1903841644525528,-6.374564170837402,-0.7914950847625732,34.19450378417969,0.0963890478014946,0.089099183678627,0.2034148275852203,-0.0110937682911753,-0.8565353155136108,0.3218574225902557,0.4002947211265564,44.71786117553711,0.0560495145618915,-4.674676418304443,-1.391706466674805,-24.75107765197754,-0.1896089911460876,-14.144667625427246,-0.4152242243289947,0.0,0.0,0.0,0.0,0.0,2.777777910232544,3.3333334922790527,0.2899999916553497,0.0,0.0,0.0,-32.13650894165039
xxxxxxxx170,C,10,red,8.4129,8.7531,0.3401999999999994,0.1926000000000005,data/not_shared/wd_audio/WD_CI/xxxxxxxx170/xxxxxxxx170_stroop_C.wav,data/not_shared/wd_audio/WD_CI/xxxxxxxx170/xxxxxxxx170_stroop_task.wav,35.24765396118164,0.0236455723643302,34.15916061401367,35.699100494384766,35.949562072753906,1.7904014587402344,11.840326309204102,0.0,1.6084460020065308,0.0,0.3671621978282928,0.2772248983383178,0.2634475529193878,0.3905256986618042,0.4740191400051117,0.2105715870857238,1.2046451568603516,1.7291518449783323,1.125571846961975,0.0,0.1657429337501526,0.3079989850521087,46.545169830322266,0.0333530940115451,16.728261947631836,0.2449773699045181,2.8225104808807373,0.9957579374313354,-16.97655487060547,-0.3231858313083648,0.0110311759635806,0.4615699350833893,0.730758547782898,0.4135355055332184,11.549771308898926,0.0570611581206321,14.945917129516602,0.1649368107318878,40.712188720703125,0.0904686897993087,485.4134826660156,0.3492567837238312,1361.0667724609375,0.0843181610107421,-3.826767444610596,-2.47788667678833,1424.236083984375,0.2555224895477295,1022.9711303710938,0.1247044503688812,-28.664724349975582,-0.2333055585622787,2589.490966796875,0.139110192656517,734.59326171875,0.160384327173233,-38.11249923706055,-0.1055715978145599,-29.200136184692383,-0.0931482389569282,38.9128303527832,0.0447930730879306,0.1128210574388504,0.1106207966804504,-0.0364215411245822,-0.143115684390068,0.1829162687063217,0.2955746352672577,46.87663650512695,0.032549399882555,15.56796169281006,0.230107381939888,2.6121113300323486,1.165942668914795,-18.945056915283203,-0.1983747333288192,0.0,0.0,0.0,0.0,0.0,3.030303239822388,3.7037038803100586,0.2599999904632568,0.0,0.0,0.0,-34.45878982543945
xxxxxxxx170,C,11,green,8.9507,9.3178,0.3671000000000006,0.1975999999999995,data/not_shared/wd_audio/WD_CI/xxxxxxxx170/xxxxxxxx170_stroop_C.wav,data/not_shared/wd_audio/WD_CI/xxxxxxxx170/xxxxxxxx170_stroop_task.wav,36.17761993408203,0.0734336525201797,33.232505798339844,36.803977966308594,38.90093612670898,5.668430328369141,37.32692337036133,0.0,-39.29376983642578,0.0,0.4271300733089447,0.3091965317726135,0.2856242954730987,0.4626394212245941,0.5637431144714355,0.2781188189983368,1.4300317764282229,2.263087034225464,1.477627158164978,0.0,0.2195379436016082,0.3683420419692993,32.97550582885742,0.0660934522747993,1.0203615427017212,7.849201202392578,41.55387496948242,0.146796777844429,0.2252898514270782,21.38215065002441,0.0329756774008274,0.9088289141654968,0.8128067851066589,0.8229869604110718,9.361761093139648,0.3954654633998871,27.31989479064941,0.1247538104653358,20.89219284057617,0.3119048774242401,424.1004028320313,0.1194352954626083,1206.99853515625,0.1304995715618133,-3.3278980255126958,-3.719607591629028,1685.7984619140625,0.0471883304417133,602.302978515625,0.2057700604200363,-32.76385498046875,-0.0976507812738418,2579.548583984375,0.0350130945444107,861.0721435546875,0.0810099467635154,-24.637136459350582,-0.1224116384983062,-18.952455520629883,-0.1580279767513275,23.209226608276367,0.1573276221752166,0.0872164070606231,0.2277022302150726,-0.0254524424672126,-0.1095087081193924,0.2198727428913116,0.3793578743934631,32.29500198364258,0.0465878397226333,-1.0899279117584229,-6.897011756896973,40.15415954589844,0.1472871750593185,-1.1909984350204468,-3.528975486755371,0.0,0.0,0.0,0.0,0.0,2.857142925262451,3.5714285373687744,0.2699999809265136,0.0,0.0,0.0,-34.29591751098633
xxxxxxxx170,C,12,blue,9.4785,9.7778,0.2992999999999988,0.1607000000000003,data/not_shared/wd_audio/WD_CI/xxxxxxxx170/xxxxxxxx170_stroop_C.wav,data/not_shared/wd_audio/WD_CI/xxxxxxxx170/xxxxxxxx170_stroop_task.wav,31.956661224365234,0.0171694066375494,31.48307609558105,31.872093200683597,32.53346252441406,1.0503864288330078,15.616798400878906,0.0,8.560717582702637,0.0,0.4906094074249267,0.469129741191864,0.2554139792919159,0.4523828327655792,0.7637179493904114,0.5083039999008179,6.564123153686523,0.0,-3.630115985870361,0.0,0.1531310826539993,0.4809824228286743,30.032588958740234,0.1078041121363639,-8.822189331054688,-1.178348422050476,2.035911321640014,6.918240070343018,3.135550022125244,2.2318904399871826,0.0195559319108724,0.9817968010902404,0.9458532333374025,0.524415135383606,5.675117015838623,0.4022022783756256,11.359878540039062,0.3314787745475769,15.66121768951416,0.4032638669013977,621.1608276367188,0.2889732420444488,1294.4197998046875,0.1371299922466278,-4.183742523193359,-1.1295020580291748,1594.8885498046875,0.1033035740256309,1105.731689453125,0.3843074738979339,-10.356355667114258,-0.8337690830230713,2644.51708984375,0.095008984208107,733.3506469726562,0.4579728543758392,-15.96155834197998,-0.4013944566249847,-7.486081123352051,-1.0504909753799438,19.640146255493164,0.1979683339595794,0.0603922307491302,0.2212436199188232,-0.0124884843826293,-0.959792137145996,0.1891339123249054,0.3348690867424011,28.747785568237305,0.102445363998413,-8.71183967590332,-1.4084666967391968,3.368148803710937,4.887103080749512,0.7079594731330872,9.532276153564451,0.0,0.0,0.0,0.0,0.0,3.5714285373687744,5.000000476837158,0.1899999976158142,0.0,0.0,0.0,-39.36788940429688
xxxxxxxx170,W,1,yellow,1.1893,1.6323,0.443,1.1893,data/not_shared/wd_audio/WD_CI/xxxxxxxx170/xxxxxxxx170_stroop_W.wav,data/not_shared/wd_audio/WD_CI/xxxxxxxx170/xxxxxxxx170_stroop_task.wav,35.03938293457031,0.0267502330243587,34.0493049621582,34.998958587646484,35.93936920166016,1.890064239501953,10.148929595947266,0.0,17.11515998840332,3.3907618522644043,0.7368237972259521,0.4001036286354065,0.3892199993133545,0.8361378312110901,1.0232828855514526,0.6340628862380981,1.091515064239502,3.370130777359009,3.4258954524993896,0.0,0.3161343336105346,0.4170918464660644,42.97478485107422,0.0826053097844123,-5.53895902633667,-1.5853707790374756,-19.12134552001953,-0.3940577507019043,-15.127713203430176,-0.6918115615844727,0.008362622000277,0.832761824131012,0.7750106453895569,0.3354735374450683,9.16343879699707,0.2167705297470092,9.47761344909668,0.4613929092884063,30.411155700683597,0.1096520274877548,753.4578857421875,0.2055331915616989,1361.1512451171875,0.1529043167829513,-5.5104265213012695,-0.8157712817192078,1505.7064208984375,0.0982272401452064,1079.715576171875,0.246198832988739,-10.743860244750977,-0.8745514154434204,2896.406982421875,0.0328586958348751,523.6779174804688,0.2568623423576355,-30.082141876220703,-0.1308829635381698,-5.958333492279053,-1.273128867149353,32.1654052734375,0.066808320581913,0.0904474705457687,0.3360397219657898,-0.0055679436773061,-3.879835367202759,0.3575054407119751,0.2885498404502868,41.78588485717773,0.0493409410119056,-5.870412349700928,-1.603194236755371,-20.06880760192871,-0.3836795091629028,-16.637004852294922,-0.6315874457359314,0.0,0.0,0.0,0.0,0.0,2.3255815505981445,2.702702760696411,0.3599999845027923,0.0,0.0,0.0,-30.234601974487305
xxxxxxxx170,W,2,red,2.0972,2.4893,0.3921000000000001,0.4648999999999998,data/not_shared/wd_audio/WD_CI/xxxxxxxx170/xxxxxxxx170_stroop_W.wav,data/not_shared/wd_audio/WD_CI/xxxxxxxx170/xxxxxxxx170_stroop_task.wav,34.62458801269531,0.026512999087572,33.46429443359375,34.81515884399414,35.571800231933594,2.107505798339844,9.1525239944458,0.0,1.500574827194214,0.0,0.4077339172363281,0.2934150993824005,0.2936541438102722,0.4491881728172302,0.5053650140762329,0.2117108702659607,1.9454463720321653,2.7879068851470947,1.013401985168457,0.1631912291049957,0.1601438075304031,0.3174933493137359,49.40250778198242,0.0447287522256374,6.784050941467285,0.7333959341049194,7.290218353271484,0.4564937353134155,-21.95339775085449,-0.3365955054759979,0.0067823282442986,0.4437167048454284,0.5312649607658386,0.3469582796096802,11.513235092163086,0.0742942243814468,16.40221405029297,0.1697991341352462,38.1666145324707,0.109461672604084,485.5596618652344,0.4305107891559601,1470.529541015625,0.1155221089720726,-4.172842979431152,-2.004938125610352,1422.64453125,0.260827898979187,1049.998046875,0.1778303682804107,-23.844650268554688,-0.1718160957098007,2641.098876953125,0.1525022834539413,687.925048828125,0.1264561861753463,-34.46712875366211,-0.0839723944664001,-26.717193603515625,-0.0319294109940528,34.86847305297852,0.0829747095704078,0.1014914289116859,0.1878339946269989,-0.0328438840806484,-0.2559766471385956,0.1754119992256164,0.3455790579319,49.95674514770508,0.0363862663507461,5.622026920318604,0.6726256608963013,7.254169464111328,0.4504136443138122,-24.199586868286133,-0.166643738746643,0.0,0.0,0.0,0.0,0.0,5.263157844543457,3.225806474685669,0.2999999821186065,0.0,0.0,0.0,-34.156593322753906
xxxxxxxx170,W,3,green,2.7996,3.2805,0.4809000000000001,0.3102999999999998,data/not_shared/wd_audio/WD_CI/xxxxxxxx170/xxxxxxxx170_stroop_W.wav,data/not_shared/wd_audio/WD_CI/xxxxxxxx170/xxxxxxxx170_stroop_task.wav,33.57643508911133,0.1683381348848343,31.466453552246094,35.69676208496094,37.72003173828125,6.253578186035156,27.874969482421875,0.0,-80.99304962158203,0.0,0.3534776270389557,0.3860537111759186,0.1982877105474472,0.3982112109661102,0.4818967878818512,0.2836090922355652,2.650970220565796,0.0,-1.2886435985565186,0.0,0.1703331619501114,0.3854424059391022,33.27384185791016,0.1308032721281051,5.527657985687256,1.2605454921722412,35.881832122802734,0.2371803075075149,4.3987717628479,1.4923940896987915,0.0163374748080968,0.8067123889923096,0.6808744668960571,0.4710022211074829,8.130330085754395,0.5760167241096497,23.748430252075195,0.4771259725093841,22.77937889099121,0.2329473793506622,473.3638000488281,0.242069736123085,1203.5228271484375,0.1118615344166755,-4.6659345626831055,-3.119020462036133,1748.58447265625,0.0633295550942421,584.766845703125,0.2681188583374023,-29.902894973754883,-0.1543784588575363,2626.08935546875,0.0630235075950622,825.2283325195312,0.293306291103363,-22.086048126220703,-0.224580317735672,-19.170900344848636,-0.187607929110527,23.1409912109375,0.21366548538208,0.093477725982666,0.270786315202713,-0.0229244790971279,-0.1376790553331375,0.1894270479679107,0.2879794239997864,31.798734664916992,0.1134215667843818,3.0961389541625977,1.8666136264801023,37.14954376220703,0.2374653667211532,2.659242391586304,2.338707208633423,0.0,0.0,0.0,0.0,0.0,2.127659559249878,2.702702760696411,0.3599999845027923,0.0,0.0,0.0,-36.242950439453125
xxxxxxxx170,W,4,blue,3.5918,4.0787,0.4869000000000003,0.3113000000000001,data/not_shared/wd_audio/WD_CI/xxxxxxxx170/xxxxxxxx170_stroop_W.wav,data/not_shared/wd_audio/WD_CI/xxxxxxxx170/xxxxxxxx170_stroop_task.wav,32.895713806152344,0.0295271873474121,31.741514205932617,33.31240463256836,33.73820495605469,1.9966907501220703,6.558358669281006,2.999554395675659,15.311948776245115,3.212348937988281,0.4497984945774078,0.5522029995918274,0.1496946215629577,0.5152110457420349,0.715175986289978,0.5654813647270203,1.3238495588302612,2.3578312397003174,1.675937294960022,0.0,0.1286297589540481,0.5434775948524475,35.15592193603516,0.1395403444766998,-6.729086875915527,-1.6744599342346191,1.7424359321594238,5.675885677337647,9.552241325378418,0.6545925736427307,0.0115805547684431,0.378975510597229,0.7987008690834045,0.5401231050491333,7.827894687652588,0.2065286338329315,10.9613676071167,0.5061180591583252,21.08606719970703,0.3869184255599975,790.692138671875,0.1892784684896469,1304.64013671875,0.2058167457580566,-8.376285552978516,-0.70106041431427,1687.8973388671875,0.1430695354938507,1001.2805786132812,0.3018368184566498,-15.670001029968262,-0.6721250414848328,2805.03466796875,0.1147100031375885,588.5123291015625,0.2930815815925598,-25.402721405029297,-0.4373811483383178,-10.365941047668455,-0.7442915439605713,23.800405502319336,0.2834608256816864,0.0623433403670787,0.2805973589420318,-0.0075367246754467,-1.459945559501648,0.1470998525619506,0.4269614517688751,34.061729431152344,0.1246692612767219,-8.522979736328125,-1.277105450630188,0.6491902470588684,15.562731742858888,9.27310562133789,0.7163769006729126,0.0,0.0,0.0,0.0,0.0,2.127659559249878,2.4390244483947754,0.3999999761581421,0.0,0.0,0.0,-39.25866317749024
xxxxxxxx170,W,5,green,4.5187,4.9517,0.4329999999999998,0.4399999999999995,data/not_shared/wd_audio/WD_CI/xxxxxxxx170/xxxxxxxx170_stroop_W.wav,data/not_shared/wd_audio/WD_CI/xxxxxxxx170/xxxxxxxx170_stroop_task.wav,34.481075286865234,0.1549479663372039,31.564355850219727,36.33684158325195,38.618927001953125,7.054571151733398,0.0,0.0,-0.5461204051971436,0.0,0.4782640039920807,0.4012346565723419,0.2954858541488647,0.5071796774864197,0.6745138764381409,0.3790280222892761,1.100657343864441,2.4962799549102783,1.719207525253296,0.0,0.2548265755176544,0.4465661346912384,29.32213592529297,0.1589707434177398,4.274516582489014,1.8742129802703855,38.6037483215332,0.1337500512599945,-1.3408995866775513,-8.45110034942627,0.0322127602994442,1.5974977016448977,1.0994377136230469,0.9966636896133424,7.601687908172607,0.6475499272346497,23.18204116821289,0.4732199013233185,19.271371841430664,0.3939600884914398,428.8393249511719,0.1429284811019897,1220.790771484375,0.0868652537465095,1.7449668645858765,2.7302844524383545,1731.378662109375,0.0482837334275245,743.597900390625,0.5884601473808289,-29.680191040039062,-0.1793585419654846,2511.938232421875,0.0633880719542503,1239.7354736328125,0.5962244868278503,-19.35385131835937,-0.2311477810144424,-16.177108764648438,-0.2947955429553985,19.74271774291992,0.2872405648231506,0.0926598832011222,0.2261909693479538,-0.0276491921395063,-0.1392255872488021,0.2754321694374084,0.4075936675071716,27.920936584472656,0.1331696957349777,2.3022406101226807,3.147364616394043,39.415435791015625,0.1290649622678756,-3.8887317180633545,-2.7320961952209477,0.0,0.0,0.0,0.0,0.0,2.3809523582458496,2.857142925262451,0.3400000035762787,0.0,0.0,0.0,-33.90839767456055
xxxxxxxx170,W,6,yellow,5.3888,5.8128,0.4240000000000004,0.4371,data/not_shared/wd_audio/WD_CI/xxxxxxxx170/xxxxxxxx170_stroop_W.wav,data/not_shared/wd_audio/WD_CI/xxxxxxxx170/xxxxxxxx170_stroop_task.wav,33.62493896484375,0.037776879966259,32.33157730102539,34.14986038208008,34.82250213623047,2.490924835205078,14.609594345092772,0.0,0.7843017578125,0.0,0.5213454365730286,0.4276001751422882,0.2609133422374725,0.595344603061676,0.7326676845550537,0.4717543423175812,2.659907341003418,0.0,-2.52477765083313,0.0,0.2001133114099502,0.47137051820755,44.11260986328125,0.1433527469635009,-2.202223300933838,-2.9546899795532227,-14.575748443603516,-0.5536364316940308,-13.00233554840088,-0.6675702333450317,0.0088639752939343,0.4454638063907623,0.7508667707443237,0.3504915535449981,8.421028137207031,0.2830430269241333,13.128850936889648,0.3561580181121826,33.95343017578125,0.2264051288366317,557.7343139648438,0.3735774457454681,1437.5523681640625,0.0994548127055168,-2.175986051559448,-1.5286650657653809,1383.9444580078125,0.1231253743171691,1065.3851318359375,0.0961419269442558,-6.951982021331787,-1.385679841041565,2711.87255859375,0.0685374438762664,964.91748046875,0.4328968226909637,-34.812503814697266,-0.2771692872047424,-6.323805332183838,-0.9186421036720276,33.808109283447266,0.1766836494207382,0.0811865478754043,0.2734589278697967,-0.0041763572953641,-3.5575642585754395,0.228766530752182,0.3803659975528717,43.37987518310547,0.1504338085651397,-3.5926313400268555,-1.671300172805786,-16.167402267456055,-0.464622288942337,-14.271428108215332,-0.6145111322402954,0.0,0.0,0.0,0.0,0.0,2.4390244483947754,2.857142925262451,0.3400000035762787,0.0,0.0,0.0,-35.25958251953125
xxxxxxxx170,W,7,blue,6.168,6.588,0.4199999999999999,0.3551999999999999,data/not_shared/wd_audio/WD_CI/xxxxxxxx170/xxxxxxxx170_stroop_W.wav,data/not_shared/wd_audio/WD_CI/xxxxxxxx170/xxxxxxxx170_stroop_task.wav,33.63539505004883,0.0284050442278385,32.44650650024414,34.033424377441406,34.58012390136719,2.133617401123047,11.530381202697754,0.0,7.760036468505859,3.666626691818237,0.6238294839859009,0.4083849191665649,0.3247842490673065,0.7508934140205383,0.865788996219635,0.5410047769546509,5.741939067840576,0.0,-2.4710443019866943,0.0,0.186486005783081,0.4379983246326446,31.62347412109375,0.0918316766619682,-9.0440673828125,-1.2089661359786987,-0.3809398710727691,-29.91187858581543,6.723939418792725,1.1002250909805298,0.0110989501699805,0.8020835518836975,0.8485119938850403,0.3493730723857879,8.563873291015625,0.2346903979778289,10.62606143951416,0.3302716314792633,17.99934196472168,0.3864792287349701,713.8114624023438,0.2930642068386078,1195.1549072265625,0.1247135624289512,-3.197185754776001,-1.7353074550628662,1680.427978515625,0.1102683842182159,967.73291015625,0.3221464157104492,-11.950891494750977,-0.5089699029922485,2766.9892578125,0.1248547062277793,586.374267578125,0.5417706966400146,-19.28139877319336,-0.3593575060367584,-8.256699562072754,-0.6759596467018127,19.652278900146484,0.1588580906391143,0.0746791139245033,0.1963199377059936,-0.0045467489399015,-2.452737331390381,0.2070644795894622,0.3715680539608001,30.684297561645508,0.0581753030419349,-10.87584114074707,-0.9912112951278688,-1.5738877058029177,-7.568926811218262,5.30605411529541,1.3357385396957395,0.0,0.0,0.0,0.0,0.0,2.4390244483947754,2.857142925262451,0.3400000035762787,0.0,0.0,0.0,-35.97206115722656
xxxxxxxx170,W,8,red,6.9243,7.3044,0.3801000000000005,0.3362999999999996,data/not_shared/wd_audio/WD_CI/xxxxxxxx170/xxxxxxxx170_stroop_W.wav,data/not_shared/wd_audio/WD_CI/xxxxxxxx170/xxxxxxxx170_stroop_task.wav,33.641082763671875,0.0183522440493106,32.89024353027344,33.91986083984375,34.09934997558594,1.2091064453125,2.835678100585937,3.8651182651519775,13.430404663085938,0.0,0.2727247178554535,0.4149020314216614,0.1277060359716415,0.3146078586578369,0.3793151378631592,0.2516090869903564,0.5639471411705017,0.5456218719482422,1.540369153022766,0.0,0.0866354629397392,0.4468144178390503,47.75228118896485,0.0587318204343318,12.494534492492676,0.5103234052658081,9.706945419311523,0.4932324290275574,-8.638257026672363,-1.1870733499526978,0.0102567207068204,0.9146722555160522,0.7504123449325562,0.9061668515205384,11.218220710754396,0.1116591691970825,21.66904640197754,0.2505336999893188,38.443634033203125,0.1045077517628669,404.6933898925781,0.3741506934165954,1549.8837890625,0.0856492295861244,-8.208184242248535,-1.3919861316680908,1269.7286376953125,0.2177231311798095,1146.1280517578125,0.1110580712556839,-24.78569221496582,-0.4243210554122925,2461.71484375,0.1044405624270439,770.912109375,0.2128273695707321,-38.73426818847656,-0.15899358689785,-27.436506271362305,-0.0973872244358062,36.71072769165039,0.1213178485631942,0.0903104916214943,0.1873117387294769,-0.0274988710880279,-0.2594700753688812,0.0999678745865821,0.3640401065349579,48.25596237182617,0.0568055473268032,10.978657722473145,0.532177209854126,8.885449409484863,0.5308743715286255,-11.62019157409668,-0.7206933498382568,0.0,0.0,0.0,0.0,0.0,2.702702760696411,3.225806474685669,0.2999999821186065,0.0,0.0,0.0,-38.15391540527344
xxxxxxxx170,W,9,blue,7.7564,8.2622,0.5057999999999998,0.4519999999999999,data/not_shared/wd_audio/WD_CI/xxxxxxxx170/xxxxxxxx170_stroop_W.wav,data/not_shared/wd_audio/WD_CI/xxxxxxxx170/xxxxxxxx170_stroop_task.wav,34.85248565673828,0.0228973813354969,34.06325149536133,35.11117172241211,35.41485595703125,1.351604461669922,15.64680290222168,0.0,12.48378849029541,4.870467662811279,0.7369937896728516,0.6073688864707947,0.2329333424568176,0.6920275688171387,1.233998417854309,1.001065015792847,6.14577579498291,0.0,-4.270893096923828,0.0,0.2492079138755798,0.6276819109916687,31.420772552490234,0.1914081424474716,-11.555336952209473,-1.0014222860336304,4.411326885223389,3.292000770568848,5.951097011566162,1.2224416732788086,0.0141092436388134,0.8968203067779541,1.013961911201477,0.5400390625,8.504226684570312,0.1915860772132873,15.09075164794922,0.5604413747787476,17.54144859313965,0.5162442326545715,677.4996337890625,0.2898045778274536,1236.149169921875,0.1312214434146881,-7.198232650756836,-1.0094894170761108,1707.517822265625,0.0891696736216545,1102.636962890625,0.6687483787536621,-13.034749984741213,-0.7973558306694031,2708.03076171875,0.130685269832611,810.1687622070312,0.5866450071334839,-19.60676383972168,-0.4790588319301605,-8.700834274291992,-1.0181950330734253,22.13420295715332,0.2792195975780487,0.086941547691822,0.1514237374067306,-0.0046837828122079,-2.5687906742095947,0.2809958755970001,0.5502767562866211,29.725303649902344,0.1683074086904525,-12.517298698425291,-0.989880383014679,3.696533679962158,4.234989643096924,5.1173624992370605,1.2991732358932495,0.0,0.0,0.0,0.0,0.0,2.040816307067871,2.4390244483947754,0.3999999761581421,0.0,0.0,0.0,-32.64481735229492
xxxxxxxx170,W,10,green,8.5007,8.9127,0.411999999999999,0.2385000000000001,data/not_shared/wd_audio/WD_CI/xxxxxxxx170/xxxxxxxx170_stroop_W.wav,data/not_shared/wd_audio/WD_CI/xxxxxxxx170/xxxxxxxx170_stroop_task.wav,35.29596328735352,0.1239033341407775,32.52935791015625,36.68751525878906,39.12246322631836,6.593105316162109,40.37960433959961,0.0,-67.55443572998047,0.0,0.4556749165058136,0.4199081361293793,0.2463156580924987,0.5146299004554749,0.6487423777580261,0.4024267196655273,0.9031661748886108,2.261610746383667,1.8103411197662356,0.0,0.2134327888488769,0.4587684571743011,28.39081573486328,0.1901856213808059,2.1324119567871094,3.298166990280152,40.471866607666016,0.1446800082921981,-6.495907783508301,-1.4921631813049316,0.0619198121130466,1.890934705734253,0.8047342896461487,0.6697643995285034,7.73590612411499,0.5333123207092285,25.115135192871094,0.3500557243824005,16.786046981811523,0.4482856094837188,434.2499084472656,0.1412099003791809,1194.3848876953125,0.0982428267598152,-1.0275028944015503,-11.998947143554688,1731.3658447265625,0.0732698366045951,521.7476806640625,0.7799159288406372,-30.19178009033203,-0.1859854459762573,2624.591796875,0.0413463190197944,1209.8057861328125,0.6093903183937073,-16.719314575195312,-0.3362138569355011,-14.400354385375977,-0.3609623312950134,18.26585960388184,0.3450478613376617,0.0957024469971656,0.3284529149532318,-0.0250968169420957,-0.1480560451745987,0.2444693744182586,0.3581816852092743,26.45922470092773,0.1705947816371917,0.0582642927765846,113.97747802734376,42.466644287109375,0.1075491532683372,-10.044404029846191,-0.7996381521224976,0.0,0.0,0.0,0.0,0.0,2.500000238418579,3.225806474685669,0.2999999821186065,0.0,0.0,0.0,-35.088382720947266
xxxxxxxx170,W,11,red,9.2001,9.5772,0.3770999999999986,0.2874000000000016,data/not_shared/wd_audio/WD_CI/xxxxxxxx170/xxxxxxxx170_stroop_W.wav,data/not_shared/wd_audio/WD_CI/xxxxxxxx170/xxxxxxxx170_stroop_task.wav,34.67030334472656,0.0249948967248201,33.658199310302734,35.23735046386719,35.36049270629883,1.7022933959960938,8.120537757873535,4.339860439300537,6.051445007324219,0.0,0.3597780764102936,0.3152081668376922,0.252168208360672,0.3912888765335083,0.4644764363765716,0.2123082280158996,0.5946844220161438,1.519783854484558,0.8017423152923584,0.0,0.1427134424448013,0.3594649136066437,49.962501525878906,0.0514364019036293,14.711682319641112,0.3210319578647613,5.154358863830566,0.5785487294197083,-13.477524757385254,-0.5199028253555298,0.0070568853989243,0.480215847492218,0.5240600109100342,0.457638680934906,11.985034942626951,0.0342292226850986,15.616326332092283,0.1043207198381424,45.49643325805664,0.0922138318419456,552.9217529296875,0.3402703404426574,1381.75048828125,0.1094671487808227,-7.285650253295898,-1.4425405263900757,1543.951416015625,0.2439346611499786,1027.90234375,0.1992546170949936,-30.718393325805664,-0.2957935929298401,2751.354736328125,0.1432809680700302,857.1369018554688,0.3000413179397583,-44.09870910644531,-0.1500681638717651,-29.32188034057617,-0.0957364737987518,39.117408752441406,0.1239524856209755,0.1095736175775528,0.1907161474227905,-0.0356527678668499,-0.1533779501914978,0.1617835015058517,0.2801775336265564,50.20401763916016,0.0502782687544822,13.81833553314209,0.3380790650844574,4.6088643074035645,0.5635063648223877,-15.993918418884276,-0.2387614995241165,0.0,0.0,0.0,0.0,0.0,2.777777910232544,3.3333334922790527,0.2899999916553497,0.0,0.0,0.0,-34.506343841552734
xxxxxxxx170,W,12,yellow,9.8117,10.0901,0.2783999999999995,0.2345000000000006,data/not_shared/wd_audio/WD_CI/xxxxxxxx170/xxxxxxxx170_stroop_W.wav,data/not_shared/wd_audio/WD_CI/xxxxxxxx170/xxxxxxxx170_stroop_task.wav,32.35961151123047,0.0271989405155181,31.965137481689453,32.544620513916016,32.97203826904297,1.0069007873535156,8.01643180847168,0.0,-205.70880126953125,0.0,0.5138887763023376,0.3190772235393524,0.37415412068367,0.5711544156074524,0.6797236800193787,0.3055695593357086,0.4576444625854492,2.714592456817627,1.9052743911743164,0.0,0.2127256989479065,0.3072515726089477,44.42470169067383,0.0799296498298645,-5.492762088775635,-0.7882544994354248,-19.396484375,-0.2686383426189422,-9.090752601623535,-1.0454453229904177,0.0209539514034986,0.3062066435813904,1.020708441734314,0.274209052324295,5.5459885597229,0.2423775494098663,13.079891204833984,0.2400753498077392,29.432201385498047,0.1365039199590683,596.0670776367188,0.3309037685394287,1472.5203857421875,0.0563014522194862,-4.543103218078613,-1.215022325515747,1383.4532470703125,0.1095900610089302,1119.3829345703125,0.0677917152643203,-2.0677270889282227,-3.971640348434448,2666.697265625,0.074165940284729,860.1055297851562,0.1322772949934005,-30.43940544128418,-0.1967701017856598,-3.4198267459869385,-1.1773899793624878,32.25222396850586,0.0891585946083068,0.0599642507731914,0.158580794930458,-0.0070600039325654,-1.787572145462036,0.252198576927185,0.1786570847034454,43.156211853027344,0.0761829391121864,-7.27540397644043,-0.4946237504482269,-21.06806945800781,-0.2358956187963485,-12.439447402954102,-0.7156981825828552,0.0,0.0,0.0,0.0,0.0,3.846153974533081,5.263157844543457,0.1799999922513961,0.0,0.0,0.0,-35.93672180175781
xxxxxxxx170,CW,1,yellow,1.5614,1.9715,0.4101000000000001,1.5614,data/not_shared/wd_audio/WD_CI/xxxxxxxx170/xxxxxxxx170_stroop_CW.wav,data/not_shared/wd_audio/WD_CI/xxxxxxxx170/xxxxxxxx170_stroop_task.wav,35.92443084716797,0.0257267914712429,34.85846328735352,36.027381896972656,36.77944946289063,1.9209861755371092,7.893617630004883,0.0,-17.746543884277344,0.0,0.9442399740219116,0.4597246348857879,0.45424285531044,1.095673441886902,1.3665372133255005,0.9122943878173828,13.694424629211426,0.0,-3.947152137756348,0.0,0.433500200510025,0.4604757726192474,37.960914611816406,0.1272096782922744,-10.52298641204834,-0.7887239456176758,-22.6470947265625,-0.3343742787837982,-23.845252990722656,-0.5197767019271851,0.0124419005587697,0.7522047758102417,0.7756857872009277,0.3789663314819336,8.38630485534668,0.2648108601570129,6.885430812835693,0.5965571403503418,27.68366050720215,0.196572870016098,713.98193359375,0.2481978982686996,1359.2257080078125,0.172165960073471,-1.0387238264083862,-3.3797974586486816,1467.1895751953125,0.1073671281337738,1065.5391845703125,0.2897814810276031,-0.3510023653507232,-24.180418014526367,2857.68798828125,0.0523418225347995,470.69769287109375,0.4464122354984283,-24.73562431335449,-0.2299623787403106,-2.361759185791016,-2.411463737487793,26.79275703430176,0.1039243564009666,0.110731266438961,0.2706791460514068,-0.0026815617457032,-7.6272125244140625,0.5011703372001648,0.306486964225769,36.93275833129883,0.1193002685904502,-11.226841926574709,-0.7829313278198242,-23.18547248840332,-0.3469837605953216,-26.011682510375977,-0.4646625816822052,0.0,0.0,0.0,0.0,0.0,2.500000238418579,2.941176414489746,0.3299999833106994,0.0,0.0,0.0,-28.083385467529297
xxxxxxxx170,CW,2,red,2.8715,3.2566,0.3851,0.9000000000000001,data/not_shared/wd_audio/WD_CI/xxxxxxxx170/xxxxxxxx170_stroop_CW.wav,data/not_shared/wd_audio/WD_CI/xxxxxxxx170/xxxxxxxx170_stroop_task.wav,36.21690368652344,0.0211098287254571,35.33325958251953,36.57993698120117,36.75577163696289,1.4225120544433594,11.723984718322754,0.0,6.216716766357422,0.0,0.5514407753944397,0.392114907503128,0.3290999829769134,0.6171292662620544,0.7548618912696838,0.4257619082927704,4.777346611022949,4.851210594177246,1.5427073240280151,0.0,0.2321506887674331,0.4996210038661957,46.368953704833984,0.0417739823460578,7.706974029541016,0.7800659537315369,3.327610969543457,1.0650824308395386,-30.55465507507324,-0.3096357882022857,0.0080439122393727,0.9041731953620912,0.4702808558940887,0.5860649943351746,12.443650245666504,0.1209912970662117,11.091692924499512,0.2270476371049881,40.08077621459961,0.073593646287918,588.1160888671875,0.3337214291095733,1410.5687255859375,0.1368844211101532,-9.31735610961914,-1.0437684059143066,1652.436767578125,0.2569010257720947,1096.04443359375,0.2305314689874649,-26.382953643798828,-0.2656634151935577,2749.300537109375,0.1200402826070785,1134.5416259765625,0.4370537400245666,-34.44438552856445,-0.1526539027690887,-27.5124454498291,-0.0594750270247459,36.51168823242188,0.07514189183712,0.118585780262947,0.1343213766813278,-0.0424301736056804,-0.1122577413916587,0.2574925720691681,0.5678354501724243,46.57138442993164,0.0433924086391925,5.8818769454956055,0.7923158407211304,2.9771196842193604,1.2377278804779053,-33.941795349121094,-0.1750278174877166,0.0,0.0,0.0,0.0,0.0,2.702702760696411,3.225806474685669,0.2999999821186065,0.0,0.0,0.0,-29.94182586669922
xxxxxxxx170,CW,3,blue,4.0967,4.5287,0.4319999999999995,0.8401000000000001,data/not_shared/wd_audio/WD_CI/xxxxxxxx170/xxxxxxxx170_stroop_CW.wav,data/not_shared/wd_audio/WD_CI/xxxxxxxx170/xxxxxxxx170_stroop_task.wav,34.93976974487305,0.021098667755723,34.09107971191406,35.275081634521484,35.6343879699707,1.5433082580566406,11.609474182128906,0.7982667088508606,7.44517183303833,0.2032961845397949,0.991763174533844,0.5483779311180115,0.3763787746429443,1.0379215478897097,1.5844674110412598,1.2080886363983154,2.712879180908203,5.82150936126709,6.861731052398682,0.0,0.4662733078002929,0.566348135471344,31.17159080505371,0.1048955619335174,-15.230830192565918,-0.9105970859527588,-0.540916919708252,-23.103857040405277,4.0552825927734375,2.512713670730591,0.0141552211716771,0.7583982944488525,0.8473241329193115,0.3821870982646942,7.705556392669678,0.1757869869470596,12.128838539123535,0.5559394955635071,18.037919998168945,0.4368214309215545,701.8645629882812,0.2418159246444702,1297.3741455078125,0.1595989167690277,-2.3385488986968994,-2.9602622985839844,1650.2222900390625,0.1092787906527519,1029.7181396484375,0.3746286034584045,-7.659783363342285,-1.026156663894653,2751.10498046875,0.1036948561668396,566.874755859375,0.4683583080768585,-16.366334915161133,-0.4108383059501648,-6.16537618637085,-1.6068705320358276,21.2570858001709,0.2501574456691742,0.1024734228849411,0.1988976895809173,-0.0045496216043829,-2.245331048965454,0.5385959148406982,0.4309169352054596,30.72197151184082,0.1072219237685203,-17.001585006713867,-0.8356027603149414,-0.8011700510978699,-16.78446388244629,0.9174101948738098,7.460719585418701,0.0,0.0,0.0,0.0,0.0,2.3809523582458496,2.777777910232544,0.3499999940395355,0.0,0.0,0.0,-28.4653263092041
xxxxxxxx170,CW,4,green,5.0715,5.9245,0.8529999999999998,0.5428000000000006,data/not_shared/wd_audio/WD_CI/xxxxxxxx170/xxxxxxxx170_stroop_CW.wav,data/not_shared/wd_audio/WD_CI/xxxxxxxx170/xxxxxxxx170_stroop_task.wav,24.61066627502441,0.4334724843502044,14.782678604125977,19.463768005371094,38.24499130249024,23.462312698364254,47.12928771972656,30.216537475585938,120.90101623535156,47.536041259765625,0.2637980580329895,1.056954264640808,0.0652902498841285,0.1160332486033439,0.4359342455863952,0.3706440031528473,4.14025354385376,2.927189350128174,1.5275527238845823,0.0,0.1406584531068802,1.1678460836410522,32.422393798828125,0.1212272346019744,6.987382411956787,1.3182350397109983,27.66101455688477,0.568348228931427,2.2810089588165283,5.458211898803711,0.0736437663435936,1.1101566553115845,1.3918671607971191,0.8839810490608215,2.7811930179595947,1.9349830150604248,-9.71081829071045,-3.8273751735687256,0.0868300721049308,342.9620666503906,529.3013916015625,0.3102508783340454,1331.6536865234375,0.1447457671165466,-84.50484466552734,-1.1385875940322876,1802.88330078125,0.0976108238101005,633.90087890625,0.4180654287338257,-86.41696166992188,-0.978286862373352,2726.982421875,0.0776591151952743,1194.4278564453125,0.6400232911109924,-81.57367706298828,-1.0832160711288452,-18.992393493652344,-0.3363647758960724,22.88903045654297,0.3220430314540863,0.0726641863584518,0.463177889585495,-0.025962671265006,-0.2167602628469467,0.2258296608924865,0.7552506327629089,32.659366607666016,0.1521195173263549,4.724756717681885,2.3646161556243896,38.96943664550781,0.2426575720310211,-3.765503406524658,-3.3788487911224365,-19.715545654296875,29.530332565307617,-0.0024308362044394,-0.0105665512382984,0.0225367676466703,1.1904761791229248,1.2820513248443604,0.5,0.0,0.2800000011920929,0.0,-36.77138900756836
xxxxxxxx170,CW,5,green,8.2353,8.9556,0.7202999999999999,2.3108000000000004,data/not_shared/wd_audio/WD_CI/xxxxxxxx170/xxxxxxxx170_stroop_CW.wav,data/not_shared/wd_audio/WD_CI/xxxxxxxx170/xxxxxxxx170_stroop_task.wav,28.00484848022461,0.3667245507240295,14.935152053833008,32.570220947265625,38.32297897338867,23.387826919555664,86.29484558105469,0.0,-17.565996170043945,48.06189727783203,0.3921151757240295,0.7258943915367126,0.1021190881729126,0.3198673725128174,0.7433868050575256,0.641267716884613,2.1654844284057617,1.6262024641036987,1.809071660041809,0.0,0.2341110706329345,0.8333736658096313,32.29823684692383,0.1051006615161895,6.038084983825684,1.7201391458511353,32.63404846191406,0.4367693662643432,1.7825313806533811,6.5537872314453125,0.0557987466454505,1.169858694076538,1.201119065284729,0.6347265839576721,4.378236770629883,1.394914627075195,-5.248044490814209,-9.304494857788086,1.31422758102417,31.335447311401367,480.0310363769531,0.1985705494880676,1267.187255859375,0.1475522220134735,-23.632875442504883,-2.812506437301636,1751.6536865234375,0.0713244378566742,854.8176879882812,0.6620245575904846,-43.55841445922852,-1.218612790107727,2601.933837890625,0.065118208527565,983.3736572265624,0.3249898552894592,-35.81166076660156,-1.5536702871322632,-18.710813522338867,-0.3234063684940338,22.359981536865234,0.327210783958435,0.0840367525815963,0.2995871007442474,-0.0256214924156665,-0.2094387710094452,0.2848321199417114,0.6613413691520691,32.176422119140625,0.1152219027280807,4.041471481323242,2.597261905670166,37.84144592285156,0.2632951438426971,-0.7962477803230286,-14.30878448486328,-22.530086517333984,32.17548370361328,0.0298501588404178,-0.0130786886438727,0.0301168262958526,1.408450722694397,1.5384615659713743,0.5699999928474426,0.0,0.0599999986588954,0.0,-33.363277435302734
xxxxxxxx170,CW,6,blue,11.457,12.333,0.8759999999999994,2.5014000000000003,data/not_shared/wd_audio/WD_CI/xxxxxxxx170/xxxxxxxx170_stroop_CW.wav,data/not_shared/wd_audio/WD_CI/xxxxxxxx170/xxxxxxxx170_stroop_task.wav,30.10647201538086,0.1704380512237548,24.08892822265625,33.28437423706055,34.392513275146484,10.303585052490234,87.4746322631836,68.21102142333984,69.7064208984375,14.137911796569824,0.5353195667266846,0.8245750069618225,0.1890581101179123,0.2642535269260406,1.1000109910964966,0.9109528660774232,2.6788127422332764,0.0,-2.854010343551636,0.0,0.1833322495222091,0.8839520812034607,30.7441349029541,0.179595410823822,-10.28010368347168,-1.274456024169922,8.116765975952148,2.284668445587158,0.277979165315628,59.80879211425781,0.0781124532222747,1.785075068473816,1.1039243936538696,0.5164468884468079,3.725348472595215,1.301060914993286,5.511218070983887,1.6615995168685913,16.91490364074707,0.4126161932945251,631.0531616210938,0.3907984495162964,1075.1129150390625,0.1613928228616714,-10.656209945678713,-3.959825038909912,1622.8917236328125,0.1235214322805404,759.1660766601562,0.561845064163208,-20.86004066467285,-1.9248677492141724,2749.208984375,0.1027905568480491,521.557373046875,0.8422626256942749,-27.34876251220703,-1.420559048652649,-8.079922676086426,-0.6607499122619629,20.67347526550293,0.1979140192270279,0.0703083649277687,0.3920530676841736,-0.0053904573433101,-2.1688923835754395,0.2028157860040664,0.8107979893684387,30.353639602661133,0.1686145514249801,-11.518526077270508,-1.1635255813598633,7.16282844543457,2.596395969390869,-0.6970887184143066,-23.95230865478516,-8.479313850402832,16.376216888427734,0.0456761643290519,-0.0159357320517301,0.0861881151795387,1.1627907752990725,2.500000238418579,0.3649999797344208,0.0949999988079071,0.0199999995529651,0.0,-33.944786071777344
xxxxxxxx170,CW,7,yellow,13.5442,13.9383,0.3940999999999999,1.2111999999999998,data/not_shared/wd_audio/WD_CI/xxxxxxxx170/xxxxxxxx170_stroop_CW.wav,data/not_shared/wd_audio/WD_CI/xxxxxxxx170/xxxxxxxx170_stroop_task.wav,34.71577072143555,0.0269962791353464,33.5310173034668,35.15242004394531,35.3111686706543,1.7801513671875,8.992931365966797,0.0,8.50338077545166,0.0,0.7155756950378418,0.4251843690872192,0.3991969227790832,0.8161976933479309,0.9994033575057985,0.6002064347267151,5.194542407989502,0.0,-3.812988758087158,0.0,0.3265100419521332,0.4392582178115845,43.82837677001953,0.0588527508080005,-8.060186386108398,-1.03782057762146,-13.99553394317627,-0.4544853270053863,-21.71841812133789,-0.4981849789619446,0.0136991301551461,0.5309986472129822,0.9590250849723816,0.393642395734787,7.74172306060791,0.242894560098648,11.68467140197754,0.4964136481285095,31.461334228515625,0.1596836447715759,706.170166015625,0.2940196394920349,1388.56005859375,0.0956125482916832,-0.6518643498420715,-7.762476921081543,1494.733642578125,0.1230131909251213,1129.153076171875,0.1083406582474708,-13.128008842468262,-0.6691989302635193,2814.748046875,0.0425594709813594,683.9518432617188,0.3070470988750458,-30.09724235534668,-0.2104440182447433,-6.13904333114624,-1.1826040744781494,33.46976089477539,0.0591506361961364,0.0927494540810585,0.1643444746732711,-0.0075902543030679,-2.5104148387908936,0.3796387910842895,0.3108110129833221,43.654972076416016,0.0613428838551044,-9.911620140075684,-0.7894697785377502,-15.893170356750488,-0.3040609955787658,-24.841552734375,-0.3431950211524963,0.0,0.0,0.0,0.0,0.0,2.6315789222717285,3.125,0.3100000023841858,0.0,0.0,0.0,-30.132577896118164
xxxxxxxx170,CW,8,red,14.8293,15.4319,0.6026000000000007,0.891,data/not_shared/wd_audio/WD_CI/xxxxxxxx170/xxxxxxxx170_stroop_CW.wav,data/not_shared/wd_audio/WD_CI/xxxxxxxx170/xxxxxxxx170_stroop_task.wav,34.30342483520508,0.0148322712630033,33.93083572387695,34.089630126953125,34.63520812988281,0.7043724060058594,10.194332122802734,2.0303823947906494,14.183876037597656,13.888683319091797,0.2804417312145233,0.8060192465782166,0.0783678293228149,0.1399200409650802,0.5690155625343323,0.4906477332115173,2.8718998432159424,2.0786468982696533,1.1990618705749512,0.0,0.1236561313271522,0.8832995891571045,42.69466400146485,0.1023259982466697,15.708975791931152,0.2533923089504242,9.35438060760498,0.4273724257946014,-3.191683769226074,-6.056946277618408,0.0198128726333379,0.7447759509086609,1.092070698738098,0.5694314241409302,9.623723030090332,0.2417854964733123,17.369129180908203,0.2438488006591797,40.26554870605469,0.1294131726026535,672.4545288085938,0.300960510969162,1462.563232421875,0.1245244964957237,-28.172164916992188,-1.5457581281661987,1758.0032958984375,0.202850267291069,1235.04443359375,0.2586174011230469,-45.04713439941406,-0.7949183583259583,2858.30712890625,0.1107178851962089,1008.9790649414062,0.2384888976812362,-52.6283073425293,-0.6448595523834229,-29.6692008972168,-0.0899915918707847,40.17178726196289,0.0595743358135223,0.0807638987898826,0.5507271885871887,-0.0291379205882549,-0.4609443843364715,0.1438689529895782,0.8187593221664429,43.95065689086914,0.0774242430925369,16.65806770324707,0.2117950469255447,9.132238388061523,0.4559723138809204,-7.117351055145264,-2.5874128341674805,-22.516765594482425,37.12680435180664,0.0126247024163603,-0.0046934001147747,0.0274763777852058,1.6949152946472168,1.886792540550232,0.4899999797344208,0.0,0.0199999995529651,0.0,-34.18960189819336
xxxxxxxx170,CW,9,red,16.8647,17.3196,0.4549000000000021,1.4327999999999983,data/not_shared/wd_audio/WD_CI/xxxxxxxx170/xxxxxxxx170_stroop_CW.wav,data/not_shared/wd_audio/WD_CI/xxxxxxxx170/xxxxxxxx170_stroop_task.wav,36.1777229309082,0.0193105898797512,35.276466369628906,36.51250076293945,36.678810119628906,1.40234375,8.468705177307129,0.0,3.851954221725464,0.0,0.4706502854824066,0.4862973690032959,0.1728837788105011,0.5560657382011414,0.6967473030090332,0.5238635540008545,3.288884401321411,0.0,-2.3261876106262207,0.0,0.1989912986755371,0.6848626136779785,41.690059661865234,0.2161322236061096,10.23525047302246,0.573736846446991,-1.3649884462356567,-4.021167278289795,-27.73863220214844,-0.399561196565628,0.0094834379851818,0.620595395565033,0.5309535264968872,0.6824938058853149,11.841973304748535,0.1998527348041534,11.804977416992188,0.2510199248790741,43.28798294067383,0.0581011176109313,568.3089599609375,0.3957139849662781,1496.790771484375,0.1158685013651847,-51.87727355957031,-1.424838304519653,1528.3297119140625,0.263121485710144,1232.642578125,0.2045314162969589,-48.45978546142578,-1.1770180463790894,2715.400390625,0.1093276366591453,935.418701171875,0.3567794859409332,-58.932254791259766,-0.8960949182510376,-27.786598205566406,-0.133832648396492,38.101707458496094,0.124903604388237,0.1140502542257309,0.2767757475376129,-0.0419607870280742,-0.1572341173887252,0.2437564730644226,0.5223114490509033,44.13581466674805,0.1079636290669441,9.383336067199709,0.4939602017402649,-1.8008465766906738,-2.2469522953033447,-32.7248420715332,-0.2401285618543625,-9.340267181396484,15.310664176940918,-0.0034835669212043,-0.0192604884505271,0.0455421432852745,2.2727272510528564,2.6315789222717285,0.3199999928474426,0.0,0.0399999991059303,0.0,-31.02325439453125
xxxxxxxx170,CW,10,blue,18.2934,18.7304,0.4370000000000011,0.9737999999999972,data/not_shared/wd_audio/WD_CI/xxxxxxxx170/xxxxxxxx170_stroop_CW.wav,data/not_shared/wd_audio/WD_CI/xxxxxxxx170/xxxxxxxx170_stroop_task.wav,34.20456314086914,0.0333895049989223,33.38954162597656,34.82215881347656,34.92182922363281,1.53228759765625,114.64971160888672,99.64043426513672,10.394827842712402,7.2529215812683105,0.8373273611068726,0.4406804740428924,0.4063615798950195,0.9229733943939208,1.2060056924819946,0.7996441125869751,7.214558124542236,0.0,-4.0407891273498535,0.0,0.326687216758728,0.5204678773880005,32.77945709228516,0.0904315784573555,-13.88031768798828,-0.9416985511779784,-1.3438938856124878,-10.855560302734377,5.159310340881348,1.7696669101715088,0.015848571434617,1.4102463722229004,1.0831154584884644,1.042365550994873,8.63012409210205,0.1624486446380615,9.784760475158691,0.5287178754806519,20.334321975708008,0.3104237616062164,736.73974609375,0.2385837882757187,1197.3521728515625,0.1472662538290023,-2.5900349617004395,-2.0732133388519287,1714.1785888671875,0.0899429395794868,829.7546997070312,0.1343492865562439,-9.406733512878418,-0.631404459476471,2892.499755859375,0.0476042628288269,602.4113159179688,0.5038833022117615,-19.947200775146484,-0.359580934047699,-6.934543132781982,-1.3475815057754517,22.52008628845215,0.2490011602640152,0.0936319604516029,0.2315049618482589,-0.0041525876149535,-2.722383975982666,0.3756286203861236,0.4081422984600067,32.43989181518555,0.0930484905838966,-15.837081909179688,-0.829089343547821,-2.047093391418457,-7.608057975769043,3.3599166870117188,2.56008243560791,0.0,0.0,0.0,0.0,0.0,2.3809523582458496,2.777777910232544,0.3499999940395355,0.0,0.0,0.0,-30.895790100097656
xxxxxxxx170,CW,11,green,19.2762,19.779,0.5028000000000006,0.5457999999999998,data/not_shared/wd_audio/WD_CI/xxxxxxxx170/xxxxxxxx170_stroop_CW.wav,data/not_shared/wd_audio/WD_CI/xxxxxxxx170/xxxxxxxx170_stroop_task.wav,30.51504898071289,0.3069331347942352,16.242158889770508,35.2994384765625,38.35468292236328,22.112524032592773,14.279223442077637,10.22397518157959,97.87222290039062,0.0,0.4195351600646972,0.4817548394203186,0.2038362920284271,0.3879053890705108,0.6288895010948181,0.425053209066391,1.0257413387298584,2.076570510864258,1.1144378185272217,0.0,0.238055795431137,0.5866727232933044,33.40919494628906,0.0925466045737266,2.277754545211792,3.53713607788086,38.19994354248047,0.2348384410142898,-0.4035471081733703,-28.436765670776367,0.0768941789865493,1.1816941499710083,1.1562776565551758,0.6799749732017517,4.817201614379883,1.4165871143341064,15.241153717041016,1.2263731956481934,15.257102012634276,0.3774727582931518,468.9546813964844,0.1505278497934341,1251.6187744140625,0.0965430364012718,0.0315733738243579,235.47862243652344,1752.2305908203125,0.0519088990986347,689.4163818359375,0.4194760322570801,-27.300212860107425,-0.2831493020057678,2591.80224609375,0.0546998381614685,792.6502685546875,0.109512947499752,-15.34833812713623,-0.4877089560031891,-17.770309448242188,-0.2797952890396118,20.8712215423584,0.2988596558570862,0.0910812616348266,0.2510675489902496,-0.0234365332871675,-0.3139037787914276,0.2648531794548034,0.5047193765640259,33.1027717590332,0.095309630036354,1.186154842376709,6.7441887855529785,40.801795959472656,0.1470637619495391,-2.743725538253784,-3.721904754638672,0.0,0.0,0.0,0.0,0.0,2.040816307067871,2.3255815505981445,0.4199999868869781,0.0,0.0,0.0,-34.40164566040039
xxxxxxxx170,CW,12,yellow,21.0302,21.3336,0.3033999999999999,1.2512000000000008,data/not_shared/wd_audio/WD_CI/xxxxxxxx170/xxxxxxxx170_stroop_CW.wav,data/not_shared/wd_audio/WD_CI/xxxxxxxx170/xxxxxxxx170_stroop_task.wav,33.26687240600586,0.0194515902549028,32.390724182128906,33.44118118286133,33.8568229675293,1.4660987854003906,16.791683197021484,3.272377014160156,11.232821464538574,0.0,0.681101381778717,0.3475306034088135,0.4125824272632599,0.785827100276947,0.8971293568611145,0.4845469295978546,9.006074905395508,0.0,-3.093771457672119,0.0,0.3273062407970428,0.3759333491325378,43.84022521972656,0.0503973066806793,-8.388007164001465,-0.9829365611076356,-16.863061904907227,-0.1874890625476837,-16.972801208496094,-0.8788574934005737,0.0116464579477906,0.5459973216056824,0.962489664554596,0.1628324687480926,6.855556011199951,0.2148807197809219,11.075575828552246,0.637459397315979,29.550485610961918,0.0665888339281082,661.1934204101562,0.307699054479599,1461.77099609375,0.208934411406517,-0.7346951365470886,-5.847844123840332,1428.0928955078125,0.1096401438117027,1134.0009765625,0.2399757951498031,-3.560509443283081,-1.7713699340820312,2781.962158203125,0.0482944138348102,770.78271484375,0.380004346370697,-28.357027053833008,-0.1167983338236808,-7.447869777679443,-0.6207579970359802,31.96595764160156,0.0583624690771102,0.0739320293068885,0.3799124658107757,-0.0162053685635328,-1.1647021770477295,0.3898783326148987,0.2368215769529342,43.42458724975586,0.0490059666335582,-9.739102363586426,-0.8777614831924438,-16.970186233520508,-0.2000257521867752,-21.63667297363281,-0.6037883162498474,0.0,0.0,0.0,0.0,0.0,3.4482760429382324,4.347826480865479,0.2199999988079071,0.0,0.0,0.0,-31.97895622253418
xxxxxxxx172,C,1,red,1.2242,1.6682,0.4439999999999999,1.2242,data/not_shared/wd_audio/WD_CI/xxxxxxxx172/xxxxxxxx172_stroop_C.wav,data/not_shared/wd_audio/WD_CI/xxxxxxxx172/xxxxxxxx172_stroop_task.wav,37.39104843139648,0.0437140762805938,35.78794479370117,36.76520919799805,39.34764099121094,3.5596961975097656,13.665887832641602,0.0,-3.1717936992645264,0.0,0.2533714175224304,0.2580423951148987,0.2072799205780029,0.2429693788290023,0.3170177638530731,0.1097378432750701,1.0870437622070312,1.1073631048202517,0.7769716382026672,0.2482895255088806,0.0761602446436882,0.3168383836746216,38.67924118041992,0.1536799073219299,10.82412815093994,0.5440415740013123,-3.7988786697387695,-2.5023930072784424,-28.65775680541992,-0.3038198053836822,0.0086485408246517,0.6673588156700134,0.7637510299682617,0.7554551362991333,12.391453742980955,0.0828582271933555,10.657855987548828,0.8274281024932861,34.609745025634766,0.1373621523380279,555.195556640625,0.3945605456829071,1541.7427978515625,0.1449135392904281,-13.949968338012695,-0.7948147654533386,1466.3575439453125,0.2853608131408691,1103.6263427734375,0.1625166088342666,-23.01436424255371,-0.4881532788276672,2831.710693359375,0.1125067844986915,973.8069458007812,0.4352915287017822,-40.99763870239258,-0.0803144350647926,-19.79521751403809,-0.4537204504013061,35.05583953857422,0.1662257462739944,0.0810392051935195,0.3063370287418365,-0.0356670320034027,-0.3067607879638672,0.0806178301572799,0.2699672877788543,39.48510360717773,0.1504940390586853,10.593955039978027,0.5764080286026001,-5.170783042907715,-1.8494997024536133,-30.178918838500977,-0.2785417139530182,0.0,0.0,0.0,0.0,0.0,4.651163101196289,2.702702760696411,0.3599999845027923,0.0,0.0,0.0,-41.70372009277344
xxxxxxxx172,C,2,yellow,1.7879,2.2858,0.4979,0.1197000000000001,data/not_shared/wd_audio/WD_CI/xxxxxxxx172/xxxxxxxx172_stroop_C.wav,data/not_shared/wd_audio/WD_CI/xxxxxxxx172/xxxxxxxx172_stroop_task.wav,36.39319610595703,0.0203561559319496,35.727779388427734,36.04793548583984,37.43357849121094,1.7057991027832031,10.657044410705566,0.0,2.061356544494629,2.68185830116272,0.2836697697639465,0.2702319324016571,0.2095539569854736,0.2937607765197754,0.3620141744613647,0.1524602174758911,0.5804638862609863,0.8253836035728455,0.7454164624214172,0.0,0.0496360957622528,0.3161820769309997,39.814727783203125,0.0605093352496624,1.2955909967422483,7.150742530822754,-7.2650322914123535,-1.0005711317062378,-20.299129486083984,-0.5607922077178955,0.005047520622611,0.7237924933433533,0.4808506369590759,0.5662795901298523,12.794779777526855,0.0667475387454032,8.16049861907959,0.688818633556366,31.35075187683105,0.1121365204453468,574.17529296875,0.3998073041439056,1573.1884765625,0.1601816713809967,-8.017044067382812,-0.3687121272087097,1404.2132568359375,0.1290288716554641,1116.869140625,0.2198876142501831,-15.018847465515137,-0.5858067870140076,2783.79150390625,0.0818894580006599,930.4862060546876,0.3127498626708984,-35.9948616027832,-0.093180775642395,-11.98460292816162,-0.5177069306373596,31.82749557495117,0.1152755096554756,0.0826394334435463,0.2442491352558136,-0.0115865226835012,-0.5071476101875305,0.0518121905624866,0.3145965039730072,39.92155075073242,0.0640191584825515,-1.070484638214111,-6.788490295410156,-8.627182006835938,-0.7757681608200073,-22.250377655029297,-0.4866167604923248,0.0,0.0,0.0,0.0,0.0,2.0833334922790527,2.3809523582458496,0.4099999964237213,0.0,0.0,0.0,-42.88003540039063
xxxxxxxx172,C,3,blue,2.5093,2.7837,0.2744,0.2235,data/not_shared/wd_audio/WD_CI/xxxxxxxx172/xxxxxxxx172_stroop_C.wav,data/not_shared/wd_audio/WD_CI/xxxxxxxx172/xxxxxxxx172_stroop_task.wav,35.39725112915039,0.0064419680275022,35.17502975463867,35.447200775146484,35.55881881713867,0.3837890625,6.821855068206787,2.979658842086792,6.176651954650879,0.4376518726348877,0.3273322880268097,0.2610763907432556,0.2487177401781082,0.3677633702754974,0.3974366188049316,0.1487188786268234,1.472377896308899,0.0,-0.6424137353897095,0.0,0.0462820976972579,0.3328397870063782,40.08209991455078,0.0416522100567817,-5.615907192230225,-2.4113214015960693,-5.196632385253906,-1.0752626657485962,-11.685611724853516,-0.1541090756654739,0.007027983199805,0.9224101901054382,0.4422089159488678,0.3100553154945373,12.08383083343506,0.0490662157535553,11.8639554977417,0.2944827079772949,30.564918518066406,0.2082917243242263,768.3689575195312,0.2450688779354095,1494.0330810546875,0.0867937952280044,-8.085686683654785,-0.5685218572616577,1631.3162841796875,0.099048912525177,1163.9852294921875,0.1427999138832092,-13.842318534851074,-0.5728117227554321,2890.1826171875,0.1013810709118843,919.260009765625,0.4110571444034576,-32.21464157104492,-0.1891827285289764,-13.727540016174316,-0.6626987457275391,34.00291061401367,0.1799052208662033,0.0967619270086288,0.1514749079942703,-0.001749925664626,-8.048884391784668,0.0441995486617088,0.271402895450592,40.40793991088867,0.041031252592802,-4.016138553619385,-3.753700256347656,-4.978240489959717,-1.2696914672851562,-12.058342933654783,-0.1379702985286712,0.0,0.0,0.0,0.0,0.0,3.846153974533081,5.000000476837158,0.1899999976158142,0.0,0.0,0.0,-42.534515380859375
xxxxxxxx172,C,4,green,2.8705,3.3474,0.4769000000000001,0.0867999999999997,data/not_shared/wd_audio/WD_CI/xxxxxxxx172/xxxxxxxx172_stroop_C.wav,data/not_shared/wd_audio/WD_CI/xxxxxxxx172/xxxxxxxx172_stroop_task.wav,38.7624626159668,0.0468511059880256,37.186798095703125,39.40158081054688,40.21912384033203,3.0323257446289062,11.44290256500244,0.0,-27.8207950592041,0.0,0.2402581870555877,0.1655548363924026,0.2088310271501541,0.2301559150218963,0.2851332426071167,0.0763022154569625,0.684590756893158,0.3309298157691955,0.0827463865280151,0.5075926184654236,0.1044086441397667,0.2201034277677536,35.88774490356445,0.1146808266639709,18.949785232543945,0.3718120455741882,14.287841796875,0.3187585175037384,-16.395315170288086,-0.401500254869461,0.0114288898184895,0.4274389743804931,0.7278152108192444,0.4769635796546936,12.78617000579834,0.1371537297964096,25.482393264770508,0.1292787045240402,33.67466735839844,0.1455236077308654,715.3936157226562,0.1289872229099273,1117.22021484375,0.1412608623504638,-27.84239196777344,-0.3533011078834533,1916.4537353515625,0.0801115408539772,1015.20458984375,0.5011495351791382,-41.18755340576172,-0.1562875658273697,2787.321044921875,0.061865895986557,627.9440307617188,0.3088883459568023,-38.739871978759766,-0.1193100064992904,-29.738584518432617,-0.1363302767276764,35.823909759521484,0.1405469179153442,0.0809355750679969,0.2648201286792755,-0.0375981479883194,-0.1574656963348388,0.1085091084241867,0.1685619056224823,35.90745162963867,0.12246023863554,17.348262786865234,0.3513137102127075,13.051827430725098,0.2550461590290069,-17.16889190673828,-0.38863405585289,0.0,0.0,0.0,0.0,0.0,4.347826480865479,2.500000238418579,0.3899999856948852,0.0,0.0,0.0,-39.52230453491211
xxxxxxxx172,C,5,green,3.4551,3.7874,0.3323,0.1076999999999999,data/not_shared/wd_audio/WD_CI/xxxxxxxx172/xxxxxxxx172_stroop_C.wav,data/not_shared/wd_audio/WD_CI/xxxxxxxx172/xxxxxxxx172_stroop_task.wav,38.695220947265625,0.0152193149551749,38.15873336791992,38.57621383666992,39.36254119873047,1.2038078308105469,15.327858924865724,2.601933479309082,-2.71774959564209,8.83220386505127,0.2345213890075683,0.3338695764541626,0.1358032077550888,0.2707676887512207,0.3034886419773102,0.1676854342222213,0.2242501676082611,0.5973733067512512,1.2505611181259155,0.0,0.0739840492606163,0.4882350564002991,34.58154296875,0.092334546148777,18.82009696960449,0.2450686395168304,14.963417053222656,0.3118762373924255,-14.690683364868164,-0.6711651086807251,0.0129034304991364,0.6244903802871704,0.7688850164413452,0.713745653629303,13.557623863220217,0.0883454829454422,26.777198791503903,0.1924469172954559,35.04597854614258,0.1084757968783378,744.3294067382812,0.0157654955983161,1037.31689453125,0.0771546363830566,-31.17124938964844,-0.0821275115013122,1987.9554443359373,0.0473846904933452,677.55712890625,0.3386715352535248,-40.04893112182617,-0.1633537262678146,2940.77099609375,0.0205609947443008,641.1853637695312,0.2135775834321975,-39.440032958984375,-0.1610025614500045,-29.185659408569336,-0.1155061796307563,36.28715515136719,0.1644927412271499,0.0890423655509948,0.1469950526952743,-0.0331678837537765,-0.1435027122497558,0.0640810430049896,0.2740179896354675,34.94200897216797,0.0953468680381774,18.630428314208984,0.2659160196781158,14.965349197387695,0.3335480690002441,-14.672093391418455,-0.7287750840187073,0.0,0.0,0.0,0.0,0.0,3.125,3.7037038803100586,0.2599999904632568,0.0,0.0,0.0,-40.134185791015625
xxxxxxxx172,C,6,blue,3.8832,4.2344,0.3511999999999999,0.0958000000000001,data/not_shared/wd_audio/WD_CI/xxxxxxxx172/xxxxxxxx172_stroop_C.wav,data/not_shared/wd_audio/WD_CI/xxxxxxxx172/xxxxxxxx172_stroop_task.wav,33.72499084472656,0.0273654237389564,33.613956451416016,33.843414306640625,34.17897415161133,0.5650177001953125,52.5022087097168,32.7830810546875,8.985345840454102,0.0,0.3428210914134979,0.2805213928222656,0.2293985486030578,0.3628343343734741,0.4350959062576294,0.2056973576545715,1.6902998685836792,0.0,-1.2647192478179932,0.0,0.1054851189255714,0.2381432652473449,38.47716522216797,0.0810103118419647,9.476373672485352,1.3064532279968262,-3.911768913269043,-2.193521738052368,-7.401516914367676,-0.4614181518554687,0.0273701138794422,2.111034154891968,1.1281511783599854,0.2648911476135254,8.84178352355957,0.1272676289081573,18.2108211517334,0.2731801867485046,43.59984588623047,0.1199346855282783,743.70361328125,0.1906960904598236,1254.38525390625,0.0558336973190307,-2.6759090423583984,-1.7279322147369385,1735.9119873046875,0.0416843853890895,913.7145385742188,0.1976598352193832,-17.705801010131836,-0.3960470855236053,3088.520751953125,0.0341193825006485,642.593017578125,0.2598805427551269,-35.97979736328125,-0.1287402659654617,-22.481876373291016,-0.4337411224842071,41.112430572509766,0.142395943403244,0.1167328804731369,0.0893865898251533,-0.0200433377176523,-0.3866694867610931,0.1060449257493019,0.2101486772298813,39.45864868164063,0.0624130740761756,9.466056823730469,1.4391977787017822,-3.0939860343933105,-2.982139110565185,-7.315033912658691,-0.5007189512252808,0.0,0.0,0.0,0.0,0.0,2.941176414489746,3.5714285373687744,0.2699999809265136,0.0,0.0,0.0,-38.94744491577149
xxxxxxxx172,C,7,yellow,4.379,4.7761,0.3971,0.1445999999999996,data/not_shared/wd_audio/WD_CI/xxxxxxxx172/xxxxxxxx172_stroop_C.wav,data/not_shared/wd_audio/WD_CI/xxxxxxxx172/xxxxxxxx172_stroop_task.wav,34.7431755065918,0.0317202992737293,33.75647735595703,34.709808349609375,36.00706481933594,2.2505874633789062,23.33084297180176,0.0,9.066744804382324,7.919676780700684,0.2452977746725082,0.3414582014083862,0.1527555286884308,0.2353820949792862,0.3394109606742859,0.1866554319858551,0.692594587802887,0.5615760087966919,1.209860920906067,0.0,0.0838770866394043,0.3344734609127044,37.35425567626953,0.1145288497209549,17.807025909423828,0.3937293291091919,-4.382850646972656,-2.614309072494507,-24.558595657348636,-0.3987118005752563,0.0154549311846494,0.6366819143295288,0.8733126521110535,0.3293691277503967,9.924566268920898,0.122982271015644,15.625919342041016,0.455631822347641,42.31278991699219,0.1375503689050674,487.0523986816406,0.3970373570919037,1616.2174072265625,0.2077793329954147,-9.202741622924805,-0.7395383715629578,1374.073486328125,0.18111152946949,1120.3270263671875,0.2307694405317306,-20.7846736907959,-0.5000630617141724,2750.59033203125,0.1019554361701011,1238.1436767578125,0.5117760300636292,-42.448341369628906,-0.1339089274406433,-17.32474708557129,-0.3402492702007293,36.201942443847656,0.084716610610485,0.0994767397642135,0.2119226455688476,-0.0181093756109476,-0.2787371575832367,0.0946055874228477,0.1973318010568618,38.3455810546875,0.1025157049298286,16.81587791442871,0.4226753413677215,-7.86007833480835,-1.1259796619415283,-27.064416885375977,-0.3174127042293548,0.0,0.0,0.0,0.0,0.0,2.6315789222717285,3.125,0.3100000023841858,0.0,0.0,0.0,-42.015907287597656
xxxxxxxx172,C,8,red,4.847,5.1443,0.2972999999999999,0.0709000000000008,data/not_shared/wd_audio/WD_CI/xxxxxxxx172/xxxxxxxx172_stroop_C.wav,data/not_shared/wd_audio/WD_CI/xxxxxxxx172/xxxxxxxx172_stroop_task.wav,33.4471435546875,0.0378454960882663,32.173057556152344,33.03754425048828,34.97572326660156,2.8026657104492188,25.732378005981445,0.0,45.81425476074219,0.0,0.179532378911972,0.2621405124664306,0.138189747929573,0.1916674524545669,0.2259321808815002,0.0877424329519271,1.464065670967102,0.0,-0.7059162855148315,0.0,0.0658319145441055,0.47222501039505,42.33542251586914,0.0951064303517341,22.78123664855957,0.1425778418779373,-3.790806770324707,-2.0746209621429443,-22.0048828125,-0.5816195011138916,0.0151738636195659,0.680701732635498,0.7937444448471069,0.4906412959098816,8.785135269165039,0.1853005439043045,10.828372955322266,0.4295614361763,48.56425094604492,0.0892962962388992,380.5765686035156,0.3153422474861145,1448.8221435546875,0.0620510019361972,1.9445750713348389,3.934907913208008,1243.5079345703125,0.152812510728836,1038.9749755859375,0.2951711416244507,-20.19697570800781,-0.6238076090812683,2635.744140625,0.0399917028844356,963.6176147460938,0.3293266892433166,-45.303741455078125,-0.0864251106977462,-20.7165470123291,-0.3627849519252777,40.1848258972168,0.0841632783412933,0.0886392444372177,0.1751554310321808,-0.0391422137618064,-0.2157204002141952,0.0738512352108955,0.4078132808208465,43.09588241577149,0.0971304923295974,22.54532623291016,0.1488806903362274,-7.007063388824463,-0.6932494640350342,-27.42072868347168,-0.2908057570457458,0.0,0.0,0.0,0.0,0.0,3.5714285373687744,4.545454502105713,0.209999993443489,0.0,0.0,0.0,-45.00699996948242
xxxxxxxx172,C,9,yellow,5.5494,5.8048,0.2553999999999998,0.4051,data/not_shared/wd_audio/WD_CI/xxxxxxxx172/xxxxxxxx172_stroop_C.wav,data/not_shared/wd_audio/WD_CI/xxxxxxxx172/xxxxxxxx172_stroop_task.wav,34.98391342163086,0.0068114511668682,34.83531188964844,34.871925354003906,35.14775848388672,0.3124465942382812,10.109806060791016,0.0,1.239776611328125,0.0,0.3556615114212036,0.2504141330718994,0.2555680572986603,0.3749879598617553,0.4461051821708679,0.1905371248722076,2.8119120597839355,0.0,-1.769414305686951,0.0,0.0587596297264099,0.2148273438215255,41.051025390625,0.0399276316165924,6.297053337097168,1.0016593933105469,-11.131943702697754,-0.2584735155105591,-33.14241027832031,-0.2546847462654114,0.0092139542102813,1.3632241487503052,0.9434324502944946,1.5248284339904783,12.721633911132812,0.0184375457465648,9.35478973388672,0.2491372674703598,33.554595947265625,0.1037690639495849,810.51220703125,0.3458587527275085,1638.861328125,0.122898481786251,-3.250185966491699,-0.6736426949501038,1497.8853759765625,0.1550604254007339,1546.23388671875,0.3304156363010406,-16.757041931152344,-0.3892875611782074,3110.41162109375,0.0740675553679466,522.427490234375,0.7227262258529663,-30.511173248291016,-0.1878470331430435,-11.384480476379396,-0.1291375458240509,30.09224510192871,0.0984245985746383,0.1200578585267067,0.1938643008470535,-0.0151869030669331,-0.240038126707077,0.0620567500591278,0.2503681480884552,41.238037109375,0.0439028926193714,3.430396556854248,1.267554759979248,-12.036792755126951,-0.2291201651096344,-36.97939300537109,-0.1585539430379867,0.0,0.0,0.0,0.0,0.0,4.1666669845581055,5.555555820465088,0.1700000017881393,0.0,0.0,0.0,-40.04913330078125
xxxxxxxx172,C,10,red,6.0393,6.3356,0.2963000000000004,0.2344999999999997,data/not_shared/wd_audio/WD_CI/xxxxxxxx172/xxxxxxxx172_stroop_C.wav,data/not_shared/wd_audio/WD_CI/xxxxxxxx172/xxxxxxxx172_stroop_task.wav,32.66337203979492,0.0754003524780273,32.44869613647461,33.047569274902344,34.120086669921875,1.6713905334472656,502.50885009765625,0.0,8.530265808105469,0.0,0.2500564455986023,0.0970917418599128,0.2335854768753051,0.2475346028804779,0.2731649577617645,0.0395794808864593,1.1627507209777832,0.6317137479782104,0.1367999017238617,0.6183985471725464,0.0854939967393875,0.4000458121299743,46.05084991455078,0.0288032740354537,20.496997833251957,0.1412582546472549,-4.861659526824951,-0.9578350782394408,-24.45995140075684,-0.2612221240997314,0.0086677623912692,0.5275053977966309,0.5762822031974792,0.2786466479301452,9.724447250366213,0.3170124590396881,4.053215503692627,8.31814193725586,37.38278198242188,0.919506311416626,358.6028747558594,0.0349542610347271,1379.8267822265625,0.0286659784615039,9.330738067626951,0.4058530032634735,1189.346923828125,0.016792194917798,928.879638671875,0.0400018952786922,-12.143935203552246,-0.2723305225372314,2640.129638671875,0.0190809965133667,796.8685913085938,0.3268862068653106,-38.5503158569336,-0.0808454006910324,-20.93858337402344,-0.2633162140846252,43.27755355834961,0.0730008855462074,0.109295904636383,0.1169570982456207,-0.0382834784686565,-0.0996117144823074,0.0991602763533592,0.3001311421394348,46.0094108581543,0.0244842637330293,19.46156311035156,0.1213800385594368,-6.284929275512695,-0.6736171841621399,-27.081520080566406,-0.1567547917366027,0.0,0.0,0.0,0.0,0.0,7.142857074737549,4.545454502105713,0.209999993443489,0.0,0.0,0.0,-39.89845657348633
xxxxxxxx172,C,11,green,6.4952,6.6279,0.1327000000000007,0.1595999999999993,data/not_shared/wd_audio/WD_CI/xxxxxxxx172/xxxxxxxx172_stroop_C.wav,data/not_shared/wd_audio/WD_CI/xxxxxxxx172/xxxxxxxx172_stroop_task.wav,38.300811767578125,0.0051859999075531,38.17474365234375,38.39202117919922,38.46454620361328,0.2898025512695312,0.0,0.0,-0.0850779190659523,0.0,0.2787248194217682,0.0511876568198204,0.2634859681129455,0.2789992392063141,0.2924638390541076,0.0289778709411621,0.619131326675415,0.0,-0.6337993144989014,0.0,0.104351706802845,0.2288564443588256,32.56785583496094,0.0733754262328147,19.466711044311523,0.0650121495127677,15.935340881347656,0.3170196413993835,-14.852025032043455,-0.1947525441646576,0.0052058575674891,0.2006631344556808,0.8703118562698364,0.2674417793750763,13.12005615234375,0.0191092509776353,35.417823791503906,0.021748723462224,35.385047912597656,0.0197273306548595,728.8759155273438,0.0285064820200204,1311.431884765625,0.0295210089534521,-36.49638366699219,-0.0185026004910469,1779.62060546875,0.0576211996376514,1201.7960205078125,0.1429125219583511,-34.95685958862305,-0.1329321414232254,2766.605712890625,0.0066432277671992,498.3670043945313,0.122178815305233,-36.46360778808594,-0.0242033936083316,-28.9598388671875,-0.0277726892381906,36.0291862487793,0.037897128611803,0.1008788645267486,0.2085570394992828,-0.0309063475579023,-0.1001440584659576,0.1090535968542099,0.0517327338457107,34.687286376953125,0.0325980558991432,19.91025924682617,0.0287308450788259,11.769434928894045,0.3405424952507019,-12.419180870056152,-0.0927485153079032,0.0,0.0,0.0,0.0,0.0,8.333333969116211,16.666667938232422,0.0499999970197677,0.0,0.0,0.0,-38.59636688232422
xxxxxxxx172,C,12,blue,6.6868,7.088,0.4012000000000002,0.0588999999999995,data/not_shared/wd_audio/WD_CI/xxxxxxxx172/xxxxxxxx172_stroop_C.wav,data/not_shared/wd_audio/WD_CI/xxxxxxxx172/xxxxxxxx172_stroop_task.wav,33.89710235595703,0.0243075843900442,33.44575500488281,34.11931610107422,34.4354133605957,0.9896583557128906,43.17686462402344,19.37430000305176,13.100560188293455,5.411430835723877,0.2004919648170471,0.1736799776554107,0.1725879609584808,0.2108557373285293,0.2301616072654724,0.0575736463069915,0.5069769024848938,0.276177704334259,0.6159441471099854,0.7533989548683167,0.082006387412548,0.4123160243034363,35.029422760009766,0.1485162526369094,18.39706802368164,0.5017477869987488,5.928272247314453,1.490302562713623,0.6249309778213501,12.855501174926758,0.0210299957543611,0.3687216639518738,1.4092788696289062,0.3464608192443847,7.68931770324707,0.3345993161201477,24.430408477783203,0.2159172743558883,45.760009765625,0.2175063639879226,616.4378051757812,0.2450285106897354,1274.7618408203125,0.0736057087779045,-9.114706039428713,-0.8640117049217224,1664.1844482421875,0.0954859778285026,986.2796020507812,0.2351760417222976,-27.81113815307617,-0.2248977422714233,2873.828125,0.1094665229320526,890.5350341796875,0.6026043891906738,-40.451637268066406,-0.1707003265619278,-27.69540786743164,-0.2559076249599457,42.64008712768555,0.1600980460643768,0.1023146510124206,0.1374950557947158,-0.0229453667998313,-0.3471863865852356,0.0919454917311668,0.3541858494281769,36.45023727416992,0.1191201731562614,21.377687454223636,0.3008094429969787,4.162428379058838,2.0367956161499023,-1.3251636028289795,-5.372661113739014,0.0,0.0,0.0,0.0,0.0,7.692307949066162,3.030303239822388,0.3199999928474426,0.0,0.0,0.0,-42.21287536621094
xxxxxxxx172,W,1,yellow,0.9907,1.4647,0.4739999999999998,0.9907,data/not_shared/wd_audio/WD_CI/xxxxxxxx172/xxxxxxxx172_stroop_W.wav,data/not_shared/wd_audio/WD_CI/xxxxxxxx172/xxxxxxxx172_stroop_task.wav,37.33740615844727,0.0456623584032058,35.81930923461914,36.27071380615234,39.54346466064453,3.724155426025391,0.1114109009504318,0.0,0.0,0.0,0.3588728010654449,0.474155068397522,0.1849667578935623,0.3209716081619262,0.5506481528282166,0.3656814098358154,5.731231212615967,0.0,-1.4027981758117676,0.0,0.0963844582438469,0.3882979154586792,35.385353088378906,0.1184356585144996,-0.5690459609031677,-19.60419464111328,-7.919386863708496,-1.5317875146865845,-29.180931091308597,-0.3461326956748962,0.0133530143648386,1.7756928205490112,0.941221296787262,0.8662375211715698,11.37193775177002,0.1198095679283142,6.308994293212891,1.8106942176818848,24.702373504638672,0.1639644801616668,518.6935424804688,0.3579210937023163,1478.257080078125,0.1262759268283844,-5.4097819328308105,-0.5562918186187744,1323.46875,0.1091141030192375,1153.86767578125,0.3168950080871582,-11.95839500427246,-1.0341836214065552,2739.636474609375,0.0850446075201034,830.2120361328125,0.6256610751152039,-32.58448791503906,-0.1647601276636123,-7.852551460266113,-1.1126251220703125,29.977537155151367,0.1707820743322372,0.0831901952624321,0.294512927532196,-0.0099407425150275,-1.0469738245010376,0.1054543778300285,0.318610668182373,35.71429443359375,0.1231026872992515,-2.846396207809448,-3.562582969665528,-11.05299186706543,-0.8695115447044373,-31.57982444763184,-0.2661870718002319,0.0,0.0,0.0,0.0,0.0,2.1739132404327397,2.500000238418579,0.3899999856948852,0.0,0.0,0.0,-39.3415412902832
xxxxxxxx172,W,2,red,1.6433,2.0324,0.3891,0.1786000000000001,data/not_shared/wd_audio/WD_CI/xxxxxxxx172/xxxxxxxx172_stroop_W.wav,data/not_shared/wd_audio/WD_CI/xxxxxxxx172/xxxxxxxx172_stroop_task.wav,36.74844741821289,0.02026242390275,36.19264221191406,36.38090896606445,37.28890609741211,1.0962638854980469,16.147470474243164,0.0,5.946513652801514,0.0,0.2477023154497146,0.224014475941658,0.1876636147499084,0.2451927810907364,0.3087134659290313,0.1210498511791229,1.3840548992156982,0.437213271856308,0.3480247557163238,0.3546114563941955,0.0632172301411628,0.2443313300609588,41.84989929199219,0.067765787243843,14.244253158569336,0.3317556381225586,-5.607759952545166,-2.163386821746826,-26.815149307250977,-0.4269760251045227,0.0086491703987121,1.1827605962753296,0.6434139013290405,0.7005957961082458,12.768725395202637,0.0590712912380695,10.408706665039062,0.8354568481445312,38.69116973876953,0.0778539478778839,500.5292053222656,0.3157711029052734,1496.739501953125,0.0964004248380661,-13.779414176940918,-0.9135388135910034,1434.2088623046875,0.2158950120210647,1261.44921875,0.2667694985866546,-25.4913387298584,-0.4062807857990265,2780.950439453125,0.0507461205124855,1062.6978759765625,0.505403995513916,-42.15475845336914,-0.0341855026781559,-23.178302764892575,-0.2970145046710968,36.5816650390625,0.0945408195257186,0.0991838574409484,0.1952017545700073,-0.0363267436623573,-0.1823795437812805,0.0636766031384468,0.2280218005180359,42.262454986572266,0.0688705593347549,13.323386192321776,0.3459394872188568,-9.43380069732666,-0.9692199230194092,-29.931753158569336,-0.3277349770069122,0.0,0.0,0.0,0.0,0.0,5.405405521392822,3.225806474685669,0.2999999821186065,0.0,0.0,0.0,-41.8774528503418
xxxxxxxx172,W,3,green,2.1371,2.5482,0.4110999999999998,0.1047000000000002,data/not_shared/wd_audio/WD_CI/xxxxxxxx172/xxxxxxxx172_stroop_W.wav,data/not_shared/wd_audio/WD_CI/xxxxxxxx172/xxxxxxxx172_stroop_task.wav,39.21751403808594,0.0510703846812248,37.41084671020508,40.10459518432617,40.92761993408203,3.516773223876953,14.375332832336426,0.0,-36.480953216552734,0.0,0.2575915455818176,0.2959333062171936,0.1789777278900146,0.2563979625701904,0.3301749229431152,0.1511971950531005,0.4864234328269958,0.683702826499939,0.9144747257232666,0.0,0.1137767881155014,0.3171144127845764,30.581586837768555,0.1894295364618301,16.165607452392578,0.4697353839874267,19.42039680480957,0.2397193163633346,-10.036140441894531,-0.8519587516784668,0.0116502847522497,0.4952755272388458,0.8297659158706665,0.4416575133800506,11.879950523376465,0.2124765664339065,27.565486907958984,0.1837438195943832,27.308368682861328,0.213824838399887,727.9923706054688,0.1322691142559051,1176.1304931640625,0.1210247799754142,-34.090415954589844,-0.2002326548099517,1894.7276611328125,0.0967121794819831,797.1585693359375,0.5922039747238159,-37.773067474365234,-0.1620834171772003,2866.000732421875,0.0556412488222122,643.7145385742188,0.2318727076053619,-35.51573181152344,-0.1522061079740524,-25.902633666992188,-0.2021571099758148,30.515535354614254,0.229766309261322,0.0799277201294899,0.3291192352771759,-0.0281416121870279,-0.2590673863887787,0.1182832643389701,0.2837096154689789,30.097461700439453,0.2045469284057617,14.175416946411133,0.4512733817100525,18.43349838256836,0.2325854152441024,-11.651325225830078,-0.7089833617210388,0.0,0.0,0.0,0.0,0.0,2.500000238418579,2.941176414489746,0.3299999833106994,0.0,0.0,0.0,-39.36794662475586
xxxxxxxx172,W,4,blue,2.7976,3.2007,0.4030999999999998,0.2494,data/not_shared/wd_audio/WD_CI/xxxxxxxx172/xxxxxxxx172_stroop_W.wav,data/not_shared/wd_audio/WD_CI/xxxxxxxx172/xxxxxxxx172_stroop_task.wav,35.62432861328125,0.0180983655154705,35.104957580566406,35.342227935791016,36.12646484375,1.0215072631835938,10.85159397125244,0.0,3.7974040508270255,0.0,0.3050536215305328,0.4080354571342468,0.1813001036643982,0.2924446761608124,0.4484894871711731,0.2671893835067749,3.7325339317321777,0.0,-1.1626644134521484,0.0,0.0832781791687011,0.266060471534729,35.473716735839844,0.0894551649689674,5.326091289520264,1.4828282594680786,-8.672858238220215,-0.870817244052887,0.0526137053966522,85.48323059082031,0.0098163159564137,0.9679492115974426,0.6316322088241577,0.4763936102390289,10.61432647705078,0.1039493009448051,7.725410461425781,0.4825868308544159,30.61150550842285,0.1879575401544571,807.432373046875,0.1199951618909835,1251.6484375,0.1216570064425468,-11.565167427062988,-0.4272058010101318,1685.85888671875,0.0823040455579757,830.2377319335938,0.2929684519767761,-16.90520668029785,-0.334424763917923,3125.020751953125,0.098206378519535,534.0956420898438,0.4549563229084015,-36.91529083251953,-0.1280411481857299,-13.87172794342041,-0.2954584062099457,35.58279037475586,0.0980446189641952,0.0913604274392128,0.1947775185108184,-0.0100445104762911,-0.7278026342391968,0.0895629525184631,0.211880087852478,35.111324310302734,0.0900955945253372,3.082495927810669,1.9778138399124143,-11.094067573547363,-0.4722295999526977,-1.4331104755401611,-2.0007643699646,0.0,0.0,0.0,0.0,0.0,2.5641026496887207,3.030303239822388,0.3199999928474426,0.0,0.0,0.0,-41.65105056762695
xxxxxxxx172,W,5,green,3.3444,3.7634,0.419,0.1436999999999999,data/not_shared/wd_audio/WD_CI/xxxxxxxx172/xxxxxxxx172_stroop_W.wav,data/not_shared/wd_audio/WD_CI/xxxxxxxx172/xxxxxxxx172_stroop_task.wav,38.61384201049805,0.036372136324644,37.11909484863281,39.19977569580078,39.813087463378906,2.6939926147460938,5.901829719543457,1.7701116800308228,22.503803253173828,0.0,0.2400697171688079,0.3000845611095428,0.1798813641071319,0.2409979552030563,0.3103655278682709,0.1304841637611389,0.5771467089653015,0.4558289051055908,1.3901317119598389,0.1977083086967468,0.0803893283009529,0.6214336156845093,33.05255889892578,0.1337911635637283,13.644282341003418,0.3904293775558471,15.678027153015137,0.1686892807483673,-11.5892972946167,-0.9997184872627258,0.0078690005466341,0.5365221500396729,0.5887925624847412,0.6592946648597717,12.890993118286133,0.1994658559560775,25.99862098693848,0.1975429803133011,28.231948852539062,0.1813800781965255,665.5820922851562,0.1908145248889923,1331.4873046875,0.142594426870346,-24.638063430786133,-0.542728841304779,1757.028564453125,0.1371156573295593,1199.806640625,0.2532859742641449,-36.293235778808594,-0.1579707860946655,2684.531005859375,0.0688659623265266,714.2823486328125,0.3700028955936432,-33.154937744140625,-0.1744440793991089,-25.751220703125,-0.198841780424118,31.049320220947266,0.2534271478652954,0.0752253010869026,0.2017233520746231,-0.0286791790276765,-0.2312800288200378,0.0701050534844398,0.5949352979660034,33.944366455078125,0.1220018118619918,13.565146446228027,0.4239495396614074,15.576177597045898,0.1689286082983017,-13.903664588928224,-0.7921169996261597,0.0,0.0,0.0,0.0,0.0,5.000000476837158,2.941176414489746,0.3299999833106994,0.0,0.0,0.0,-40.9191780090332
xxxxxxxx172,W,6,yellow,3.9321,4.2044,0.2722999999999995,0.1687000000000003,data/not_shared/wd_audio/WD_CI/xxxxxxxx172/xxxxxxxx172_stroop_W.wav,data/not_shared/wd_audio/WD_CI/xxxxxxxx172/xxxxxxxx172_stroop_task.wav,35.38408660888672,0.0121481977403163,35.0787467956543,35.22473907470703,35.79069519042969,0.7119483947753906,0.0743322372436523,0.0,0.0,0.0,0.2693751752376556,0.2623572051525116,0.190477654337883,0.2790829241275787,0.3346544802188873,0.1441768258810043,1.7756881713867188,0.0,-1.3420660495758057,0.0,0.0863329917192459,0.3362852931022644,39.46144485473633,0.0884809345006942,10.383108139038086,0.4872184097766876,-11.352778434753418,-0.6673630475997925,-17.531505584716797,-0.4621712267398834,0.0097463149577379,0.3041645288467407,0.8599483370780945,0.2408507466316223,10.626456260681152,0.0664145648479461,7.563698768615723,0.2613039910793304,34.16401290893555,0.0996367484331131,760.5792236328125,0.1501774042844772,1748.26416015625,0.1581587195396423,-12.203727722167969,-0.5062403678894043,1473.3319091796875,0.0558930560946464,1160.2269287109375,0.1165869459509849,-18.2304744720459,-0.3046378195285797,3008.34912109375,0.0623601078987121,909.7892456054688,0.4979293048381805,-37.65189743041992,-0.1046882644295692,-14.429880142211914,-0.2485914081335067,36.02275085449219,0.0435536839067935,0.1081384643912315,0.1538556963205337,-0.0062998691573739,-0.6500032544136047,0.0990434512495994,0.241886705160141,40.8316535949707,0.0667542591691017,8.1464204788208,0.3944069445133209,-14.27402114868164,-0.4125374853610992,-21.012401580810547,-0.2143003493547439,0.0,0.0,0.0,0.0,0.0,3.846153974533081,5.000000476837158,0.1899999976158142,0.0,0.0,0.0,-42.48110961914063
xxxxxxxx172,W,7,blue,4.3661,4.7193,0.3531999999999993,0.1617000000000006,data/not_shared/wd_audio/WD_CI/xxxxxxxx172/xxxxxxxx172_stroop_W.wav,data/not_shared/wd_audio/WD_CI/xxxxxxxx172/xxxxxxxx172_stroop_task.wav,34.274871826171875,0.01240477245301,33.92686462402344,34.114036560058594,34.75545883178711,0.8285942077636719,9.793718338012695,1.8581793308258057,21.010622024536133,6.5023932456970215,0.2872706353664398,0.3019352257251739,0.2045466303825378,0.2786821722984314,0.3796042203903198,0.1750575900077819,2.020782709121704,0.0,-1.2517499923706057,0.0,0.0663226619362831,0.2697029709815979,37.25817489624024,0.1269876211881637,6.529575347900391,1.2774585485458374,-6.529181003570557,-0.9725669026374816,-1.5725239515304563,-3.067102432250977,0.0097004352137446,0.6518235802650452,0.5535609722137451,0.5312293767929077,11.00024127960205,0.0947688445448875,20.60618782043457,0.1546185463666916,43.4759635925293,0.0417592637240886,805.8638916015625,0.1035651341080665,1269.699951171875,0.0566922985017299,-10.146860122680664,-0.3962604701519012,1683.5693359375,0.033635564148426,860.8038330078125,0.125711902976036,-17.3441219329834,-0.3303550481796264,3031.393310546875,0.0544691011309623,701.3866577148438,0.2173185348510742,-38.11092376708984,-0.0764553546905517,-18.554420471191406,-0.2949826121330261,39.445533752441406,0.0747650563716888,0.1083990558981895,0.1421364843845367,-0.0092592146247625,-0.7531166076660156,0.0679881945252418,0.2212975919246673,39.07363128662109,0.0643921419978141,5.552497386932373,1.5924186706542969,-6.502735137939453,-1.0671464204788208,-3.0205655097961426,-1.2176754474639893,0.0,0.0,0.0,0.0,0.0,2.941176414489746,3.5714285373687744,0.2699999809265136,0.0,0.0,0.0,-41.47504425048828
xxxxxxxx172,W,8,red,4.9637,5.1563,0.1925999999999996,0.2444000000000006,data/not_shared/wd_audio/WD_CI/xxxxxxxx172/xxxxxxxx172_stroop_W.wav,data/not_shared/wd_audio/WD_CI/xxxxxxxx172/xxxxxxxx172_stroop_task.wav,34.4930419921875,0.0101126208901405,34.11417388916016,34.481719970703125,34.82794189453125,0.7137680053710938,18.018978118896484,0.0,16.701433181762695,0.0,0.1649555414915084,0.2421206086874008,0.1287386119365692,0.1710371971130371,0.2061206698417663,0.0773820579051971,1.0294082164764404,0.0,-1.135278582572937,0.0,0.0512210987508297,0.3387909531593323,45.26534652709961,0.0451189875602722,23.878070831298828,0.1481049507856369,-2.892601490020752,-1.9238944053649905,-15.433953285217283,-0.5364804267883301,0.0074153379537165,0.2134643346071243,0.6221289038658142,0.4615374207496643,11.990500450134276,0.0224361885339021,23.141939163208008,0.1708062589168548,53.0200309753418,0.0466281771659851,352.07635498046875,0.069761261343956,1377.686279296875,0.0501242615282535,5.713159561157227,0.5536043047904968,1164.4276123046875,0.015382015146315,948.514892578125,0.0854880809783935,-17.107894897460938,-0.3603514730930328,2571.5322265625,0.0156993251293897,780.2444458007812,0.0773957520723342,-47.70179748535156,-0.023274028673768,-24.589893341064453,-0.2331451326608657,47.16123580932617,0.0580921024084091,0.1100229993462562,0.1781750172376632,-0.0327499061822891,-0.1472783982753753,0.0560600385069847,0.2736910879611969,46.20747375488281,0.0365107096731662,22.68933486938477,0.1399849951267242,-6.166967391967773,-0.5956753492355347,-20.541088104248047,-0.1791399419307708,0.0,0.0,0.0,0.0,0.0,5.555555820465088,8.333333969116211,0.1099999994039535,0.0,0.0,0.0,-43.68288040161133
xxxxxxxx172,W,9,blue,5.5354,5.8288,0.2934000000000001,0.3791000000000002,data/not_shared/wd_audio/WD_CI/xxxxxxxx172/xxxxxxxx172_stroop_W.wav,data/not_shared/wd_audio/WD_CI/xxxxxxxx172/xxxxxxxx172_stroop_task.wav,35.176021575927734,0.0056484509259462,34.94864654541016,35.22218322753906,35.312843322753906,0.36419677734375,5.160183429718018,0.0,6.220404624938965,0.0,0.3635631799697876,0.2912453114986419,0.281728982925415,0.3913473188877105,0.4540642201900482,0.1723352372646331,2.68520450592041,0.0,-1.771613597869873,0.0,0.0604404360055923,0.3270862102508545,39.47647857666016,0.0458836294710636,-3.67287540435791,-2.5980958938598637,-2.6463072299957275,-2.581404685974121,-5.762358665466309,-0.6301186084747314,0.0063021858222782,1.1540005207061768,0.4271718263626098,0.9475115537643432,12.108924865722656,0.1532990634441375,15.180818557739258,0.1633430570363998,33.711891174316406,0.1141305491328239,808.3071899414062,0.1639770120382309,1339.4954833984375,0.0465528964996337,-6.9998931884765625,-0.4188077449798584,1714.8443603515625,0.0391779281198978,866.2509765625,0.1359844654798507,-11.931705474853516,-0.3508579730987549,3143.213134765625,0.0383868105709552,451.12640380859375,0.1754258722066879,-32.8623161315918,-0.1472456455230713,-14.3726167678833,-0.4599687457084656,31.867170333862305,0.1601394712924957,0.1181013733148574,0.139528602361679,-0.0077333929948508,-0.6866121292114258,0.0621076934039592,0.3424313068389892,39.8329963684082,0.0382830165326595,-4.632359504699707,-2.26685643196106,-1.5433334112167358,-4.711979866027832,-6.496357440948486,-0.5441409945487976,0.0,0.0,0.0,0.0,0.0,3.5714285373687744,4.545454502105713,0.209999993443489,0.0,0.0,0.0,-40.28358840942383
xxxxxxxx172,W,10,green,5.9824,6.2827,0.3003,0.1535999999999999,data/not_shared/wd_audio/WD_CI/xxxxxxxx172/xxxxxxxx172_stroop_W.wav,data/not_shared/wd_audio/WD_CI/xxxxxxxx172/xxxxxxxx172_stroop_task.wav,37.83220291137695,0.054148506373167,35.60699462890625,38.82067108154297,39.53450012207031,3.9275054931640634,11.4441556930542,0.0,-38.08610534667969,0.0,0.2483124881982803,0.1188775971531868,0.2334377318620681,0.2494699507951736,0.2759364247322082,0.04249869287014,1.530744552612305,1.151529312133789,0.3149878680706024,0.559989869594574,0.0962792634963989,0.44682577252388,34.12872314453125,0.0506414324045181,16.453121185302734,0.3397214412689209,19.53340721130371,0.2034205198287964,-13.929556846618652,-0.5562260150909424,0.0173020791262388,1.1042773723602295,0.6781808733940125,0.866091787815094,10.998321533203123,0.321641206741333,26.685556411743164,0.1184923127293586,32.769859313964844,0.1179125905036926,609.9876708984375,0.1374048888683319,1348.7669677734375,0.0767753347754478,-21.469947814941406,-0.4388854205608368,1743.6337890625,0.1148188710212707,1104.2010498046875,0.2498181760311126,-33.85299301147461,-0.1246988400816917,2683.769287109375,0.0545937642455101,695.3684692382812,0.2692317366600036,-33.50252151489258,-0.0996007621288299,-25.58216857910156,-0.0804089680314064,30.8563175201416,0.1176133751869201,0.0871867090463638,0.2870820164680481,-0.0333481915295124,-0.1319999396800995,0.0916778966784477,0.4321145415306091,33.86323928833008,0.0472959950566291,14.141573905944824,0.2597839534282684,19.453611373901367,0.2077567875385284,-16.54869842529297,-0.3878045380115509,0.0,0.0,0.0,0.0,0.0,10.34482765197754,4.347826480865479,0.2199999988079071,0.0,0.0,0.0,-40.10450744628906
xxxxxxxx172,W,11,red,6.4483,6.6888,0.2404999999999999,0.1655999999999995,data/not_shared/wd_audio/WD_CI/xxxxxxxx172/xxxxxxxx172_stroop_W.wav,data/not_shared/wd_audio/WD_CI/xxxxxxxx172/xxxxxxxx172_stroop_task.wav,35.18818283081055,0.0028039168100804,35.115135192871094,35.17165756225586,35.2873649597168,0.1722297668457031,2.6095757484436035,0.0,-6.235377311706543,0.0,0.2086307257413864,0.1437934339046478,0.1867465078830719,0.2146824151277542,0.2373221218585968,0.0505756139755249,0.6867495179176331,0.1768045276403427,0.0518053360283374,0.6956079602241516,0.0916718244552612,0.361673355102539,45.60171890258789,0.0535977110266685,24.04780387878418,0.1675575077533722,-7.173737049102783,-0.8746911287307739,-22.294191360473636,-0.3040928542613983,0.0102893477305769,0.2224010229110717,1.2604286670684814,0.2988598942756653,10.375147819519045,0.104615569114685,13.531414031982422,0.3254773914813995,48.49699020385742,0.0360760204493999,379.65533447265625,0.2239324003458023,1473.984375,0.0806498825550079,-1.7024799585342407,-2.9004881381988525,1223.1282958984375,0.1696168631315231,1005.0662231445312,0.1160300150513649,-23.318336486816406,-0.5166763067245483,2626.775146484375,0.0823558941483497,979.0354614257812,0.1925704479217529,-49.13791275024414,-0.0349453464150428,-22.34315490722656,-0.3612822592258453,42.6524772644043,0.074619822204113,0.0940907523036003,0.1324428766965866,-0.0333074554800987,-0.1589818149805069,0.0954706668853759,0.3940616250038147,45.95924758911133,0.0508841276168823,22.57119369506836,0.1585693508386612,-9.331965446472168,-0.6341277956962585,-25.52665328979492,-0.1773532927036285,0.0,0.0,0.0,0.0,0.0,13.043478965759276,5.882352828979492,0.1599999964237213,0.0,0.0,0.0,-42.56480026245117
xxxxxxxx172,W,12,red,6.8913,7.2107,0.3193999999999999,0.2025000000000005,data/not_shared/wd_audio/WD_CI/xxxxxxxx172/xxxxxxxx172_stroop_W.wav,data/not_shared/wd_audio/WD_CI/xxxxxxxx172/xxxxxxxx172_stroop_task.wav,34.287986755371094,0.02396129257977,33.484825134277344,34.33746337890625,35.1025390625,1.6177139282226562,26.27173614501953,0.0,3.757540702819824,14.229226112365724,0.1489074826240539,0.3514401316642761,0.0862639993429184,0.1582435816526413,0.2060320377349853,0.1197680383920669,0.2597836256027221,0.6896901726722717,0.9432328343391418,0.0,0.0507012009620666,0.3319221138954162,41.199981689453125,0.0895691961050033,18.33455467224121,0.2584696114063263,-0.8950856924057007,-10.507305145263672,-7.686554431915283,-1.397538661956787,0.0136196836829185,0.4527415633201599,0.9471553564071656,0.4121380150318146,9.698089599609377,0.1042621880769729,19.055871963500977,0.2654040455818176,47.73675155639648,0.1099408194422721,388.97259521484375,0.1448346674442291,1420.9964599609375,0.1252709180116653,2.4737372398376465,2.529008150100708,1328.4813232421875,0.0900339037179946,986.9742431640624,0.1102210655808448,-22.072938919067383,-0.4152930378913879,2644.899658203125,0.0631732866168022,1329.8702392578125,0.3908266425132751,-46.3901252746582,-0.0514315702021122,-20.290401458740234,-0.251426100730896,41.8931999206543,0.0724998265504837,0.0818011164665222,0.3621335625648498,-0.0110282404348254,-0.3396927416324615,0.0575453452765941,0.2236608117818832,41.82730484008789,0.0923922732472419,18.03108787536621,0.2843503952026367,-4.502707958221436,-1.4871625900268557,-11.76457405090332,-0.6610503792762756,0.0,0.0,0.0,0.0,0.0,3.3333334922790527,4.1666669845581055,0.2299999892711639,0.0,0.0,0.0,-46.36910629272461
xxxxxxxx172,CW,1,yellow,1.8078,2.2918,0.4839999999999997,1.8078,data/not_shared/wd_audio/WD_CI/xxxxxxxx172/xxxxxxxx172_stroop_CW.wav,data/not_shared/wd_audio/WD_CI/xxxxxxxx172/xxxxxxxx172_stroop_task.wav,35.1058235168457,0.0131250200793147,34.81321334838867,35.0523681640625,35.31120681762695,0.4979934692382812,31.291955947875977,17.19237518310547,30.21090316772461,14.689228057861328,0.3264540731906891,0.4058180749416351,0.1863490939140319,0.3362418711185455,0.4679824411869049,0.2816333472728729,0.8750149607658386,0.9972118139266968,1.3244688510894775,0.0,0.0820990204811096,0.5248103737831116,40.81803512573242,0.1657633632421493,8.092804908752441,1.2773762941360474,-4.131474494934082,-2.3979151248931885,-25.222824096679688,-0.4167457222938537,0.0274376273155212,1.4807623624801636,0.9822525382041932,1.140102505683899,9.783066749572754,0.4560664892196655,13.917760848999023,0.3352179825305938,36.42390823364258,0.1259408146142959,630.454833984375,0.383463591337204,1564.15625,0.1436923742294311,-4.037833213806152,-1.165613293647766,1440.3311767578125,0.1805413961410522,1159.527587890625,0.1978506445884704,-18.804323196411133,-0.6483780145645142,2893.595458984375,0.1208267509937286,936.2708129882812,0.643486499786377,-35.64155197143555,-0.141009584069252,-15.008207321166992,-0.4810424447059631,34.473541259765625,0.1468001157045364,0.1106099486351013,0.185141384601593,-0.0144732184708118,-0.5722633004188538,0.0863703712821006,0.5158767104148865,42.41767883300781,0.132480189204216,6.118076801300049,1.552047848701477,-6.729293823242188,-1.127392292022705,-27.686071395874023,-0.3170402944087982,0.0,0.0,0.0,0.0,0.0,2.127659559249878,2.4390244483947754,0.3999999761581421,0.0,0.0,0.0,-39.5373649597168
xxxxxxxx172,CW,2,red,3.5779,4.0797,0.5017999999999998,1.2861000000000002,data/not_shared/wd_audio/WD_CI/xxxxxxxx172/xxxxxxxx172_stroop_CW.wav,data/not_shared/wd_audio/WD_CI/xxxxxxxx172/xxxxxxxx172_stroop_task.wav,33.95643615722656,0.123267762362957,33.57843399047852,35.25471115112305,36.61269378662109,3.034259796142578,73.81265258789062,0.0,47.66160583496094,39.48672866821289,0.2613730430603027,0.3776394426822662,0.1953180134296417,0.2303943634033203,0.3520669937133789,0.1567489802837371,1.154667854309082,1.3525809049606323,0.9536765813827516,0.0,0.0910645350813865,0.558406412601471,42.55371856689453,0.0805816501379013,16.56954002380371,0.4028778374195099,-2.017173767089844,-3.404736995697021,-27.698678970336918,-0.4253923892974853,0.014530861750245,0.9487276673316956,1.1517826318740845,0.9970628023147584,8.806940078735352,0.7297057509422302,11.668373107910156,0.6875665783882141,40.04484939575195,0.1363323032855987,508.1551818847656,0.3881877362728119,1491.428955078125,0.0962382778525352,-5.129029750823975,-2.1508047580718994,1410.37548828125,0.2259111255407333,1253.0919189453125,0.2877136468887329,-21.003345489501957,-0.811137855052948,2847.938720703125,0.0612106807529926,825.7069091796875,0.3761399388313293,-39.73037338256836,-0.1916482895612716,-20.93841361999512,-0.4737648069858551,38.06895065307617,0.1207200288772583,0.1068610697984695,0.1931760609149933,-0.0352205857634544,-0.1864061206579208,0.1006113216280937,0.5012980103492737,43.4661979675293,0.0572451129555702,16.32349967956543,0.4340037405490875,-3.630685806274414,-1.5614604949951172,-30.49302291870117,-0.3156173825263977,0.0,0.0,0.0,0.0,0.0,2.040816307067871,2.3255815505981445,0.4199999868869781,0.0,0.0,0.0,-40.62089920043945
xxxxxxxx172,CW,3,green,4.7722,5.2451,0.4729000000000001,0.6924999999999999,data/not_shared/wd_audio/WD_CI/xxxxxxxx172/xxxxxxxx172_stroop_CW.wav,data/not_shared/wd_audio/WD_CI/xxxxxxxx172/xxxxxxxx172_stroop_task.wav,34.71197509765625,0.1440205127000808,26.815452575683597,37.54055404663086,38.75244140625,11.936988830566406,2.882099151611328,0.0,37.62678146362305,0.0,0.2750392854213714,0.3427944779396057,0.1675910353660583,0.2885758876800537,0.3882401883602142,0.2206491529941558,1.4981646537780762,0.7432143092155457,0.874693751335144,0.0,0.1075290367007255,0.6974869966506958,32.90871047973633,0.0970235168933868,18.040382385253903,0.3431026637554168,23.13274574279785,0.2282856851816177,-13.55587387084961,-0.6107268929481506,0.028582165017724,1.2353719472885132,1.1202614307403564,0.9128309488296508,9.167259216308594,0.5821511149406433,24.236371994018555,0.4991885125637054,36.34295272827149,0.1721143275499344,656.6608276367188,0.1359537988901138,1292.3494873046875,0.2191849648952484,-17.502328872680664,-1.1728013753890991,1964.8907470703125,0.1471614986658096,832.493896484375,0.3938420116901397,-27.11701774597168,-0.5145944952964783,2824.851318359375,0.0594306215643882,895.4734497070312,0.3613636493682861,-26.380823135375977,-0.4750044643878937,-28.700984954833984,-0.1071829050779342,35.15286636352539,0.125198557972908,0.1077142134308815,0.2372778505086898,-0.0304885879158973,-0.277193546295166,0.1160784065723419,0.6750627756118774,33.13775634765625,0.1012906953692436,17.887104034423828,0.368723064661026,22.385351181030277,0.2353356629610061,-14.001452445983888,-0.6241709589958191,0.0,0.0,0.0,0.0,0.0,2.1739132404327397,2.500000238418579,0.3899999856948852,0.0,0.0,0.0,-37.65403366088867
xxxxxxxx172,CW,4,blue,5.701,6.1281,0.4271000000000002,0.4558999999999997,data/not_shared/wd_audio/WD_CI/xxxxxxxx172/xxxxxxxx172_stroop_CW.wav,data/not_shared/wd_audio/WD_CI/xxxxxxxx172/xxxxxxxx172_stroop_task.wav,34.68635177612305,0.0163576826453208,34.217281341552734,34.3905029296875,35.38356399536133,1.1662826538085938,6.257262706756592,0.0,-3.9988837242126474,7.852621555328369,0.318763792514801,0.3717801570892334,0.2048607617616653,0.3230007588863373,0.451691061258316,0.2468302994966507,0.9743298888206482,1.5087817907333374,1.610654592514038,0.0,0.0802989080548286,0.2103047966957092,36.86140441894531,0.1793989837169647,-0.7975391745567322,-13.22289752960205,4.5370707511901855,2.2509067058563232,-6.745095729827881,-1.4468278884887695,0.0081710126250982,0.5522533059120178,0.8102601170539856,0.330794483423233,10.2384614944458,0.0966608375310897,21.07323837280273,0.1253412663936615,38.014007568359375,0.1512993276119232,738.2750244140625,0.2292460352182388,1401.4581298828125,0.1256185621023178,-6.776707172393799,-0.8886048197746277,1643.3724365234375,0.0387661308050155,907.4495239257812,0.10892054438591,-15.244953155517578,-0.5809630751609802,3064.60400390625,0.052856657654047,696.6083374023438,0.5869045853614807,-34.10869216918945,-0.1160431951284408,-17.814594268798828,-0.3827912211418152,36.22026443481445,0.1065702959895134,0.1175243034958839,0.1371548175811767,-0.006738934200257,-1.0491124391555786,0.0849957019090652,0.2374212145805359,38.73028945922852,0.1347298324108123,-0.30191370844841,-37.41233444213867,1.705496907234192,4.7792649269104,-9.65496826171875,-0.7399010062217712,0.0,0.0,0.0,0.0,0.0,2.4390244483947754,2.857142925262451,0.3400000035762787,0.0,0.0,0.0,-40.24640274047852
xxxxxxxx172,CW,5,green,7.056,7.6297,0.5736999999999997,0.9279000000000002,data/not_shared/wd_audio/WD_CI/xxxxxxxx172/xxxxxxxx172_stroop_CW.wav,data/not_shared/wd_audio/WD_CI/xxxxxxxx172/xxxxxxxx172_stroop_task.wav,35.098018646240234,0.1307105123996734,28.48060607910156,37.68082427978516,38.70943832397461,10.228832244873049,28.48431396484375,10.34258270263672,48.0194091796875,0.0,0.2799993455410003,0.3556543588638305,0.1668369621038437,0.2859722375869751,0.3846933841705322,0.2178564220666885,0.7307107448577881,0.7812435626983643,0.9050741195678712,0.0,0.113292247056961,0.7301677465438843,31.011798858642575,0.1478801518678665,18.7995548248291,0.3761401176452636,23.09760284423828,0.2247969657182693,-14.517175674438477,-0.4520920813083648,0.0239869393408298,1.4832682609558103,0.9661113619804382,0.9005753397941589,9.805792808532717,0.5265160202980042,26.340675354003903,0.5067514181137085,35.43518829345703,0.1614309698343277,692.12744140625,0.0954652801156044,1254.326416015625,0.2755066156387329,-21.90775680541992,-0.8623055815696716,1959.9835205078125,0.1556205302476883,760.25634765625,0.355076789855957,-28.27230834960937,-0.5134505033493042,2846.360595703125,0.0545989722013473,774.951904296875,0.3327000737190246,-25.750146865844727,-0.4787237346172333,-28.48239517211914,-0.0868995264172554,34.06239318847656,0.101249098777771,0.1027408465743064,0.1965424120426178,-0.0311887487769126,-0.1454405784606933,0.1319434344768524,0.6507036685943604,31.884435653686523,0.1432849317789077,18.599842071533203,0.4269512593746185,22.153467178344727,0.2393931746482849,-16.29243278503418,-0.3736203014850616,0.0,0.0,0.0,0.0,0.0,1.7857142686843872,2.2727272510528564,0.429999977350235,0.0,0.0,0.0,-37.42935180664063
xxxxxxxx172,CW,6,blue,7.9978,8.5097,0.5119000000000007,0.3681000000000001,data/not_shared/wd_audio/WD_CI/xxxxxxxx172/xxxxxxxx172_stroop_CW.wav,data/not_shared/wd_audio/WD_CI/xxxxxxxx172/xxxxxxxx172_stroop_task.wav,35.033939361572266,0.0196851436048746,34.519649505615234,34.73768997192383,35.80872344970703,1.2890739440917969,6.505896091461182,0.0,-9.733963966369627,0.0,0.3022028803825378,0.3562628030776977,0.2003746032714843,0.2731698751449585,0.4227157831192016,0.2223411798477172,0.6888023614883423,0.9017400741577148,1.178622841835022,0.0,0.0761931911110878,0.2878464162349701,33.595401763916016,0.1431005001068115,4.875394344329834,1.573338747024536,5.493064880371094,1.7603858709335327,-8.286038398742676,-0.8734367489814758,0.0079114632681012,0.7310666441917419,0.8676013946533203,0.3959778249263763,10.79526138305664,0.0910373926162719,20.700958251953125,0.1994236707687378,37.57322311401367,0.1718622893095016,597.107177734375,0.3413433730602264,1340.4073486328125,0.113190658390522,-6.449673175811768,-0.8083399534225464,1572.9169921875,0.0715375915169715,856.2980346679688,0.1235377714037895,-17.95207405090332,-0.4601825177669525,2927.6826171875,0.0891907438635826,921.2008056640624,0.8370451927185059,-33.7027587890625,-0.1379590481519699,-19.326662063598636,-0.3279652297496795,35.38166046142578,0.148616224527359,0.1229627951979637,0.1908701211214065,-0.0088192783296108,-0.6857893466949463,0.0814873501658439,0.2204012870788574,34.55426025390625,0.1247650012373924,5.330084323883057,1.5019460916519165,3.505804538726806,2.431140661239624,-9.891291618347168,-0.6133279800415039,0.0,0.0,0.0,0.0,0.0,2.0,2.2727272510528564,0.429999977350235,0.0,0.0,0.0,-40.00278091430664
xxxxxxxx172,CW,7,yellow,8.9407,9.3567,0.4160000000000003,0.4309999999999991,data/not_shared/wd_audio/WD_CI/xxxxxxxx172/xxxxxxxx172_stroop_CW.wav,data/not_shared/wd_audio/WD_CI/xxxxxxxx172/xxxxxxxx172_stroop_task.wav,34.794151306152344,0.0222421120852231,34.16298294067383,34.5411376953125,35.63529586791992,1.4723129272460938,10.214120864868164,0.0,-9.84954833984375,15.791513442993164,0.1962576359510421,0.3607614636421203,0.1173673197627067,0.2110942155122757,0.2701676487922668,0.1528003215789795,1.4013043642044067,0.0,-0.8061478734016418,0.0,0.0381286293268203,0.4249098002910614,39.9015998840332,0.0937312468886375,19.35983657836914,0.2263615727424621,-1.533646821975708,-6.872828960418701,-19.74923324584961,-0.5911015868186951,0.0054614697583019,0.9984049797058104,0.5101312398910522,0.6328534483909607,11.628413200378418,0.1427960693836212,21.228376388549805,0.1615366488695144,39.410587310791016,0.2066244781017303,481.10443115234375,0.2799342274665832,1453.2467041015625,0.119092971086502,-3.645402193069458,-2.3356778621673584,1358.486572265625,0.1028634831309318,935.174560546875,0.1154243350028991,-20.650955200195312,-0.6286960244178772,3005.923583984375,0.0723664090037345,771.9894409179688,0.7407486438751221,-39.22426986694336,-0.1471768766641616,-19.952348709106445,-0.2851396799087524,37.665775299072266,0.0558137223124504,0.0964601710438728,0.2599434852600097,-0.0119055099785327,-0.4229683578014374,0.0411572232842445,0.4375861585140228,40.81222534179688,0.0805826410651207,19.537887573242188,0.2400868535041809,-4.252467155456543,-2.115220069885254,-23.210283279418945,-0.3860782980918884,0.0,0.0,0.0,0.0,0.0,2.500000238418579,2.941176414489746,0.3299999833106994,0.0,0.0,0.0,-43.65555953979492
xxxxxxxx172,CW,8,red,9.5892,9.8516,0.2623999999999995,0.2324999999999999,data/not_shared/wd_audio/WD_CI/xxxxxxxx172/xxxxxxxx172_stroop_CW.wav,data/not_shared/wd_audio/WD_CI/xxxxxxxx172/xxxxxxxx172_stroop_task.wav,34.96467590332031,0.0063972948119044,34.76334381103516,34.86970138549805,35.218719482421875,0.4553756713867187,11.034330368041992,0.0,4.926236629486084,0.0,0.1698618680238723,0.2791826128959656,0.1136221438646316,0.1750319004058838,0.2224157452583313,0.1087936013936996,1.2100200653076172,0.0,-1.0680923461914062,0.0,0.0438937097787857,0.3008378446102142,39.81476593017578,0.0944273844361305,22.086164474487305,0.241418644785881,-2.1378068923950195,-2.6799044609069824,-16.25778579711914,-0.741930365562439,0.0123066017404198,1.1675065755844116,0.9330472350120544,1.1068845987319946,12.286698341369627,0.1074325442314148,20.072471618652344,0.1597960740327835,49.13076019287109,0.1034631952643394,449.8050842285156,0.3012283146381378,1356.4593505859375,0.0565076805651187,1.9128661155700684,4.680349349975586,1329.30908203125,0.1781985759735107,1145.54931640625,0.2732905447483063,-23.84821891784668,-0.4316150248050689,2644.423095703125,0.063325360417366,1093.911865234375,0.351693719625473,-45.52719879150391,-0.0254701599478721,-22.19183921813965,-0.3274543285369873,40.37582778930664,0.1525606960058212,0.1110378950834274,0.2410632520914077,-0.0235089994966983,-0.3512387275695801,0.0462956465780735,0.2707083225250244,40.32362365722656,0.1022475287318229,21.19098472595215,0.2632190287113189,-4.85807991027832,-0.581251859664917,-21.92440795898437,-0.328166514635086,0.0,0.0,0.0,0.0,0.0,4.0,5.263157844543457,0.1799999922513961,0.0,0.0,0.0,-43.80460357666016
xxxxxxxx172,CW,9,red,10.5001,10.9501,0.450000000000001,0.6485000000000003,data/not_shared/wd_audio/WD_CI/xxxxxxxx172/xxxxxxxx172_stroop_CW.wav,data/not_shared/wd_audio/WD_CI/xxxxxxxx172/xxxxxxxx172_stroop_task.wav,36.13593673706055,0.0278140790760517,35.14282989501953,35.857635498046875,37.34120559692383,2.198375701904297,8.580601692199707,0.0,-1.554184079170227,0.0,0.2193176746368408,0.3985067009925842,0.1300520151853561,0.2096678018569946,0.3270353376865387,0.1969833225011825,0.8759187459945679,0.8784729242324829,1.0109697580337524,0.0,0.060496911406517,0.3639413118362427,40.55037307739258,0.1120260506868362,23.09715461730957,0.1824496537446975,-1.3768852949142456,-5.877752780914307,-22.82132148742676,-0.5709342956542969,0.0145704094320535,0.9964462518692015,0.8195783495903015,0.8381686806678772,11.581735610961914,0.1604972034692764,15.723804473876951,0.245578333735466,43.42254257202149,0.0921139866113662,548.8358764648438,0.3657898008823395,1444.368896484375,0.1197626292705535,-9.626175880432127,-1.3573044538497925,1463.9658203125,0.2482559382915496,1357.3795166015625,0.3583607673645019,-29.9550895690918,-0.4376101195812225,2831.32470703125,0.0686495676636695,825.7116088867188,0.3951032757759094,-44.192901611328125,-0.041075475513935,-24.83735656738281,-0.2736522555351257,40.485469818115234,0.0706433355808258,0.1013619676232338,0.2130476534366607,-0.0369993932545185,-0.1896567940711975,0.065883845090866,0.3569120466709137,41.77266693115234,0.0860457643866539,23.48139762878418,0.1796647012233734,-3.1416561603546143,-2.3154571056365967,-25.90842056274414,-0.4319457709789276,0.0,0.0,0.0,0.0,0.0,2.2727272510528564,2.6315789222717285,0.3700000047683716,0.0,0.0,0.0,-41.336273193359375
xxxxxxxx172,CW,10,blue,11.3871,11.884,0.4969000000000001,0.4369999999999994,data/not_shared/wd_audio/WD_CI/xxxxxxxx172/xxxxxxxx172_stroop_CW.wav,data/not_shared/wd_audio/WD_CI/xxxxxxxx172/xxxxxxxx172_stroop_task.wav,34.238765716552734,0.1082769110798835,34.923431396484375,35.09619903564453,35.83559036254883,0.9121589660644532,421.9679565429688,0.0,0.1209912970662117,0.0,0.2209079712629318,0.4088223576545715,0.1235540956258773,0.2148282825946808,0.3269006013870239,0.2033465057611465,1.7645410299301147,0.0,-0.8488509058952332,0.0,0.0563104040920734,0.3123874068260193,36.639984130859375,0.1195292025804519,7.013005256652832,0.9933931231498718,7.952624320983887,1.083048701286316,-10.310144424438477,-1.455216884613037,0.0534194521605968,2.949615478515625,0.7960384488105774,0.8373141288757324,10.202134132385254,0.3338258862495422,11.453579902648926,2.3350610733032227,28.743343353271484,0.8378584384918213,713.6787719726562,0.2377612739801406,1528.641357421875,0.1545212119817733,-21.188875198364254,-1.8261020183563232,1564.469482421875,0.0841555148363113,1062.88720703125,0.1753108948469162,-30.935810089111328,-1.1015557050704956,3040.341064453125,0.0718721151351928,523.3901977539062,0.5275803208351135,-42.61190032958984,-0.7410250306129456,-19.97752952575684,-0.2617138028144836,34.09196472167969,0.1293953508138656,0.0644557699561119,0.4285021424293518,-0.0116838477551937,-0.8303347826004028,0.0611133016645908,0.2500405311584472,37.2352180480957,0.1212585568428039,8.281427383422852,0.8265991806983948,6.36558723449707,1.3360074758529663,-13.543476104736328,-1.0629997253417969,-13.82855987548828,30.922290802001957,0.0368580594658851,-0.0021089140791445,0.0617962554097175,2.0833334922790527,2.3809523582458496,0.3899999856948852,0.0,0.0,0.0,-43.67512512207031
xxxxxxxx172,CW,11,green,12.1454,12.5096,0.3642000000000003,0.2614000000000001,data/not_shared/wd_audio/WD_CI/xxxxxxxx172/xxxxxxxx172_stroop_CW.wav,data/not_shared/wd_audio/WD_CI/xxxxxxxx172/xxxxxxxx172_stroop_task.wav,37.58743667602539,0.021156370639801,36.737937927246094,37.92476272583008,38.18171310424805,1.4437751770019531,10.34767246246338,0.0,-5.086706161499023,6.67453145980835,0.1784632951021194,0.2965511381626129,0.1267805993556976,0.1627844125032425,0.233297511935234,0.1065169125795364,0.9567933678627014,0.0,-0.9594911932945251,0.0,0.0609877444803714,0.4012969434261322,33.52043914794922,0.1797940880060196,22.171260833740234,0.1545883119106292,14.14011287689209,0.3929385542869568,-6.999964714050293,-1.0559834241867063,0.0159806571900844,1.1710865497589111,0.7967965602874756,0.5700445771217346,11.488139152526855,0.2713258266448974,33.02210998535156,0.2068482190370559,39.393985748291016,0.0787248760461807,681.4154663085938,0.1160528808832168,1250.2203369140625,0.1321686059236526,-26.47391891479492,-0.3660219311714172,1858.580078125,0.0819707214832305,1065.8978271484375,0.1380803138017654,-39.89098358154297,-0.0589893385767936,2824.86865234375,0.0447951965034008,655.84521484375,0.2069539427757263,-40.65810775756836,-0.0799739360809326,-29.76616859436035,-0.0502293892204761,38.61095428466797,0.0819425284862518,0.0859962627291679,0.1165810227394104,-0.025150841102004,-0.1250019669532776,0.0592341646552085,0.4040785431861877,34.72433853149414,0.1710422784090042,22.19115829467773,0.1546393632888794,12.187400817871094,0.2880021035671234,-8.651092529296875,-0.8151912689208984,0.0,0.0,0.0,0.0,0.0,2.857142925262451,3.4482760429382324,0.2800000011920929,0.0,0.0,0.0,-43.2537727355957
xxxxxxxx172,CW,12,yellow,13.1381,13.5203,0.382200000000001,0.628499999999999,data/not_shared/wd_audio/WD_CI/xxxxxxxx172/xxxxxxxx172_stroop_CW.wav,data/not_shared/wd_audio/WD_CI/xxxxxxxx172/xxxxxxxx172_stroop_task.wav,34.35862731933594,0.0101127997040748,34.07051086425781,34.213863372802734,34.65190505981445,0.5813941955566406,14.128971099853516,0.0,-10.59886074066162,9.379048347473145,0.1702880561351776,0.5972182154655457,0.0708988904953002,0.1379749774932861,0.3015256524085998,0.2306267619132995,1.4819190502166748,1.1395792961120603,1.0538748502731323,0.0,0.0430201068520545,0.5297573804855347,37.466835021972656,0.1056373789906501,17.231393814086914,0.3138783574104309,-0.3709553480148315,-31.648860931396484,-8.87830638885498,-1.8795238733291624,0.0107709458097815,1.2452620267868042,0.9615468382835388,1.0823044776916504,11.478248596191406,0.1200412362813949,22.940624237060547,0.2757867276668548,43.25901794433594,0.1281372904777526,632.5537719726562,0.3424928784370422,1666.5211181640625,0.2548218667507171,-59.85004425048828,-1.4406256675720217,1365.5030517578125,0.0918456465005874,1139.358642578125,0.1568461060523986,-72.85531616210938,-1.049321532249451,2962.906005859375,0.1037841960787773,984.2393798828124,0.7293058633804321,-84.7486572265625,-0.814771831035614,-21.478233337402344,-0.2735289335250854,39.63433074951172,0.0565977953374385,0.0979559272527694,0.1506992280483245,-0.0156618822365999,-0.3179425895214081,0.0586540587246418,0.4630971550941467,39.59635925292969,0.0973525270819664,20.065603256225582,0.2182159423828125,-7.884509086608887,-1.2453217506408691,-20.86173439025879,-0.5583217144012451,-23.235530853271484,35.11570739746094,0.033253688365221,-0.0057187844067811,0.0339513905346393,2.702702760696411,3.4482760429382324,0.199999988079071,0.0,0.0700000002980232,0.0,-44.0146713256836
xxxxxxxx174,C,1,red,0.8341,1.1913,0.3572000000000001,0.8341,data/not_shared/wd_audio/WD_CI/xxxxxxxx174/xxxxxxxx174_stroop_C.wav,data/not_shared/wd_audio/WD_CI/xxxxxxxx174/xxxxxxxx174_stroop_task.wav,41.45721435546875,0.0398706905543804,39.562042236328125,41.21800231933594,43.386497497558594,3.8244552612304688,0.1518814861774444,0.0,0.0,0.0,0.5953172445297241,0.1868968158960342,0.5235951542854309,0.6416981220245361,0.6750451922416687,0.1514500379562378,3.2619500160217285,1.530573487281799,0.2539017796516418,1.1972706317901611,0.2025307118892669,0.3522692024707794,35.695980072021484,0.1661142259836197,5.574444770812988,0.9289241433143616,-23.22110748291016,-0.3273998200893402,-26.294034957885746,-0.2416425347328186,0.0087342485785484,0.5525126457214355,0.4779756665229797,0.5454235076904297,14.23548984527588,0.1466155648231506,3.296386241912842,1.0038957595825195,28.79149436950684,0.224409133195877,836.203125,0.2236924469470977,1425.4605712890625,0.1805996745824813,-12.192227363586426,-0.6059946417808533,1642.8677978515625,0.1724614948034286,1442.386474609375,0.3113593459129333,-30.98377799987793,-0.283035397529602,2831.349853515625,0.030551878735423,629.1634521484375,0.5330315232276917,-37.01770782470703,-0.0845206603407859,-18.7808837890625,-0.3479694724082947,32.721588134765625,0.1562311351299286,0.0624025948345661,0.7105716466903687,-0.0300360936671495,-0.3822189569473266,0.2238667905330658,0.263705313205719,36.37188720703125,0.1739432513713836,5.475978374481201,0.9973412752151488,-24.96581268310547,-0.2899002730846405,-25.568626403808597,-0.2633607387542724,0.0,0.0,0.0,0.0,0.0,5.882352828979492,3.5714285373687744,0.2699999809265136,0.0,0.0,0.0,-30.36587905883789
xxxxxxxx174,C,2,yellow,1.2761,1.4218,0.1456999999999999,0.0847999999999999,data/not_shared/wd_audio/WD_CI/xxxxxxxx174/xxxxxxxx174_stroop_C.wav,data/not_shared/wd_audio/WD_CI/xxxxxxxx174/xxxxxxxx174_stroop_task.wav,39.0578498840332,0.0037629571743309,38.92252349853516,39.04322814941406,39.19594192504883,0.2734184265136719,0.0,0.0,-0.061767578125,0.0,1.0654194355010986,0.1981416642665863,0.9468492269515992,1.1625890731811523,1.2040458917617798,0.2571966648101806,6.188733100891113,3.6120104789733887,1.7625480890274048,0.0,0.304554134607315,0.3308125436306,39.87496566772461,0.0246509928256273,-15.096136093139648,-0.4191915690898895,-39.00239562988281,-0.1989091634750366,-4.554113388061523,-0.3503946959972381,0.0114876115694642,0.7475326657295227,1.102332353591919,0.5530158281326294,13.325173377990724,0.0643541067838668,-0.6421809792518616,-2.2947702407836914,27.724760055541992,0.0203270781785249,849.4541015625,0.0372760184109211,1344.1412353515625,0.0328411050140857,0.4035898745059967,2.739907741546631,1594.7520751953125,0.0119799906387925,1050.2017822265625,0.1325574219226837,-2.3118395805358887,-0.6024041771888733,2692.672607421875,0.010274595580995,556.7702026367188,0.0581000335514545,-28.298009872436523,-0.0540225878357887,-4.178548812866211,-1.0809656381607056,30.18917655944824,0.0576889440417289,0.0500409118831157,0.4747892022132873,-0.0091473450884222,-0.2984248101711273,0.3519627153873443,0.3766925930976867,40.21843338012695,0.0302135404199361,-11.7400541305542,-0.6020256876945496,-38.091407775878906,-0.2686692178249359,-3.5637102127075195,-0.3714376389980316,0.0,0.0,0.0,0.0,0.0,7.692307949066162,14.285714149475098,0.0599999986588954,0.0,0.0,0.0,-28.730457305908203
xxxxxxxx174,C,3,blue,1.4976,1.739,0.2414,0.0758,data/not_shared/wd_audio/WD_CI/xxxxxxxx174/xxxxxxxx174_stroop_C.wav,data/not_shared/wd_audio/WD_CI/xxxxxxxx174/xxxxxxxx174_stroop_task.wav,40.3941650390625,0.0461573712527751,38.12760543823242,41.02409362792969,42.1998405456543,4.072235107421875,0.0,0.0,-0.2999375164508819,0.0,0.800713062286377,0.3414431512355804,0.5365952253341675,0.6815915703773499,1.125748634338379,0.5891534090042114,6.413455486297607,0.0,0.1568223237991333,1.86592698097229,0.3012301325798034,0.5158251523971558,35.69171142578125,0.0644626766443252,-5.012324810028076,-2.204946994781494,-19.519201278686523,-0.4286244511604309,-5.017533779144287,-1.1960508823394775,0.0120210899040102,0.7406867742538452,0.3578544557094574,0.3133573532104492,12.948115348815918,0.2669114470481872,13.134344100952148,0.5283242464065552,25.36139678955078,0.2237718999385833,719.2861328125,0.1666971296072006,1371.1417236328125,0.1235689222812652,-20.81515884399414,-0.6197568774223328,1580.1943359375,0.0850026309490203,966.5902099609376,0.1583801507949829,-26.069923400878903,-0.4687414467334747,2758.468994140625,0.0806386247277259,500.9559020996094,0.2864552438259125,-35.973854064941406,-0.3065303266048431,-22.461090087890625,-0.2936866581439972,36.22530364990234,0.2091859877109527,0.0927314609289169,0.0911208763718605,-0.0213484019041061,-0.4419611394405365,0.3059795200824737,0.5634567141532898,36.53235626220703,0.0535517372190952,-0.3490295708179474,-25.865442276000977,-16.942977905273438,-0.4879935681819916,-6.953234672546387,-0.8369675874710083,0.0,0.0,0.0,0.0,0.0,4.347826480865479,5.882352828979492,0.1599999964237213,0.0,0.0,0.0,-28.55081558227539
xxxxxxxx174,C,4,green,1.8308,2.2758,0.4449999999999998,0.0917999999999998,data/not_shared/wd_audio/WD_CI/xxxxxxxx174/xxxxxxxx174_stroop_C.wav,data/not_shared/wd_audio/WD_CI/xxxxxxxx174/xxxxxxxx174_stroop_task.wav,42.40064239501953,0.0261230841279029,41.49253082275391,42.34097290039063,43.56615447998047,2.0736236572265625,17.20906639099121,0.0,-18.20971298217773,0.0,0.5373760461807251,0.1872222274541854,0.452484667301178,0.480567067861557,0.636489748954773,0.1840050816535949,1.505016803741455,0.0,-1.25291109085083,1.252821683883667,0.2002668529748916,0.4454279243946075,31.548830032348636,0.0817446038126945,4.626832485198975,1.4458168745040894,3.2697458267211914,2.19202733039856,-10.575887680053713,-0.2636145949363708,0.0074101747013628,0.4320477545261383,0.3794832825660705,0.3887147009372711,15.90867042541504,0.0564464814960956,15.206405639648438,0.7086491584777832,21.546463012695312,0.4198038578033447,767.078369140625,0.1191827654838562,1332.028564453125,0.1841653883457183,-28.75458335876465,-0.1881462633609771,1867.6640625,0.0586262457072734,838.0827026367188,0.2547372579574585,-34.68860626220703,-0.2458404153585434,2915.967529296875,0.0495127215981483,711.791015625,0.1599327325820922,-40.384159088134766,-0.1803306937217712,-27.991878509521484,-0.2117232084274292,33.82859802246094,0.2501505017280578,0.1057509034872055,0.1556972116231918,-0.0275390762835741,-0.3133312463760376,0.1990528255701065,0.4434598088264465,31.382028579711918,0.0872670039534568,4.047745704650879,1.7233866453170776,4.404134273529053,1.6089011430740356,-10.055644989013672,-0.2354555130004882,0.0,0.0,0.0,0.0,0.0,2.3255815505981445,2.702702760696411,0.3599999845027923,0.0,0.0,0.0,-28.944265365600582
xxxxxxxx174,C,5,green,2.4035,2.6121,0.2085999999999996,0.1277000000000003,data/not_shared/wd_audio/WD_CI/xxxxxxxx174/xxxxxxxx174_stroop_C.wav,data/not_shared/wd_audio/WD_CI/xxxxxxxx174/xxxxxxxx174_stroop_task.wav,44.68951797485352,0.0,44.68951797485352,44.68951797485352,44.68951797485352,0.0,0.0,0.0,0.0,0.0,0.5656784176826477,0.1891141086816787,0.4849764704704284,0.61308354139328,0.6534903645515442,0.1685138940811157,2.699329137802124,0.0,-0.2560234367847442,0.0,0.2367589473724365,0.5158384442329407,24.698074340820312,0.0868529304862022,0.1705124676227569,43.52876663208008,13.188572883605955,0.467534989118576,-8.69405746459961,-0.686788022518158,0.0069746626541018,0.6953332424163818,0.3575918972492218,0.7467895746231079,16.44386100769043,0.0900265425443649,14.75930881500244,0.572155237197876,9.5037841796875,0.7621157765388489,622.6289672851562,0.2683127522468567,1626.9720458984375,0.1369715481996536,-27.585981369018555,-0.2127097994089126,1701.3526611328125,0.0619882866740226,1072.7255859375,0.4945863783359527,-32.74197769165039,-0.0765129625797271,2686.47705078125,0.0631514936685562,1350.08203125,0.7460571527481079,-34.22190475463867,-0.0602936409413814,-24.86096572875977,-0.1159344762563705,31.448110580444336,0.1460616737604141,0.123685136437416,0.1970268040895462,-0.0150835858657956,-0.4435703754425049,0.1967217475175857,0.4935177862644195,23.77781867980957,0.070868395268917,1.2294909954071045,7.480800151824951,15.295681953430176,0.3534170687198639,-10.229586601257324,-0.5481061339378357,0.0,0.0,0.0,0.0,0.0,5.263157844543457,0.0,0.0,0.0,0.0,0.0,-29.09759330749512
xxxxxxxx174,C,6,blue,2.7049,3.0301,0.3252000000000001,0.0928,data/not_shared/wd_audio/WD_CI/xxxxxxxx174/xxxxxxxx174_stroop_C.wav,data/not_shared/wd_audio/WD_CI/xxxxxxxx174/xxxxxxxx174_stroop_task.wav,38.210636138916016,0.0389832444489002,36.58170318603516,38.02427291870117,40.06296157836914,3.4812583923339844,22.34175109863281,0.0,4.820569038391113,8.092240333557129,0.9515886306762696,0.2225986123085022,0.865811824798584,1.006121039390564,1.116223931312561,0.250412106513977,4.752635955810547,0.0191419124603271,-1.8209291696548464,2.81397008895874,0.3502005636692047,0.4131517708301544,36.00960922241211,0.0840043723583221,-20.947242736816406,-0.3372101783752441,-27.929725646972656,-0.1949567645788192,3.84726357460022,1.4457825422286987,0.008246012032032,0.7088782787322998,0.728752613067627,0.5782091617584229,10.28624153137207,0.1686441004276275,0.5058878064155579,3.0949392318725586,21.1613712310791,0.0837391093373298,852.5223388671875,0.034625057131052,1277.2220458984375,0.0710419714450836,1.3073334693908691,3.598613739013672,1744.120361328125,0.0220821481198072,945.5521240234376,0.0547679252922534,-6.403707504272461,-0.5708037614822388,2741.99462890625,0.0303040593862533,612.8956298828125,0.1429960876703262,-21.94356346130371,-0.2238407135009765,-5.90618896484375,-0.487099140882492,21.230531692504883,0.1177324801683425,0.0914006531238555,0.1871180534362793,-0.015022381208837,-0.6452341079711914,0.3919900953769684,0.4458844363689422,35.72554016113281,0.0901897475123405,-23.743745803833008,-0.1715695410966873,-29.706445693969727,-0.1016307175159454,5.395364761352539,0.8015792369842529,0.0,0.0,0.0,0.0,0.0,6.451612949371338,4.0,0.2399999946355819,0.0,0.0,0.0,-31.10495376586914
xxxxxxxx174,C,7,yellow,3.1518,3.4681,0.3163,0.1217000000000001,data/not_shared/wd_audio/WD_CI/xxxxxxxx174/xxxxxxxx174_stroop_C.wav,data/not_shared/wd_audio/WD_CI/xxxxxxxx174/xxxxxxxx174_stroop_task.wav,38.28785705566406,0.0461941137909889,36.77853775024414,37.627288818359375,40.33991622924805,3.5613784790039062,33.69255065917969,0.0,56.75239562988281,0.0,0.6057971715927124,0.4496313333511352,0.2458669692277908,0.6832827925682068,0.8511791229248047,0.605312168598175,1.032733678817749,3.121425151824951,3.4969522953033447,0.0,0.2405954301357269,0.6059547066688538,33.48950958251953,0.3407462835311889,-13.617830276489258,-0.6899271011352539,-24.6683406829834,-0.3635133802890777,-2.0811984539031982,-2.7248430252075195,0.0209300443530082,0.5864222049713135,0.7503824234008789,0.630629301071167,7.705549240112305,0.4233415722846985,0.8768549561500549,2.335689067840576,23.9464111328125,0.2026290893554687,758.2918701171875,0.1481669098138809,1354.8809814453125,0.1322879642248153,-39.39054870605469,-1.764697551727295,1546.8221435546875,0.081382118165493,1066.3612060546875,0.1675913631916046,-40.26151657104492,-1.6666536331176758,2594.117431640625,0.0528846085071563,741.2374267578125,0.3571462333202362,-57.86345291137695,-1.0242279767990112,-3.0923221111297607,-0.905521810054779,23.645477294921875,0.2433646321296692,0.064158096909523,0.4356176853179931,0.0061230971477925,1.407578945159912,0.289887011051178,0.4928048551082611,34.67658233642578,0.3256351947784424,-17.207679748535156,-0.3932698369026184,-27.29893493652344,-0.2946772277355194,-0.2412554919719696,-20.55303192138672,-5.277125358581543,9.72917652130127,-0.0057122404687106,-0.0073295589536428,0.0462402403354644,3.3333334922790527,4.1666669845581055,0.1899999976158142,0.0,0.0299999993294477,0.0,-34.079524993896484
xxxxxxxx174,C,8,red,3.526,3.977,0.451,0.0578999999999996,data/not_shared/wd_audio/WD_CI/xxxxxxxx174/xxxxxxxx174_stroop_C.wav,data/not_shared/wd_audio/WD_CI/xxxxxxxx174/xxxxxxxx174_stroop_task.wav,38.59863662719727,0.0190803576260805,38.0249137878418,38.366676330566406,39.16284942626953,1.1379356384277344,16.976356506347656,1.6321182250976562,8.960901260375977,8.457223892211914,0.4356194138526916,0.4666493833065033,0.2658848762512207,0.3494706749916076,0.6852375268936157,0.419352650642395,3.2451059818267822,2.5099916458129883,2.1427435874938965,1.2483046054840088,0.140287309885025,0.6974201798439026,28.749269485473636,0.5022340416908264,-4.5731306076049805,-1.1479252576828003,-15.856460571289062,-0.510566234588623,-7.292755126953125,-1.820982575416565,0.0180923733860254,0.7029007077217102,1.0195902585983276,0.7031630277633667,6.501503944396973,1.0486985445022583,6.711015224456787,0.6144118905067444,25.628517150878903,0.342998057603836,639.0875244140625,0.3046124279499054,1525.6153564453125,0.207796111702919,-51.14746856689453,-1.4819469451904297,1398.5303955078125,0.111654981970787,1343.3883056640625,0.351853460073471,-43.10707473754883,-1.5159958600997925,2557.0478515625,0.0780918076634407,871.2606811523438,0.4115317761898041,-56.67028427124024,-1.051715612411499,-10.03060245513916,-0.4923267364501953,27.363927841186523,0.2634097933769226,0.0609593577682971,0.5150068402290344,-0.0145759666338562,-0.8853206634521484,0.1765435189008712,0.5751482844352722,35.252986907958984,0.3245494067668915,-2.871166467666626,-1.7813283205032349,-18.237268447875977,-0.4452001452445984,-12.011075973510742,-1.044875979423523,2.312180519104004,11.164742469787598,0.0457060113549232,0.0131244016811251,0.0702523365616798,4.545454502105713,2.6315789222717285,0.3100000023841858,0.0,0.0499999970197677,0.0,-36.020503997802734
xxxxxxxx174,C,9,yellow,4.3182,4.8071,0.4889000000000001,0.3412000000000001,data/not_shared/wd_audio/WD_CI/xxxxxxxx174/xxxxxxxx174_stroop_C.wav,data/not_shared/wd_audio/WD_CI/xxxxxxxx174/xxxxxxxx174_stroop_task.wav,40.99648284912109,0.0672380700707435,38.89802932739258,42.1951904296875,43.25812530517578,4.360095977783203,41.84663391113281,0.0,-16.530292510986328,0.0,0.7490330934524536,0.4266443848609924,0.3329425454139709,0.8883128762245178,1.0622708797454834,0.7293283343315125,4.641709327697754,3.067002534866333,2.345379114151001,0.0,0.2681022584438324,0.509270429611206,34.0164680480957,0.2473933845758438,-13.594731330871582,-0.9855073690414428,-22.043161392211918,-0.4800335168838501,-9.934836387634276,-0.5218772888183594,0.0072492212057113,0.3857748806476593,0.6235120296478271,0.8119829297065735,11.849509239196776,0.2754707634449005,1.865566968917847,1.8476946353912356,23.04727554321289,0.1163707599043846,830.3829956054688,0.1963468343019485,1302.6544189453125,0.1469009220600128,-9.01899528503418,-0.8808750510215759,1646.099365234375,0.0988273173570633,1135.2052001953125,0.2211174517869949,-16.768327713012695,-0.7036678791046143,2728.360595703125,0.042618952691555,595.2762451171875,0.2230138629674911,-30.54530334472656,-0.21259506046772,-6.942940711975098,-0.8621667623519897,26.598712921142575,0.2478774040937423,0.0710295587778091,0.5236667990684509,0.00020101373957,36.55617904663086,0.3003245890140533,0.4170458018779754,35.81702423095703,0.2161948233842849,-17.825382232666016,-0.5286943316459656,-24.640378952026367,-0.3736273050308227,-10.073641777038574,-0.527083158493042,0.0,0.0,0.0,0.0,0.0,2.127659559249878,2.500000238418579,0.3899999856948852,0.0,0.0,0.0,-30.94582939147949
xxxxxxxx174,C,10,red,4.9438,5.3179,0.3740999999999994,0.1367000000000002,data/not_shared/wd_audio/WD_CI/xxxxxxxx174/xxxxxxxx174_stroop_C.wav,data/not_shared/wd_audio/WD_CI/xxxxxxxx174/xxxxxxxx174_stroop_task.wav,40.53326416015625,0.0322642922401428,38.87026977539063,41.29570007324219,41.7260971069336,2.8558273315429688,7.540713310241699,6.453937530517578,10.810153007507324,0.0,0.5665250420570374,0.4179568290710449,0.3270830810070038,0.5599266290664673,0.8328986167907715,0.5058155059814453,11.678105354309082,0.0,-2.4745631217956543,0.0,0.2342051565647125,0.4288325607776642,42.66555404663086,0.0796411260962486,1.4156602621078491,4.691980361938477,-12.141091346740724,-1.1364362239837646,-22.577289581298828,-0.4553862810134887,0.0074601946398615,0.3942000865936279,0.6424338817596436,0.8156567811965942,13.80949878692627,0.1094479486346244,9.87246036529541,0.5603892207145691,29.653827667236328,0.3149744570255279,716.09814453125,0.1815109997987747,1605.4293212890625,0.1442227065563202,-14.90060329437256,-0.7383633255958557,1467.2601318359375,0.1016891673207283,1168.9677734375,0.278012752532959,-25.468019485473636,-0.5049427151679993,2756.67041015625,0.0372451916337013,484.8722229003906,0.2769914269447326,-38.66495132446289,-0.1002531051635742,-16.618104934692383,-0.4876368343830108,36.051719665527344,0.1201730668544769,0.0804209634661674,0.1996040195226669,-0.0281642135232687,-0.2562711536884308,0.2554671168327331,0.41892209649086,43.06972122192383,0.0788910835981369,-0.2438905090093612,-24.70176315307617,-16.122817993164062,-0.7112801671028137,-25.43136405944824,-0.3251732885837555,0.0,0.0,0.0,0.0,0.0,2.777777910232544,3.3333334922790527,0.2899999916553497,0.0,0.0,0.0,-30.84781837463379
xxxxxxxx174,C,11,green,5.5454,5.712,0.1665999999999998,0.2275,data/not_shared/wd_audio/WD_CI/xxxxxxxx174/xxxxxxxx174_stroop_C.wav,data/not_shared/wd_audio/WD_CI/xxxxxxxx174/xxxxxxxx174_stroop_task.wav,43.80733108520508,0.0,43.80733108520508,43.80733108520508,43.80733108520508,0.0,0.0,0.0,0.0,0.0,0.4480213224887848,0.2296808362007141,0.3666037917137146,0.4726651906967163,0.5441817045211792,0.1775779128074646,3.5304083824157715,0.0,-2.876029253005981,0.0,0.2335900962352752,0.6393370032310486,27.870513916015625,0.1178743094205856,0.4272575378417969,17.513113021850586,19.616111755371094,0.114136017858982,-15.048463821411133,-0.2856467366218567,0.0118985930457711,1.2770447731018066,0.9094731211662292,1.3893613815307615,16.435819625854492,0.0897654891014099,10.801351547241213,0.3431117832660675,8.590879440307617,0.5076740980148315,421.42578125,0.4146389961242676,1525.02392578125,0.0685620754957199,-38.30636215209961,-0.0016597650246694,1744.403564453125,0.0348134785890579,1101.01220703125,0.2335215657949447,-38.78390884399414,-0.0508211180567741,2578.246826171875,0.0584143996238708,876.9266967773438,0.1393374800682068,-36.14404296875,-0.06860913336277,-28.850709915161133,-0.1567664146423339,35.65010452270508,0.1661407649517059,0.1186932548880577,0.1871878802776336,-0.0124811418354511,-0.2188950777053833,0.1703347265720367,0.6148329377174377,27.36581039428711,0.146425575017929,2.2377617359161377,3.90340518951416,18.91414833068848,0.1316933184862136,-14.677430152893066,-0.4310339391231537,0.0,0.0,0.0,0.0,0.0,6.6666669845581055,0.0,0.0,0.0,0.0,0.0,-30.358264923095703
xxxxxxxx174,C,12,blue,5.7699,6.0104,0.2404999999999999,0.0579,data/not_shared/wd_audio/WD_CI/xxxxxxxx174/xxxxxxxx174_stroop_C.wav,data/not_shared/wd_audio/WD_CI/xxxxxxxx174/xxxxxxxx174_stroop_task.wav,36.96363067626953,0.0413305163383483,35.26129150390625,37.32841873168945,38.587989807128906,3.326698303222656,37.78206253051758,0.0,-15.09920883178711,22.504844665527344,0.496817797422409,0.5450305938720703,0.1988080441951751,0.5189833045005798,0.7856923341751099,0.5868842601776123,7.896307468414307,0.0,-4.417367458343506,0.0,0.229301631450653,0.6645591855049133,36.50272750854492,0.0490715429186821,-8.906781196594238,-0.4676700830459595,-10.800971031188965,-0.8511853814125061,4.459792613983154,1.299015760421753,0.0256406385451555,0.6646467447280884,1.2641137838363647,0.3877995312213897,5.983770370483398,0.2755917012691498,3.934460639953613,0.7082894444465637,20.305761337280277,0.2753306329250335,777.48388671875,0.193019762635231,1333.0731201171875,0.132205843925476,-11.095834732055664,-0.630805492401123,1707.4102783203125,0.1339678168296814,1074.9022216796875,0.2466523945331573,-20.68637084960937,-0.2989952564239502,2790.548095703125,0.1194100528955459,739.9492797851562,0.1727206408977508,-30.25701332092285,-0.2135524451732635,-12.55208969116211,-0.276199609041214,24.854476928710938,0.1568644940853119,0.0802951976656913,0.3819389939308166,-0.0197061412036418,-0.4812828004360199,0.3111464381217956,0.5002431273460388,35.83380889892578,0.040275938808918,-10.41427993774414,-0.3611158430576324,-14.293723106384276,-0.5653444528579712,4.937262535095215,1.3265515565872192,0.0,0.0,0.0,0.0,0.0,4.347826480865479,5.882352828979492,0.1599999964237213,0.0,0.0,0.0,-35.82926940917969
xxxxxxxx174,W,1,yellow,1.0466,1.4926,0.4459999999999999,1.0466,data/not_shared/wd_audio/WD_CI/xxxxxxxx174/xxxxxxxx174_stroop_W.wav,data/not_shared/wd_audio/WD_CI/xxxxxxxx174/xxxxxxxx174_stroop_task.wav,40.59933090209961,0.041873775422573,38.69533920288086,40.71165084838867,42.30554962158203,3.610210418701172,16.539764404296875,0.0,7.291412353515625,0.0,0.8132035732269287,0.2785346210002899,0.5710821747779846,0.904580533504486,0.9911381006240844,0.4200559258460998,1.975419282913208,3.3343093395233154,1.6239547729492188,0.0,0.2492303550243377,0.3287417590618133,33.80018997192383,0.1921527981758117,-12.823944091796877,-0.4323697090148926,-23.86045265197754,-0.3768283724784851,-7.730855464935303,-0.7268956899642944,0.0108044855296611,1.6800477504730225,0.5776410102844238,0.5025407671928406,12.453010559082031,0.2303425371646881,-0.6123239994049072,-2.313952207565308,22.299217224121094,0.2343459129333496,827.0068359375,0.1523376256227493,1349.7449951171875,0.13584004342556,-9.64691925048828,-0.5170018672943115,1532.7677001953125,0.0727799832820892,1105.6385498046875,0.23368701338768,-11.626713752746582,-0.4671911895275116,2705.779296875,0.046505507081747,572.0843505859375,0.2161144614219665,-32.30924606323242,-0.1402438580989837,-5.59337329864502,-0.5909982323646545,28.124290466308597,0.2126504480838775,0.0577741377055645,0.4946520626544952,0.0052193258889019,0.8854514360427856,0.2609416544437408,0.2985354959964752,34.270606994628906,0.1994234472513198,-14.068318367004396,-0.3521600663661957,-25.939245223999023,-0.3016559183597564,-7.706173419952393,-0.7643307447433472,0.0,0.0,0.0,0.0,0.0,2.3255815505981445,2.702702760696411,0.3599999845027923,0.0,0.0,0.0,-30.123186111450195
xxxxxxxx174,W,2,red,1.6153,1.9805,0.3651999999999999,0.1227,data/not_shared/wd_audio/WD_CI/xxxxxxxx174/xxxxxxxx174_stroop_W.wav,data/not_shared/wd_audio/WD_CI/xxxxxxxx174/xxxxxxxx174_stroop_task.wav,40.23761367797852,0.0335345938801765,38.66512298583984,40.36356735229492,41.66941833496094,3.0042953491210938,13.395357131958008,0.0,-11.278820037841797,0.0,0.7602254748344421,0.2836948037147522,0.5152658224105835,0.8768003582954407,0.9744410514831544,0.4591752290725708,6.849380493164063,2.8700571060180664,-1.2692463397979736,1.7848681211471558,0.2869817912578583,0.3953031003475189,38.51267623901367,0.0822867676615715,3.4404451847076416,1.5882363319396973,-22.135236740112305,-0.6686102151870728,-21.859230041503903,-0.2686011493206024,0.0089189605787396,1.5511993169784546,0.632917046546936,1.1363201141357422,13.989917755126951,0.0952211767435073,7.0066399574279785,0.475338876247406,30.963077545166016,0.1916159838438034,781.2118530273438,0.2063047438859939,1478.4097900390625,0.1029862537980079,-11.208877563476562,-0.8090632557868958,1532.839599609375,0.1504303514957428,1100.1949462890625,0.4797801971435547,-18.887845993041992,-0.5451158881187439,2847.73583984375,0.0635721907019615,541.7752075195312,0.6227637529373169,-38.1020622253418,-0.1242974400520324,-11.754042625427246,-0.491593599319458,34.62288284301758,0.0956279709935188,0.0660683140158653,0.4937991201877594,-0.0224928930401802,-0.2722454071044922,0.3212186098098755,0.3299024403095245,39.26422500610352,0.075489766895771,2.0663511753082275,2.3946309089660645,-27.302270889282227,-0.3789510130882263,-23.02489471435547,-0.25153848528862,0.0,0.0,0.0,0.0,0.0,5.714285850524902,3.4482760429382324,0.2800000011920929,0.0,0.0,0.0,-28.390146255493164
xxxxxxxx174,W,3,green,2.1112,2.4355,0.3243,0.1307000000000002,data/not_shared/wd_audio/WD_CI/xxxxxxxx174/xxxxxxxx174_stroop_W.wav,data/not_shared/wd_audio/WD_CI/xxxxxxxx174/xxxxxxxx174_stroop_task.wav,42.700965881347656,0.0464795976877212,40.6635971069336,42.8885612487793,44.76531219482422,4.101715087890625,0.0,0.0,-0.2479673773050308,0.0,0.6173436045646667,0.1009457036852836,0.5753585696220398,0.6114898324012756,0.6764766573905945,0.1011180877685546,-0.1112295985221862,1.2368199825286863,1.0980074405670166,0.0,0.2589852511882782,0.3968556821346283,25.099170684814453,0.2352932840585708,0.946286916732788,5.469261646270752,16.01686668395996,0.1669760942459106,-10.007146835327148,-0.7535389065742493,0.0083066411316394,0.6483580470085144,0.4344731569290161,0.5080126523971558,15.708993911743164,0.1074323654174804,7.640745639801025,1.648282766342163,6.682806015014648,2.2068586349487305,789.7780151367188,0.2062036246061325,1373.877197265625,0.1420324593782425,-33.85111999511719,-0.1505791842937469,1843.236083984375,0.0936451405286789,816.7022094726562,0.1863148212432861,-35.90909194946289,-0.0771799087524414,2686.9951171875,0.0630164220929145,806.6978759765625,0.2414711415767669,-31.899415969848636,-0.0494482405483722,-23.33364486694336,-0.0521378368139267,27.783754348754883,0.0613613240420818,0.1228686869144439,0.2531608343124389,-0.0139060588553547,-1.072158694267273,0.281166136264801,0.372104674577713,23.02494430541992,0.1968207061290741,-1.1974650621414185,-2.2433536052703857,17.120813369750977,0.0895291194319725,-11.592272758483888,-0.600745677947998,0.0,0.0,0.0,0.0,0.0,3.225806474685669,4.0,0.2399999946355819,0.0,0.0,0.0,-27.82272148132324
xxxxxxxx174,W,4,blue,2.5243,2.8156,0.2912999999999996,0.0887999999999999,data/not_shared/wd_audio/WD_CI/xxxxxxxx174/xxxxxxxx174_stroop_W.wav,data/not_shared/wd_audio/WD_CI/xxxxxxxx174/xxxxxxxx174_stroop_task.wav,35.61174774169922,0.0238463152199983,34.831199645996094,35.35780334472656,36.280364990234375,1.4491653442382812,19.3981990814209,0.0,21.746335983276367,0.0,0.7002408504486084,0.2637148201465606,0.5223065614700317,0.7301841974258423,0.8655585050582886,0.3432519435882568,1.328691005706787,3.2276957035064697,2.0198941230773926,0.0,0.252215713262558,0.5489499568939209,34.586429595947266,0.0388805568218231,-9.450773239135742,-0.717987596988678,-16.113027572631836,-0.262336790561676,2.079720497131348,2.457216501235962,0.0071594817563891,0.5688281059265137,0.6171203851699829,0.2971431910991668,9.52668571472168,0.1829570084810257,5.0151143074035645,0.3241308033466339,23.466615676879883,0.0893898382782936,774.8695068359375,0.1476073861122131,1418.5511474609375,0.2342104762792587,-2.373013734817505,-1.6048262119293213,1698.4520263671875,0.1147106662392616,1070.72705078125,0.2885400652885437,-13.8773193359375,-0.247478038072586,2754.1640625,0.0792384296655654,765.172607421875,0.3727506101131439,-25.476808547973636,-0.0670596435666084,-10.230292320251465,-0.4777695834636688,23.95210075378418,0.174356997013092,0.0970362946391105,0.134986400604248,-0.0186971686780452,-0.598170280456543,0.2949897348880768,0.5934479832649231,34.325923919677734,0.0362494476139545,-10.606335639953612,-0.6748011708259583,-16.48325538635254,-0.1971653550863266,0.5893900394439697,6.946868896484375,0.0,0.0,0.0,0.0,0.0,3.5714285373687744,4.545454502105713,0.209999993443489,0.0,0.0,0.0,-33.61714172363281
xxxxxxxx174,W,5,green,3.2057,3.5539,0.3481999999999998,0.3901000000000003,data/not_shared/wd_audio/WD_CI/xxxxxxxx174/xxxxxxxx174_stroop_W.wav,data/not_shared/wd_audio/WD_CI/xxxxxxxx174/xxxxxxxx174_stroop_task.wav,43.81982421875,0.0305641181766986,42.452823638916016,44.23972702026367,45.05765914916992,2.6048355102539062,22.96969223022461,0.0,-21.280214309692383,0.0,0.7523183822631836,0.2519226670265198,0.5609685778617859,0.8492403626441956,0.8989294767379761,0.3379608988761902,2.6381959915161133,0.0,-5.181577682495117,0.0,0.298419326543808,0.4043615162372589,25.034984588623047,0.2682662010192871,-6.988265037536621,-1.3062512874603271,9.55655574798584,0.9778593182563782,-14.746390342712402,-0.4330108165740967,0.0062855486758053,0.7071943283081055,0.5298470258712769,1.7277400493621826,16.443740844726562,0.0874124243855476,13.964289665222168,0.489616334438324,7.846412658691406,1.0388798713684082,772.0259399414062,0.3854917287826538,1437.6678466796875,0.1356453746557235,-33.42881393432617,-0.0735155120491981,1757.6785888671875,0.0931437164545059,875.3319702148438,0.173557236790657,-29.13502311706543,-0.2247238904237747,2715.610595703125,0.0492082238197326,811.9365844726562,0.4139640927314758,-29.54470443725586,-0.2030777335166931,-21.15142250061035,-0.2527073323726654,27.079776763916016,0.2181736379861831,0.1323114335536956,0.1920084506273269,-0.0118825975805521,-0.578508734703064,0.2661769092082977,0.3375646471977234,22.568883895874023,0.2018270790576934,-8.197141647338867,-1.122370362281799,13.168241500854492,0.4216704964637756,-15.790362358093262,-0.4069260358810425,0.0,0.0,0.0,0.0,0.0,3.030303239822388,3.7037038803100586,0.2599999904632568,0.0,0.0,0.0,-26.894550323486328
xxxxxxxx174,W,6,yellow,3.6447,3.7684,0.1237000000000003,0.0907999999999997,data/not_shared/wd_audio/WD_CI/xxxxxxxx174/xxxxxxxx174_stroop_W.wav,data/not_shared/wd_audio/WD_CI/xxxxxxxx174/xxxxxxxx174_stroop_task.wav,37.72103500366211,0.0020045705605298,37.63618087768555,37.71959686279297,37.78010177612305,0.1439208984375,5.7826995849609375,0.0,6.94732666015625,0.0,1.0515835285186768,0.2376160025596618,0.8745880722999573,1.094744324684143,1.238518238067627,0.3639301657676697,15.895872116088867,0.0,-4.987383365631104,0.0,0.4101319313049316,0.2717419862747192,38.71228790283203,0.0579248927533626,-18.216228485107425,-0.4032743573188782,-23.996442794799805,-0.2518288791179657,0.3821504712104797,12.732028007507324,0.0149007476866245,0.7634917497634888,0.9331915378570556,0.4519363343715668,11.672313690185549,0.0414311066269874,1.6694004535675049,1.6872624158859253,20.784404754638672,0.0257528722286224,840.73828125,0.0533696711063385,1312.7672119140625,0.0529144555330276,0.5242922306060791,3.744960308074951,1633.286865234375,0.0272397249937057,1110.0377197265625,0.1572569459676742,-0.5639719367027283,-8.51689624786377,2692.187744140625,0.0057370509020984,558.0533447265625,0.0464276224374771,-22.187612533569336,-0.0984867140650749,-6.646944046020508,-0.5280495882034302,24.450109481811523,0.1075373291969299,0.0347385816276073,0.3161987662315368,0.0004349809314589,15.09548282623291,0.4495773911476135,0.0872671157121658,38.102535247802734,0.065199539065361,-13.658831596374512,-0.5321593284606934,-22.085405349731445,-0.3458437025547027,2.762329578399658,0.3563867211341858,0.0,0.0,0.0,0.0,0.0,9.090909004211426,16.666667938232422,0.0499999970197677,0.0,0.0,0.0,-29.2386474609375
xxxxxxxx174,W,7,blue,3.8902,4.3541,0.4638999999999997,0.1217999999999999,data/not_shared/wd_audio/WD_CI/xxxxxxxx174/xxxxxxxx174_stroop_W.wav,data/not_shared/wd_audio/WD_CI/xxxxxxxx174/xxxxxxxx174_stroop_task.wav,39.91791534423828,0.0320316776633262,38.40509033203125,40.190677642822266,41.178558349609375,2.773468017578125,28.380172729492188,2.783963203430176,27.984302520751957,5.582442283630371,0.730944037437439,0.3662852942943573,0.5020151734352112,0.5991067886352539,0.9931861162185668,0.4911709427833557,3.374245405197144,2.792344808578491,2.909313917160034,0.7685050964355469,0.260947436094284,0.5179332494735718,35.29958724975586,0.0953533053398132,-8.101938247680664,-1.263846755027771,-20.107789993286133,-0.4488140344619751,-0.3909951448440552,-10.031890869140623,0.0101851867511868,0.4692523181438446,0.5799049139022827,0.383451372385025,11.53626823425293,0.2330456972122192,6.986447334289551,1.0577807426452637,27.81386947631836,0.2182566076517105,805.2886962890625,0.0926886722445488,1281.0037841796875,0.1494811773300171,-12.324299812316896,-1.0068747997283936,1714.9466552734375,0.0649668350815773,906.3289184570312,0.2139527052640915,-19.18799591064453,-0.4096457362174988,2863.613525390625,0.0492178127169609,602.5750122070312,0.350807636976242,-33.76272201538086,-0.3031052350997925,-15.313982009887695,-0.4661925137042999,30.26041984558105,0.3028008937835693,0.0763289853930473,0.2202524989843368,-0.0266485251486301,-0.2941358983516693,0.2804323732852936,0.4789910316467285,35.57155990600586,0.094846099615097,-8.163237571716309,-1.3431411981582642,-20.965576171875,-0.4287660717964172,-0.879695475101471,-4.448501586914063,0.0,0.0,0.0,0.0,0.0,2.222222328186035,2.5641026496887207,0.3799999952316284,0.0,0.0,0.0,-30.730588912963867
xxxxxxxx174,W,8,red,4.4309,4.6624,0.2314999999999996,0.0768000000000004,data/not_shared/wd_audio/WD_CI/xxxxxxxx174/xxxxxxxx174_stroop_W.wav,data/not_shared/wd_audio/WD_CI/xxxxxxxx174/xxxxxxxx174_stroop_task.wav,38.4429931640625,0.0221616178750991,37.73020935058594,37.97996520996094,39.32292938232422,1.5927200317382812,24.3970890045166,0.0,6.427155017852783,0.0,0.7062915563583374,0.3181929290294647,0.4848425984382629,0.7224134802818298,0.9390693306922911,0.4542267322540283,11.202584266662598,0.0,-4.573798179626465,0.0,0.2843815982341766,0.2848741710186004,42.69853973388672,0.1011573746800422,3.0553200244903564,1.0195910930633545,-25.723581314086918,-0.4410547912120819,-19.660160064697266,-0.3301863670349121,0.0090246349573135,1.0075064897537231,0.6980737447738647,0.9255052208900452,13.044665336608888,0.0564818494021892,4.5535759925842285,0.8187198638916016,34.15671157836914,0.1159766986966133,733.9796752929688,0.1771414428949356,1434.1788330078125,0.1169470325112342,-6.190092086791992,-0.8119692802429199,1482.15576171875,0.0672547593712806,990.9512329101562,0.2022528946399688,-17.718626022338867,-0.4487608969211578,2750.032470703125,0.0815347805619239,454.3719177246094,0.3663961589336395,-36.38852310180664,-0.1064928248524665,-11.386478424072266,-0.2268180847167968,34.08256530761719,0.0932131260633468,0.0559734553098678,0.4161677658557892,-0.0203602761030197,-0.3797547817230224,0.3017406761646271,0.3152950704097748,43.54364013671875,0.1099076122045517,2.419929981231689,1.397172451019287,-29.904226303100582,-0.3332787454128265,-21.375268936157227,-0.285656601190567,0.0,0.0,0.0,0.0,0.0,4.545454502105713,6.25,0.1499999910593032,0.0,0.0,0.0,-30.36968231201172
xxxxxxxx174,W,9,blue,5.0206,5.1523,0.1317000000000003,0.3582000000000001,data/not_shared/wd_audio/WD_CI/xxxxxxxx174/xxxxxxxx174_stroop_W.wav,data/not_shared/wd_audio/WD_CI/xxxxxxxx174/xxxxxxxx174_stroop_task.wav,38.81552505493164,0.0186667665839195,38.096038818359375,38.60567855834961,39.567909240722656,1.4718704223632812,0.0,0.0,-0.2712794840335846,0.0,0.8987314701080322,0.4512855410575866,0.4423789381980896,1.0038268566131592,1.3203413486480713,0.8779624104499817,0.0881840884685516,0.0,0.0,0.0,0.3268473148345947,0.4702942371368408,31.72600555419922,0.0765567943453788,-4.274519443511963,-3.639159679412842,-14.07785701751709,-0.9915719628334044,-1.1161930561065674,-4.664009094238281,0.0121512878686189,0.4684357941150665,1.7505303621292114,0.8224518895149231,10.591018676757812,0.1583678424358368,15.467724800109863,0.7157490253448486,30.35818672180176,0.2493727505207061,814.9945678710938,0.0892824679613113,1245.1015625,0.0826565474271774,-13.878006935119627,-1.0101464986801147,1864.569580078125,0.0313419476151466,804.6884155273438,0.0466924421489238,-21.126710891723636,-0.4729025661945343,3043.991455078125,0.0092484978958964,523.0254516601562,0.1623006612062454,-31.272048950195312,-0.2563811838626861,-21.91176986694336,-0.3703698217868805,30.76903533935547,0.3282597661018371,0.0759186297655105,0.3658205270767212,-0.0371533259749412,-0.2413201928138733,0.4011336863040924,0.3347865641117096,33.45941925048828,0.0482735633850097,5.960019111633301,2.139853477478028,-5.8527512550354,-2.2360048294067383,-4.155808925628662,-1.16865074634552,0.0,0.0,0.0,0.0,0.0,0.0,14.285714149475098,0.0599999986588954,0.0,0.0,0.0,-29.6027889251709
xxxxxxxx174,W,10,green,5.266,5.6631,0.3971,0.1136999999999996,data/not_shared/wd_audio/WD_CI/xxxxxxxx174/xxxxxxxx174_stroop_W.wav,data/not_shared/wd_audio/WD_CI/xxxxxxxx174/xxxxxxxx174_stroop_task.wav,43.47486114501953,0.0284273456782102,42.27012634277344,43.43665313720703,44.82552719116211,2.555400848388672,24.396045684814453,0.0,-22.5742130279541,0.0,0.706134021282196,0.1959487646818161,0.5490404963493347,0.7348436117172241,0.8455718755722046,0.2965313792228699,1.208823561668396,0.0,-5.004391670227051,0.0,0.3138726353645324,0.3715361952781677,28.59868431091309,0.198844701051712,-1.1443393230438232,-7.745707988739014,4.274848937988281,1.5395548343658447,-9.797419548034668,-0.3353747725486755,0.0073513272218406,0.3931448757648468,0.3969485461711883,0.4312295913696289,16.112417221069336,0.0498000979423522,9.192949295043944,0.9778647422790528,8.228976249694824,0.8723407983779907,679.21240234375,0.3347171247005462,1393.5362548828125,0.101283386349678,-34.79356384277344,-0.1559391766786575,1762.6759033203125,0.1393843740224838,1030.9613037109375,0.1372667551040649,-36.23151397705078,-0.1846057474613189,2685.706787109375,0.0769585743546485,860.089599609375,0.1977677345275879,-34.82433319091797,-0.2268397659063339,-24.743656158447266,-0.2425578832626342,30.66012191772461,0.2681516110897064,0.1226342692971229,0.1287280619144439,-0.0174693800508976,-0.3517644703388214,0.2961756289005279,0.2857272326946258,27.22100257873535,0.1864870190620422,-0.992707908153534,-9.251120567321776,6.1777663230896,0.8509339690208435,-9.485626220703123,-0.3263057470321655,0.0,0.0,0.0,0.0,0.0,2.6315789222717285,3.125,0.3100000023841858,0.0,0.0,0.0,-26.35888290405273
xxxxxxxx174,W,11,red,5.733,5.9624,0.2294,0.0698999999999996,data/not_shared/wd_audio/WD_CI/xxxxxxxx174/xxxxxxxx174_stroop_W.wav,data/not_shared/wd_audio/WD_CI/xxxxxxxx174/xxxxxxxx174_stroop_task.wav,40.84309005737305,0.0302423797547817,39.8498420715332,40.63739013671875,42.19095993041992,2.3411178588867188,0.2673599123954773,0.0,0.0,0.0,0.601815402507782,0.2625646591186523,0.414928674697876,0.6826360821723938,0.7256937623023987,0.3107650876045227,3.426536321640014,0.0,-6.238361358642578,0.0,0.3390085399150848,0.46390500664711,37.32563018798828,0.199298471212387,6.521594524383545,0.4674410223960876,-21.058528900146484,-0.4055414199829101,-23.588451385498047,-0.5376055836677551,0.016766469925642,0.994394600391388,0.7321140170097351,0.8029567003250122,12.746943473815918,0.2247802168130874,0.5422207117080688,3.4361517429351807,31.663408279418945,0.2206662744283676,769.4401245117188,0.2164196521043777,1689.39501953125,0.3596216738224029,-10.042688369750977,-0.1393622756004333,1405.96875,0.098141074180603,1250.3814697265625,0.1895775496959686,-28.211502075195312,-0.2654230296611786,2809.9970703125,0.0252639595419168,462.266845703125,0.1996080577373504,-42.1113166809082,-0.0810526460409164,-15.371559143066406,-0.4930757582187652,35.0223388671875,0.1952681839466095,0.0239581242203712,1.4574216604232788,-0.0226634927093982,-0.5997043251991272,0.2969861626625061,0.3203456103801727,38.299903869628906,0.2091962248086929,6.073151111602783,0.3304030895233154,-23.628982543945312,-0.3250292241573334,-20.52010726928711,-0.6667746901512146,0.0,0.0,0.0,0.0,0.0,4.761904716491699,6.6666669845581055,0.1400000005960464,0.0,0.0,0.0,-29.91625022888184
xxxxxxxx174,W,12,yellow,6.0123,6.196,0.1836999999999999,0.0499,data/not_shared/wd_audio/WD_CI/xxxxxxxx174/xxxxxxxx174_stroop_W.wav,data/not_shared/wd_audio/WD_CI/xxxxxxxx174/xxxxxxxx174_stroop_task.wav,39.759727478027344,0.0227678213268518,38.92168045043945,39.5956916809082,40.708282470703125,1.786602020263672,39.39127349853516,0.0,49.51947784423828,0.0,0.6978963017463684,0.3843274414539337,0.423553317785263,0.7325480580329895,0.977967083454132,0.5544137954711914,10.403253555297852,0.0,-7.305293560028076,0.0,0.4043838679790497,0.371578186750412,38.158329010009766,0.1143325641751289,-11.22010612487793,-0.4533544182777405,-21.15665435791016,-0.3466358780860901,-3.3901114463806152,-1.2758792638778689,0.019274627789855,0.3579062819480896,1.172615647315979,0.748728334903717,8.754676818847656,0.1084201335906982,-4.400681495666504,-0.3146145045757293,22.03302764892578,0.2078218609094619,859.9652099609375,0.0406017079949379,1302.603271484375,0.1082733124494552,-8.843454360961914,-0.3638155162334442,1623.3023681640625,0.0286423023790121,1058.697509765625,0.1824051290750503,-15.798561096191406,-0.3118825852870941,2778.998291015625,0.0108580170199275,478.8354187011719,0.096324473619461,-35.27716445922852,-0.0531866028904914,-6.324835777282715,-0.2117758989334106,30.978981018066406,0.0568406283855438,0.0371577106416225,0.4656446278095245,-0.0013855376746505,-5.204685211181641,0.5206430554389954,0.0873195603489875,40.605255126953125,0.0598351471126079,-12.229461669921877,-0.4609438776969909,-24.821725845336918,-0.24260775744915,-5.795355319976807,-0.3124493658542633,0.0,0.0,0.0,0.0,0.0,5.882352828979492,9.090909004211426,0.0999999940395355,0.0,0.0,0.0,-31.45994758605957
xxxxxxxx174,CW,1,yellow,1.2561,1.9685,0.7123999999999999,1.2561,data/not_shared/wd_audio/WD_CI/xxxxxxxx174/xxxxxxxx174_stroop_CW.wav,data/not_shared/wd_audio/WD_CI/xxxxxxxx174/xxxxxxxx174_stroop_task.wav,37.59360122680664,0.0416650176048278,35.86836242675781,37.52505493164063,39.30467224121094,3.436309814453125,22.88373374938965,0.0,-0.7907285690307617,11.879302024841309,0.7460930943489075,0.2664456665515899,0.5657849311828613,0.7898877859115601,0.9330345392227172,0.3672496080398559,1.4753761291503906,2.010958671569824,1.7436132431030271,0.0139181613922119,0.2262825667858123,0.3015676438808441,40.74177551269531,0.1177474334836006,-10.639598846435549,-0.6382012963294983,-27.6420955657959,-0.2709960639476776,-6.40088415145874,-0.7073807716369629,0.0059587643481791,0.5542473196983337,0.5621885061264038,0.6721547842025757,11.382134437561035,0.1742894202470779,4.024935722351074,0.5698599219322205,28.365249633789062,0.1256065964698791,741.2960815429688,0.1923450380563736,1518.22802734375,0.1450833231210708,-4.866183280944824,-0.4948844015598297,1545.959228515625,0.0880115926265716,1179.488525390625,0.2690266668796539,-9.296468734741213,-0.7029824256896973,2660.47216796875,0.0811128318309784,794.0552978515625,0.314578503370285,-31.79929542541504,-0.1204033344984054,-5.985472202301025,-0.4839375913143158,29.601842880249023,0.1131075397133827,0.0778935775160789,0.1976038664579391,-0.0036353217437863,-2.3313567638397217,0.2353032678365707,0.269728422164917,40.37348556518555,0.1202427148818969,-11.78592300415039,-0.5024447441101074,-29.191387176513672,-0.1909416019916534,-6.511253356933594,-0.7062496542930603,0.0,0.0,0.0,0.0,0.0,2.857142925262451,1.5625,0.6299999952316284,0.0,0.0,0.0,-32.24943542480469
xxxxxxxx174,CW,2,red,2.0763,2.8206,0.7443000000000004,0.1077999999999999,data/not_shared/wd_audio/WD_CI/xxxxxxxx174/xxxxxxxx174_stroop_CW.wav,data/not_shared/wd_audio/WD_CI/xxxxxxxx174/xxxxxxxx174_stroop_task.wav,38.49142074584961,0.0389151014387607,36.87940216064453,38.56587219238281,40.2551383972168,3.3757362365722656,21.165884017944336,0.0,-0.2715811729431152,6.557480335235596,0.5861510038375854,0.3768334090709686,0.3918485939502716,0.5583133697509766,0.7698537111282349,0.3780051171779632,4.615900993347168,4.37985897064209,1.250859260559082,0.0,0.1909617632627487,0.4973006248474121,42.75503540039063,0.0707783699035644,6.408164978027344,1.1949498653411863,-13.36432647705078,-1.1667503118515017,-21.923301696777344,-0.4960779547691345,0.0065191527828574,0.8453866839408875,0.4897116720676422,0.6941418647766113,13.582135200500488,0.1179207637906074,12.707944869995115,0.9553125500679016,36.61962127685547,0.1144883260130882,670.819091796875,0.2458076030015945,1400.1968994140625,0.1674860119819641,-15.813979148864746,-0.8580312728881836,1540.4036865234375,0.1394152194261551,1040.7718505859375,0.1707261204719543,-24.22584724426269,-0.5720610022544861,2817.965576171875,0.0372089482843875,560.523681640625,0.4746288955211639,-38.25129318237305,-0.1399892270565033,-19.93777847290039,-0.4281126856803894,36.04927062988281,0.1190508902072906,0.0852313712239265,0.2224783301353454,-0.0345475524663925,-0.20998415350914,0.19338259100914,0.4995813369750976,42.921607971191406,0.0709903091192245,5.01645040512085,1.2555586099624634,-14.749825477600098,-1.053170680999756,-23.511938095092773,-0.4206711649894714,0.0,0.0,0.0,0.0,0.0,1.3698630332946775,1.4925373792648315,0.6599999666213989,0.0,0.0,0.0,-31.40035820007324
xxxxxxxx174,CW,3,green,3.2416,3.6607,0.4190999999999998,0.4209999999999998,data/not_shared/wd_audio/WD_CI/xxxxxxxx174/xxxxxxxx174_stroop_CW.wav,data/not_shared/wd_audio/WD_CI/xxxxxxxx174/xxxxxxxx174_stroop_task.wav,42.65653610229492,0.0263150595128536,41.61397552490234,42.6997184753418,43.84430694580078,2.230331420898437,31.586915969848636,0.0,-16.765710830688477,0.0,0.6200976967811584,0.3245352506637573,0.4020098745822906,0.7016323804855347,0.7954912781715393,0.3934814035892486,1.186500906944275,1.4348853826522827,1.123840093612671,0.0,0.2306035608053207,0.3299480378627777,25.74080848693848,0.2376069128513336,-0.1830450594425201,-66.71546173095703,17.86191749572754,0.352118968963623,-10.741877555847168,-0.7592692971229553,0.0066911000758409,0.9350930452346802,0.5265018939971924,1.4642900228500366,16.147565841674805,0.0723283067345619,13.363170623779297,0.560819685459137,10.734875679016112,0.8011110424995422,653.7012939453125,0.3423659205436706,1626.051513671875,0.1580620855093002,-31.648759841918945,-0.1821636259555816,1784.096435546875,0.0940229743719101,798.5802001953125,0.2520717084407806,-35.305850982666016,-0.2158573269844055,2900.152099609375,0.0569467470049858,811.2767333984375,0.3492420613765716,-34.87398910522461,-0.2752248346805572,-24.734176635742188,-0.3095586597919464,30.519641876220703,0.3190797567367553,0.1050631776452064,0.2329273223876953,-0.0164437480270862,-0.5307456851005554,0.2326286882162094,0.3137136697769165,25.38551521301269,0.2570765316486358,-0.1843458265066146,-71.57749938964844,18.387527465820312,0.3556225597858429,-10.6292142868042,-0.8291350603103638,0.0,0.0,0.0,0.0,0.0,2.500000238418579,2.941176414489746,0.3299999833106994,0.0,0.0,0.0,-28.2602653503418
xxxxxxxx174,CW,4,blue,3.7505,4.1615,0.411,0.0898000000000003,data/not_shared/wd_audio/WD_CI/xxxxxxxx174/xxxxxxxx174_stroop_CW.wav,data/not_shared/wd_audio/WD_CI/xxxxxxxx174/xxxxxxxx174_stroop_task.wav,35.24263000488281,0.0291149690747261,34.424949645996094,34.72312927246094,36.07080078125,1.6458511352539062,13.460748672485352,0.0,7.7582621574401855,0.0,0.8235340714454651,0.3131080269813537,0.5894187092781067,0.8966172933578491,1.0309978723526,0.4415791630744934,7.212566375732422,7.028714656829834,3.354701042175293,0.0,0.2536498308181762,0.5789143443107605,32.87160873413086,0.0543923415243625,-12.498645782470703,-0.3619345426559448,-19.71329689025879,-0.540169894695282,7.231265544891357,0.8711099028587341,0.008341490291059,0.9052938222885132,0.6563571095466614,0.647237241268158,9.531167984008787,0.1501878052949905,7.55596113204956,0.3809152543544769,13.541956901550291,0.5191759467124939,566.739013671875,0.2612448632717132,1594.5296630859375,0.1531596779823303,-3.334635734558105,-1.0906494855880735,1382.435302734375,0.1639306545257568,1461.03466796875,0.3000365793704986,-7.565893173217773,-0.6644378304481506,2307.010009765625,0.1608385741710662,946.3502807617188,0.1652581095695495,-16.391633987426758,-0.4209985136985779,-7.320651054382324,-0.4385610222816467,22.382963180541992,0.130990132689476,0.0918507948517799,0.1615986377000808,-0.0061820778064429,-1.484123706817627,0.2834055125713348,0.6087863445281982,33.21408462524414,0.0395369976758956,-13.361075401306152,-0.3255729675292969,-22.562747955322266,-0.3548179566860199,7.382710456848144,0.9047882556915284,0.0,0.0,0.0,0.0,0.0,2.500000238418579,2.941176414489746,0.3299999833106994,0.0,0.0,0.0,-32.508018493652344
xxxxxxxx174,CW,5,green,4.6634,5.7629,1.0995,0.5019,data/not_shared/wd_audio/WD_CI/xxxxxxxx174/xxxxxxxx174_stroop_CW.wav,data/not_shared/wd_audio/WD_CI/xxxxxxxx174/xxxxxxxx174_stroop_task.wav,41.02449798583984,0.0609847046434879,38.69525146484375,40.24708557128906,43.741004943847656,5.045753479003906,23.038232803344727,9.610751152038574,18.704612731933597,1.987504959106445,0.555201530456543,0.3718348145484924,0.3421357274055481,0.5262312293052673,0.770750880241394,0.4286151528358459,1.8074078559875488,0.7565755844116211,2.368286371231079,0.9665281772613524,0.2283722907304763,0.6150975823402405,30.50863075256348,0.2254291474819183,0.3941937088966369,28.59071350097656,0.4853984117507934,31.43832015991211,-6.828676223754883,-1.2027479410171509,0.0158248376101255,1.5681759119033811,0.5891371369361877,0.8270314335823059,13.44301986694336,0.3024166822433471,15.954323768615724,0.6462981104850769,22.39717483520508,0.4790814518928528,756.6514892578125,0.1445336639881134,1412.8887939453125,0.1668018698692321,-20.720415115356445,-0.7112658619880676,1754.588623046875,0.0685452371835708,856.47314453125,0.1849924921989441,-27.696834564208984,-0.3766732215881347,2795.05908203125,0.0596842467784881,666.4636840820312,0.3868782520294189,-32.96792221069336,-0.239642783999443,-21.186935424804688,-0.3129481673240661,29.58954620361328,0.1740838289260864,0.0989094302058219,0.3389780223369598,-0.0274306423962116,-0.4481006860733032,0.2349639236927032,0.603145182132721,30.75256729125977,0.2273726910352707,-0.4213016629219055,-25.999988555908203,-0.0968410149216651,-160.01976013183594,-7.684540748596191,-1.0028094053268433,0.0,0.0,0.0,0.0,0.0,2.777777910232544,0.9803921580314636,1.0099999904632568,0.0,0.0,0.0,-29.504600524902344
xxxxxxxx174,CW,6,blue,6.1131,6.6379,0.5247999999999999,0.3502,data/not_shared/wd_audio/WD_CI/xxxxxxxx174/xxxxxxxx174_stroop_CW.wav,data/not_shared/wd_audio/WD_CI/xxxxxxxx174/xxxxxxxx174_stroop_task.wav,38.72819137573242,0.0336249396204948,37.23533248901367,38.996917724609375,39.75460433959961,2.519271850585937,17.72795867919922,6.2403717041015625,19.99838256835937,0.0,1.0651978254318235,0.3195931017398834,0.7520856261253357,1.010943055152893,1.4436782598495483,0.6915926337242126,2.116536855697632,3.544830560684204,3.312779188156128,1.228907346725464,0.4272137284278869,0.5649001002311707,28.212427139282227,0.1404333710670471,-7.333218097686768,-1.657052993774414,-26.91999626159668,-0.3163822889328003,-3.2205960750579834,-1.9499824047088623,0.0080212112516164,0.7438085675239563,0.5313785076141357,0.5330873727798462,11.093880653381348,0.2195786833763122,7.936150550842285,1.1150496006011963,26.857786178588867,0.4839023947715759,684.2228393554688,0.2280150353908538,1467.5157470703125,0.1590216606855392,-3.764950275421143,-2.069235324859619,1586.8165283203125,0.1584190279245376,1046.1263427734375,0.2619058191776275,-11.868895530700684,-0.6925976276397705,2673.56982421875,0.1264822483062744,651.6498413085938,0.2622104585170746,-25.78103446960449,-0.4201651811599731,-11.94874668121338,-0.5435633063316345,25.23604965209961,0.3020903170108795,0.0813202559947967,0.311488002538681,-0.0275126732885837,-0.5711146593093872,0.4445743560791015,0.566081166267395,28.01013565063477,0.1480891108512878,-6.127920150756836,-2.011833667755127,-27.352426528930664,-0.322623074054718,-4.010420799255371,-1.5397861003875732,0.0,0.0,0.0,0.0,0.0,3.9215686321258554,2.222222328186035,0.4399999976158142,0.0,0.0,0.0,-27.768163681030277
xxxxxxxx174,CW,7,green,6.9472,7.5907,0.6435000000000004,0.3092999999999994,data/not_shared/wd_audio/WD_CI/xxxxxxxx174/xxxxxxxx174_stroop_CW.wav,data/not_shared/wd_audio/WD_CI/xxxxxxxx174/xxxxxxxx174_stroop_task.wav,43.72138214111328,0.0495874695479869,40.96029281616211,44.65203857421875,45.62144470214844,4.661151885986328,19.508560180664062,0.0,6.491860389709473,5.636721134185791,0.5306931734085083,0.5851285457611084,0.2143810987472534,0.4928928911685943,0.7831921577453613,0.5688110589981079,1.579967021942139,3.80902099609375,7.17856502532959,4.182921409606934,0.2308441251516342,0.6662245392799377,22.23579216003418,0.4865109920501709,1.7762256860733032,7.167910575866699,11.615817070007324,0.8527480959892273,-3.156090259552002,-3.739834070205689,0.0081736277788877,0.7361095547676086,0.6459765434265137,1.1315189599990845,14.871200561523438,0.2988233566284179,12.71449375152588,0.2704726457595825,13.73879337310791,0.6623653769493103,796.32470703125,0.2086680680513382,1369.4715576171875,0.2123954147100448,-52.40961456298828,-1.0835025310516355,1905.465087890625,0.0686741098761558,824.59130859375,0.1680364459753036,-57.27036666870117,-0.8967680335044861,2900.20166015625,0.0519819594919681,794.559814453125,0.1840951889753341,-58.02353286743164,-0.8865571022033691,-27.48507499694824,-0.2803397178649902,34.27549362182617,0.2434529811143875,0.1086234152317047,0.400319367647171,-0.0131814181804656,-0.5608336925506592,0.1917453110218048,0.591540515422821,25.90513038635254,0.319120705127716,4.98244047164917,2.427061080932617,10.017306327819824,1.025421380996704,-6.648031711578369,-1.5409218072891235,0.3585551679134369,5.399408340454102,-0.0223908685147762,0.0029905084520578,0.5107603669166565,3.174603223800659,1.7241380214691162,0.5,0.0,0.0599999986588954,0.0,-31.71350479125977
xxxxxxxx174,CW,8,yellow,7.7873,7.9968,0.2095000000000002,0.1966000000000001,data/not_shared/wd_audio/WD_CI/xxxxxxxx174/xxxxxxxx174_stroop_CW.wav,data/not_shared/wd_audio/WD_CI/xxxxxxxx174/xxxxxxxx174_stroop_task.wav,41.2058219909668,0.0315502621233463,39.84711837768555,41.32194519042969,42.47857666015625,2.631458282470703,0.2985555231571197,0.0,0.0,0.0,0.9461426734924316,0.2195326834917068,0.771126925945282,0.9726678729057312,1.1052204370498655,0.3340935111045837,7.692161560058594,0.5734701156616211,-7.345755577087402,6.914995670318604,0.4510668218135834,0.3273603618144989,30.227319717407227,0.3429566323757171,-18.05643081665039,-0.3804383873939514,-27.110429763793945,-0.4697364270687103,-12.33133602142334,-0.7269903421401978,0.0117204822599887,0.2461329847574234,0.7018910646438599,0.3192597925662994,9.697056770324709,0.2754673063755035,2.6618547439575195,1.3352928161621094,25.528223037719727,0.2087331265211105,726.8388061523438,0.1351685672998428,1403.6248779296875,0.2135437130928039,-3.59743595123291,-1.1734075546264648,1598.500244140625,0.1183535382151603,1118.83935546875,0.2929237782955169,-11.755903244018556,-0.5030087828636169,2708.895751953125,0.0758157223463058,743.5794677734375,0.3259871304035187,-26.980663299560547,-0.1448512077331543,-3.5144832134246826,-1.2862292528152466,21.61628150939941,0.2718828618526459,0.0158838089555501,2.2545082569122314,0.0040984014049172,2.512579679489136,0.4400435388088226,0.2183675915002823,27.56015396118164,0.4205135405063629,-14.9966402053833,-0.3546145558357239,-23.57594108581543,-0.5936633944511414,-8.697673797607422,-0.9346991181373596,0.0,0.0,0.0,0.0,0.0,10.526315689086914,7.692307949066162,0.1199999973177909,0.0,0.0,0.0,-29.759397506713867
xxxxxxxx174,CW,9,red,8.0437,8.2393,0.1956000000000006,0.046899999999999,data/not_shared/wd_audio/WD_CI/xxxxxxxx174/xxxxxxxx174_stroop_CW.wav,data/not_shared/wd_audio/WD_CI/xxxxxxxx174/xxxxxxxx174_stroop_task.wav,41.0667724609375,0.0175435505807399,40.39894104003906,40.781837463378906,41.8914794921875,1.4925384521484375,24.778461456298828,0.0,12.64394187927246,0.0,0.6561166644096375,0.2858125269412994,0.5234321355819702,0.7228707671165466,0.8093046545982361,0.2858725190162658,7.47123384475708,0.0,-4.660780429840088,0.0,0.2970759570598602,0.2354689389467239,38.422210693359375,0.0386718846857547,-8.350210189819336,-0.3103194236755371,-25.2938175201416,-0.1959508657455444,-20.00275421142578,-0.2444155216217041,0.0095521425828337,0.5092765688896179,0.7328005433082581,1.011299967765808,12.965630531311035,0.0645139217376709,5.138508319854736,0.7710214853286743,29.46977996826172,0.0843628793954849,796.8646850585938,0.1228036805987358,1642.321533203125,0.1877647489309311,-10.803228378295898,-0.2370619922876358,1464.415771484375,0.0396852567791938,1118.0469970703125,0.0672667697072029,-16.537843704223633,-0.3852438032627105,2817.865234375,0.0053638345561921,467.36328125,0.121242769062519,-36.69390487670898,-0.076714739203453,-7.854844093322754,-0.1730149239301681,31.728662490844727,0.0728194117546081,0.0595328882336616,0.2083451002836227,-0.0103526571765542,-0.4204296171665191,0.3324683010578155,0.225000262260437,38.39283752441406,0.0377957597374916,-9.326108932495115,-0.2310618311166763,-27.49936866760254,-0.1021308526396751,-19.954181671142575,-0.1874952316284179,0.0,0.0,0.0,0.0,0.0,5.555555820465088,8.333333969116211,0.1099999994039535,0.0,0.0,0.0,-31.439733505249023
xxxxxxxx174,CW,10,red,8.8808,9.9663,1.0854999999999997,0.6415000000000006,data/not_shared/wd_audio/WD_CI/xxxxxxxx174/xxxxxxxx174_stroop_CW.wav,data/not_shared/wd_audio/WD_CI/xxxxxxxx174/xxxxxxxx174_stroop_task.wav,40.99623107910156,0.0348418951034545,39.90473937988281,40.96862411499024,42.016143798828125,2.1114044189453125,17.995880126953125,9.04594612121582,31.28192138671875,39.34064865112305,0.3748024106025696,0.6562663912773132,0.1837556809186935,0.2744278907775879,0.5764083862304688,0.392652690410614,1.655999779701233,1.7899467945098877,1.9410265684127808,1.105042576789856,0.125929981470108,0.8019888997077942,29.065797805786133,0.3400304317474365,5.098057746887207,1.7337017059326172,-5.469357490539551,-2.684577465057373,-7.164175510406494,-2.0303750038146973,0.0094471462070941,0.9911587238311768,0.6033753752708435,1.077465295791626,13.629132270812988,0.2718808948993683,5.747220039367676,1.050345540046692,22.52865600585937,0.3789795935153961,724.874267578125,0.2490469813346862,1429.5794677734375,0.1532591879367828,-75.54485321044922,-1.0926989316940308,1692.67724609375,0.1517049968242645,1257.99658203125,0.4888660311698913,-73.67826843261719,-0.9740841388702391,2828.940673828125,0.0629790127277374,827.342041015625,0.7091981172561646,-78.97814178466797,-0.8675138354301453,-20.472124099731445,-0.5032508969306946,33.78890609741211,0.2385846227407455,0.0569573007524013,0.6362674832344055,-0.0191582106053829,-0.6039535403251648,0.1509824246168136,0.6475068926811218,31.974409103393555,0.2811319828033447,5.887845039367676,1.6753087043762207,-8.60445785522461,-1.7342008352279663,-10.284504890441896,-1.4175009727478027,-9.894726753234863,22.059894561767575,-0.0202848929911851,0.0003389953344594,0.0324753858149051,1.8691589832305908,1.9801980257034304,0.3700000047683716,0.0099999997764825,0.2399999946355819,0.0,-33.457157135009766
xxxxxxxx174,CW,11,blue,10.5919,10.9371,0.3451999999999984,0.6256000000000004,data/not_shared/wd_audio/WD_CI/xxxxxxxx174/xxxxxxxx174_stroop_CW.wav,data/not_shared/wd_audio/WD_CI/xxxxxxxx174/xxxxxxxx174_stroop_task.wav,38.94039916992188,0.0388114564120769,37.26637649536133,39.057647705078125,40.60726165771485,3.340885162353516,24.98373031616211,0.0,13.030120849609377,16.774898529052734,0.7279931306838989,0.4466616809368133,0.3834635317325592,0.7381572127342224,1.0703339576721191,0.6868704557418823,8.610076904296875,0.0,-4.402848720550537,0.0,0.3136738836765289,0.5009172558784485,31.9239501953125,0.096197597682476,-6.748719215393066,-2.098651647567749,-18.526620864868164,-0.6452382206916809,5.6453399658203125,0.630874752998352,0.0127535164356231,0.6735109090805054,1.1469240188598633,0.6928606033325195,10.152628898620604,0.2572070360183716,3.410290479660034,2.7565200328826904,22.87529563903809,0.4560326635837555,725.7970581054688,0.2952513396739959,1386.4725341796875,0.1840637475252151,-8.865660667419434,-0.9305660724639891,1672.0072021484375,0.1912134736776352,1043.8663330078125,0.2490279674530029,-17.942523956298828,-0.7455964684486389,2723.9912109375,0.1432787328958511,893.2008056640625,0.6319815516471863,-29.385881423950195,-0.3739546537399292,-14.822813987731934,-0.6456192135810852,25.224971771240234,0.4577081203460693,0.0783985257148742,0.2491127252578735,-0.020326605066657,-0.5013090372085571,0.3571132719516754,0.4114254713058471,32.0200309753418,0.1057862862944603,-6.751391410827637,-2.3063766956329346,-19.7935791015625,-0.647635817527771,4.9995436668396,0.7038239240646362,0.0,0.0,0.0,0.0,0.0,3.030303239822388,3.7037038803100586,0.2599999904632568,0.0,0.0,0.0,-32.36244583129883
xxxxxxxx174,CW,12,green,11.7174,12.349,0.6316000000000006,0.7803000000000004,data/not_shared/wd_audio/WD_CI/xxxxxxxx174/xxxxxxxx174_stroop_CW.wav,data/not_shared/wd_audio/WD_CI/xxxxxxxx174/xxxxxxxx174_stroop_task.wav,38.06990814208984,0.2236333638429641,35.99585723876953,40.55617904663086,43.97834396362305,7.982486724853516,560.547119140625,0.0,33.38086700439453,49.95301818847656,0.3636222779750824,0.5813201665878296,0.118893951177597,0.3831294178962707,0.5802586078643799,0.4613646566867828,4.264988899230957,0.1081125736236572,-0.4184077382087707,1.3813244104385376,0.1947778910398483,0.7821418046951294,27.58230972290039,0.149253249168396,8.75409984588623,0.7256510853767395,9.151430130004885,1.0835808515548706,-2.819911479949951,-3.401419162750244,0.0174840092658996,0.7741140723228455,0.9539642333984376,1.040210247039795,11.170828819274902,0.5301644206047058,11.876455307006836,0.9999778270721436,18.283151626586918,0.6169164180755615,650.5490112304688,0.3083076775074005,1406.599609375,0.1303601562976837,-90.5663070678711,-0.8690464496612549,1734.0987548828125,0.1074553430080413,968.7010498046876,0.2216692864894867,-85.28971099853516,-0.8225492835044861,2755.74609375,0.0858622640371322,702.78759765625,0.2341135442256927,-85.94696044921875,-0.8109525442123413,-25.359283447265625,-0.1788938045501709,33.558067321777344,0.1518431007862091,0.0973905697464943,0.310343861579895,-0.0183735284954309,-0.5892031192779541,0.25618377327919,0.6409923434257507,27.175460815429688,0.1737149953842163,8.383138656616211,0.799708366394043,9.411262512207031,0.7452572584152222,-7.439495086669922,-1.1799324750900269,-19.63327407836914,28.06093978881836,0.0527225658297538,-0.0155283622443676,0.0975969061255455,3.225806474685669,5.357142925262451,0.1199999973177909,0.106770783662796,0.0749999955296516,0.0149999996647238,-31.57865333557129
xxxxxxxx175,C,1,red,1.1094,1.4806,0.3712,1.1094,data/not_shared/wd_audio/WD_CI/xxxxxxxx175/xxxxxxxx175_stroop_C.wav,data/not_shared/wd_audio/WD_CI/xxxxxxxx175/xxxxxxxx175_stroop_task.wav,40.66771697998047,0.0531142428517341,38.33501434326172,40.56243896484375,42.82769393920898,4.492679595947266,41.92538070678711,8.795711517333984,94.0227508544922,0.0,1.4733484983444214,0.3011006414890289,1.0392224788665771,1.6726620197296145,1.841288924217224,0.802066445350647,2.474385499954224,8.588872909545898,4.610154628753662,0.4026942253112793,1.1940072774887085,0.4724226593971252,34.551414489746094,0.2083903551101684,-2.6833598613739014,-3.041504144668579,-14.317484855651855,-0.3184559047222137,-59.49452209472656,-0.2256547957658767,0.0117976805195212,0.9776687622070312,0.3481503129005432,0.381821721792221,10.744421005249023,0.3454221487045288,10.846602439880373,1.0603108406066897,34.16840744018555,0.1063153743743896,674.9029541015625,0.2924309372901916,1351.255126953125,0.1809932440519333,-3.244570255279541,-1.6730515956878662,1557.521728515625,0.2309108078479766,1150.6025390625,0.3676770031452179,-20.650285720825195,-0.5577723979949951,2949.54296875,0.0844893753528595,398.07171630859375,0.7061611413955688,-28.559024810791016,-0.1814827471971511,-21.17947006225586,-0.2485143691301345,29.278329849243164,0.1513418704271316,0.0895914733409881,0.4808032810688019,-0.0528421737253665,-0.2511648535728454,1.3439949750900269,0.3655321002006531,35.70588684082031,0.2044955641031265,-1.2969409227371216,-6.364177227020264,-14.591758728027344,-0.331502228975296,-61.02445602416992,-0.2317852675914764,0.0,0.0,0.0,0.0,0.0,5.555555820465088,3.3333334922790527,0.2899999916553497,0.0,0.0,0.0,-19.476207733154297
xxxxxxxx175,C,2,yellow,1.764,2.1401,0.3760999999999999,0.2834000000000001,data/not_shared/wd_audio/WD_CI/xxxxxxxx175/xxxxxxxx175_stroop_C.wav,data/not_shared/wd_audio/WD_CI/xxxxxxxx175/xxxxxxxx175_stroop_task.wav,38.74150085449219,0.0477536581456661,36.87659454345703,38.13987731933594,40.87348175048828,3.99688720703125,25.885332107543945,0.0,62.84871292114258,0.0,2.6911368370056152,0.3646252751350403,1.637513279914856,3.134431838989258,3.500833749771118,1.8633204698562624,13.68303108215332,0.0,-22.954099655151367,0.0,2.1567721366882324,0.5387946963310242,24.03829765319824,0.4016856551170349,-24.518112182617188,-0.8347464799880981,-22.411788940429688,-0.2249575853347778,-34.91741943359375,-0.2972897291183471,0.0376408658921718,1.8347443342208865,0.5470801591873169,0.6270593404769897,7.689878463745117,0.5300738215446472,-3.161073684692383,-1.997238039970398,14.67026710510254,1.0014941692352295,479.4149475097656,0.4456802010536194,1316.1614990234375,0.2789721190929413,-1.75931978225708,-3.348397970199585,1407.8238525390625,0.0899574756622314,1176.794677734375,0.3318312466144562,1.5943717956542969,7.96001672744751,2554.34326171875,0.1477499604225158,1046.3505859375,0.5626370310783386,-13.320512771606444,-0.974798619747162,-9.01752471923828,-1.366204857826233,27.645387649536133,0.378997266292572,0.0819623842835426,0.274558275938034,-0.0125973531976342,-2.1459057331085205,2.2945926189422607,0.494769811630249,25.01702880859375,0.4157133996486664,-23.870624542236328,-0.9635701179504396,-22.81624794006348,-0.2356892824172973,-36.49089813232422,-0.308916687965393,0.0,0.0,0.0,0.0,0.0,2.777777910232544,3.5714285373687744,0.2699999809265136,0.0,0.0,0.0,-17.119110107421875
xxxxxxxx175,C,3,blue,2.3696,2.8266,0.4569999999999998,0.2295000000000002,data/not_shared/wd_audio/WD_CI/xxxxxxxx175/xxxxxxxx175_stroop_C.wav,data/not_shared/wd_audio/WD_CI/xxxxxxxx175/xxxxxxxx175_stroop_task.wav,37.810646057128906,0.0763064622879028,35.25704574584961,36.61027145385742,40.62744140625,5.370395660400391,36.16065979003906,0.0,12.964630126953123,0.0,2.4271814823150635,0.4544530808925628,1.0671019554138184,2.9069807529449463,3.1085729598999023,2.041471004486084,11.536453247070312,0.0,-29.96817779541016,0.0,1.9267466068267824,0.6284639835357666,23.5074462890625,0.2988176941871643,-23.14223861694336,-0.722685694694519,-17.663368225097656,-0.7635902762413025,-16.613157272338867,-0.5389388203620911,0.0118428217247128,0.6483463644981384,0.643447995185852,0.6073578000068665,7.452567100524902,0.401691198348999,1.4799511432647705,5.811587333679199,9.886065483093262,1.4825325012207031,537.8963623046875,0.2873143851757049,1365.8035888671875,0.1227969154715538,0.1519056856632232,38.64699172973633,1511.109375,0.1093343570828437,1460.929931640625,0.5306500196456909,-3.2662339210510254,-3.6954634189605713,2319.535888671875,0.2027204185724258,1109.24072265625,0.5233135223388672,-9.35214614868164,-1.4791566133499146,-5.564449787139893,-1.8833861351013184,21.33672523498535,0.1650289744138717,0.1064061895012855,0.1198225915431976,-0.0068217744119465,-2.368002891540528,2.08667540550232,0.5786607265472412,23.186994552612305,0.317487359046936,-23.021360397338867,-0.7710702419281006,-18.143821716308597,-0.7842803597450256,-15.322861671447754,-0.5662207007408142,0.0,0.0,0.0,0.0,0.0,2.2727272510528564,2.5641026496887207,0.3799999952316284,0.0,0.0,0.0,-18.89031982421875
xxxxxxxx175,C,4,green,3.1888,3.4621,0.2732999999999999,0.3622000000000001,data/not_shared/wd_audio/WD_CI/xxxxxxxx175/xxxxxxxx175_stroop_C.wav,data/not_shared/wd_audio/WD_CI/xxxxxxxx175/xxxxxxxx175_stroop_task.wav,44.33469009399414,0.0410130769014358,42.94107055664063,45.190521240234375,45.863162994384766,2.9220924377441406,72.06702423095703,0.0,-33.22726058959961,0.0,1.245255708694458,0.3907153606414795,0.7956503033638,1.1907947063446045,1.7749568223953247,0.9793065190315248,12.177303314208984,0.0,-10.796521186828612,0.0,1.1544612646102903,0.4457361996173858,27.129173278808597,0.078861117362976,-8.485905647277832,-0.7334359884262085,16.711441040039062,0.5511613488197327,-11.198735237121582,-0.9345360398292542,0.0076892995275557,1.0458261966705322,0.479107141494751,0.6643388271331787,14.386068344116213,0.2553286850452423,12.597403526306152,0.5568325519561768,10.009437561035156,0.4916097223758697,682.3893432617188,0.2340818047523498,1418.4757080078125,0.1791359633207321,-24.63429832458496,-0.1267599463462829,1765.026123046875,0.0563644059002399,681.99365234375,0.1352444589138031,-32.170169830322266,-0.1628205180168151,2769.00830078125,0.0472107976675033,914.021484375,0.2847233414649963,-32.24557113647461,-0.1069697588682174,-20.614776611328125,-0.1814102083444595,25.26512336730957,0.1729530841112136,0.1216672286391258,0.2979981601238251,-0.0228513926267623,-0.3922834098339081,1.173431158065796,0.4049756526947021,26.653078079223636,0.0612273402512073,-7.792364120483398,-0.7884231209754944,18.147863388061523,0.5432354211807251,-14.325440406799316,-0.6912843585014343,0.0,0.0,0.0,0.0,0.0,3.846153974533081,5.000000476837158,0.1899999976158142,0.0,0.0,0.0,-16.76972007751465
xxxxxxxx175,C,5,green,3.7914,4.2264,0.435,0.3292999999999999,data/not_shared/wd_audio/WD_CI/xxxxxxxx175/xxxxxxxx175_stroop_C.wav,data/not_shared/wd_audio/WD_CI/xxxxxxxx175/xxxxxxxx175_stroop_task.wav,41.9875602722168,0.1712051779031753,40.30938720703125,45.31571960449219,47.15396499633789,6.844577789306641,6.20269775390625,40.770267486572266,91.07681274414062,0.0,1.5392290353775024,0.6113271117210388,0.6487703919410706,1.2430295944213867,2.76580023765564,2.117029905319214,17.561552047729492,0.0,-9.823331832885742,0.0,1.3679932355880735,0.7778459787368774,25.269384384155277,0.1858469396829605,-12.50725269317627,-0.6153885126113892,13.310373306274414,0.5370774865150452,-17.676559448242188,-0.7292963266372681,0.0496875420212745,1.4292153120040894,0.7781264185905457,0.7869362235069275,11.373573303222656,0.6932565569877625,4.880335807800293,1.31061589717865,10.41831111907959,0.6257193088531494,798.4466552734375,0.2329660207033157,1444.5074462890625,0.1635980010032653,-18.05815696716309,-0.902259886264801,1759.137451171875,0.051590446382761,745.3851318359375,0.1498520821332931,-21.6477165222168,-0.8036055564880371,2793.915771484375,0.041622094810009,871.5520629882812,0.4287323653697967,-24.737340927124023,-0.5842714905738831,-18.04936408996582,-0.1754453033208847,22.78788185119629,0.1925504356622696,0.13823002576828,0.1600794345140457,-0.0187638774514198,-0.4065985381603241,1.5679150819778442,0.6724342703819275,24.223670959472656,0.1750150024890899,-14.490517616271973,-0.4351288378238678,12.905682563781738,0.5163459181785583,-19.613481521606445,-0.6580260396003723,0.0,0.0,0.0,0.0,0.0,2.3809523582458496,2.777777910232544,0.3499999940395355,0.0,0.0,0.0,-14.121710777282717
xxxxxxxx175,C,6,blue,4.5038,4.9448,0.4409999999999998,0.2774000000000001,data/not_shared/wd_audio/WD_CI/xxxxxxxx175/xxxxxxxx175_stroop_C.wav,data/not_shared/wd_audio/WD_CI/xxxxxxxx175/xxxxxxxx175_stroop_task.wav,39.84861755371094,0.069403663277626,36.93764877319336,39.39862060546875,42.88287353515625,5.945224761962891,25.99358558654785,0.0,28.012245178222656,0.0,2.2708539962768555,0.357173353433609,1.62263822555542,2.1426775455474854,2.994872093200684,1.3722338676452637,16.050989151000977,5.537544250488281,-7.979542255401611,13.048486709594728,1.7178301811218262,0.5916047096252441,22.14469146728516,0.3725384473800659,-24.6932430267334,-0.4180899858474731,-32.01118087768555,-0.431687444448471,-17.8128604888916,-0.4541722536087036,0.0149233322590589,0.9919756650924684,1.0006502866744995,0.7237785458564758,8.316826820373535,0.409491091966629,-4.63931131362915,-0.7136796712875366,16.390169143676758,0.3993009030818939,699.8480224609375,0.2885384857654571,1527.260498046875,0.1282993704080581,-0.8039853572845459,-34.29153060913086,1616.5643310546875,0.1009564027190208,1181.84423828125,0.3182932138442993,-4.444819927215576,-5.5924973487854,2802.7470703125,0.1299045234918594,817.4181518554688,0.5469540953636169,-17.746967315673828,-1.335968852043152,-3.134634017944336,-1.6926841735839844,20.49285316467285,0.2690294086933136,0.0761220231652259,0.4030782878398895,-0.0148028647527098,-1.0062010288238523,1.8028403520584104,0.5888016819953918,21.645368576049805,0.3753630518913269,-24.593090057373047,-0.3580859303474426,-31.485187530517575,-0.4602915942668915,-15.528060913085938,-0.4320456385612488,-18.792940139770508,31.843626022338867,-0.0066877040080726,-0.034943588078022,0.0,4.651163101196289,2.702702760696411,0.3499999940395355,0.0,0.0,0.0,-18.82733154296875
xxxxxxxx175,C,7,yellow,5.2181,5.6442,0.4260999999999999,0.2732999999999999,data/not_shared/wd_audio/WD_CI/xxxxxxxx175/xxxxxxxx175_stroop_C.wav,data/not_shared/wd_audio/WD_CI/xxxxxxxx175/xxxxxxxx175_stroop_task.wav,41.119998931884766,0.069586805999279,39.81261444091797,41.19715881347656,43.76557159423828,3.952957153320313,125.1785888671875,66.58092498779297,86.87490844726562,22.982589721679688,1.9122637510299685,0.4454149603843689,0.8194250464439392,2.332880973815918,2.6892249584198,1.869799852371216,-6.314807891845703,11.076943397521973,17.161375045776367,0.0,1.9387075901031492,0.6403892040252686,23.25649642944336,0.2388274073600769,-7.136832237243652,-3.103212833404541,-35.53582763671875,-0.3362326025962829,-31.73050880432129,-0.4083581864833832,0.0159819703549146,0.8212164640426636,0.5846235752105713,0.4643447697162628,6.732418060302734,0.610715925693512,-0.0623576827347278,-129.4071807861328,25.666519165039062,0.3692949712276459,565.0191650390625,0.2195186465978622,1423.136962890625,0.1093258261680603,-7.101983547210693,-4.340771198272705,1376.972900390625,0.1027882397174835,1186.0526123046875,0.1693856716156005,-12.706050872802734,-1.9385184049606323,2703.01513671875,0.0925579145550727,622.3778076171875,0.6928521990776062,-29.63970375061035,-0.6832571625709534,-8.569955825805664,-0.9573147892951964,25.816688537597656,0.2392299473285675,0.0694810152053833,0.4056310057640075,-0.0164027139544487,-1.3133394718170166,2.145613670349121,0.5883429050445557,23.21096420288086,0.2391000092029571,-4.60757303237915,-4.777847766876221,-36.06954956054688,-0.3466584384441376,-30.854360580444336,-0.4406313896179199,-12.812932968139648,18.201416015625,0.0185381099581718,-0.0255296360701322,0.3559984862804413,2.4390244483947754,2.857142925262451,0.3400000035762787,0.0,0.0,0.0,-18.57766532897949
xxxxxxxx175,C,8,red,5.8746,6.2438,0.3692000000000002,0.2304000000000003,data/not_shared/wd_audio/WD_CI/xxxxxxxx175/xxxxxxxx175_stroop_C.wav,data/not_shared/wd_audio/WD_CI/xxxxxxxx175/xxxxxxxx175_stroop_task.wav,38.07296371459961,0.0855154246091842,33.890533447265625,38.1431770324707,40.93205261230469,7.041519165039063,216.2266387939453,0.0,25.070220947265625,0.8825280666351318,1.275734543800354,0.3723013401031494,0.7533769607543945,1.3473334312438965,1.8093254566192627,1.0559484958648682,6.438962936401367,0.0,-8.177891731262207,0.0,1.13999605178833,0.6750845909118652,31.99818229675293,0.2598402500152588,12.244401931762695,1.1500431299209597,-11.583135604858398,-0.3604897558689117,-47.35405349731445,-0.3046547770500183,0.0413464419543743,1.1494461297988892,0.943922221660614,0.7375324964523315,9.06567668914795,0.5388928055763245,7.258414268493652,1.6854950189590454,32.490745544433594,0.2928132116794586,835.2916259765625,0.14002326130867,1232.586669921875,0.2505620718002319,-5.628781795501709,-0.9464097619056702,2041.232666015625,0.1839616000652313,1481.5625,0.483981728553772,-33.9435920715332,-0.1813448369503021,2934.3994140625,0.0580718629062175,934.0335083007812,0.8301366567611694,-30.29434967041016,-0.1713672131299972,-25.25568008422852,-0.1641217470169067,30.20191764831543,0.1669002920389175,0.0741980001330375,0.5270096063613892,-0.0572907514870166,-0.1229869574308395,1.137301325798035,0.7259732484817505,31.450294494628903,0.2860645353794098,15.722098350524902,0.8218920826911926,-11.179465293884276,-0.3229242861270904,-45.89964294433594,-0.3325791358947754,0.0,0.0,0.0,0.0,0.0,2.857142925262451,3.4482760429382324,0.2800000011920929,0.0,0.0,0.0,-19.344253540039062
xxxxxxxx175,C,9,yellow,6.9821,7.6526,0.6704999999999997,0.7382999999999997,data/not_shared/wd_audio/WD_CI/xxxxxxxx175/xxxxxxxx175_stroop_C.wav,data/not_shared/wd_audio/WD_CI/xxxxxxxx175/xxxxxxxx175_stroop_task.wav,37.50426864624024,0.2327007800340652,36.82452774047852,39.13240051269531,43.079219818115234,6.254692077636719,430.85693359375,0.0,63.52667236328125,24.519556045532227,2.127114534378052,0.6918233036994934,0.7959234118461609,1.4019107818603516,3.97182297706604,3.1758995056152344,5.23677396774292,10.98486042022705,16.466291427612305,2.2035083770751958,2.5332143306732178,0.8682231307029724,24.47194099426269,0.2708158791065216,-9.207388877868652,-2.1284916400909424,-27.320703506469727,-0.4769330322742462,-16.031583786010742,-0.6702538132667542,0.0414732582867145,1.1267603635787964,1.1448211669921875,0.9660272598266602,3.941881418228149,1.170952320098877,0.8515035510063171,9.073901176452637,24.307167053222656,0.3481523096561432,666.124267578125,0.3152516782283783,1307.7998046875,0.1343235969543457,-13.493053436279297,-2.645688056945801,1544.9984130859375,0.1294301152229309,1043.7811279296875,0.1902844458818435,-16.442792892456055,-1.92849600315094,2794.231689453125,0.1217479556798935,769.1422119140625,0.5903889536857605,-30.204832077026367,-0.945648729801178,-7.935118675231934,-0.9903790950775146,25.782020568847656,0.2088970839977264,0.0518090575933456,1.0125439167022705,-0.0153175545856356,-1.4232733249664309,2.8081860542297363,0.808129072189331,24.40436553955078,0.2865907847881317,-8.506535530090332,-2.258068799972534,-27.27998924255371,-0.4790455400943756,-15.334046363830566,-0.6848148703575134,-15.349650382995604,25.737401962280277,0.0195192769169807,-0.0271029938012361,0.8045396208763123,4.545454978942871,3.3333334922790527,0.2800000011920929,0.1099999994039535,0.0,0.0,-16.498483657836914
xxxxxxxx175,C,10,red,7.9739,8.3321,0.3582000000000001,0.3213000000000008,data/not_shared/wd_audio/WD_CI/xxxxxxxx175/xxxxxxxx175_stroop_C.wav,data/not_shared/wd_audio/WD_CI/xxxxxxxx175/xxxxxxxx175_stroop_task.wav,39.90104293823242,0.2115352153778076,40.79119873046875,43.1259994506836,44.58335113525391,3.792152404785156,473.6506958007813,0.0,13.666316986083984,0.0,1.2655915021896362,0.3511979281902313,0.7634721994400024,1.202117919921875,1.7463183403015137,0.9828461408615112,9.903087615966797,0.9198603630065918,0.8424124717712402,7.080226898193359,1.3483963012695312,0.7437350749969482,30.288101196289062,0.254746675491333,4.063099384307861,4.04770040512085,-17.12911605834961,-0.2209324389696121,-49.13259506225586,-0.2986824214458465,0.1091421991586685,1.885395050048828,1.069210648536682,0.7027739882469177,9.541425704956056,0.5177381634712219,14.600934982299805,0.959138035774231,32.63035202026367,0.3710063993930816,746.2362670898438,0.2275540828704834,1365.1273193359375,0.2162033319473266,-6.849305629730225,-1.443442702293396,1697.697509765625,0.1969613432884216,1293.4708251953125,0.2967111468315124,-29.92740249633789,-0.5245444178581238,2988.769775390625,0.0736029520630836,436.9280395507813,0.8822102546691895,-30.17946052551269,-0.395828515291214,-25.223020553588867,-0.2276621311903,32.14373779296875,0.1998302936553955,0.0950917527079582,0.4061490893363952,-0.0507876686751842,-0.2509808540344238,1.5931206941604614,0.6189202070236206,31.370481491088867,0.2502602934837341,8.744072914123535,1.630720138549805,-16.569252014160156,-0.2188259959220886,-50.09954071044922,-0.3193849325180053,0.0,0.0,0.0,0.0,0.0,5.882352828979492,3.5714285373687744,0.2699999809265136,0.0,0.0,0.0,-19.041654586791992
xxxxxxxx175,C,11,blue,8.4737,8.806,0.3323,0.1415999999999986,data/not_shared/wd_audio/WD_CI/xxxxxxxx175/xxxxxxxx175_stroop_C.wav,data/not_shared/wd_audio/WD_CI/xxxxxxxx175/xxxxxxxx175_stroop_task.wav,40.181758880615234,0.0331276543438434,39.92007827758789,40.35980224609375,41.22138595581055,1.3013076782226562,59.31682586669922,0.0,7.702255249023437,0.0,1.922182559967041,0.3620683550834656,1.383667230606079,2.1458182334899902,2.3635175228118896,0.9798502922058104,13.061993598937988,0.0,-17.05447769165039,0.0,1.260574460029602,0.6728308796882629,22.58131217956543,0.3094709515571594,-18.858701705932617,-0.7148616313934326,-24.12275695800781,-0.6662211418151855,-12.048779487609863,-0.8008017539978027,0.0108930356800556,1.845131278038025,0.6155761480331421,0.4448601305484772,10.902134895324709,0.2936444580554962,1.255599856376648,7.865936756134033,19.150287628173828,0.5287246108055115,573.262451171875,0.2155437767505645,1358.0819091796875,0.0640925616025924,3.225877285003662,1.791825532913208,1544.64111328125,0.1016804724931716,1102.50244140625,0.3431591987609863,-2.263094902038574,-4.465490341186523,2617.150634765625,0.122038647532463,755.2543334960938,0.3436664938926697,-15.73324203491211,-0.6261637210845947,-6.945412635803223,-1.1507251262664795,24.02348518371582,0.2266934067010879,0.089844636619091,0.2701655328273773,-0.0151064489036798,-1.0010207891464231,1.4516657590866089,0.5917329788208008,22.020862579345703,0.3433416485786438,-18.21543884277344,-0.8169338703155518,-27.2052059173584,-0.5998914837837219,-9.36413288116455,-0.911865234375,0.0,0.0,0.0,0.0,0.0,3.125,3.846153974533081,0.25,0.0,0.0,0.0,-20.628477096557617
xxxxxxxx175,C,12,green,8.8858,9.1074,0.2216000000000004,0.0798000000000005,data/not_shared/wd_audio/WD_CI/xxxxxxxx175/xxxxxxxx175_stroop_C.wav,data/not_shared/wd_audio/WD_CI/xxxxxxxx175/xxxxxxxx175_stroop_task.wav,46.77480316162109,0.0286108888685703,45.55183029174805,47.11834335327149,48.08600616455078,2.5341758728027344,69.85445404052734,0.0,-45.26497268676758,0.0,1.3297150135040283,0.5236188173294067,0.6772989630699158,1.1456278562545776,2.1383848190307617,1.4610857963562012,18.34064483642578,0.0,-20.16945457458496,0.0,1.3931094408035278,0.5228697061538696,21.068927764892575,0.2066965252161026,-13.2001953125,-0.4787107706069946,6.921016216278076,0.6573156118392944,-18.35446548461914,-0.3565422296524048,0.0192092508077621,1.4237534999847412,0.5626283288002014,0.3613736033439636,13.48890495300293,0.2609219551086426,6.585285663604736,0.218071237206459,5.308351993560791,0.8564234972000122,785.01123046875,0.3198263645172119,1125.4205322265625,0.0908998697996139,-25.964963912963867,-0.0986107289791107,1726.21923828125,0.107994720339775,816.0333251953125,0.168556809425354,-29.19554328918457,-0.1307365000247955,2691.13330078125,0.09656473249197,732.425537109375,0.2517243921756744,-28.57514953613281,-0.2029173970222473,-16.047346115112305,-0.2505316138267517,21.915433883666992,0.2887537777423858,0.1436199098825454,0.0955424606800079,-0.0156733710318803,-0.2671389877796173,1.7802598476409912,0.2734039723873138,19.498838424682617,0.201570451259613,-16.654586791992188,-0.2206580191850662,7.044046401977539,0.7049812078475952,-19.070701599121094,-0.3806909918785095,0.0,0.0,0.0,0.0,0.0,4.761904716491699,6.6666669845581055,0.1400000005960464,0.0,0.0,0.0,-18.12778663635254
xxxxxxxx175,W,1,red,1.1783,1.9506,0.7723,1.1783,data/not_shared/wd_audio/WD_CI/xxxxxxxx175/xxxxxxxx175_stroop_W.wav,data/not_shared/wd_audio/WD_CI/xxxxxxxx175/xxxxxxxx175_stroop_task.wav,40.05381774902344,0.152571901679039,34.513885498046875,41.10237503051758,45.74789047241211,11.234004974365234,59.71842193603516,21.82749938964844,115.07333374023438,139.03768920898438,0.9864418506622314,0.6165486574172974,0.3007799386978149,0.9990851879119872,1.5261329412460327,1.2253530025482178,11.28798007965088,6.264161109924316,2.38220763206482,5.088973045349121,1.056348443031311,0.8706916570663452,28.038021087646484,0.3091405630111694,0.0632171407341957,148.73023986816406,-10.348410606384276,-0.9236097931861876,-42.52786636352539,-0.4952185750007629,0.0608527958393096,1.2786586284637451,1.1696947813034058,0.5648583173751831,6.813635349273682,0.751200795173645,10.505184173583984,1.444003343582153,26.676862716674805,0.4540129899978637,723.5430297851562,0.2825192511081695,1248.722900390625,0.1664118617773056,-17.7264461517334,-2.489833354949951,1771.26708984375,0.2080491930246353,1045.8861083984375,0.3989047110080719,-30.59400749206543,-1.196509599685669,2929.319091796875,0.1173368692398071,568.1477661132812,0.5522047877311707,-33.48505783081055,-1.065378189086914,-22.651290893554688,-0.2547564208507538,30.39824485778809,0.2206582725048065,0.0771742388606071,0.5977339744567871,-0.0448522381484508,-0.327666699886322,1.1818630695343018,0.7955771684646606,29.646617889404297,0.2423074543476104,-1.065887451171875,-8.703644752502441,-12.50955581665039,-0.6404045224189758,-46.30328750610352,-0.4212187826633453,-24.088775634765625,35.50496292114258,-0.0093236193060874,-0.0280622094869613,0.2014743685722351,3.9473683834075928,4.285714149475098,0.209999993443489,0.1779512912034988,0.0,0.0,-21.07331085205078
xxxxxxxx175,W,2,yellow,2.3297,2.7178,0.3881000000000001,0.3791,data/not_shared/wd_audio/WD_CI/xxxxxxxx175/xxxxxxxx175_stroop_W.wav,data/not_shared/wd_audio/WD_CI/xxxxxxxx175/xxxxxxxx175_stroop_task.wav,41.80228805541992,0.0407555699348449,40.10742950439453,41.40190887451172,43.63300704956055,3.525577545166016,40.49794387817383,0.0,48.9447135925293,0.0,1.5661240816116333,0.4691722989082336,0.5696427226066589,1.8684734106063845,2.2213048934936523,1.6516621112823486,13.222288131713867,0.5787034034729004,2.9121851921081543,10.265222549438477,1.5214364528656006,0.6300826668739319,25.82329368591309,0.1765473037958145,-10.776078224182127,-2.2280352115631104,-31.2043399810791,-0.233601301908493,-28.59380149841309,-0.4151661694049835,0.0234900470823049,0.7752665877342224,1.1356115341186523,0.3797073662281036,7.372236728668213,0.3112366497516632,-1.7960162162780762,-4.372690200805664,20.50121116638184,0.5296527743339539,492.89990234375,0.2872247695922851,1652.2974853515625,0.2816855907440185,-122.5235595703125,-0.8108832240104675,1324.0059814453125,0.0536741726100444,1285.2738037109375,0.224176824092865,-51.8189697265625,-1.6823185682296753,2474.147216796875,0.1815209984779358,1104.21435546875,0.3566835522651672,-66.03687286376953,-1.200105905532837,-4.71794319152832,-1.806073546409607,26.931230545043945,0.1613911986351013,0.0383863635361194,1.0162886381149292,-0.0083476165309548,-2.810398817062378,2.0767946243286133,0.385348230600357,27.04691505432129,0.1788827627897262,-18.584266662597656,-1.095616340637207,-32.14818572998047,-0.1868566423654556,-30.813526153564453,-0.401504635810852,-18.2692928314209,28.355512619018555,-0.0181147176772356,-0.0423617549240589,0.3644704222679138,5.405405521392822,3.3333334922790527,0.209999993443489,0.0,0.0700000002980232,0.0,-21.615800857543945
xxxxxxxx175,W,3,red,2.9074,3.1319,0.2244999999999999,0.1896,data/not_shared/wd_audio/WD_CI/xxxxxxxx175/xxxxxxxx175_stroop_W.wav,data/not_shared/wd_audio/WD_CI/xxxxxxxx175/xxxxxxxx175_stroop_task.wav,36.71858596801758,0.1347357034683227,35.21503829956055,38.73384475708008,39.82788848876953,4.612850189208984,359.57080078125,0.0,16.560136795043945,0.0,1.1235748529434204,0.3361235857009887,0.7697145938873291,0.9647889137268066,1.5357145071029663,0.7659999132156372,7.870176792144775,7.471628665924072,11.36066722869873,0.0,1.1277470588684082,0.6963886022567749,32.63555145263672,0.0878102630376815,7.401819229125977,0.7862560749053955,-6.341158390045166,-2.3611629009246826,-51.144378662109375,-0.2191743552684784,0.0752351582050323,1.5000790357589722,1.1660233736038208,0.5668872594833374,7.167184829711914,0.7669945359230042,6.673810005187988,2.198882818222046,25.39944076538086,0.2864408493041992,646.188720703125,0.3232977390289306,1350.484130859375,0.0628066584467887,6.033635139465332,2.701115608215332,1463.365234375,0.2020254731178283,1248.0677490234375,0.2484862357378006,-17.777633666992188,-0.7820277810096741,2816.02490234375,0.0988034456968307,346.17333984375,0.4905261993408203,-17.278301239013672,-0.7265911102294922,-22.488615036010746,-0.1027345955371856,31.01891326904297,0.1633284837007522,0.0879838243126869,0.2394330352544784,-0.0516417659819126,-0.1687202155590057,1.5514219999313354,0.4233137369155884,33.31822967529297,0.089505635201931,8.687175750732422,0.7413299083709717,-13.270957946777344,-0.9091657996177672,-55.11372756958008,-0.1993448436260223,0.0,0.0,0.0,0.0,0.0,4.761904716491699,6.6666669845581055,0.1400000005960464,0.0,0.0,0.0,-21.547548294067383
xxxxxxxx175,W,4,green,3.3085,3.509,0.2004999999999999,0.1766000000000001,data/not_shared/wd_audio/WD_CI/xxxxxxxx175/xxxxxxxx175_stroop_W.wav,data/not_shared/wd_audio/WD_CI/xxxxxxxx175/xxxxxxxx175_stroop_task.wav,46.28261566162109,0.0,46.28261566162109,46.28261566162109,46.28261566162109,0.0,0.0,0.0,0.0,0.0,1.2817034721374512,0.2314303517341613,1.0330027341842651,1.2907694578170776,1.5870462656021118,0.5540435314178467,16.365219116210938,0.0,-6.844655513763428,0.0,1.1784260272979736,0.2616079747676849,24.852540969848636,0.1122042462229728,-9.264800071716309,-0.242021232843399,12.048444747924805,0.518486738204956,-12.499818801879885,-0.8248120546340942,0.0222519021481275,0.8612709045410156,0.4316804707050323,0.5704924464225769,12.689926147460938,0.3787683248519897,11.833778381347656,0.3958653211593628,11.38984489440918,0.2663387954235077,664.2667236328125,0.3655842542648315,1636.7265625,0.2198000103235244,-30.964006423950195,-0.0860757082700729,1721.2041015625,0.1051472574472427,809.1585693359375,0.124335341155529,-30.188566207885746,-0.210928738117218,2750.988525390625,0.0540059357881546,958.6860961914062,0.59714275598526,-32.27525329589844,-0.1157525554299354,-20.640138626098636,-0.123696357011795,27.787092208862305,0.0905351564288139,0.1296616047620773,0.1930878013372421,-0.0191021971404552,-0.391806036233902,1.3894054889678955,0.3263618648052215,23.431596755981445,0.0494622252881526,-9.282751083374023,-0.3310866951942444,9.161321640014648,0.4382122457027435,-16.623517990112305,-0.4879027605056762,0.0,0.0,0.0,0.0,0.0,5.263157844543457,0.0,0.0,0.0,0.0,0.0,-18.406078338623047
xxxxxxxx175,W,5,blue,3.6477,4.0658,0.4181000000000003,0.1387,data/not_shared/wd_audio/WD_CI/xxxxxxxx175/xxxxxxxx175_stroop_W.wav,data/not_shared/wd_audio/WD_CI/xxxxxxxx175/xxxxxxxx175_stroop_task.wav,37.42356491088867,0.0784670636057853,35.17778015136719,36.78985595703125,40.329925537109375,5.152145385742188,42.08591842651367,0.0,-60.72254180908203,0.0,2.0386905670166016,0.4503895044326782,0.8875846862792969,2.4221224784851074,2.922780036926269,2.0351953506469727,10.533154487609863,0.0,-17.487089157104492,0.0,1.4085536003112793,0.5759207606315613,21.401559829711918,0.2584657371044159,-30.51695251464844,-0.4919098913669586,-16.213687896728516,-0.9150083661079408,-18.58521842956543,-0.3447047770023346,0.0111445868387818,0.5435457229614258,0.7945210933685303,0.6758304834365845,5.411520481109619,0.7816488146781921,-4.976269245147705,-0.8644839525222778,7.218441486358643,0.937825322151184,631.6399536132812,0.3837242424488067,1439.752685546875,0.1389909088611602,9.704651832580566,0.305638313293457,1574.0015869140625,0.0846260115504264,1259.2322998046875,0.2636967003345489,5.74360466003418,0.867699384689331,2525.453125,0.1647378951311111,988.8232421875,0.6866304874420166,-4.917393207550049,-0.973257839679718,-1.7577041387557983,-5.229514598846436,18.764184951782227,0.2228299677371978,0.0988425761461258,0.245092362165451,-0.0021667489781975,-7.4106245040893555,1.6313598155975342,0.4352337419986725,20.466064453125,0.2626321315765381,-30.706336975097656,-0.5298358798027039,-15.966791152954102,-1.005712389945984,-18.447906494140625,-0.3739750385284424,0.0,0.0,0.0,0.0,0.0,2.500000238418579,2.941176414489746,0.3299999833106994,0.0,0.0,0.0,-21.552398681640625
xxxxxxxx175,W,6,green,5.3269,5.6651,0.3381999999999996,1.2611,data/not_shared/wd_audio/WD_CI/xxxxxxxx175/xxxxxxxx175_stroop_W.wav,data/not_shared/wd_audio/WD_CI/xxxxxxxx175/xxxxxxxx175_stroop_task.wav,44.19020080566406,0.0475628450512886,42.73990631103516,44.895450592041016,45.97090148925781,3.230995178222656,51.30290985107422,0.0,-65.96235656738281,0.0,1.5060769319534302,0.3255625963211059,1.1171510219573977,1.473787546157837,2.0589792728424072,0.9418282508850098,6.953872680664063,3.964462757110596,7.425051212310791,0.0,1.341344952583313,0.3509409427642822,27.167898178100582,0.1922591924667358,-14.49578094482422,-0.3504242599010467,18.8419189453125,0.8241575360298157,-20.248558044433597,-0.4644327759742737,0.0255170837044715,1.2069802284240725,0.8714731335639954,1.5332767963409424,14.610557556152344,0.2208521068096161,12.230613708496094,0.4734097719192505,3.175290584564209,1.354926824569702,443.7289123535156,0.3497384190559387,1391.1600341796875,0.1871077865362167,-29.063255310058597,-0.113156221807003,1600.8333740234375,0.0543647706508636,728.6324462890625,0.1913367956876754,-37.63399887084961,-0.1906477957963943,2590.318359375,0.0373014770448207,895.4478149414062,0.2307771444320678,-26.37046241760254,-0.1012811288237571,-19.168933868408203,-0.1673583686351776,24.093151092529297,0.1515461206436157,0.1277774721384048,0.2088574022054672,-0.0200556982308626,-0.2977441251277923,1.3485853672027588,0.3381946682929992,25.12688636779785,0.1538700312376022,-14.494482040405272,-0.3870288133621216,26.024383544921875,0.2647204995155334,-21.588037490844727,-0.4444489181041717,0.0,0.0,0.0,0.0,0.0,3.125,4.347826480865479,0.2199999988079071,0.0,0.0,0.0,-16.413145065307617
xxxxxxxx175,W,7,yellow,5.7918,6.0722,0.2803999999999993,0.1267000000000004,data/not_shared/wd_audio/WD_CI/xxxxxxxx175/xxxxxxxx175_stroop_W.wav,data/not_shared/wd_audio/WD_CI/xxxxxxxx175/xxxxxxxx175_stroop_task.wav,40.56272888183594,0.0514912530779838,38.68906021118164,40.01714324951172,41.90141677856445,3.2123565673828125,24.47298812866211,0.0,130.5831298828125,0.0,2.1078076362609863,0.3006471991539001,1.5938456058502195,2.26172423362732,2.565554618835449,0.9717090129852296,17.47077751159668,0.0,-12.233771324157717,0.0,1.954716682434082,0.5591739416122437,27.88569641113281,0.2206599712371826,-20.71523666381836,-0.8393259644508362,-27.383031845092773,-0.3076997995376587,-33.08027648925781,-0.3826855421066284,0.0291625671088695,1.6951916217803955,0.8264915347099304,0.3303625285625458,7.900344371795654,0.3740170896053314,-0.8883936405181885,-13.547663688659668,16.70794677734375,0.8829166889190674,543.7630615234375,0.3423719704151153,1523.78076171875,0.1428226977586746,8.125420570373535,0.231640413403511,1433.2490234375,0.1115645095705986,1342.4976806640625,0.1537188738584518,-3.1700222492218018,-4.560337066650391,2503.47900390625,0.1935783922672271,878.8837280273438,0.4055839478969574,-13.959240913391112,-0.9079500436782836,-7.160114765167236,-1.4481273889541626,27.81081771850586,0.2463576346635818,0.0815903544425964,0.3164112865924835,-0.0179060604423284,-1.1186492443084717,2.2778160572052,0.4771783947944641,28.81954002380371,0.2297063767910003,-19.78199577331543,-0.9826138019561768,-30.89464569091797,-0.1832230389118194,-30.408336639404297,-0.4319573044776916,0.0,0.0,0.0,0.0,0.0,3.7037038803100586,4.761904716491699,0.199999988079071,0.0,0.0,0.0,-19.22410011291504
xxxxxxxx175,W,8,blue,6.177,6.4064,0.2294,0.1048,data/not_shared/wd_audio/WD_CI/xxxxxxxx175/xxxxxxxx175_stroop_W.wav,data/not_shared/wd_audio/WD_CI/xxxxxxxx175/xxxxxxxx175_stroop_task.wav,40.85369110107422,0.0341631509363651,39.53255081176758,40.34550857543945,42.15447616577149,2.6219253540039062,40.41928482055664,0.0,38.82293701171875,0.0,2.523465871810913,0.1915122270584106,2.0789527893066406,2.551494836807251,3.1113805770874023,1.0324277877807615,-0.1415576934814453,11.802939414978027,10.709874153137209,0.0,2.1784985065460205,0.3351195156574249,22.736238479614254,0.21851247549057,-30.738773345947266,-0.1796008348464965,-37.48976516723633,-0.1329332590103149,-24.721742630004883,-0.5672918558120728,0.0142120076343417,0.5830142498016357,0.9839643239974976,0.8774532675743103,7.4150309562683105,0.2177833020687103,-6.026064395904541,-0.6669098734855652,9.36467170715332,1.1437734365463257,535.7183837890625,0.2656746208667755,1443.857177734375,0.071323275566101,7.434778690338135,0.9810076355934144,1457.998779296875,0.0754876062273979,1327.6199951171875,0.1016502082347869,2.8064351081848145,2.736956834793091,2277.116943359375,0.1144341230392456,1099.462158203125,0.3410515189170837,-6.552032947540283,-1.6398078203201294,-3.242307186126709,-1.986645460128784,24.056013107299805,0.0766154825687408,0.0751367732882499,0.2041916251182556,-0.0102458242326974,-1.0896815061569214,2.503530263900757,0.2618671953678131,20.894960403442383,0.1959663480520248,-33.59345626831055,-0.1065937206149101,-35.94148635864258,-0.1413796097040176,-19.003217697143555,-0.6615365743637085,0.0,0.0,0.0,0.0,0.0,4.761904716491699,6.6666669845581055,0.1400000005960464,0.0,0.0,0.0,-18.28238296508789
xxxxxxxx175,W,9,red,6.584,6.9203,0.3363000000000005,0.1775999999999999,data/not_shared/wd_audio/WD_CI/xxxxxxxx175/xxxxxxxx175_stroop_W.wav,data/not_shared/wd_audio/WD_CI/xxxxxxxx175/xxxxxxxx175_stroop_task.wav,39.506797790527344,0.0497633479535579,37.563777923583984,39.13594818115234,41.70459365844727,4.140815734863281,27.546178817749023,0.0,59.48288345336914,0.0,1.288904309272766,0.2507994174957275,1.0315613746643066,1.357430100440979,1.5743365287780762,0.5427751541137695,9.152097702026367,3.9905881881713863,-3.221662998199463,4.814255237579346,0.9852210879325868,0.4407918453216553,34.08552169799805,0.1401883959770202,-1.365907073020935,-4.29457426071167,-19.20230865478516,-0.5395104885101318,-58.55415725708008,-0.1377643793821334,0.0158666633069515,0.8609800338745117,0.6367560625076294,0.9257403016090392,10.5579252243042,0.248076394200325,3.87133264541626,2.735002994537353,34.40555953979492,0.1199582815170288,666.0552978515625,0.2924769222736358,1409.0008544921875,0.1812427341938018,-3.379953622817993,-2.785191774368286,1524.6317138671875,0.231753408908844,1307.6820068359375,0.3910361230373382,-16.690874099731445,-0.8440768718719482,2877.743408203125,0.0705207586288452,502.5033874511719,0.4524713456630707,-27.98575782775879,-0.1550073772668838,-22.843589782714844,-0.1429233103990554,31.75765419006348,0.1375960707664489,0.0999301597476005,0.2532112598419189,-0.0524392686784267,-0.095179907977581,1.0759103298187256,0.3855476379394531,34.69194030761719,0.1461329311132431,-0.7899405360221863,-7.920303344726562,-23.00242805480957,-0.301794558763504,-59.49416732788086,-0.1405031979084015,0.0,0.0,0.0,0.0,0.0,6.25,3.846153974533081,0.25,0.0,0.0,0.0,-21.81572532653809
xxxxxxxx175,W,10,blue,7.484,7.8162,0.3322000000000003,0.5636999999999999,data/not_shared/wd_audio/WD_CI/xxxxxxxx175/xxxxxxxx175_stroop_W.wav,data/not_shared/wd_audio/WD_CI/xxxxxxxx175/xxxxxxxx175_stroop_task.wav,40.94171524047852,0.028157502412796,39.70980453491211,41.11110305786133,41.943660736083984,2.233856201171875,57.93891525268555,38.717716217041016,53.67368316650391,21.857200622558597,2.212561845779419,0.4181457757949829,1.0837936401367188,2.4246301651000977,3.062307834625244,1.9785141944885252,11.344595909118652,0.0,-18.13422966003418,0.0,1.847403883934021,0.5660017728805542,24.52539825439453,0.2439477443695068,-24.34200096130371,-0.5411329865455627,-29.20649719238281,-0.7173190712928772,-13.61562442779541,-0.946885883808136,0.0127742327749729,0.5488958358764648,1.3464634418487549,0.8538292646408081,7.553855895996094,0.3579107820987701,-0.3895268142223358,-28.03101921081543,18.70869445800781,0.4865224659442901,693.3246459960938,0.2771103680133819,1355.617431640625,0.0913591682910919,1.2841194868087769,9.23673152923584,1598.933837890625,0.1313725560903549,1001.6166381835938,0.2875269949436188,-2.35425877571106,-4.618736743927002,2751.242431640625,0.1495374888181686,622.6897583007812,0.2966991662979126,-17.898548126220703,-0.6237233877182007,-6.776540756225586,-1.3804792165756226,24.70414352416992,0.1549662053585052,0.081030786037445,0.2525997161865234,-0.0172633230686187,-1.0670228004455566,1.6854331493377686,0.5633642673492432,24.757686614990234,0.2665700614452362,-22.768171310424805,-0.6116525530815125,-29.284311294555664,-0.7886792421340942,-8.297323226928711,-0.8263482451438904,0.0,0.0,0.0,0.0,0.0,3.125,3.846153974533081,0.25,0.0,0.0,0.0,-18.70301055908203
xxxxxxxx175,W,11,green,7.917,8.2293,0.3123000000000004,0.1007999999999995,data/not_shared/wd_audio/WD_CI/xxxxxxxx175/xxxxxxxx175_stroop_W.wav,data/not_shared/wd_audio/WD_CI/xxxxxxxx175/xxxxxxxx175_stroop_task.wav,45.68313980102539,0.0420380420982837,43.84968566894531,46.048622131347656,47.58891296386719,3.739227294921875,52.93437194824219,10.07503604888916,49.122047424316406,0.0,1.479114055633545,0.5348097085952759,0.7776153683662415,1.2642090320587158,2.36532998085022,1.587714672088623,16.31321907043457,0.0,-13.930928230285645,0.0,1.281785011291504,0.6935569643974304,18.428436279296875,0.2662874758243561,-15.107549667358398,-0.6189050674438477,8.499394416809082,0.3297414183616638,-23.844707489013672,-0.458240807056427,0.0174649767577648,1.1286729574203491,0.5913335680961609,0.5983873605728149,11.685589790344238,0.5130358338356018,6.970205783843994,0.5561752915382385,4.266803741455078,1.4613192081451416,951.5843505859376,0.2120725512504577,1267.6458740234375,0.1600133925676345,-27.546783447265625,-0.191097006201744,1784.4639892578125,0.0806918665766716,944.1697998046876,0.4368254542350769,-24.800756454467773,-0.0812394246459007,2889.082275390625,0.0734188929200172,829.7955322265625,0.4218639135360718,-27.187068939208984,-0.2086007744073867,-15.626317977905272,-0.254265695810318,20.707393646240234,0.1757325083017349,0.1548918485641479,0.097731202840805,-0.0154905095696449,-0.3235894739627838,1.5737069845199585,0.5163680911064148,17.849639892578125,0.2774254083633423,-18.66339111328125,-0.3624544143676758,8.568845748901367,0.3526900708675384,-27.40104484558105,-0.3302228152751922,0.0,0.0,0.0,0.0,0.0,3.3333334922790527,4.1666669845581055,0.2299999892711639,0.0,0.0,0.0,-16.784774780273438
xxxxxxxx175,W,12,red,8.4508,9.28,0.8292000000000002,0.2214999999999989,data/not_shared/wd_audio/WD_CI/xxxxxxxx175/xxxxxxxx175_stroop_W.wav,data/not_shared/wd_audio/WD_CI/xxxxxxxx175/xxxxxxxx175_stroop_task.wav,37.21876907348633,0.1548854261636734,30.64850616455078,39.33744430541992,41.933387756347656,11.284881591796877,126.35608673095705,73.76153564453125,133.79327392578125,27.99413299560547,1.1410263776779177,0.5908788442611694,0.5229955315589905,0.8665377497673035,1.9462231397628784,1.4232275485992432,12.853410720825195,7.388664245605469,0.0695877075195312,6.149905204772949,1.0256811380386353,0.8078538775444031,28.927471160888672,0.2041765302419662,10.504307746887209,1.9806132316589355,-21.3402042388916,-0.5760002732276917,-27.444660186767575,-0.6236016154289246,0.084682360291481,1.512686252593994,1.0774099826812744,0.8918324708938599,6.117868423461914,0.9074456691741944,6.286534309387207,1.725287914276123,29.79870986938477,0.4318901300430298,568.3834228515625,0.2971931993961334,1395.57275390625,0.1313052773475647,-12.038488388061523,-1.666459083557129,1539.1796875,0.2253182679414749,1203.0692138671875,0.2498218268156051,-25.152162551879883,-0.810631275177002,2780.579345703125,0.1240151301026344,916.6474609375,0.5755401253700256,-33.99617385864258,-0.4895368814468384,-19.136035919189453,-0.6034905314445496,30.2517204284668,0.2793543934822082,0.0626449882984161,0.6339757442474365,-0.0393243134021759,-0.5483528971672058,1.0608021020889282,0.8042847514152527,29.21376609802246,0.2045234441757202,11.507588386535645,1.7987993955612185,-20.145387649536133,-0.5811920762062073,-28.956212997436523,-0.5775696039199829,-30.923809051513672,39.48009490966797,0.0359645560383796,-0.0597218126058578,0.4207318723201751,4.938271522521973,1.3157894611358645,0.75,0.0,0.0,0.0,-22.326929092407227
xxxxxxxx175,CW,1,yellow,1.6612,2.1381,0.4769000000000001,1.6612,data/not_shared/wd_audio/WD_CI/xxxxxxxx175/xxxxxxxx175_stroop_CW.wav,data/not_shared/wd_audio/WD_CI/xxxxxxxx175/xxxxxxxx175_stroop_task.wav,41.22063446044922,0.0575947165489196,38.60999298095703,40.709747314453125,43.07514953613281,4.465156555175781,32.66533279418945,0.0,28.33842086791992,0.0,2.2239797115325928,0.3963103592395782,1.3207358121871948,2.29015588760376,2.934432983398437,1.613697171211243,20.502397537231445,1.182941436767578,-5.691498756408691,9.06736946105957,1.9664210081100464,0.5575054883956909,23.14527130126953,0.3037113845348358,-20.735206604003903,-0.8465229272842407,-35.844486236572266,-0.2085164338350296,-31.18685531616211,-0.4065291881561279,0.0127420770004391,0.6896834969520569,0.6129134893417358,0.4627316296100616,8.78100299835205,0.3004710972309112,-0.8111616373062134,-11.591883659362791,19.13711929321289,0.7551714181900024,514.4432983398438,0.3203104734420776,1258.6888427734375,0.1141760796308517,-1.997745513916016,-4.188015460968018,1429.994873046875,0.1280674487352371,1230.3134765625,0.2903077006340027,-2.279033899307251,-7.606987476348877,2430.244140625,0.1712527126073837,934.9970092773438,0.576058566570282,-17.377418518066406,-0.7658787369728088,-5.546709537506104,-1.9320847988128664,25.73054313659668,0.2786531448364258,0.0816260650753974,0.3704564571380615,-0.009291248396039,-2.558455467224121,2.1582183837890625,0.4955827593803406,22.971071243286133,0.3235188722610473,-20.633935928344727,-0.9087257385253906,-34.620155334472656,-0.2032333314418792,-31.98893547058105,-0.4164181351661682,0.0,0.0,0.0,0.0,0.0,4.347826480865479,2.500000238418579,0.3899999856948852,0.0,0.0,0.0,-18.903602600097656
xxxxxxxx175,CW,2,red,2.4734,2.8316,0.3582000000000001,0.3352999999999997,data/not_shared/wd_audio/WD_CI/xxxxxxxx175/xxxxxxxx175_stroop_CW.wav,data/not_shared/wd_audio/WD_CI/xxxxxxxx175/xxxxxxxx175_stroop_task.wav,40.78048324584961,0.0582499094307422,38.52230072021485,40.478492736816406,42.55094909667969,4.028648376464844,35.10538482666016,0.0,102.76441955566406,0.0,1.426987648010254,0.2845405340194702,1.0054569244384766,1.6094155311584473,1.7652770280838013,0.7598201036453247,7.311279773712158,3.911936283111572,-3.050912380218506,5.168763637542725,1.2909140586853027,0.5676243305206299,33.035255432128906,0.2059578597545623,0.6646121144294739,13.59474277496338,-11.735377311706545,-0.3193888068199157,-51.81402587890625,-0.1400114148855209,0.0157925579696893,0.803541898727417,0.6458023190498352,0.5664944648742676,10.347234725952148,0.2712592482566833,13.03305435180664,0.6986645460128784,35.21867752075195,0.1982136368751526,761.3560791015625,0.2810708582401275,1194.6925048828125,0.1290275603532791,-5.834173679351807,-1.2251964807510376,1855.677001953125,0.2196691036224365,1070.2781982421875,0.4131110310554504,-30.660253524780277,-0.1823844015598297,2938.003662109375,0.1310426741838455,639.7732543945312,0.8342119455337524,-31.22039794921875,-0.1430789977312088,-25.06985092163086,-0.1820633113384246,31.904132843017575,0.1751765757799148,0.0950482338666915,0.2985323667526245,-0.05457429215312,-0.1552560776472091,1.54056715965271,0.4087115824222564,34.50254440307617,0.188603326678276,3.0763792991638184,2.593734741210937,-12.418683052062988,-0.299429178237915,-53.401634216308594,-0.1299730390310287,0.0,0.0,0.0,0.0,0.0,5.882352828979492,3.5714285373687744,0.2699999809265136,0.0,0.0,0.0,-19.2884578704834
xxxxxxxx175,CW,3,blue,3.1369,3.5938,0.4569000000000001,0.3052999999999999,data/not_shared/wd_audio/WD_CI/xxxxxxxx175/xxxxxxxx175_stroop_CW.wav,data/not_shared/wd_audio/WD_CI/xxxxxxxx175/xxxxxxxx175_stroop_task.wav,39.95638275146485,0.0471244044601917,38.30913543701172,39.52202606201172,41.40499114990234,3.095855712890625,30.121299743652344,2.5702123641967773,7.711577415466309,8.91083812713623,2.469083547592163,0.492877721786499,0.9663150310516356,2.615485429763794,3.6149964332580566,2.648681402206421,14.29718017578125,0.0,-20.659303665161133,0.0,1.7061443328857422,0.588229238986969,21.821596145629883,0.3290659487247467,-28.155363082885746,-0.4910224378108978,-18.95744132995605,-0.7398367524147034,-18.542409896850582,-0.5157907009124756,0.0136422580108046,1.259942650794983,0.6305978894233704,0.6767297983169556,8.778617858886719,0.3035627603530884,-1.7584959268569946,-4.998421669006348,7.451511859893799,0.9920122623443604,543.950439453125,0.3485004603862762,1415.9114990234375,0.1443943977355957,-0.5672612190246582,-19.206344604492188,1576.1539306640625,0.0718604996800422,1265.126708984375,0.3794049620628357,0.2095547765493393,43.01106643676758,2419.446533203125,0.1805107444524765,1196.334228515625,0.5754174590110779,-7.1456475257873535,-1.2645821571350098,-4.524011611938477,-1.5725640058517456,22.51703453063965,0.2023031115531921,0.0804706513881683,0.2650759816169739,-0.0105896750465035,-1.242770075798035,1.9496796131134035,0.4638725221157074,20.24132537841797,0.3176389336585998,-29.056989669799805,-0.5041853189468384,-20.211408615112305,-0.7262675762176514,-17.8869686126709,-0.5556637644767761,0.0,0.0,0.0,0.0,0.0,2.2727272510528564,2.6315789222717285,0.3700000047683716,0.0,0.0,0.0,-17.512054443359375
xxxxxxxx175,CW,4,green,3.8981,4.2563,0.3582000000000005,0.3043,data/not_shared/wd_audio/WD_CI/xxxxxxxx175/xxxxxxxx175_stroop_CW.wav,data/not_shared/wd_audio/WD_CI/xxxxxxxx175/xxxxxxxx175_stroop_task.wav,44.49343490600586,0.0604275576770305,41.980316162109375,45.62195587158203,46.904693603515625,4.92437744140625,45.08711624145508,0.0,-60.80818557739258,0.0,1.9999847412109373,0.5144843459129333,0.9781941175460817,1.896218061447144,3.136006116867065,2.157812118530273,16.451305389404297,0.0,-20.5164737701416,0.0,1.637183666229248,0.6343687176704407,22.32176971435547,0.2293906807899475,-23.21695327758789,-0.3602114021778106,10.838419914245604,0.6325526237487793,-10.31064510345459,-1.2562522888183594,0.0361737869679927,1.063228726387024,1.0104420185089111,1.1389718055725098,11.630669593811035,0.5187041759490967,6.999637603759766,0.4223323464393616,5.463507175445557,1.0470257997512815,899.4552612304688,0.3133717477321625,1341.179443359375,0.1537600606679916,-21.503122329711918,-0.3346626758575439,1743.654296875,0.0882716998457908,844.439208984375,0.1904754787683487,-22.85079002380371,-0.318309336900711,2769.102294921875,0.0740993693470954,748.1419067382812,0.1558036357164383,-23.91990089416504,-0.2192882895469665,-11.768174171447754,-0.368628054857254,16.646364212036133,0.3260969221591949,0.1458094716072082,0.1665742993354797,-0.0138557320460677,-0.5264410972595215,1.878489971160889,0.5468884706497192,22.380495071411133,0.2460306882858276,-26.196969985961918,-0.2059196531772613,10.446511268615724,0.7066842913627625,-10.369525909423828,-1.3598315715789795,0.0,0.0,0.0,0.0,0.0,2.941176414489746,3.5714285373687744,0.2699999809265136,0.0,0.0,0.0,-14.9856538772583
xxxxxxxx175,CW,5,blue,4.826,5.3239,0.4979000000000004,0.5696999999999992,data/not_shared/wd_audio/WD_CI/xxxxxxxx175/xxxxxxxx175_stroop_CW.wav,data/not_shared/wd_audio/WD_CI/xxxxxxxx175/xxxxxxxx175_stroop_task.wav,42.07884216308594,0.0696938186883926,39.01126480102539,41.52477264404297,44.86248779296875,5.851222991943359,72.845703125,30.73108673095703,89.55205535888672,0.0,2.546523094177246,0.5004149079322815,0.9567779302597046,2.9324264526367188,3.7519071102142334,2.7951292991638184,22.721630096435547,2.209134101867676,-4.35011100769043,11.91831398010254,2.4406626224517822,0.6902325749397278,24.803363800048828,0.2302040606737136,-23.00160217285156,-0.5398378968238831,-28.38796806335449,-0.7080976963043213,-17.083208084106445,-0.6397780179977417,0.0195262134075164,1.2824264764785769,0.8273165225982666,0.7786982655525208,8.373720169067383,0.4297179281711578,1.6107499599456787,5.276597023010254,19.00709342956543,0.5299659371376038,692.8529663085938,0.3023152947425842,1355.7593994140625,0.1750609427690506,-0.5757005214691162,-22.33033561706543,1597.2689208984375,0.1229541003704071,1049.1610107421875,0.3907904624938965,-2.7972841262817383,-4.161501884460449,2774.27587890625,0.1481097191572189,597.1098022460938,0.4153104424476623,-18.87181854248047,-0.6422392725944519,-5.050912380218506,-1.9134917259216309,24.301130294799805,0.1617432385683059,0.103562518954277,0.3236255943775177,-0.010043372400105,-1.6994950771331787,2.7542762756347656,0.5887479186058044,24.27978134155273,0.2396309822797775,-23.573902130126957,-0.558346688747406,-27.732702255249023,-0.7712677717208862,-15.146623611450195,-0.6780582070350647,0.0,0.0,0.0,0.0,0.0,4.1666669845581055,2.3809523582458496,0.4099999964237213,0.0,0.0,0.0,-16.39686393737793
xxxxxxxx175,CW,6,red,5.5973,5.8557,0.2583999999999999,0.2733999999999996,data/not_shared/wd_audio/WD_CI/xxxxxxxx175/xxxxxxxx175_stroop_CW.wav,data/not_shared/wd_audio/WD_CI/xxxxxxxx175/xxxxxxxx175_stroop_task.wav,22.145038604736328,0.1774788647890091,18.0239372253418,22.256139755249023,25.61850357055664,7.594566345214844,113.87419891357422,0.0,-214.2716522216797,0.0,0.3376675844192505,0.5625778436660767,0.1423200666904449,0.3718511760234833,0.4649537205696106,0.3226336538791656,3.5500545501708984,0.0,-4.355243682861328,0.0,0.3300528824329376,1.0514591932296753,29.13043975830078,0.2209067195653915,11.532064437866213,0.9106019139289856,-9.956475257873535,-0.7731595635414124,-13.33530044555664,-0.5941926836967468,0.1324557662010193,0.3946413099765777,2.82427191734314,0.1862791180610656,-3.2980144023895264,-0.8697830438613892,-3.56323766708374,-2.986039638519287,22.714252471923828,0.2714453041553497,450.0774536132813,0.1602281332015991,1312.775634765625,0.0965790078043937,-10.284666061401367,-3.5108718872070312,1328.0140380859375,0.1062722951173782,1086.9949951171875,0.1204070672392845,-17.467485427856445,-1.3684046268463137,2582.62158203125,0.0760597810149192,837.2238159179688,0.1941265612840652,-31.80988502502441,-0.6776177287101746,-18.632028579711918,-0.17546246945858,30.418176651000977,0.2262425720691681,0.0011034182971343,34.30513381958008,-0.0357942581176757,-0.2856707572937011,0.4482898414134979,0.8820073008537292,28.887191772460938,0.2345832735300064,14.893149375915527,0.7283434271812439,-13.31337070465088,-0.5528666973114014,-13.429027557373049,-0.7476456761360168,-11.931602478027344,35.8734245300293,-0.0002907363814301,-0.0204694271087646,0.6315005421638489,4.1666669845581055,5.555555820465088,0.1700000017881393,0.0,0.0,0.0,-36.04819869995117
xxxxxxxx175,CW,7,blue,7.1498,7.5888,0.439,1.2941000000000005,data/not_shared/wd_audio/WD_CI/xxxxxxxx175/xxxxxxxx175_stroop_CW.wav,data/not_shared/wd_audio/WD_CI/xxxxxxxx175/xxxxxxxx175_stroop_task.wav,40.667598724365234,0.0670310333371162,38.21376419067383,39.35273742675781,43.92209243774414,5.7083282470703125,28.46063804626465,0.0,14.234161376953123,0.0,2.5312771797180176,0.4627540707588196,1.0417943000793457,3.096652030944824,3.639569759368897,2.597775459289551,15.47778034210205,0.0,-16.154279708862305,0.0,2.088002920150757,0.6171772480010986,24.62070846557617,0.1731899529695511,-26.07868385314941,-0.4783843159675598,-27.37559509277344,-0.6340048313140869,-16.9477596282959,-0.4864356815814972,0.0087626678869128,0.643848717212677,0.6352875232696533,0.5057162642478943,9.71000862121582,0.2665335834026336,1.4667565822601318,5.996018886566162,18.497339248657227,0.2765136063098907,623.8287963867188,0.3388221263885498,1371.592041015625,0.1158856824040412,9.13806438446045,0.6975982785224915,1568.01806640625,0.120363712310791,1110.00439453125,0.2540547549724579,-2.5174176692962646,-3.267383813858032,2582.90283203125,0.1736601591110229,824.8306274414062,0.4344730973243713,-15.554824829101562,-0.2959014773368835,-5.628334999084473,-1.2052977085113523,23.703371047973636,0.1552776098251342,0.100023902952671,0.2226430922746658,-0.0134425861760973,-1.1184629201889038,2.387606382369995,0.5012257695198059,23.679616928100582,0.1591904908418655,-26.937175750732425,-0.4927827715873718,-26.65900421142578,-0.6915985941886902,-15.97486400604248,-0.5325467586517334,0.0,0.0,0.0,0.0,0.0,2.3809523582458496,2.777777910232544,0.3499999940395355,0.0,0.0,0.0,-16.681678771972656
xxxxxxxx175,CW,8,green,7.7504,8.0138,0.2633999999999998,0.1615999999999999,data/not_shared/wd_audio/WD_CI/xxxxxxxx175/xxxxxxxx175_stroop_CW.wav,data/not_shared/wd_audio/WD_CI/xxxxxxxx175/xxxxxxxx175_stroop_task.wav,46.83771514892578,0.0351652316749095,46.27886962890625,47.43989181518555,48.02684783935547,1.7479782104492188,51.65818786621094,0.0,-30.970319747924805,0.0,1.311858057975769,0.4511436522006988,0.7132211327552795,1.2860891819000244,1.9740746021270752,1.2608535289764404,9.877426147460938,0.0,-15.846424102783203,0.0,0.9119888544082642,0.6871158480644226,19.7027587890625,0.2721941173076629,-20.06054306030273,-0.1618397384881973,6.037192344665527,1.4643352031707764,-10.661786079406738,-0.6176519989967346,0.005873539019376,0.8456504940986633,0.2896102368831634,0.3352963030338287,14.8259859085083,0.2436112314462661,6.097883701324463,0.6948102712631226,4.497500896453857,0.907834529876709,975.92724609375,0.3706021010875702,1068.06103515625,0.1873504668474197,-25.5744686126709,-0.0875411331653595,1906.321533203125,0.1343848556280136,969.1137084960938,0.2913050949573517,-22.542783737182617,-0.2264381647109985,2905.1923828125,0.1363692730665207,939.9935913085938,0.6178354620933533,-26.405183792114254,-0.1652735024690628,-13.08969020843506,-0.1338918060064315,18.839340209960938,0.1891045719385147,0.1374033093452453,0.267919659614563,-0.0108674895018339,-0.3793615102767944,0.6909657120704651,0.6798133254051208,19.256391525268555,0.3145056068897247,-19.38731575012207,-0.1578242927789688,7.997531890869141,1.1421382427215576,-11.802593231201172,-0.570158839225769,0.0,0.0,0.0,0.0,0.0,4.0,5.263157844543457,0.1799999922513961,0.0,0.0,0.0,-19.69721031188965
xxxxxxxx175,CW,9,red,8.2393,8.4268,0.1875,0.2255000000000002,data/not_shared/wd_audio/WD_CI/xxxxxxxx175/xxxxxxxx175_stroop_CW.wav,data/not_shared/wd_audio/WD_CI/xxxxxxxx175/xxxxxxxx175_stroop_task.wav,26.235734939575195,0.0156408678740263,26.110445022583008,26.33012962341309,26.549673080444336,0.4392280578613281,-37.06274032592773,0.0,14.725542068481444,0.0,0.7791862487792969,0.2608142495155334,0.6739569306373596,0.8052604794502258,0.9061028361320496,0.2321459054946899,8.571195602416992,3.072533130645752,-8.596235275268555,8.900123596191406,0.8688114881515503,0.546215832233429,29.261812210083008,0.1602625250816345,25.96253776550293,0.2645374536514282,-17.56548500061035,-0.3972075879573822,-23.22361183166504,-0.4733829200267792,0.0483800917863845,0.0919252261519432,1.953708291053772,0.2553374767303467,-0.0639926940202713,-21.696992874145508,4.645439624786377,0.1655855178833007,28.03231239318848,0.0269799213856458,609.8085327148438,0.2213203907012939,1362.101806640625,0.0589004009962081,-11.462077140808104,-0.1373133510351181,1507.7745361328125,0.1928011178970337,1641.79833984375,0.212892860174179,-30.39960289001465,-0.1259260028600692,2871.089111328125,0.0582000613212585,761.55078125,0.2323868572711944,-36.47231674194336,-0.0784762874245643,-21.507152557373047,-0.0656418725848198,26.71838760375977,0.0639510452747345,0.0018964506452903,12.598227500915527,-0.0496346950531005,-0.0764877796173095,0.664742112159729,0.0608249232172966,26.78272819519043,0.0331262126564979,31.569128036499023,0.106268011033535,-15.154555320739746,-0.2517873346805572,-15.675848960876465,-0.335932582616806,0.0,0.0,0.0,0.0,0.0,11.764705657958984,14.285714149475098,0.0599999986588954,0.0,0.0,0.0,-28.00475311279297
xxxxxxxx175,CW,10,yellow,9.3258,10.4034,1.0776000000000003,0.8989999999999991,data/not_shared/wd_audio/WD_CI/xxxxxxxx175/xxxxxxxx175_stroop_CW.wav,data/not_shared/wd_audio/WD_CI/xxxxxxxx175/xxxxxxxx175_stroop_task.wav,39.453651428222656,0.0934408828616142,38.77593994140625,39.606075286865234,41.32290649414063,2.546966552734375,186.95794677734372,147.82455444335938,71.58845520019531,49.62324905395508,1.2062171697616575,1.0295149087905884,0.2146127671003341,0.6534262895584106,2.996635675430298,2.7820229530334477,8.869185447692871,6.738034725189209,3.1630775928497314,9.397381782531738,1.1279751062393188,1.2770329713821411,27.311643600463867,0.2072874009609222,1.5819494724273682,13.271641731262209,-7.926913261413574,-3.5698485374450684,-13.33753490447998,-1.2523069381713867,0.0271680504083633,2.368274688720703,0.9455446004867554,1.0032963752746582,10.274867057800291,0.4312274754047394,8.02369499206543,1.539132833480835,22.201929092407227,0.330271303653717,536.147705078125,0.4050578773021698,1403.965576171875,0.1437912136316299,-81.35137176513672,-1.145502686500549,1452.584716796875,0.1143969148397445,1054.457763671875,0.2684232294559479,-57.78649139404297,-1.1825177669525146,2674.884521484375,0.1091441735625267,739.0870971679688,0.6302418112754822,-65.94087982177734,-0.9547988772392272,-15.142416954040527,-0.7713884115219116,29.750513076782227,0.2247547954320907,0.0592478141188621,0.5102388262748718,-0.0183402132242918,-1.0602989196777344,1.424221158027649,1.0987067222595217,27.119871139526367,0.2060383260250091,-0.5570855140686035,-37.66495513916016,-8.646501541137695,-3.4246530532836914,-15.316176414489746,-1.0606921911239624,-21.25480842590332,30.86791229248047,-0.0044129784218966,-0.0196753032505512,0.1687944233417511,2.830188751220703,3.0,0.2566666603088379,0.1322455704212188,0.089999996125698,0.0099999997764825,-19.516433715820312
xxxxxxxx175,CW,11,red,10.8543,11.7912,0.9368999999999996,0.4509000000000007,data/not_shared/wd_audio/WD_CI/xxxxxxxx175/xxxxxxxx175_stroop_CW.wav,data/not_shared/wd_audio/WD_CI/xxxxxxxx175/xxxxxxxx175_stroop_task.wav,39.65388107299805,0.1377124190330505,38.265567779541016,40.21851348876953,44.2086296081543,5.943061828613281,134.53565979003906,70.31731414794922,182.9680633544922,56.438419342041016,0.7294268608093262,0.8229802846908569,0.3566780686378479,0.4031703174114227,1.3671066761016846,1.0104286670684814,9.14245319366455,7.19517993927002,3.687237024307251,3.026756048202514,0.4730161130428314,1.446340799331665,15.695234298706056,0.8961274027824402,-3.3808727264404297,-1.6273319721221924,-9.36638069152832,-0.6433215141296387,-22.598302841186523,-1.1795742511749268,0.0387605987489223,1.3940311670303345,0.8107531070709229,0.6348612308502197,7.897071838378906,0.764958381652832,10.667577743530272,1.180081844329834,29.62186050415039,0.3842948079109192,686.8348999023438,0.3291964828968048,1345.498291015625,0.1778638064861297,-139.8030242919922,-0.6431655883789062,1599.6243896484375,0.2250134199857711,1396.0135498046875,0.3487501740455627,-130.2420196533203,-0.6725640296936035,2734.156494140625,0.1045503467321395,557.7318115234375,0.4942574501037597,-131.7154083251953,-0.6505317687988281,-22.31846809387207,-0.2455225586891174,29.327077865600582,0.2106891125440597,0.0815383195877075,0.3956727385520935,-0.048576720058918,-0.1882324665784835,1.1632318496704102,0.6980220079421997,33.11920928955078,0.1529571413993835,-2.057987928390503,-3.769470453262329,-12.445050239562988,-0.50044184923172,-54.92184066772461,-0.1701173931360244,0.478184312582016,6.405002593994141,0.004608697257936,0.0022576989140361,0.0922925770282745,2.1739132404327397,1.1494252681732178,0.3299999833106994,0.0,0.5199999809265137,0.0,-22.896284103393555
xxxxxxxx175,CW,12,red,12.781,13.3188,0.537799999999999,0.9898000000000008,data/not_shared/wd_audio/WD_CI/xxxxxxxx175/xxxxxxxx175_stroop_CW.wav,data/not_shared/wd_audio/WD_CI/xxxxxxxx175/xxxxxxxx175_stroop_task.wav,39.48417282104492,0.2171952277421951,27.82321548461914,42.11653137207031,45.94020462036133,18.116989135742188,200.31884765625,105.73290252685548,47.17464447021485,0.0,1.3129218816757202,0.7500199675559998,0.4716542661190033,0.9939814805984496,1.7868791818618774,1.3152248859405518,5.818239212036133,8.451374053955078,11.85012435913086,0.0,1.5439897775650024,1.1490905284881592,23.15425109863281,0.2685306966304779,2.612741231918335,5.930834770202637,-17.43990707397461,-0.2462372332811355,-37.70130920410156,-0.5805009603500366,0.0872590020298957,2.08261513710022,1.8824986219406128,0.838440477848053,6.359157562255859,0.9108428359031676,20.89836311340332,1.0372469425201416,27.19287872314453,0.3775479793548584,670.601806640625,0.269774466753006,1254.050048828125,0.170777827501297,-27.78644561767578,-1.6755129098892212,1651.4940185546875,0.1735995560884475,1059.3570556640625,0.229869857430458,-39.06821060180664,-1.0232384204864502,2895.1826171875,0.0895384028553962,587.3442993164062,0.5001198649406433,-41.21722412109375,-0.9348676800727844,-19.548006057739254,-0.3040079772472381,27.112524032592773,0.2653190195560455,0.0519486591219902,1.5343767404556274,-0.0388565845787525,-0.3619414865970611,2.023591995239258,0.9780615568161012,23.051374435424805,0.2864518463611603,3.848750114440918,3.987286806106568,-17.541210174560547,-0.2488045841455459,-36.81417465209961,-0.6139066219329834,-15.516473770141602,19.962066650390625,-0.0515976771712303,-0.0269968025386333,0.2369017004966735,1.9230769872665403,5.128205299377441,0.1700000017881393,0.0999999940395355,0.0199999995529651,0.0,-16.139860153198242
xxxxxxxx176,C,1,red,1.4477,1.9416,0.4939,1.4477,data/not_shared/wd_audio/WD_CI/xxxxxxxx176/xxxxxxxx176_stroop_C.wav,data/not_shared/wd_audio/WD_CI/xxxxxxxx176/xxxxxxxx176_stroop_task.wav,38.296653747558594,0.0474889762699604,36.15200805664063,38.57660675048828,40.2700309753418,4.118022918701172,20.02902030944824,0.0,8.673063278198242,10.14803981781006,0.5701937079429626,0.2789414525032043,0.4203158915042877,0.6038213968276978,0.714604914188385,0.2942890226840973,4.125763416290283,2.4239165782928467,-0.342495322227478,1.862881302833557,0.1994116604328155,0.4919329285621643,32.20958709716797,0.1345994472503662,-0.375735729932785,-12.408148765563965,0.8867508172988892,7.074883460998535,-39.53524398803711,-0.297314703464508,0.0193052105605602,1.366224765777588,0.7858099341392517,0.9409105181694032,11.686734199523926,0.1952805966138839,-5.12567138671875,-1.376316785812378,19.08539581298828,0.2244401425123214,729.9738159179688,0.2349916249513626,1255.398681640625,0.2214600890874862,-8.634323120117188,-0.7106174230575562,1801.0635986328125,0.2013464570045471,1136.428466796875,0.3044946491718292,-26.457294464111328,-0.2725993692874908,2893.21142578125,0.0815790891647338,684.3609619140625,0.7159558534622192,-29.277313232421875,-0.1412989050149917,-17.234935760498047,-0.145761951804161,24.490100860595703,0.131411075592041,0.0544326156377792,0.3428370654582977,-0.0317772142589092,-0.2181703448295593,0.2190676182508468,0.4350532293319702,31.3734130859375,0.1248809695243835,-1.1447339057922363,-3.6978414058685294,-0.610167920589447,-8.492167472839355,-42.481178283691406,-0.2190939486026764,0.0,0.0,0.0,0.0,0.0,4.1666669845581055,2.3809523582458496,0.4099999964237213,0.0,0.0,0.0,-33.947444915771484
xxxxxxxx176,C,2,yellow,2.221,2.7587,0.5377000000000001,0.2794000000000001,data/not_shared/wd_audio/WD_CI/xxxxxxxx176/xxxxxxxx176_stroop_C.wav,data/not_shared/wd_audio/WD_CI/xxxxxxxx176/xxxxxxxx176_stroop_task.wav,37.11073303222656,0.0485740527510643,35.13400650024414,36.93054962158203,39.24740219116211,4.113395690917969,15.72726058959961,0.0,1.4791147708892822,6.436758518218994,0.6941260099411011,0.3650372922420501,0.4591615498065948,0.7315168380737305,0.901404619216919,0.4422430694103241,2.333477020263672,0.0,-3.9765233993530273,0.0,0.2215166836977005,0.5259570479393005,34.28171920776367,0.1075169295072555,-18.936302185058597,-0.5717837810516357,-3.9477012157440186,-1.8519436120986936,-43.86742782592773,-0.2575792670249939,0.0069735036231577,0.6645887494087219,0.8066784739494324,1.2366938591003418,10.006367683410645,0.1781520992517471,-8.507554054260254,-0.3754928112030029,10.53742504119873,0.523604154586792,489.4403076171875,0.3298792839050293,1212.157958984375,0.1971098333597183,-8.693388938903809,-0.6451679468154907,1382.238037109375,0.229274109005928,957.6415405273438,0.1080318167805671,-1.1735328435897827,-10.274497032165527,2769.2958984375,0.0737636685371398,564.619873046875,0.8338438868522644,-19.389890670776367,-0.3955152630805969,-3.855550527572632,-1.7603895664215088,21.422725677490234,0.215835154056549,0.0612657368183136,0.3377271294593811,-0.0054588560014963,-2.7760329246521,0.2472192943096161,0.4419305026531219,33.660240173339844,0.1020243540406227,-20.90390396118164,-0.4723359048366546,-5.510674476623535,-1.135270595550537,-46.60407638549805,-0.1903069764375686,0.0,0.0,0.0,0.0,0.0,1.9230769872665403,2.1739132404327397,0.449999988079071,0.0,0.0,0.0,-33.66815185546875
xxxxxxxx176,C,3,blue,2.9014,3.4222,0.5207999999999999,0.1427,data/not_shared/wd_audio/WD_CI/xxxxxxxx176/xxxxxxxx176_stroop_C.wav,data/not_shared/wd_audio/WD_CI/xxxxxxxx176/xxxxxxxx176_stroop_task.wav,36.2542839050293,0.0420276001095771,34.853084564208984,35.582122802734375,37.995548248291016,3.1424636840820312,14.944945335388184,0.0,5.42144775390625,0.0,0.935128092765808,0.3369867205619812,0.6404462456703186,1.002450942993164,1.186815857887268,0.5463696122169495,3.1609950065612797,0.0,-7.528519630432129,0.0,0.2699273526668548,0.4470201432704925,23.05646705627441,0.2329885959625244,-29.33458137512207,-0.4152123630046844,-4.184106826782227,-1.2888071537017822,-19.9774169921875,-0.3247489929199219,0.0058438619598746,0.770185112953186,0.7085779905319214,0.9585204124450684,8.660362243652344,0.2499187141656875,-2.169862508773804,-3.042147636413574,5.603631496429443,0.8931722640991211,454.38134765625,0.0688439831137657,972.7575073242188,0.2205311805009842,-4.017906188964844,-0.5906884074211121,1468.3233642578125,0.026319745928049,897.7346801757812,0.1559824347496032,0.971930205821991,6.526400089263916,2673.343017578125,0.0588389970362186,868.1421508789062,0.618877112865448,-9.812982559204102,-0.4009025692939758,-0.7514129281044006,-9.4969482421875,16.35161018371582,0.3341057598590851,0.0681509599089622,0.2514773607254028,0.0079759983345866,1.9730327129364011,0.2899091839790344,0.3920834064483642,22.42265892028809,0.2312342524528503,-30.03470039367676,-0.4191259741783142,-4.213253974914551,-1.3431237936019895,-20.20746421813965,-0.3343389928340912,0.0,0.0,0.0,0.0,0.0,1.9607843160629272,2.1739132404327397,0.449999988079071,0.0,0.0,0.0,-33.2336540222168
xxxxxxxx176,C,4,green,3.5928,4.0438,0.451,0.1705999999999998,data/not_shared/wd_audio/WD_CI/xxxxxxxx176/xxxxxxxx176_stroop_C.wav,data/not_shared/wd_audio/WD_CI/xxxxxxxx176/xxxxxxxx176_stroop_task.wav,38.013710021972656,0.0809829831123352,34.18461990356445,39.7568588256836,40.87834930419922,6.693729400634766,15.419600486755373,0.0,-31.97920608520508,0.0,0.4692958295345306,0.2532041668891907,0.3316190242767334,0.5156939029693604,0.5555303692817688,0.2239113450050354,1.951033115386963,0.7994306683540344,-2.0163607597351074,1.90521502494812,0.1757628321647644,0.4721768498420715,25.686656951904297,0.2718716561794281,2.519014358520508,4.197539329528809,22.972457885742188,0.4135798215866089,-9.00766372680664,-1.167202353477478,0.0222696084529161,1.5083411931991575,0.861519455909729,1.013226866722107,11.248442649841309,0.4420945644378662,12.101407051086426,1.0298269987106323,13.625330924987791,0.6901407837867737,523.081787109375,0.3612114489078522,1283.080322265625,0.2986353635787964,-14.557666778564451,-1.2041196823120115,1680.6011962890625,0.0715453326702117,530.4013061523438,0.3191157579421997,-32.3083381652832,-0.2523426115512848,2671.53857421875,0.0660741776227951,794.4160766601562,0.2938964962959289,-26.51642799377441,-0.3453278243541717,-20.660350799560547,-0.3448472917079925,26.29631996154785,0.3497618436813354,0.0771350264549255,0.3378636240959167,-0.0259198583662509,-0.2694674134254455,0.1796230375766754,0.4843147993087768,24.64756774902344,0.2737008929252624,5.361832618713379,1.552805781364441,25.127595901489254,0.3328466415405273,-6.136408805847168,-1.3352009057998655,0.0,0.0,0.0,0.0,0.0,4.545454502105713,2.6315789222717285,0.3700000047683716,0.0,0.0,0.0,-33.34843826293945
xxxxxxxx176,C,5,green,4.1496,4.6345,0.4848999999999996,0.1058000000000003,data/not_shared/wd_audio/WD_CI/xxxxxxxx176/xxxxxxxx176_stroop_C.wav,data/not_shared/wd_audio/WD_CI/xxxxxxxx176/xxxxxxxx176_stroop_task.wav,37.94611358642578,0.0612292401492595,35.98576736450195,37.82850646972656,40.42424774169922,4.438480377197266,34.41581726074219,0.0,-28.382875442504883,0.0,0.500056803226471,0.3983004093170166,0.2207579761743545,0.5891625881195068,0.6502777338027954,0.429519772529602,2.1653859615325928,0.3080627620220184,2.806607484817505,1.7234101295471191,0.180495336651802,0.7009004950523376,25.435609817504883,0.4330361783504486,1.227426290512085,9.434747695922852,24.842016220092773,0.3243467211723327,-6.035118103027344,-1.5561753511428833,0.014404322952032,0.8614330887794495,0.7221207022666931,0.6452402472496033,11.471118927001951,0.3011928498744964,22.084930419921875,0.4299692809581756,15.863751411437988,0.7242448925971985,507.4061584472656,0.3229569792747497,1333.026611328125,0.3005233407020569,-18.706958770751957,-1.0989391803741455,1680.7181396484375,0.1048096716403961,584.6589965820312,0.6100524663925171,-31.011085510253903,-0.3218733668327331,2646.3486328125,0.0749289169907569,844.1884765625,0.2061275988817215,-24.511859893798828,-0.4904390871524811,-18.50151634216309,-0.4547829329967499,23.18550109863281,0.4667605757713318,0.0784244835376739,0.3591813445091247,-0.0253530275076627,-0.1939332038164138,0.1802772879600525,0.7427793741226196,24.400325775146484,0.4679239392280578,4.324475765228272,2.048612594604492,27.09862327575684,0.2079864591360092,-3.384469985961914,-1.9957586526870728,0.0,0.0,0.0,0.0,0.0,6.382978916168213,2.4390244483947754,0.3999999761581421,0.0,0.0,0.0,-34.35573959350586
xxxxxxxx176,C,6,blue,4.7322,5.1353,0.4031000000000002,0.0976999999999996,data/not_shared/wd_audio/WD_CI/xxxxxxxx176/xxxxxxxx176_stroop_C.wav,data/not_shared/wd_audio/WD_CI/xxxxxxxx176/xxxxxxxx176_stroop_task.wav,36.34576034545898,0.05303331092,34.46293640136719,36.1526985168457,38.46147155761719,3.99853515625,26.344409942626957,0.0,8.424149513244629,0.0,0.8900911211967468,0.3103159070014953,0.7184714078903198,0.8068096041679382,1.2070512771606443,0.4885798692703247,2.9224464893341064,0.0,-7.241921901702881,0.0,0.2957859337329864,0.442428320646286,26.78625869750977,0.2388563007116317,-32.9171142578125,-0.1797918230295181,-7.416590213775635,-0.7506125569343567,-22.911102294921875,-0.4065383970737457,0.009678772650659,1.066364288330078,0.8105409741401672,0.3799073696136474,7.561006546020508,0.4327296614646911,-4.843381404876709,-1.466172218322754,7.0300822257995605,0.8119226694107056,512.4208374023438,0.2038354873657226,1328.6243896484375,0.4602797031402588,-4.1227126121521,-0.7858502864837646,1476.8123779296875,0.0789179652929306,992.6256103515624,0.0683006420731544,1.0022258758544922,3.8391947746276855,2700.59130859375,0.0609029941260814,1176.0426025390625,0.5703027844429016,-12.65591812133789,-0.3307128846645355,1.067638635635376,3.192140817642212,17.27025032043457,0.2166192531585693,0.0597769245505332,0.3339540064334869,0.0099199693650007,0.7503165006637573,0.3208264112472534,0.4172483682632446,25.255306243896484,0.234782338142395,-35.04081726074219,-0.1036135926842689,-6.6737589836120605,-0.8731384873390198,-22.16048812866211,-0.4437643587589264,0.0,0.0,0.0,0.0,0.0,2.5641026496887207,3.125,0.3100000023841858,0.0,0.0,0.0,-33.566009521484375
xxxxxxxx176,C,7,yellow,5.4267,5.9076,0.4809000000000001,0.2914000000000003,data/not_shared/wd_audio/WD_CI/xxxxxxxx176/xxxxxxxx176_stroop_C.wav,data/not_shared/wd_audio/WD_CI/xxxxxxxx176/xxxxxxxx176_stroop_task.wav,36.79527282714844,0.0437515377998352,35.03995132446289,37.05564880371094,38.58528518676758,3.5453338623046875,16.23809051513672,0.0,3.754138946533203,8.14020824432373,0.5897908210754395,0.3103578090667724,0.479017049074173,0.5777234435081482,0.7110855579376221,0.2320685088634491,0.4389842748641968,2.353065013885498,2.1679840087890625,0.8084931373596191,0.1898951679468155,0.3687359392642975,37.54658508300781,0.1005947738885879,-16.609725952148438,-0.5630951523780823,-9.808987617492676,-0.440233051776886,-41.97969818115234,-0.1857827454805374,0.006382686085999,0.2868085503578186,0.802586019039154,0.3837040662765503,9.768975257873535,0.1518350839614868,-8.813796043395996,-0.6145183444023132,15.43215274810791,0.289189726114273,515.4041137695312,0.3410739004611969,1177.9158935546875,0.0662001520395279,-5.053924560546875,-0.4871167540550232,1395.517822265625,0.1948880106210708,977.3187866210938,0.1550866216421127,-2.576823711395264,-3.606675386428833,2724.60595703125,0.0566128864884376,653.7384643554688,0.2899910509586334,-22.676189422607425,-0.1927044838666916,-5.190340518951416,-0.8674291372299194,24.387741088867188,0.1747358739376068,0.0731706395745277,0.2862328290939331,-0.0120716663077473,-1.2556008100509644,0.2097156643867492,0.2996898591518402,36.95151519775391,0.0994175598025322,-18.706283569335938,-0.4235617518424988,-10.423911094665527,-0.4040864109992981,-43.91267013549805,-0.1434079855680465,0.0,0.0,0.0,0.0,0.0,2.127659559249878,2.4390244483947754,0.3999999761581421,0.0,0.0,0.0,-35.45637893676758
xxxxxxxx176,C,8,red,6.0772,6.4434,0.3661999999999992,0.1695999999999999,data/not_shared/wd_audio/WD_CI/xxxxxxxx176/xxxxxxxx176_stroop_C.wav,data/not_shared/wd_audio/WD_CI/xxxxxxxx176/xxxxxxxx176_stroop_task.wav,36.25815200805664,0.0441937260329723,34.83159637451172,35.4005241394043,38.23283386230469,3.4012374877929688,0.1401610523462295,0.0,0.0,0.0,0.34572434425354,0.241843894124031,0.2581808567047119,0.3358081877231598,0.4490450024604797,0.1908641457557678,3.90959906578064,2.161980390548706,-0.1697616577148437,1.797943353652954,0.1017492935061454,0.4803729057312011,36.46316146850586,0.199274405837059,-0.8814910054206848,-5.06134843826294,12.39370822906494,0.4826005399227142,-26.737977981567383,-0.1969079971313476,0.0127956876531243,1.4230116605758667,1.0490983724594116,1.375335931777954,11.890009880065918,0.1036180853843689,-6.467320919036865,-0.4887232184410095,18.74967765808105,0.3924215734004974,752.8034057617188,0.2768747508525848,1237.4595947265625,0.1496936827898025,-15.687610626220703,-0.2721460461616516,1823.489013671875,0.2018127739429474,1047.619384765625,0.3673523962497711,-29.698699951171875,-0.1828239262104034,2863.786376953125,0.1371216922998428,884.8633422851562,0.2184553891420364,-34.77081680297852,-0.175285056233406,-18.97742080688477,-0.1472027450799942,29.239330291748047,0.2205191999673843,0.0563480146229267,0.3258416950702667,-0.0230203531682491,-0.3125609159469604,0.1054005846381187,0.5910560488700867,36.88050842285156,0.2044447958469391,-1.2209728956222534,-3.806461334228516,12.110779762268066,0.523125410079956,-26.952625274658203,-0.1942997872829437,0.0,0.0,0.0,0.0,0.0,5.714285850524902,3.4482760429382324,0.2800000011920929,0.0,0.0,0.0,-39.30299377441406
xxxxxxxx176,C,9,yellow,6.8504,7.3074,0.4570000000000007,0.407,data/not_shared/wd_audio/WD_CI/xxxxxxxx176/xxxxxxxx176_stroop_C.wav,data/not_shared/wd_audio/WD_CI/xxxxxxxx176/xxxxxxxx176_stroop_task.wav,37.551788330078125,0.0453480370342731,35.68889617919922,37.594993591308594,39.55647659301758,3.86758041381836,19.319618225097656,0.0,8.353297233581543,4.560176372528076,0.6781830787658691,0.3398720026016235,0.4448705911636352,0.7348549365997314,0.8764278888702393,0.431557297706604,4.701581001281738,1.4975488185882568,-0.3091446161270141,2.559881687164306,0.2607446312904358,0.4215354919433594,35.574886322021484,0.0894990786910057,-16.996984481811523,-0.5699152946472168,-6.6418890953063965,-0.7909557819366455,-44.7022590637207,-0.2918639183044433,0.0071723060682415,0.4747162759304046,0.946376085281372,0.7986196875572205,9.960668563842772,0.1081122532486915,-8.776590347290039,-0.3386355936527252,13.59976291656494,0.3762184083461761,446.800537109375,0.2364716678857803,1302.013427734375,0.1896317303180694,-5.8767595291137695,-0.5804226398468018,1300.644775390625,0.1454931199550628,1074.687744140625,0.3662834763526916,0.2595731616020202,36.27003860473633,2658.75341796875,0.0328371115028858,583.1802978515625,0.6738724112510681,-21.361610412597656,-0.3268637955188751,-3.8930745124816895,-1.6270978450775146,23.17586708068848,0.1790298074483871,0.0604248493909835,0.440837562084198,-0.0155067285522818,-0.8722176551818848,0.2949787080287933,0.3280934691429138,34.66752243041992,0.0655830055475235,-19.156553268432617,-0.4482366740703583,-8.107742309570312,-0.4943143725395202,-48.50807571411133,-0.1962017267942428,0.0,0.0,0.0,0.0,0.0,4.545454502105713,2.6315789222717285,0.3700000047683716,0.0,0.0,0.0,-33.532379150390625
xxxxxxxx176,C,10,red,7.5099,7.913,0.4031000000000002,0.2024999999999996,data/not_shared/wd_audio/WD_CI/xxxxxxxx176/xxxxxxxx176_stroop_C.wav,data/not_shared/wd_audio/WD_CI/xxxxxxxx176/xxxxxxxx176_stroop_task.wav,37.15292739868164,0.0386407747864723,35.63287353515625,36.98051452636719,38.92960739135742,3.296733856201172,16.521852493286133,0.0,23.57059097290039,0.0,0.4185971915721893,0.2692991495132446,0.3589456677436828,0.4130122661590576,0.4991449415683746,0.1401992738246917,5.555392265319824,3.315872430801392,-0.3455033898353576,1.596321702003479,0.1470946669578552,0.6384029984474182,34.960060119628906,0.1435746401548385,-3.288062572479248,-1.2474442720413208,11.340572357177734,0.8440234065055847,-31.64149475097656,-0.32957923412323,0.0232684463262558,1.8429878950119016,0.9439061284065248,1.125280499458313,11.135116577148438,0.1738540381193161,-14.250988006591797,-0.3185701966285705,11.972774505615234,0.5280416011810303,665.34716796875,0.2701457440853119,1238.3953857421875,0.1943919211626052,-10.74946117401123,-0.5695813298225403,1689.544921875,0.2428277283906936,892.6677856445312,0.336325854063034,-23.480175018310547,-0.2929429709911346,2816.578369140625,0.1311752647161483,624.0045166015625,0.1994570791721344,-30.603002548217773,-0.1174423024058342,-19.662830352783203,-0.0969910398125648,26.66733169555664,0.1081297695636749,0.0424276813864707,0.384806752204895,-0.0316113345324993,-0.145386666059494,0.1638727933168411,0.6871190667152405,35.40806579589844,0.1493358016014099,-4.391955375671387,-0.6066648960113525,8.626994132995605,0.898802638053894,-34.79710006713867,-0.2083219438791275,0.0,0.0,0.0,0.0,0.0,5.128205299377441,3.030303239822388,0.3199999928474426,0.0,0.0,0.0,-37.08366775512695
xxxxxxxx176,C,11,green,8.1215,8.5466,0.4251000000000005,0.208499999999999,data/not_shared/wd_audio/WD_CI/xxxxxxxx176/xxxxxxxx176_stroop_C.wav,data/not_shared/wd_audio/WD_CI/xxxxxxxx176/xxxxxxxx176_stroop_task.wav,38.237548828125,0.0690224021673202,34.835723876953125,39.58779525756836,40.82070159912109,5.984977722167969,19.98784637451172,1.6453630924224854,31.98639297485352,0.0,0.4213287234306335,0.3320565819740295,0.2325375825166702,0.4888505041599273,0.5295471549034119,0.2970095872879028,0.6279703974723816,1.8232808113098145,3.090372085571289,1.5707844495773315,0.1775515377521515,0.6393560171127319,25.824445724487305,0.3147377669811249,2.687403678894043,3.762368679046631,21.63242721557617,0.3145730495452881,-9.015059471130373,-0.7756578326225281,0.0106194224208593,0.7135844230651855,1.009406805038452,0.9576326608657836,10.737296104431152,0.4444027543067932,12.966938972473145,0.9358591437339784,14.2715482711792,0.6121402382850647,476.6874694824219,0.3484072089195251,1285.0721435546875,0.2222612351179123,-12.721343040466309,-1.5384377241134644,1690.3206787109375,0.0846383422613143,586.6205444335938,0.3730804324150085,-31.138376235961918,-0.2997616827487945,2663.970458984375,0.0548165254294872,884.7593994140625,0.2165125012397766,-25.246103286743164,-0.324521005153656,-19.390613555908203,-0.3646135628223419,24.503862380981445,0.3671564161777496,0.0780412182211875,0.3528160750865936,-0.0269184857606887,-0.2313647121191024,0.1989008337259292,0.5765421986579895,24.12385368347168,0.3094009757041931,3.8979456424713135,2.5633816719055176,22.93939208984375,0.2830621004104614,-7.920639514923096,-0.8825903534889221,0.0,0.0,0.0,0.0,0.0,4.878048896789551,2.857142925262451,0.3400000035762787,0.0,0.0,0.0,-34.70074844360352
xxxxxxxx176,C,12,blue,8.6843,9.0734,0.3890999999999991,0.1377000000000006,data/not_shared/wd_audio/WD_CI/xxxxxxxx176/xxxxxxxx176_stroop_C.wav,data/not_shared/wd_audio/WD_CI/xxxxxxxx176/xxxxxxxx176_stroop_task.wav,35.76207733154297,0.0381383001804351,34.56479263305664,34.99311828613281,37.46541976928711,2.9006271362304688,17.205081939697266,0.0,-3.3199946880340576,7.372933387756348,0.4670294225215912,0.3773711621761322,0.3029512166976928,0.458196073770523,0.654275119304657,0.3513239026069641,4.304836750030518,0.4424749612808227,-0.6783872842788696,2.931494951248169,0.1184387579560279,0.5227362513542175,31.07761573791504,0.1598016023635864,-26.966745376586918,-0.390279620885849,-0.8050148487091064,-7.144007682800293,-14.332759857177734,-0.385714054107666,0.0075458455830812,0.6794916391372681,0.8206016421318054,0.3261081278324127,7.800366401672363,0.3073232471942901,-2.830527782440185,-2.9116241931915283,8.503877639770508,0.5781627297401428,521.9478149414062,0.1762529462575912,1204.49560546875,0.1251729279756546,-5.103944778442383,-0.8817810416221619,1530.80029296875,0.0594859570264816,1095.6572265625,0.3628441095352173,-3.347269058227539,-1.3355250358581543,2483.0888671875,0.1231919974088668,1897.084716796875,0.6070659756660461,-13.915094375610352,-0.3894376456737518,-3.0103418827056885,-2.0371384620666504,19.04662322998047,0.2187613844871521,0.0506885908544063,0.3601992726325989,0.0029371685814112,3.551767349243164,0.1293660253286361,0.4729695618152618,31.882801055908203,0.1485816836357116,-27.89835357666016,-0.3952556252479553,0.421303391456604,12.290706634521484,-15.432332038879396,-0.3206856846809387,0.0,0.0,0.0,0.0,0.0,5.405405521392822,3.125,0.3100000023841858,0.0,0.0,0.0,-41.5504035949707
xxxxxxxx176,W,1,yellow,1.1184,1.6073,0.4888999999999999,1.1184,data/not_shared/wd_audio/WD_CI/xxxxxxxx176/xxxxxxxx176_stroop_W.wav,data/not_shared/wd_audio/WD_CI/xxxxxxxx176/xxxxxxxx176_stroop_task.wav,38.16147232055664,0.052349891513586,36.178321838378906,37.64933776855469,40.61591720581055,4.437595367431641,22.883590698242188,0.0,3.771039485931397,9.026129722595217,1.0782437324523926,0.3684807121753692,0.6454371213912964,1.2456612586975098,1.3714540004730225,0.7260168790817261,-0.0218122005462646,4.060785293579102,5.076847553253174,0.0,0.4898419082164764,0.4065736830234527,32.79615020751953,0.1560323238372802,-16.866046905517578,-0.8641518950462341,-10.54092788696289,-0.5171723961830139,-44.52115249633789,-0.2629891633987427,0.0096735404804348,1.2122156620025637,0.723426878452301,1.151870846748352,10.73544979095459,0.1593938320875167,-8.654566764831543,-0.2780547142028808,13.91238498687744,0.388627678155899,524.1040649414062,0.2967334687709808,1290.5325927734375,0.2815415859222412,-5.241819381713867,-0.6122337579727173,1276.53564453125,0.0936223715543747,1048.953369140625,0.2399048805236816,1.5345497131347656,6.538105487823486,2700.193115234375,0.0380861386656761,454.4057922363281,0.8673297166824341,-20.889781951904297,-0.2697048783302307,-3.743732929229736,-2.354505777359009,23.4670467376709,0.1503396481275558,0.0440863445401191,0.7434664368629456,-0.0124648893252015,-1.1902146339416504,0.5494341254234314,0.2690580785274505,31.79193878173828,0.1474496126174926,-18.61978912353516,-0.7739304900169373,-12.107975959777832,-0.3145495057106018,-47.33172225952149,-0.2020656913518905,0.0,0.0,0.0,0.0,0.0,2.127659559249878,2.4390244483947754,0.3999999761581421,0.0,0.0,0.0,-27.22501373291016
xxxxxxxx176,W,2,red,2.0034,2.4574,0.4539999999999997,0.3961000000000001,data/not_shared/wd_audio/WD_CI/xxxxxxxx176/xxxxxxxx176_stroop_W.wav,data/not_shared/wd_audio/WD_CI/xxxxxxxx176/xxxxxxxx176_stroop_task.wav,37.746238708496094,0.0505930557847023,35.810428619384766,37.28887939453125,40.1108627319336,4.300434112548828,20.35989761352539,0.0,1.1722650527954102,4.616738319396973,0.8938242197036743,0.2299547791481018,0.8282454609870911,0.93335223197937,1.035264253616333,0.2070187926292419,2.8748137950897217,4.859496593475342,3.953298568725586,0.0143741369247436,0.3528762757778168,0.5856305360794067,35.23455810546875,0.0988464280962944,-4.838020324707031,-0.7309761643409729,-12.21751308441162,-0.3403469920158386,-51.84878921508789,-0.1409414261579513,0.0106414286419749,1.4948227405548096,0.9323257207870485,1.4371622800827026,11.354732513427734,0.2147863209247589,-8.042521476745605,-0.5046828985214233,19.770097732543945,0.1650366634130478,478.6832275390625,0.4335254728794098,1306.0140380859375,0.0962621197104454,-5.240744590759277,-0.5225609540939331,1299.0631103515625,0.1993122994899749,1083.1964111328125,0.3487689197063446,-9.510490417480469,-1.1363931894302368,2831.48388671875,0.052089050412178,345.9064636230469,0.5528839230537415,-25.11384391784668,-0.1130379065871238,-12.095292091369627,-0.3420166075229645,23.48008918762207,0.1480372995138168,0.0568047724664211,0.1786337941884994,-0.0356029719114303,-0.1457534283399582,0.3904362916946411,0.6142920851707458,34.55339050292969,0.0920912399888038,-5.7450151443481445,-0.4277160763740539,-13.387578010559082,-0.2333089411258697,-54.32262420654297,-0.0733696445822715,0.0,0.0,0.0,0.0,0.0,4.545454502105713,2.6315789222717285,0.3700000047683716,0.0,0.0,0.0,-29.24434471130371
xxxxxxxx176,W,3,green,2.7059,3.1898,0.4838999999999998,0.2485000000000004,data/not_shared/wd_audio/WD_CI/xxxxxxxx176/xxxxxxxx176_stroop_W.wav,data/not_shared/wd_audio/WD_CI/xxxxxxxx176/xxxxxxxx176_stroop_task.wav,37.937049865722656,0.0835456028580665,33.51896286010742,39.191532135009766,40.98952102661133,7.470558166503906,16.862924575805664,11.34830093383789,31.82200050354004,0.0,0.5492849946022034,0.3511680066585541,0.2944551110267639,0.6352106928825378,0.7260772585868835,0.4316221475601196,-0.0847238302230835,1.8567153215408323,1.9766815900802608,0.0,0.2238177508115768,0.5056359767913818,27.399751663208008,0.3316264450550079,2.6143481731414795,3.32608699798584,25.94214630126953,0.3372921943664551,-7.8080244064331055,-0.8672268986701965,0.0189049877226352,1.0126676559448242,0.8013941645622253,0.9913266897201538,11.4327974319458,0.3079758882522583,13.52901554107666,0.6898009777069092,14.41268253326416,0.6603546738624573,432.1310119628906,0.3529277443885803,1153.3328857421875,0.1604425311088562,-5.885941982269287,-2.883503198623657,1666.9625244140625,0.1002959385514259,578.8450927734375,0.6090366244316101,-32.30113220214844,-0.2036478966474533,2578.163330078125,0.0544327236711978,1008.9776000976562,0.3898061215877533,-24.46026611328125,-0.3214430510997772,-18.5930118560791,-0.4189466536045074,23.71066093444824,0.4228508472442627,0.067677654325962,0.5150032639503479,-0.0290572568774223,-0.2027700096368789,0.2453063428401947,0.4480003118515014,25.8922061920166,0.3353168964385986,1.998557209968567,4.563314914703369,27.61883354187012,0.2877825796604156,-7.335535526275635,-0.9490760564804076,0.0,0.0,0.0,0.0,0.0,2.127659559249878,2.4390244483947754,0.3999999761581421,0.0,0.0,0.0,-31.94672393798828
xxxxxxxx176,W,4,blue,3.3713,3.7834,0.4120999999999997,0.1815000000000002,data/not_shared/wd_audio/WD_CI/xxxxxxxx176/xxxxxxxx176_stroop_W.wav,data/not_shared/wd_audio/WD_CI/xxxxxxxx176/xxxxxxxx176_stroop_task.wav,35.94135284423828,0.0524076372385025,34.41241455078125,34.859901428222656,38.01023864746094,3.5978240966796875,0.1690027564764022,0.0,0.0,0.0,1.0357357263565063,0.4135676026344299,0.611423671245575,0.9732105731964112,1.4856668710708618,0.8742431998252869,5.098003387451172,0.0,-12.009771347045898,0.0,0.369854062795639,0.6451000571250916,26.145545959472656,0.2265312671661377,-25.48353576660156,-0.4499874413013458,-4.6873273849487305,-1.8828284740448,-14.419230461120604,-0.5847709774971008,0.009036736562848,1.153778910636902,0.4534865021705627,0.4755561351776123,8.664069175720215,0.2464314252138137,-2.841949701309204,-1.5396312475204468,6.910557746887207,0.901816427707672,513.9251708984375,0.1038249880075454,1153.007568359375,0.1699017584323883,-6.419307708740234,-0.2657266557216644,1506.976806640625,0.0472095683217048,1683.068115234375,0.646804928779602,-3.1147379875183105,-1.5175926685333252,2539.8642578125,0.1404320001602172,870.7003173828125,0.5697484612464905,-12.929935455322266,-0.4365842044353485,-2.505321264266968,-2.791271924972534,18.149433135986328,0.2900236845016479,0.0724892392754554,0.2264140248298645,0.0048733265139162,2.8180885314941406,0.3915081620216369,0.6364830732345581,25.580480575561523,0.242135688662529,-25.61248588562012,-0.4828067719936371,-4.5403900146484375,-2.0886826515197754,-14.858986854553224,-0.5857663154602051,0.0,0.0,0.0,0.0,0.0,2.500000238418579,2.941176414489746,0.3299999833106994,0.0,0.0,0.0,-30.858516693115234
xxxxxxxx176,W,5,green,4.1087,4.5666,0.4579000000000004,0.3252999999999999,data/not_shared/wd_audio/WD_CI/xxxxxxxx176/xxxxxxxx176_stroop_W.wav,data/not_shared/wd_audio/WD_CI/xxxxxxxx176/xxxxxxxx176_stroop_task.wav,38.14692306518555,0.0899337902665138,33.9688720703125,39.4475212097168,41.65449523925781,7.685623168945312,29.88273811340332,0.0,-29.490697860717773,0.0,0.5956665277481079,0.3392543792724609,0.3427364230155945,0.709158182144165,0.7649600505828857,0.4222236275672912,2.126584529876709,0.0,-4.184789180755615,0.0,0.2618001699447632,0.5503149628639221,29.281574249267575,0.3149006962776184,-2.0927884578704834,-3.309560537338257,22.065757751464844,0.4628708362579345,-2.8666887283325195,-2.4843125343322754,0.0133920535445213,0.8647946715354919,0.7664416432380676,0.9503621459007264,11.475690841674805,0.3673804402351379,11.176380157470703,0.8261845111846924,11.821942329406738,0.9384137988090516,492.1123046875,0.4328168332576751,1255.3980712890625,0.1717852354049682,-11.800025939941406,-1.48716402053833,1690.416015625,0.1171793788671493,649.6084594726562,0.3824920058250427,-30.017414093017575,-0.2783982753753662,2686.607421875,0.0917330384254455,918.8120727539062,0.2099320441484451,-26.455230712890625,-0.2803100347518921,-17.979923248291016,-0.3293978571891784,23.176904678344727,0.3062079548835754,0.0856572464108467,0.3243665397167206,-0.0245842039585113,-0.260570615530014,0.2917868494987488,0.4783856272697449,27.187931060791016,0.299398809671402,-1.758509397506714,-4.106475830078125,24.325658798217773,0.3745759427547455,-2.5770926475524902,-2.851264238357544,0.0,0.0,0.0,0.0,0.0,2.2727272510528564,2.6315789222717285,0.3700000047683716,0.0,0.0,0.0,-29.9857177734375
xxxxxxxx176,W,6,yellow,4.7961,5.1922,0.3960999999999997,0.2294999999999998,data/not_shared/wd_audio/WD_CI/xxxxxxxx176/xxxxxxxx176_stroop_W.wav,data/not_shared/wd_audio/WD_CI/xxxxxxxx176/xxxxxxxx176_stroop_task.wav,35.972469329833984,0.0506881028413772,34.384910583496094,35.2569580078125,38.16080856323242,3.775897979736328,20.74172782897949,0.0,4.900137901306152,11.481993675231934,0.7409234642982483,0.2923106253147125,0.6389806270599365,0.7647794485092163,0.9718090295791626,0.3328284025192261,5.726844310760498,2.65864896774292,-1.4219259023666382,2.4432389736175537,0.290838748216629,0.4224445521831512,37.91643142700195,0.0688611194491386,-16.968887329101562,-0.4756715297698974,-10.639738082885742,-0.4840368330478668,-33.701560974121094,-0.2933445572853088,0.0075448090210556,0.5397143959999084,0.6863284111022949,0.5031640529632568,9.38923454284668,0.2534537017345428,-6.213668823242188,-0.5854429602622986,15.9738130569458,0.2210764437913894,534.2349853515625,0.2511223554611206,1331.1822509765625,0.1110028102993965,-7.003907680511475,-0.3507367968559265,1373.1932373046875,0.0971664488315582,1024.8135986328125,0.0925135537981987,-2.5653114318847656,-2.860365867614746,2767.082763671875,0.0339421741664409,576.9175415039062,0.357458084821701,-24.847755432128903,-0.1637153774499893,-4.1671462059021,-1.2500334978103638,25.47482109069824,0.1649894565343856,0.0579012893140316,0.2489350885152816,-0.0074879615567624,-1.9724857807159424,0.3231035470962524,0.4028840065002441,37.60356521606445,0.072626806795597,-18.809978485107425,-0.3888282477855682,-12.208818435668944,-0.3203201293945312,-36.65079116821289,-0.2079119831323623,0.0,0.0,0.0,0.0,0.0,5.263157844543457,3.125,0.3100000023841858,0.0,0.0,0.0,-32.602874755859375
xxxxxxxx176,W,7,blue,5.3868,5.7529,0.3661000000000003,0.1946000000000003,data/not_shared/wd_audio/WD_CI/xxxxxxxx176/xxxxxxxx176_stroop_W.wav,data/not_shared/wd_audio/WD_CI/xxxxxxxx176/xxxxxxxx176_stroop_task.wav,35.823448181152344,0.0306730233132839,34.77107238769531,35.48928451538086,37.058082580566406,2.2870101928710938,18.809722900390625,0.0,11.15860080718994,0.0,0.991305649280548,0.3117071986198425,0.7688934206962585,1.0519288778305054,1.253967046737671,0.4850736260414123,10.355273246765137,5.808688163757324,-2.152904748916626,5.136581897735596,0.3064826428890228,0.4314871430397033,27.894643783569336,0.2023790925741195,-30.06259536743164,-0.2688483595848083,-4.470120429992676,-0.7269337773323059,-18.11030578613281,-0.2532535195350647,0.0075172106735408,0.9303387999534608,1.0036941766738892,1.220146656036377,9.130278587341309,0.2433570772409439,-5.289330959320068,-0.5508834719657898,5.487105846405029,0.6249369978904724,488.2747192382813,0.0533478669822216,1104.4190673828125,0.1277217715978622,-5.8793253898620605,-0.2880356311798095,1509.85791015625,0.022850913926959,1132.123779296875,0.4145472347736358,-0.5248852968215942,-5.362117767333984,2552.839599609375,0.0974335074424743,1947.323486328125,0.5500635504722595,-11.739910125732422,-0.2810931205749511,-0.8651508092880249,-6.3202900886535645,16.69504737854004,0.3056845963001251,0.0701065212488174,0.1427783817052841,0.0026761554181575,4.95443868637085,0.337973803281784,0.4051700234413147,26.919906616210938,0.2122199386358261,-31.25174903869629,-0.2658295929431915,-4.162370204925537,-0.7974686026573181,-18.38086700439453,-0.2494419068098068,0.0,0.0,0.0,0.0,0.0,5.714285850524902,3.4482760429382324,0.2800000011920929,0.0,0.0,0.0,-32.47771453857422
xxxxxxxx176,W,8,red,6.0582,6.3675,0.3092999999999994,0.3052999999999999,data/not_shared/wd_audio/WD_CI/xxxxxxxx176/xxxxxxxx176_stroop_W.wav,data/not_shared/wd_audio/WD_CI/xxxxxxxx176/xxxxxxxx176_stroop_task.wav,34.80167770385742,0.0313198380172252,33.750213623046875,34.7756233215332,35.82843780517578,2.0782241821289062,18.678123474121094,0.0,53.08901596069336,0.0,0.5527247786521912,0.3220004737377167,0.4399587512016296,0.582465410232544,0.6925359964370728,0.2525772452354431,8.86288833618164,6.496289253234863,1.2153069972991943,4.711798667907715,0.2403434514999389,0.6916241645812988,36.16147232055664,0.0711599066853523,-4.65751314163208,-0.9102655053138732,0.5693723559379578,9.83372688293457,-31.023681640625,-0.275387167930603,0.0098347421735525,0.8794500827789307,1.2553499937057495,1.2076416015625,9.133831024169922,0.3601272106170654,-10.08879566192627,-0.7003775835037231,15.09516143798828,0.2503390312194824,511.8265075683594,0.414971649646759,1407.785400390625,0.1430341154336929,-10.621020317077637,-0.4147064089775085,1399.5758056640625,0.269031673669815,1004.0795288085938,0.1687218695878982,-12.693977355957031,-0.673678457736969,2600.0576171875,0.1323366612195968,620.524658203125,0.1812546402215957,-28.93005752563477,-0.0573789551854133,-15.547926902770996,-0.1737461686134338,25.4716911315918,0.1516273915767669,0.0421860069036483,0.5167046189308167,-0.0283793080598115,-0.1901925951242447,0.269066721200943,0.7463392615318298,35.69164276123047,0.0689877420663833,-5.770928859710693,-0.5807429552078247,0.7361698150634766,8.240035057067871,-33.849246978759766,-0.1836419552564621,0.0,0.0,0.0,0.0,0.0,6.896552085876465,4.347826480865479,0.2199999988079071,0.0,0.0,0.0,-34.90950393676758
xxxxxxxx176,W,9,blue,6.6519,7.0031,0.3511999999999995,0.2844000000000006,data/not_shared/wd_audio/WD_CI/xxxxxxxx176/xxxxxxxx176_stroop_W.wav,data/not_shared/wd_audio/WD_CI/xxxxxxxx176/xxxxxxxx176_stroop_task.wav,35.51895523071289,0.0262930747121572,34.78424835205078,35.112152099609375,36.39344024658203,1.60919189453125,17.365219116210938,0.0,7.607346057891846,0.0,0.8283588290214539,0.2978607416152954,0.6656489372253418,0.8125641942024231,1.0387572050094604,0.3731082677841186,10.792346954345703,5.330537796020508,-3.260354518890381,5.057951927185059,0.2548594772815704,0.5444280505180359,33.56496810913086,0.1608670800924301,-25.55031394958496,-0.3447857797145843,-7.049036502838135,-1.2169344425201416,-12.35213851928711,-0.5803526639938354,0.0056995530612766,0.7723428010940552,0.4536550343036651,0.6352357864379883,9.819732666015623,0.2623232007026672,-5.601738929748535,-0.5272510051727295,9.86940097808838,0.5635839104652405,634.7777709960938,0.2172656655311584,1381.622802734375,0.1448987126350402,-4.941318988800049,-0.6609729528427124,1574.3875732421875,0.0957205593585968,1179.78466796875,0.4699868559837341,-4.235750675201416,-0.5323026180267334,2678.432373046875,0.0882548466324806,1018.6033325195312,0.6435493230819702,-17.377052307128906,-0.2615908682346344,-2.1325409412384038,-2.572298288345337,21.691761016845703,0.3146320581436157,0.0496988780796527,0.4756165146827698,-0.0017862915992736,-6.317427635192871,0.2654004395008087,0.5954906940460205,33.879581451416016,0.1714441329240799,-27.35041618347168,-0.3094722032546997,-7.663772106170654,-1.1870113611221311,-13.334502220153809,-0.5160427689552307,0.0,0.0,0.0,0.0,0.0,5.882352828979492,3.5714285373687744,0.2699999809265136,0.0,0.0,0.0,-33.70035552978516
xxxxxxxx176,W,10,green,7.2495,7.6277,0.3781999999999996,0.2464000000000004,data/not_shared/wd_audio/WD_CI/xxxxxxxx176/xxxxxxxx176_stroop_W.wav,data/not_shared/wd_audio/WD_CI/xxxxxxxx176/xxxxxxxx176_stroop_task.wav,38.46774673461914,0.0795493274927139,34.994606018066406,40.0798225402832,41.20018768310547,6.205581665039063,21.52392196655273,0.0,-37.741207122802734,0.0,0.5836427807807922,0.2852652370929718,0.4337358176708221,0.6603358387947083,0.7112252712249756,0.2774894535541534,3.038668394088745,0.0,-2.5011565685272217,0.0,0.2331235408782959,0.4429888725280761,26.213394165039062,0.2972727119922638,-0.1318801939487457,-43.65876388549805,28.97194480895996,0.2716542184352875,-7.110071659088135,-0.98246830701828,0.0255001205950975,1.273073673248291,0.7626698613166809,1.1180340051651,11.787677764892578,0.3345136940479278,12.855024337768556,0.5489445328712463,11.592494010925291,0.6617096662521362,374.9566955566406,0.2972799837589264,1214.9833984375,0.2100419998168945,-7.950740814208984,-1.825651288032532,1611.6300048828125,0.0394598469138145,524.6464233398438,0.4864555895328522,-33.7663688659668,-0.1300227791070938,2600.85693359375,0.0413034260272979,1007.4720458984376,0.3007370829582214,-24.88481330871582,-0.1834022849798202,-17.771282196044922,-0.336150974035263,22.671146392822266,0.367443323135376,0.0775502696633338,0.3265862166881561,-0.0261400118470191,-0.2429642528295517,0.250914990901947,0.4359884262084961,24.119150161743164,0.2814705073833465,0.3993915915489197,15.083826065063477,30.852174758911133,0.2314797490835189,-6.84162712097168,-1.1121033430099487,0.0,0.0,0.0,0.0,0.0,2.777777910232544,3.3333334922790527,0.2899999916553497,0.0,0.0,0.0,-31.42624282836914
xxxxxxxx176,W,11,red,7.8901,8.2034,0.3132999999999999,0.2624000000000004,data/not_shared/wd_audio/WD_CI/xxxxxxxx176/xxxxxxxx176_stroop_W.wav,data/not_shared/wd_audio/WD_CI/xxxxxxxx176/xxxxxxxx176_stroop_task.wav,35.3126106262207,0.0368422083556652,34.03852462768555,34.99645233154297,36.78505706787109,2.746532440185547,21.921815872192383,0.0,26.360475540161133,0.0,0.499552845954895,0.217614397406578,0.4732714891433716,0.5066033601760864,0.5627906918525696,0.089519202709198,3.270393133163452,5.417618751525879,2.68341064453125,0.8676676750183105,0.1760637760162353,0.6067981123924255,37.83169555664063,0.0517354980111122,-5.14937686920166,-1.0441166162490845,4.562646865844727,1.5273795127868652,-32.4395866394043,-0.2394168823957443,0.0118631059303879,1.0866882801055908,1.127543330192566,1.0958338975906372,10.104371070861816,0.208161786198616,-11.474041938781738,-0.3247934281826019,14.983137130737305,0.1640323996543884,594.4785766601562,0.3518905341625213,1314.741455078125,0.1706951260566711,-9.847540855407717,-0.5315972566604614,1574.2606201171875,0.2829034626483917,900.9837646484376,0.2566097676753998,-17.508745193481445,-0.4743563234806061,2739.016845703125,0.1362532526254654,636.1640625,0.1800071597099304,-30.42758560180664,-0.0854037180542945,-16.700931549072266,-0.2035829126834869,25.28599739074707,0.154538094997406,0.0156950503587722,1.0774353742599487,-0.0326570235192775,-0.1706803739070892,0.196818858385086,0.6903942227363586,37.440223693847656,0.0525458678603172,-7.085981845855713,-0.5339429378509521,5.622185230255127,1.3119769096374512,-35.70917892456055,-0.1215448528528213,0.0,0.0,0.0,0.0,0.0,6.6666669845581055,4.1666669845581055,0.2299999892711639,0.0,0.0,0.0,-36.21279144287109
xxxxxxxx176,W,12,yellow,8.4887,9.0715,0.5828000000000007,0.2852999999999994,data/not_shared/wd_audio/WD_CI/xxxxxxxx176/xxxxxxxx176_stroop_W.wav,data/not_shared/wd_audio/WD_CI/xxxxxxxx176/xxxxxxxx176_stroop_task.wav,34.912715911865234,0.0212142877280712,34.17692184448242,35.30971145629883,35.5528564453125,1.375934600830078,12.879711151123049,9.673514366149902,18.87752723693848,14.082834243774414,0.3810286521911621,0.8685386776924133,0.1109422370791435,0.1737564355134964,0.7156862616539001,0.604744017124176,3.059216260910034,2.2429275512695312,1.9793176651000977,0.0,0.5182374715805054,1.903871297836304,30.77237892150879,0.2713475227355957,7.035323619842529,1.1804226636886597,3.924656391143799,2.797747135162353,2.612689256668091,5.347227096557617,0.0121644381433725,0.5697861313819885,0.7892540097236633,0.4516048729419708,9.563081741333008,0.3325344920158386,-9.836358070373535,-0.6860134601593018,13.996328353881836,0.366601824760437,677.8777465820312,0.3199369609355926,1243.6182861328125,0.1369796246290207,-112.84201049804688,-0.7978394627571106,1662.462646484375,0.2604849338531494,1077.120849609375,0.0962173044681549,-116.08680725097656,-0.7549760341644287,2981.681640625,0.0815398022532463,889.0108642578125,0.3390822410583496,-122.82687377929688,-0.6506062150001526,-15.575757026672363,-0.6495457291603088,40.007286071777344,0.2267251014709472,-0.0949072390794754,-0.4202337861061096,-0.0116896862164139,-0.7242782711982727,0.8030040860176086,1.272793531417847,39.10997009277344,0.128548726439476,0.5247846245765686,15.43937873840332,-6.658459186553955,-1.1558398008346558,-9.5674467086792,-1.2472248077392578,-37.9674072265625,55.1632194519043,-0.1274004131555557,-0.0057548875920474,0.4340242147445678,1.7543859481811523,3.846153974533081,0.1099999994039535,0.0599999986588954,0.1299999952316284,0.1099999994039535,-25.20741271972656
xxxxxxxx176,CW,1,yellow,1.6083,2.1431,0.5347999999999999,1.6083,data/not_shared/wd_audio/WD_CI/xxxxxxxx176/xxxxxxxx176_stroop_CW.wav,data/not_shared/wd_audio/WD_CI/xxxxxxxx176/xxxxxxxx176_stroop_task.wav,37.30887985229492,0.0508699417114257,35.34637451171875,37.33656692504883,39.436561584472656,4.090187072753906,36.543678283691406,9.966599464416504,27.71870422363281,11.17339038848877,0.6695080995559692,0.3968777954578399,0.347873330116272,0.7493859529495239,0.8975555300712585,0.5496821999549866,3.4340696334838867,0.0,-3.538538932800293,0.0,0.265936017036438,0.4280559420585632,29.772239685058597,0.1433570683002472,-14.536633491516112,-0.8377062082290649,-13.458539009094238,-0.3987579643726349,-26.442726135253903,-0.3583955764770508,0.0192760415375232,1.674036741256714,1.194525122642517,0.939417839050293,8.198308944702148,0.3898209929466247,-6.393434047698975,-0.6697329878807068,12.33295440673828,0.6061069965362549,536.2118530273438,0.2570967376232147,1225.35400390625,0.1364921331405639,-7.258048057556152,-0.4696136713027954,1426.269287109375,0.16997991502285,1087.6976318359375,0.1439996510744094,-3.746730089187622,-3.188913583755493,2713.401123046875,0.0476579815149307,596.956298828125,0.2700444757938385,-22.43811416625977,-0.3552599847316742,-1.7284467220306396,-4.933743000030518,23.64107131958008,0.2362179160118103,0.0535664968192577,0.3812515437602997,-0.0032437546178698,-5.406278133392334,0.294026106595993,0.309226393699646,29.09246635437012,0.1343719959259033,-15.528359413146973,-0.7986987233161926,-14.462135314941406,-0.31780806183815,-28.10860824584961,-0.2973222136497497,0.0,0.0,0.0,0.0,0.0,1.9230769872665403,2.127659559249878,0.4599999785423279,0.0,0.0,0.0,-33.5880241394043
xxxxxxxx176,CW,2,red,3.3135,3.7974,0.4839000000000002,1.1704,data/not_shared/wd_audio/WD_CI/xxxxxxxx176/xxxxxxxx176_stroop_CW.wav,data/not_shared/wd_audio/WD_CI/xxxxxxxx176/xxxxxxxx176_stroop_task.wav,38.016876220703125,0.0561744384467601,35.67148971557617,38.01133728027344,40.291690826416016,4.620201110839844,23.478445053100582,0.0,0.3032937049865722,10.415536880493164,0.5167017579078674,0.2459696978330612,0.4657161831855774,0.5309934616088867,0.6241653561592102,0.1584491729736328,5.629172325134277,4.089012622833252,-0.6452462077140808,1.7361764907836914,0.1868531703948974,0.5031266212463379,33.92600631713867,0.0573956631124019,-1.7367178201675415,-2.9288430213928223,3.4862849712371826,1.3690241575241089,-25.37472343444824,-0.2051596343517303,0.0085303569212555,0.6828787326812744,0.7805575728416443,1.3661597967147827,12.156784057617188,0.1737047880887985,-1.9861290454864504,-6.280880928039551,19.7844352722168,0.3066433072090149,660.1090698242188,0.2601402699947357,1322.637451171875,0.1701162457466125,-11.298155784606934,-0.5689742565155029,1711.418701171875,0.1951218247413635,991.3965454101562,0.2556202113628387,-27.23981285095215,-0.181320458650589,2781.341064453125,0.0915259942412376,820.2730102539062,0.3040086925029754,-31.580434799194336,-0.0838608816266059,-19.85939216613769,-0.1165586560964584,27.93226623535156,0.0776507258415222,0.047585628926754,0.2776869833469391,-0.0305506121367216,-0.2042195945978164,0.198104903101921,0.5852744579315186,33.82954025268555,0.059575218707323,-2.340737581253052,-2.152435779571533,2.64495062828064,1.6915723085403442,-26.571664810180664,-0.1631248593330383,0.0,0.0,0.0,0.0,0.0,4.255319118499756,2.4390244483947754,0.3999999761581421,0.0,0.0,0.0,-34.3195915222168
xxxxxxxx176,CW,3,green,4.5726,5.0805,0.5078999999999994,0.7752000000000003,data/not_shared/wd_audio/WD_CI/xxxxxxxx176/xxxxxxxx176_stroop_CW.wav,data/not_shared/wd_audio/WD_CI/xxxxxxxx176/xxxxxxxx176_stroop_task.wav,38.404441833496094,0.0993696898221969,33.96484375,39.891395568847656,41.83677291870117,7.871929168701172,-52.99544143676758,63.19674301147461,32.66684341430664,0.0,0.4670099318027496,0.3159546852111816,0.3631128668785095,0.4450654983520508,0.6178863048553467,0.2547734379768371,1.123126745223999,1.7125024795532229,1.671938419342041,0.2762026786804199,0.2072548419237136,0.3786780536174774,24.29045867919922,0.3398687243461609,7.6963701248168945,0.9840754866600036,27.071949005126957,0.2971680760383606,-0.6272277235984802,-9.767505645751951,0.0178243331611156,1.2874832153320312,0.62373948097229,0.70893394947052,11.70009708404541,0.3878080248832702,13.107892036437988,0.7509042024612427,10.187548637390137,1.3263851404190063,417.50384521484375,0.352157711982727,1268.277587890625,0.1807204633951187,-7.544254302978516,-2.0491278171539307,1672.312255859375,0.0717855244874954,505.8636779785156,0.42400923371315,-34.41106033325195,-0.2318595945835113,2697.208984375,0.0828600451350212,780.63330078125,0.1716718226671219,-27.859451293945312,-0.2882483303546905,-21.092117309570312,-0.263839840888977,25.428380966186523,0.2934459447860718,0.0852249190211296,0.2117419242858886,-0.0240954831242561,-0.3926453292369842,0.2269994914531707,0.3264079689979553,22.18294334411621,0.3115537762641907,9.175107955932615,0.7593104839324951,29.13142967224121,0.2298851907253265,0.9573658108711244,5.313107013702393,0.0,0.0,0.0,0.0,0.0,4.081632614135742,2.3809523582458496,0.4099999964237213,0.0,0.0,0.0,-31.26812171936035
xxxxxxxx176,CW,4,blue,5.9994,6.604,0.6046000000000005,0.9188999999999998,data/not_shared/wd_audio/WD_CI/xxxxxxxx176/xxxxxxxx176_stroop_CW.wav,data/not_shared/wd_audio/WD_CI/xxxxxxxx176/xxxxxxxx176_stroop_task.wav,36.7518196105957,0.0627964884042739,34.36651611328125,36.05712890625,39.58727645874024,5.220760345458984,19.90419578552246,0.0,4.271152973175049,3.5461153984069824,0.6751291751861572,0.4560542404651642,0.3693726062774658,0.6621641516685486,0.9676369428634644,0.5982643365859985,5.796180725097656,2.0929205417633057,-1.5210058689117432,2.023660182952881,0.1946960240602493,0.6085622310638428,25.949180603027344,0.1850102543830871,-24.13962745666504,-0.409887284040451,-4.164076805114746,-1.3721914291381836,-14.86868953704834,-0.4339554607868194,0.0069126994349062,0.7841366529464722,0.8506867289543152,1.1499634981155396,7.793620586395264,0.4405631422996521,-2.4702682495117188,-2.456033945083618,8.8392915725708,0.6131918430328369,526.7203369140625,0.2113319784402847,1114.8345947265625,0.0933616161346435,-9.777558326721191,-2.17108416557312,1496.65771484375,0.0551696456968784,1247.79931640625,0.7267529368400574,-5.355527400970459,-3.91510009765625,2733.311279296875,0.0553603768348693,834.0911865234375,0.5622632503509521,-19.37132835388184,-0.991421103477478,-1.3348791599273682,-4.158548831939697,17.22477912902832,0.2325338274240493,0.0629632994532585,0.3298369944095611,0.0036444817669689,2.7075209617614746,0.2239403128623962,0.5160913467407227,24.584924697875977,0.1635349988937378,-25.56560516357422,-0.3991595506668091,-5.374390125274658,-0.9801169037818908,-15.743334770202637,-0.4224721193313598,0.0911260694265365,14.395614624023438,0.0159166511148214,0.0053046979010105,0.1008348539471626,3.3898305892944336,2.0,0.4799999892711639,0.0,0.0,0.0,-36.41532516479492
xxxxxxxx176,CW,5,green,8.0906,8.5935,0.5029000000000003,1.4866,data/not_shared/wd_audio/WD_CI/xxxxxxxx176/xxxxxxxx176_stroop_CW.wav,data/not_shared/wd_audio/WD_CI/xxxxxxxx176/xxxxxxxx176_stroop_task.wav,38.173301696777344,0.0907054990530014,33.85144805908203,39.28189849853516,41.66813278198242,7.816684722900391,23.11304473876953,11.257804870605469,30.386150360107425,0.0,0.5347760915756226,0.3892622292041778,0.3194566965103149,0.6175443530082703,0.7237348556518555,0.4042781591415405,1.0635782480239868,2.406372547149658,1.6566569805145264,0.0,0.2252450436353683,0.5063052177429199,25.51141929626465,0.411792904138565,1.4219478368759155,5.947495937347412,23.41952514648437,0.3901364803314209,-3.7177562713623047,-1.8374323844909668,0.0129024200141429,1.1379863023757937,0.7261618375778198,0.756814181804657,10.922191619873049,0.4270284175872803,13.383628845214844,0.7300215363502502,12.305987358093262,0.962877869606018,502.2731323242188,0.4436975717544555,1080.413818359375,0.1489192992448806,-19.377878189086918,-1.6410337686538696,1688.6458740234375,0.1534163057804107,561.145263671875,0.402113527059555,-33.65898513793945,-0.6173148155212402,2714.889892578125,0.1208816319704055,852.1903076171875,0.2998819649219513,-30.37183380126953,-0.7053449749946594,-18.207542419433597,-0.4171040952205658,23.881122589111328,0.3476762175559997,0.0835954844951629,0.3606187105178833,-0.0235842838883399,-0.2714874744415283,0.2533817589282989,0.4228971302509308,23.38957977294922,0.421015977859497,1.9659690856933596,4.569546222686768,25.48995780944824,0.310190349817276,-3.726430654525757,-1.7561066150665283,-14.780760765075684,29.562950134277344,0.064707726240158,-0.0274483952671289,0.0936461389064788,2.040816307067871,2.3255815505981445,0.4099999964237213,0.0,0.0,0.0,-30.961076736450195
xxxxxxxx176,CW,6,blue,9.0534,9.5583,0.5048999999999992,0.4598999999999993,data/not_shared/wd_audio/WD_CI/xxxxxxxx176/xxxxxxxx176_stroop_CW.wav,data/not_shared/wd_audio/WD_CI/xxxxxxxx176/xxxxxxxx176_stroop_task.wav,36.8000373840332,0.0545497462153434,34.89710998535156,35.69458770751953,39.12535858154297,4.228248596191406,19.83062171936035,0.0,6.023734092712402,0.0,0.836910605430603,0.3610821664333343,0.5374594926834106,0.880699098110199,1.0809320211410522,0.5434725284576416,5.375870227813721,2.557530403137207,-1.0963038206100464,3.4719908237457275,0.2459065467119217,0.4895192980766296,26.590694427490234,0.2449535131454467,-24.481409072875977,-0.359318345785141,-6.281486034393311,-1.2444119453430176,-15.589219093322754,-0.3800471723079681,0.0064695691689848,0.7856342792510986,0.6944401860237122,0.9199085235595704,9.22265338897705,0.2054520696401596,-2.965935468673706,-1.7265164852142334,10.515196800231934,0.600695013999939,515.1785888671875,0.1981954425573349,1088.221923828125,0.145844504237175,-5.460412979125977,-0.5010880827903748,1507.7059326171875,0.0431616343557834,923.21484375,0.095603697001934,-2.5100173950195312,-2.2023329734802246,2714.017822265625,0.0467722900211811,1542.1402587890625,0.8557462096214294,-16.237993240356445,-0.376773864030838,-2.012294054031372,-3.1269330978393555,18.121278762817383,0.2781135737895965,0.0675774961709976,0.2871995270252228,0.001331852399744,8.646668434143066,0.2701799869537353,0.4222484529018402,25.58487701416016,0.2464917153120041,-25.2978458404541,-0.3588341474533081,-6.912769317626953,-1.1679277420043943,-16.76966667175293,-0.3082753121852875,0.0,0.0,0.0,0.0,0.0,4.081632614135742,2.3255815505981445,0.4199999868869781,0.0,0.0,0.0,-34.00177764892578
xxxxxxxx176,CW,7,yellow,10.3704,10.8463,0.4758999999999993,0.8121000000000009,data/not_shared/wd_audio/WD_CI/xxxxxxxx176/xxxxxxxx176_stroop_CW.wav,data/not_shared/wd_audio/WD_CI/xxxxxxxx176/xxxxxxxx176_stroop_task.wav,36.98168182373047,0.0583848841488361,34.679832458496094,36.51595306396485,39.60708236694336,4.927249908447266,21.921613693237305,0.0,3.9803762435913086,5.455214500427246,0.6598709225654602,0.2272251099348068,0.5751878619194031,0.6812022924423218,0.7952696681022644,0.2200818061828613,3.899471521377564,1.4304559230804443,-0.7441279888153076,1.966428518295288,0.2201639413833618,0.3580037951469421,35.61783981323242,0.0759077593684196,-16.75693130493164,-0.5998529195785522,-9.85965633392334,-0.4782597124576568,-36.27550506591797,-0.2431038469076156,0.0078472467139363,0.5379349589347839,0.8071278929710388,1.0558953285217283,9.893905639648438,0.1497296541929245,-5.971973419189453,-0.8973782658576965,16.01354217529297,0.3454495668411255,498.5700988769531,0.2700073719024658,1296.6236572265625,0.1015830487012863,-5.449283599853516,-0.3654322028160095,1346.4654541015625,0.0943620204925537,994.4412231445312,0.1271029859781265,-2.2881345748901367,-3.047678709030152,2722.93310546875,0.037384744733572,703.8395385742188,0.6579992175102234,-22.559818267822266,-0.1406961381435394,-4.834405899047852,-1.4043890237808228,22.54816436767578,0.1918770372867584,0.0769012868404388,0.2567021250724792,-0.0106637449935078,-1.5127131938934326,0.2397741228342056,0.3353181183338165,35.139610290527344,0.070280522108078,-17.462087631225586,-0.6020162105560303,-11.021793365478516,-0.3286388218402862,-38.14833068847656,-0.2067318260669708,0.0,0.0,0.0,0.0,0.0,4.347826480865479,2.500000238418579,0.3899999856948852,0.0,0.0,0.0,-34.72528076171875
xxxxxxxx176,CW,8,red,11.2744,11.6954,0.4209999999999994,0.4281000000000006,data/not_shared/wd_audio/WD_CI/xxxxxxxx176/xxxxxxxx176_stroop_CW.wav,data/not_shared/wd_audio/WD_CI/xxxxxxxx176/xxxxxxxx176_stroop_task.wav,36.65529251098633,0.0509024262428283,34.99718475341797,35.60818099975586,38.92654037475586,3.92935562133789,22.24637031555176,0.0,7.148673534393311,0.0,0.4398700892925262,0.195234790444374,0.3986672461032867,0.428390771150589,0.481850117444992,0.0831828713417053,1.4814106225967407,2.9692275524139404,1.4619001150131226,0.820751965045929,0.1377226263284683,0.5390278697013855,33.00705337524414,0.1639187186956405,0.3174689412117004,6.922177314758301,10.805575370788574,0.4387743175029754,-26.86903381347656,-0.2084949165582656,0.0137837436050176,1.338050127029419,1.0282282829284668,1.0747888088226318,11.744876861572266,0.1428294032812118,-10.27777862548828,-0.7786685824394226,14.253217697143556,0.1613446772098541,703.584716796875,0.3279710710048675,1298.1416015625,0.1602619737386703,-16.83300018310547,-0.37435382604599,1769.9522705078125,0.2584598660469055,952.2070922851562,0.2720567882061004,-27.007434844970703,-0.2293547391891479,2784.97412109375,0.1186777874827385,865.7294311523438,0.5478352904319763,-31.876144409179688,-0.0489878244698047,-20.080495834350582,-0.1133742704987526,27.46236801147461,0.0884231701493263,0.0342301949858665,0.4115804731845855,-0.0310974884778261,-0.2296506762504577,0.1398576200008392,0.6851636171340942,33.44801712036133,0.166414275765419,0.4282072186470032,5.15956974029541,11.30695915222168,0.4372378885746002,-27.800281524658203,-0.1840786337852478,0.0,0.0,0.0,0.0,0.0,4.878048896789551,2.857142925262451,0.3400000035762787,0.0,0.0,0.0,-36.3484992980957
xxxxxxxx176,CW,9,red,12.2591,12.8239,0.5648,0.5637000000000008,data/not_shared/wd_audio/WD_CI/xxxxxxxx176/xxxxxxxx176_stroop_CW.wav,data/not_shared/wd_audio/WD_CI/xxxxxxxx176/xxxxxxxx176_stroop_task.wav,37.656158447265625,0.0459025613963604,35.659366607666016,37.74116516113281,39.49734878540039,3.837982177734375,19.48296356201172,0.0,8.74957275390625,19.493553161621094,0.5236690640449524,0.3413535952568054,0.2833608984947204,0.5639373660087585,0.6188727617263794,0.3355118632316589,3.3501906394958496,2.5506625175476074,1.2412022352218628,2.33791446685791,0.2111065089702606,0.8018404841423035,29.110374450683597,0.2818922698497772,0.2905821800231933,14.5890531539917,1.5971434116363523,4.916116237640381,-34.44486999511719,-0.29427370429039,0.0197842866182327,1.837520718574524,0.8195576071739197,1.046294331550598,10.709559440612791,0.2827676236629486,-8.400403022766113,-0.6706944108009338,18.80865859985352,0.2920925617218017,645.2730712890625,0.3196949958801269,1290.4820556640625,0.2186976373195648,-24.608301162719727,-2.1578574180603027,1632.4566650390625,0.3070693016052246,1162.367919921875,0.3672317862510681,-38.40348052978516,-1.2162727117538452,2758.708740234375,0.1141523197293281,649.2175903320312,0.288233071565628,-43.94294738769531,-1.013896942138672,-18.39739799499512,-0.1286607831716537,24.90761375427246,0.1191427558660507,0.0534983798861503,0.5147034525871277,-0.0363373532891273,-0.2189780622720718,0.2339940220117569,0.765596330165863,29.66879653930664,0.1838438808917999,-1.102190613746643,-2.8536057472229004,2.946488618850708,2.335186243057251,-37.260536193847656,-0.229896992444992,-7.251358032226562,12.50091552734375,-0.0211656354367733,-0.0082776583731174,0.0589434839785099,3.6363635063171382,2.0833334922790527,0.429999977350235,0.0,0.0299999993294477,0.0,-34.73843765258789
xxxxxxxx176,CW,10,blue,13.5682,14.067,0.498800000000001,0.7442999999999991,data/not_shared/wd_audio/WD_CI/xxxxxxxx176/xxxxxxxx176_stroop_CW.wav,data/not_shared/wd_audio/WD_CI/xxxxxxxx176/xxxxxxxx176_stroop_task.wav,36.32999801635742,0.0471311919391155,34.752872467041016,35.59693145751953,38.35419845581055,3.6013259887695312,20.139789581298828,0.0,-13.539069175720217,15.55107879638672,0.8475649356842041,0.3106272518634796,0.6242664456367493,0.8931847810745239,1.0359903573989868,0.4117239117622375,6.524157524108887,4.223136901855469,-2.2004191875457764,3.5203421115875244,0.252300351858139,0.4754896163940429,24.02543258666992,0.2037825733423233,-23.64378929138184,-0.4059076607227325,-6.313329696655273,-0.9392485618591307,-14.776773452758787,-0.2701001167297363,0.0083696777001023,1.5344033241271973,0.841901957988739,1.2323803901672363,8.254395484924316,0.3196679055690765,-1.9354926347732544,-2.99795913696289,10.857751846313477,0.6025083065032959,466.49169921875,0.0884214267134666,1023.09814453125,0.0863277986645698,-5.726864814758301,-0.372324138879776,1461.927490234375,0.0293302778154611,912.6907958984376,0.1177672296762466,-2.0762057304382324,-2.195909023284912,2666.34228515625,0.0495898313820362,1668.733642578125,0.7712259888648987,-16.18240737915039,-0.3339971005916595,-1.8483390808105469,-3.123133659362793,16.313478469848633,0.2587727904319763,0.0790593922138214,0.2208568006753921,0.00343221379444,3.5516276359558105,0.264845073223114,0.4453230798244476,23.14357566833496,0.1946524679660797,-23.573787689208984,-0.433634340763092,-6.308404922485352,-0.9762837886810304,-14.902376174926758,-0.2774706482887268,0.0,0.0,0.0,0.0,0.0,4.1666669845581055,2.3809523582458496,0.4099999964237213,0.0,0.0,0.0,-34.727909088134766
xxxxxxxx176,CW,11,green,14.977,15.3521,0.3750999999999997,0.91,data/not_shared/wd_audio/WD_CI/xxxxxxxx176/xxxxxxxx176_stroop_CW.wav,data/not_shared/wd_audio/WD_CI/xxxxxxxx176/xxxxxxxx176_stroop_task.wav,39.35111618041992,0.063804492354393,36.63946533203125,40.29440307617188,41.60511016845703,4.965644836425781,32.595890045166016,0.0,-33.85923767089844,0.0,0.5940194129943848,0.2269524782896042,0.485920786857605,0.6427498459815979,0.6950814127922058,0.2091606259346008,3.4085636138916016,0.1020069122314453,-2.210995674133301,2.544042587280273,0.2673941850662231,0.3484598696231842,23.464990615844727,0.3489485085010528,3.0371947288513184,2.35588002204895,24.16566467285156,0.2314061224460601,-5.077370643615723,-1.446327567100525,0.0110482415184378,0.6312679052352905,0.5312673449516296,0.7714517116546631,12.866240501403809,0.2548102140426636,17.35602569580078,0.4814299941062927,13.541419982910156,0.895888090133667,401.5924377441406,0.4432853162288666,1225.9002685546875,0.1366454511880874,-10.017746925354004,-2.0818190574646,1654.320068359375,0.0828169584274292,598.4656982421875,0.3952929377555847,-34.91212463378906,-0.175815925002098,2615.508544921875,0.0521517358720302,963.392822265625,0.4130386114120483,-28.555524826049805,-0.2519125044345855,-21.60281562805176,-0.2976372241973877,26.123985290527344,0.299918919801712,0.0839845314621925,0.3746073544025421,-0.0239252988249063,-0.2351561337709427,0.2592003047466278,0.3491696417331695,22.405879974365234,0.3816626071929931,5.735343456268311,0.6197656989097595,25.41049575805664,0.186010792851448,-3.0333738327026367,-2.002870321273804,0.0,0.0,0.0,0.0,0.0,5.555555820465088,3.3333334922790527,0.2899999916553497,0.0,0.0,0.0,-29.968950271606445
xxxxxxxx176,CW,12,blue,15.5537,16.5,0.9463000000000008,0.2015999999999991,data/not_shared/wd_audio/WD_CI/xxxxxxxx176/xxxxxxxx176_stroop_CW.wav,data/not_shared/wd_audio/WD_CI/xxxxxxxx176/xxxxxxxx176_stroop_task.wav,36.85600662231445,0.095341220498085,34.38003158569336,35.572776794433594,40.27788162231445,5.897850036621094,12.535679817199709,0.0,-58.51294708251953,0.0,0.5636804103851318,0.5542006492614746,0.3178470134735107,0.4328387677669525,0.8237914443016052,0.5059444308280945,3.691097497940064,2.4552273750305176,7.110936641693115,1.854750156402588,0.1679785549640655,0.732353925704956,23.11028289794922,0.4437218904495239,-4.089288711547852,-3.2329888343811035,-1.4404726028442385,-6.282810211181641,-3.305551767349243,-2.277092933654785,0.0414465628564357,2.234905242919922,0.9927392601966858,0.9449477791786194,7.763357162475586,0.7687134146690369,5.475147247314453,1.5666801929473877,18.102510452270508,0.6989080905914307,584.7282104492188,0.4923358559608459,1088.283447265625,0.2537398934364319,-25.027692794799805,-2.0428638458251958,1569.3895263671875,0.2040907144546508,876.9789428710938,0.4178316593170166,-27.28284454345703,-1.6448830366134644,2697.84423828125,0.1029295474290847,851.8358764648438,0.652678906917572,-38.66714477539063,-1.0687391757965088,-8.794620513916016,-0.924063205718994,22.29889297485352,0.2720617651939392,0.0524216406047344,0.550121545791626,-0.0020930799655616,-5.642757892608643,0.1721534878015518,0.7653249502182007,23.933399200439453,0.4487746953964233,-5.282878398895264,-2.5351221561431885,-1.420807719230652,-6.768034934997559,-4.002532005310059,-1.804147720336914,-3.176041603088379,15.268207550048828,0.0533118322491645,-0.003490487113595,0.1976242512464523,2.1505377292633057,2.3255815505981445,0.3899999856948852,0.0999999940395355,0.0499999970197677,0.0,-36.2685432434082
xxxxxxxx186,C,1,red,1.5424,1.9695,0.4271,1.5424,data/not_shared/wd_audio/WD_CI/xxxxxxxx186/xxxxxxxx186_stroop_C.wav,data/not_shared/wd_audio/WD_CI/xxxxxxxx186/xxxxxxxx186_stroop_task.wav,31.8795108795166,0.0526596792042255,30.143644332885746,31.05096435546875,33.89527130126953,3.751626968383789,17.071022033691406,0.0,-4.47774600982666,13.40117645263672,0.3733174800872803,0.3713498413562774,0.2404846400022506,0.3780076503753662,0.5196217894554138,0.2791371345520019,0.7101210951805115,1.5527400970458984,2.3688056468963623,0.0,0.1259702146053314,0.4394277334213257,39.81160736083984,0.196119949221611,24.677827835083008,0.1656618118286132,15.032699584960938,0.508746325969696,-24.16831588745117,-0.7785323262214661,0.0092211086302995,0.6617045998573303,0.5617629289627075,0.7129603624343872,10.091087341308594,0.1766636818647384,4.586149215698242,1.5931837558746338,30.101572036743164,0.2488749176263809,552.2635498046875,0.3999201655387878,1352.189208984375,0.1546434313058853,-11.085654258728027,-0.9466058611869812,1629.8343505859375,0.3157980144023895,1082.254150390625,0.3035851120948791,-32.21410369873047,-0.2867772579193115,2721.895263671875,0.0914780497550964,567.014892578125,0.70489102602005,-30.63018798828125,-0.3019084930419922,-25.039278030395508,-0.2114333808422088,27.019411087036133,0.2890787422657013,0.0994304046034812,0.1414478719234466,-0.0519914291799068,-0.3047449886798858,0.1394189596176147,0.3725640475749969,38.86697006225586,0.2078380137681961,25.115083694458008,0.1611283719539642,13.5643892288208,0.540468692779541,-28.055482864379883,-0.6258147954940796,0.0,0.0,0.0,0.0,0.0,2.4390244483947754,2.857142925262451,0.3400000035762787,0.0,0.0,0.0,-35.66547393798828
xxxxxxxx186,C,2,yellow,2.3826,2.8545,0.4718999999999997,0.4131,data/not_shared/wd_audio/WD_CI/xxxxxxxx186/xxxxxxxx186_stroop_C.wav,data/not_shared/wd_audio/WD_CI/xxxxxxxx186/xxxxxxxx186_stroop_task.wav,30.386871337890625,0.0424854420125484,29.154319763183597,29.80777359008789,31.999561309814453,2.84524154663086,14.66986846923828,0.0,-86.35530090332031,66.58987426757812,0.3569366931915283,0.4302494525909424,0.2165024131536483,0.3873530030250549,0.4858334064483642,0.2693309783935547,2.781705856323242,1.3219256401062012,0.0436298251152038,1.397728443145752,0.125351682305336,0.6689492464065552,40.67483139038086,0.0534551329910755,10.454955101013184,0.9074212312698364,9.54611587524414,0.4805288314819336,-28.12838554382324,-0.5713161826133728,0.0082099260762333,0.437073677778244,1.0020309686660769,1.0389797687530518,8.733867645263672,0.2521003782749176,7.463259220123291,1.0331525802612305,26.390304565429688,0.3333971202373504,593.9814453125,0.4013761579990387,1404.69775390625,0.1606874167919159,-4.408911228179932,-1.6155717372894287,1573.9625244140625,0.2732554078102112,1286.6312255859375,0.3002609312534332,-17.51418685913086,-0.8123533129692078,2722.222412109375,0.0671621933579444,633.9835815429688,0.6657450795173645,-22.38573265075684,-0.3559981286525726,-19.447507858276367,-0.253164529800415,24.82647705078125,0.2202418744564056,0.0952675864100456,0.1534640192985534,-0.0405092537403106,-0.4223354756832123,0.1449000388383865,0.5932271480560303,40.868919372558594,0.0558269768953323,10.106866836547852,1.020421028137207,9.339938163757324,0.5232369303703308,-31.160568237304688,-0.5164530277252197,0.0,0.0,0.0,0.0,0.0,4.347826480865479,2.6315789222717285,0.3700000047683716,0.0,0.0,0.0,-37.955345153808594
xxxxxxxx186,C,3,blue,3.956,4.404,0.4479999999999999,1.1015,data/not_shared/wd_audio/WD_CI/xxxxxxxx186/xxxxxxxx186_stroop_C.wav,data/not_shared/wd_audio/WD_CI/xxxxxxxx186/xxxxxxxx186_stroop_task.wav,31.7717399597168,0.0333019606769084,30.645835876464844,31.503084182739254,33.0330924987793,2.387256622314453,15.213123321533203,0.0,18.19064140319824,0.0,0.6201963424682617,0.2908997535705566,0.472334623336792,0.6901552081108093,0.7412465214729309,0.2689118981361389,3.8574936389923096,2.401141405105591,-2.052051544189453,2.2456233501434326,0.1556959301233291,0.3666137754917145,36.10414123535156,0.0451740212738513,-14.89012050628662,-0.2865833342075348,9.529929161071776,0.2612372934818268,-26.7701358795166,-0.3903513252735138,0.0079457005485892,0.6585685014724731,0.6340478658676147,0.419707328081131,8.533215522766113,0.1288942396640777,1.388413429260254,2.404902458190918,15.25180435180664,0.2658068835735321,385.6410827636719,0.0787849128246307,1180.6051025390625,0.1051348596811294,4.202812671661377,0.611234188079834,1279.4736328125,0.0235305801033973,889.4093627929688,0.0918769910931587,-2.551490068435669,-0.7349469065666199,2542.91943359375,0.0190594717860221,519.44580078125,0.2402251958847046,-10.487533569335938,-0.494081437587738,-8.341899871826172,-0.1795157194137573,15.013583183288574,0.2324933856725692,0.106018342077732,0.1250125914812088,-0.015405380167067,-0.3268477916717529,0.167730912566185,0.3218625485897064,35.81380081176758,0.0431367941200733,-15.909982681274414,-0.2229420393705368,9.387545585632324,0.2807388603687286,-30.09226417541504,-0.2276464998722076,0.0,0.0,0.0,0.0,0.0,4.651163101196289,2.702702760696411,0.3599999845027923,0.0,0.0,0.0,-36.54900741577149
xxxxxxxx186,C,4,green,4.6883,5.0745,0.3861999999999996,0.2843,data/not_shared/wd_audio/WD_CI/xxxxxxxx186/xxxxxxxx186_stroop_C.wav,data/not_shared/wd_audio/WD_CI/xxxxxxxx186/xxxxxxxx186_stroop_task.wav,36.571407318115234,0.0686873570084571,34.33868408203125,37.28952026367188,38.94536209106445,4.606678009033203,28.523704528808597,0.0,-44.231353759765625,0.0,0.3975485563278198,0.4138044714927673,0.212662398815155,0.4317284524440765,0.550918459892273,0.3382560610771179,0.7641152143478394,2.2056586742401123,1.6037802696228027,0.0,0.1666641533374786,0.3780277371406555,29.797101974487305,0.1520272046327591,-1.429312229156494,-7.975329399108887,40.52690124511719,0.2110097557306289,13.4689359664917,0.4954231679439544,0.0199035424739122,1.0314971208572388,0.5931693315505981,0.757365882396698,10.417261123657228,0.3432450592517853,18.716650009155277,0.1386637091636657,12.209548950195312,0.6453102827072144,354.344970703125,0.1998303979635238,1172.9364013671875,0.124893695116043,-6.442296981811523,-2.256549119949341,1439.8955078125,0.040645558387041,650.4103393554688,0.4035496115684509,-34.170555114746094,-0.1392162889242172,2374.581298828125,0.050235878676176,852.2344360351562,0.1008690893650055,-24.39814758300781,-0.3518266677856445,-18.19992446899414,-0.4717010259628296,25.23492431640625,0.4175648689270019,0.0770394578576088,0.3012276887893677,-0.0196379087865352,-0.2048228830099105,0.1808532923460006,0.3387616872787475,29.752986907958984,0.1652783155441284,-1.862038373947144,-6.6623735427856445,39.03175735473633,0.219288170337677,13.239691734313965,0.546359121799469,0.0,0.0,0.0,0.0,0.0,2.702702760696411,3.225806474685669,0.2999999821186065,0.0,0.0,0.0,-34.71186447143555
xxxxxxxx186,C,5,green,5.8577,6.2618,0.4040999999999997,0.7832000000000008,data/not_shared/wd_audio/WD_CI/xxxxxxxx186/xxxxxxxx186_stroop_C.wav,data/not_shared/wd_audio/WD_CI/xxxxxxxx186/xxxxxxxx186_stroop_task.wav,36.688106536865234,0.0689387321472168,34.37282943725586,37.9667854309082,38.83668518066406,4.463855743408203,12.441330909729004,0.0,-39.95878982543945,0.0,0.4447641670703888,0.4025226235389709,0.2473899722099304,0.5024736523628235,0.5838729739189148,0.3364830017089844,1.6403627395629885,2.0622646808624268,2.948747158050537,0.2682516574859619,0.1597140878438949,0.4500468969345093,29.414979934692383,0.1239747107028961,-9.509552001953123,-0.8693071007728577,42.906005859375,0.1287725567817688,5.883324146270752,0.9949969053268432,0.0136147933080792,0.8519545197486877,0.6283107995986938,0.7534332275390625,9.434449195861816,0.4535313844680786,18.705228805541992,0.1296153962612152,10.545146942138672,0.5240331888198853,369.3094177246094,0.2691895365715027,1054.552490234375,0.105080708861351,-28.044527053833008,-2.071711540222168,1459.3846435546875,0.0981569364666938,553.7582397460938,0.3444896042346954,-41.13157653808594,-0.8256164789199829,2355.802490234375,0.0537912435829639,791.8316650390625,0.0865057557821273,-26.540943145751957,-1.4155927896499634,-12.390009880065918,-0.4980658292770386,18.018814086914062,0.3128061890602112,0.0941015481948852,0.2500601410865783,-0.0295861307531595,-0.1797980517148971,0.1738747060298919,0.3421422243118286,29.163448333740234,0.1324453055858612,-9.510129928588867,-0.95701664686203,42.87326431274414,0.140920877456665,4.340192794799805,1.196951985359192,-11.979873657226562,16.699371337890625,0.1043758988380432,-0.0236495062708854,0.2333783209323883,5.128205299377441,2.941176414489746,0.3100000023841858,0.0,0.0,0.0,-35.937259674072266
xxxxxxxx186,C,6,blue,6.584,7.0011,0.4171000000000004,0.3221999999999996,data/not_shared/wd_audio/WD_CI/xxxxxxxx186/xxxxxxxx186_stroop_C.wav,data/not_shared/wd_audio/WD_CI/xxxxxxxx186/xxxxxxxx186_stroop_task.wav,32.349552154541016,0.0356298498809337,31.14549827575684,32.113861083984375,33.707855224609375,2.562356948852539,15.231210708618164,0.0,-7.34083366394043,15.978294372558594,0.4673979580402374,0.4501901566982269,0.2431287765502929,0.5100098848342896,0.6795986294746399,0.4364698529243469,3.1464290618896484,0.0,-2.9960193634033203,0.0,0.1064792945981025,0.4393135905265808,39.79925155639648,0.0654105022549629,-14.995179176330566,-1.0468014478683472,10.223596572875977,0.4878717064857483,-19.829456329345703,-0.4170085489749908,0.0078010093420743,0.4935028851032257,1.057631492614746,1.1375329494476318,8.800729751586914,0.1634341776371002,5.5550217628479,0.326024979352951,20.82990074157715,0.3322336375713348,431.3986206054688,0.1375834792852401,1460.2149658203125,0.1626349538564682,2.40802001953125,1.1369537115097046,1359.735595703125,0.0377705954015255,1047.3409423828125,0.119150809943676,-5.649986267089844,-2.1758604049682617,2639.88330078125,0.0225680992007255,684.9505615234375,0.4304362833499908,-15.615912437438965,-0.6520304679870605,-9.104880332946776,-0.7046875953674316,17.7648983001709,0.3106614649295807,0.0958611220121383,0.1255938857793808,-0.0073351263999938,-1.2070480585098269,0.1169752180576324,0.3849904835224151,38.97709274291992,0.0467385165393352,-18.365833282470703,-0.7963957786560059,10.007793426513672,0.5298288464546204,-19.958908081054688,-0.4485856294631958,0.0,0.0,0.0,0.0,0.0,2.500000238418579,2.941176414489746,0.3299999833106994,0.0,0.0,0.0,-39.65177536010742
xxxxxxxx186,C,7,yellow,7.1488,7.6606,0.5118,0.1476999999999995,data/not_shared/wd_audio/WD_CI/xxxxxxxx186/xxxxxxxx186_stroop_C.wav,data/not_shared/wd_audio/WD_CI/xxxxxxxx186/xxxxxxxx186_stroop_task.wav,30.579612731933597,0.0862440541386604,29.51019287109375,30.34547615051269,33.16352081298828,3.6533279418945312,43.37892150878906,0.0,144.04904174804688,105.01036834716795,0.2521635293960571,0.3729747533798218,0.1629967540502548,0.2390942871570587,0.3620757162570953,0.1990789622068405,0.4076771736145019,0.9710319638252258,1.4934301376342771,0.0,0.0892594903707504,0.6333097219467163,31.76738739013672,0.5108388662338257,19.31164932250977,0.7470079064369202,8.059514045715332,0.7523120641708374,-31.67779541015625,-0.4069014191627502,0.0143820391967892,1.263318657875061,0.8640731573104858,0.7231018543243408,7.274773120880127,0.6350899934768677,15.299455642700195,2.57555890083313,29.72845268249512,0.2339124828577041,568.098388671875,0.2745294272899627,1498.9617919921875,0.2915598452091217,-48.29253005981445,-1.5956063270568848,1528.81201171875,0.2303175628185272,1206.703857421875,0.3412375450134277,-55.003719329833984,-1.258902907371521,2771.67822265625,0.0625180974602699,485.5699157714844,0.4179576933383941,-59.9627571105957,-1.0959128141403198,-19.66847801208496,-0.4373064637184143,27.814075469970703,0.2860759198665619,0.0922363251447677,0.2129993140697479,-0.0392652377486228,-0.3624236285686493,0.1036513596773147,0.5827257633209229,37.18878555297852,0.315992921590805,14.442008972167969,0.9416947364807128,8.27277946472168,0.7776927351951599,-33.37861251831055,-0.433549165725708,-9.877439498901367,13.68247890472412,0.0583019256591796,-0.0300628598779439,0.0453961044549942,2.0,4.44444465637207,0.1700000017881393,0.1499999910593032,0.0799999982118606,0.0,-42.3686752319336
xxxxxxxx186,C,8,red,7.9569,8.4199,0.4630000000000001,0.2963000000000004,data/not_shared/wd_audio/WD_CI/xxxxxxxx186/xxxxxxxx186_stroop_C.wav,data/not_shared/wd_audio/WD_CI/xxxxxxxx186/xxxxxxxx186_stroop_task.wav,29.568267822265625,0.1097528636455535,29.089244842529297,29.672103881835938,31.95494842529297,2.865703582763672,9.643004417419434,0.0,-332.7649230957031,0.0,0.2321460098028183,0.5944409370422363,0.0732189863920211,0.2022719830274582,0.4063808917999267,0.3331618905067444,0.9223576188087464,1.1752150058746338,1.8205806016922,0.0,0.072503462433815,0.7909584045410156,39.42660140991211,0.0882602259516716,19.2961483001709,0.2933676242828369,15.90090560913086,0.4844840764999389,-31.809511184692383,-0.7008823156356812,0.0079931654036045,0.684058666229248,0.950343370437622,1.094226956367493,8.211675643920898,0.5276603698730469,2.060204029083252,4.693619728088379,27.5666446685791,0.4025040566921234,704.2586669921875,0.2376344203948974,1214.3299560546875,0.1863235831260681,-36.369422912597656,-1.9018574953079224,1920.49853515625,0.2635586261749267,1100.6903076171875,0.627589762210846,-52.986724853515625,-1.146065354347229,2883.13330078125,0.0718277096748352,671.0501098632812,0.5503734350204468,-49.33626937866211,-1.2636091709136963,-26.42701911926269,-0.1504664123058319,28.51889991760254,0.2291155159473419,0.1054879873991012,0.1838123351335525,-0.0540382526814937,-0.2826700508594513,0.0919003263115882,0.6973925232887268,40.944183349609375,0.0600310824811458,21.75730323791504,0.1858263909816742,16.872665405273438,0.4673610329627991,-40.6365966796875,-0.4779306948184967,-27.346961975097656,34.159671783447266,0.0738439485430717,-0.0254588834941387,0.0429294146597385,2.222222328186035,2.5641026496887207,0.3199999928474426,0.0,0.0499999970197677,0.0,-40.30622482299805
xxxxxxxx186,C,9,blue,10.6817,11.1437,0.4620000000000015,2.261799999999999,data/not_shared/wd_audio/WD_CI/xxxxxxxx186/xxxxxxxx186_stroop_C.wav,data/not_shared/wd_audio/WD_CI/xxxxxxxx186/xxxxxxxx186_stroop_task.wav,32.179908752441406,0.0472712777554988,30.612957000732425,31.95965576171875,33.88524627685547,3.272289276123047,21.01410484313965,0.0,-2.234109878540039,15.725337028503418,0.5504055023193359,0.3676670789718628,0.3025133609771728,0.6587057113647461,0.7069875001907349,0.404474139213562,2.099781036376953,2.732250928878784,2.585726022720337,0.1156927794218063,0.1496478766202926,0.4127540290355682,36.68037796020508,0.0425050780177116,-20.515216827392575,-0.4618242084980011,7.502423763275146,0.554480254650116,-22.174243927001957,-0.4430649280548095,0.0088078863918781,0.5149402022361755,1.087194561958313,0.9391048550605774,6.971815586090088,0.20562045276165,2.37353253364563,1.6048332452774048,14.285576820373535,0.4288345873355865,399.3987731933594,0.0615455135703086,1221.71435546875,0.1254040747880935,1.1845957040786743,2.4392638206481934,1306.355224609375,0.0318490378558635,930.712890625,0.1118856146931648,-1.6534783840179443,-5.053736209869385,2548.842041015625,0.0452227108180522,636.3558959960938,0.5410991311073303,-12.382702827453612,-0.6691703796386719,-5.857982158660889,-0.6584701538085938,14.983004570007324,0.2965916991233825,0.0964223593473434,0.1304471641778946,-0.0042761862277984,-1.4108792543411257,0.1676862686872482,0.303344190120697,36.35308837890625,0.0359564647078514,-22.340763092041016,-0.3960573077201843,6.726195812225342,0.5804122686386108,-24.587867736816406,-0.3330141901969909,0.0,0.0,0.0,0.0,0.0,6.6666669845581055,2.5641026496887207,0.3799999952316284,0.0,0.0,0.0,-38.45038604736328
xxxxxxxx186,C,10,red,11.3123,11.7822,0.4698999999999991,0.1685999999999996,data/not_shared/wd_audio/WD_CI/xxxxxxxx186/xxxxxxxx186_stroop_C.wav,data/not_shared/wd_audio/WD_CI/xxxxxxxx186/xxxxxxxx186_stroop_task.wav,31.04947853088379,0.0335439927875995,30.022994995117188,30.665321350097656,32.30448913574219,2.281494140625,16.553586959838867,0.0,2.20200252532959,14.188833236694336,0.2770506143569946,0.4269387423992157,0.1880631446838379,0.2217141389846801,0.4203774034976959,0.232314258813858,5.5162034034729,0.0,-0.1948097944259643,0.9568066596984864,0.0862900465726852,0.6350763440132141,33.75395584106445,0.4144722819328308,19.22674369812012,0.1795282214879989,7.128127098083496,1.6271655559539795,-35.23067092895508,-0.5292268991470337,0.0113682299852371,0.8781942129135132,0.934864580631256,0.7712545394897461,8.841376304626465,0.2864919304847717,2.2549824714660645,3.467048168182373,28.498048782348636,0.2694419920444488,631.8269653320312,0.2899330854415893,1252.7705078125,0.1885072886943817,-60.46394348144531,-1.44254732131958,1825.1573486328125,0.2454305738210678,827.3654174804688,0.5025379061698914,-70.79804992675781,-1.0512937307357788,2910.61572265625,0.0906600281596183,716.547119140625,0.5463640689849854,-69.63020324707031,-1.0805602073669434,-24.22981071472168,-0.2436895966529846,25.9490966796875,0.2503354251384735,0.090521365404129,0.3836722373962402,-0.0522038005292415,-0.2577743232250213,0.0979393497109413,0.6424114108085632,38.16948318481445,0.2674964070320129,20.514652252197266,0.1628360152244568,8.971635818481445,0.9949923157691956,-40.955604553222656,-0.460560142993927,-9.28563117980957,13.89846134185791,0.010872152633965,-0.028089789673686,0.0741739347577095,2.222222328186035,2.5641026496887207,0.2800000011920929,0.0,0.089999996125698,0.0,-39.96062469482422
xxxxxxxx186,C,11,green,12.0007,12.3829,0.3821999999999992,0.2185000000000005,data/not_shared/wd_audio/WD_CI/xxxxxxxx186/xxxxxxxx186_stroop_C.wav,data/not_shared/wd_audio/WD_CI/xxxxxxxx186/xxxxxxxx186_stroop_task.wav,35.67194747924805,0.0489541366696357,34.31708908081055,36.32893753051758,37.10086441040039,2.783775329589844,17.607202529907227,0.0,-38.6006965637207,0.0,0.3188291192054748,0.3657003939151764,0.1861245334148407,0.3502521216869354,0.4041005671024322,0.2179760336875915,0.5804882645606995,1.7966358661651611,1.3093193769454956,0.0,0.0986874997615814,0.4723701179027557,31.962661743164062,0.1107419580221176,-6.031008720397949,-1.490109920501709,39.766090393066406,0.2004370540380478,12.768898963928224,0.3389420807361603,0.0230633150786161,1.3656994104385376,0.4802041351795196,0.6523847579956055,11.118430137634276,0.2222759425640106,20.48826026916504,0.1046264022588729,15.531244277954102,0.3813061118125915,359.5821228027344,0.0527213811874389,1115.7774658203125,0.1402138769626617,0.1864486336708068,50.11716842651367,1412.930908203125,0.0444708801805973,736.0037841796875,0.4954847991466522,-27.97211265563965,-0.1564889550209045,2320.46484375,0.016255434602499,834.1940307617188,0.0426474884152412,-19.74026298522949,-0.2676696479320526,-15.60256290435791,-0.4364089667797088,21.09848976135254,0.3902189433574676,0.1030453145503997,0.1630700528621673,-0.0162546746432781,-0.3298168182373047,0.0928113609552383,0.3115120232105255,32.07474899291992,0.1319525241851806,-6.496789932250977,-1.6582030057907104,36.61957931518555,0.2073062062263488,14.85351276397705,0.2191044241189956,0.0,0.0,0.0,0.0,0.0,2.702702760696411,4.0,0.2399999946355819,0.0,0.0,0.0,-39.5285758972168
xxxxxxxx186,C,12,blue,12.6403,12.9706,0.3302999999999993,0.2574000000000005,data/not_shared/wd_audio/WD_CI/xxxxxxxx186/xxxxxxxx186_stroop_C.wav,data/not_shared/wd_audio/WD_CI/xxxxxxxx186/xxxxxxxx186_stroop_task.wav,30.05418586730957,0.0248963646590709,29.255407333374023,30.0004997253418,30.857999801635746,1.6025924682617188,23.30171775817871,0.0,-14.410335540771484,18.77076911926269,0.3449978530406952,0.3468150794506073,0.2318837344646453,0.3905277550220489,0.4421929121017456,0.2103091776371002,2.221611738204956,0.6856545805931091,-0.8958383202552795,1.6000081300735474,0.0735429227352142,0.3918094336986542,36.63426208496094,0.0483016930520534,-15.303842544555664,-0.3082529604434967,9.54286289215088,0.4437865316867828,-13.336532592773438,-0.1832008808851242,0.0077089895494282,0.3664411306381225,0.9128992557525636,1.1256219148635864,6.929060459136963,0.3085874617099762,6.356070518493652,0.3756664395332336,19.652572631835938,0.2140797823667526,443.9129638671875,0.1113328859210014,1286.3343505859375,0.0975107699632644,1.473852276802063,4.64986515045166,1403.657958984375,0.0361199527978897,985.9248046875,0.0871182605624198,-5.283689498901367,-0.5782878398895264,2596.026123046875,0.0329587124288082,901.0281982421876,0.5768149495124817,-12.619806289672852,-0.1696977913379669,-8.796099662780762,-0.2190466225147247,17.003236770629883,0.2219207137823104,0.0932515636086463,0.2483681589365005,-0.0087501313537359,-1.0264493227005005,0.0842469856142997,0.2662508487701416,37.26015853881836,0.0295961368829011,-16.662336349487305,-0.2460025399923324,9.79435920715332,0.2863049507141113,-13.612303733825684,-0.1848457902669906,0.0,0.0,0.0,0.0,0.0,6.25,3.846153974533081,0.25,0.0,0.0,0.0,-43.5933723449707
xxxxxxxx186,W,1,yellow,1.2411,1.6383,0.3972,1.2411,data/not_shared/wd_audio/WD_CI/xxxxxxxx186/xxxxxxxx186_stroop_W.wav,data/not_shared/wd_audio/WD_CI/xxxxxxxx186/xxxxxxxx186_stroop_task.wav,31.39783477783203,0.0619986057281494,29.4279842376709,30.92668914794922,33.65673065185547,4.22874641418457,26.135055541992188,0.0,23.16025733947754,0.0,0.3686581254005432,0.375002384185791,0.2398469746112823,0.3631963729858398,0.4925814270973205,0.2527344524860382,3.1339926719665527,3.216705799102783,1.7126741409301758,0.0,0.1636452823877334,0.667590320110321,41.99191665649414,0.1737172156572342,8.220824241638184,1.723799228668213,4.378993988037109,2.0423262119293213,-25.5470027923584,-0.5270688533782959,0.0161471106112003,0.6905829906463623,1.0586005449295044,0.5622744560241699,7.574289321899414,0.4091399610042572,5.2816362380981445,1.215878129005432,28.554662704467773,0.2822218835353851,488.7509765625,0.3777257800102234,1518.1077880859375,0.2966766953468323,-11.393651008605955,-1.2270793914794922,1418.5513916015625,0.2272662818431854,1205.51416015625,0.339406281709671,-14.631428718566896,-1.217167615890503,2660.520751953125,0.0605054832994937,529.6898803710938,0.3506062626838684,-27.28114128112793,-0.3366907238960266,-18.31119537353516,-0.4262886047363281,26.577747344970703,0.220729723572731,0.0777470022439956,0.3969654440879822,-0.043534118682146,-0.3606104552745819,0.1868703067302703,0.5860371589660645,41.68374252319336,0.1891719996929168,7.214011192321777,2.1097099781036377,2.5538551807403564,3.336538791656494,-27.631746292114254,-0.4922197759151459,0.0,0.0,0.0,0.0,0.0,2.6315789222717285,3.125,0.3100000023841858,0.0,0.0,0.0,-37.79378509521485
xxxxxxxx186,W,2,red,1.8707,2.3387,0.4679999999999997,0.2323999999999999,data/not_shared/wd_audio/WD_CI/xxxxxxxx186/xxxxxxxx186_stroop_W.wav,data/not_shared/wd_audio/WD_CI/xxxxxxxx186/xxxxxxxx186_stroop_task.wav,30.199893951416016,0.0401286035776138,28.821840286254883,30.183555603027344,31.554492950439453,2.7326526641845703,16.604835510253906,0.0,23.977867126464844,0.0,0.290630966424942,0.3670243620872497,0.2260401844978332,0.2566346228122711,0.3624374866485595,0.1363973021507263,0.6419034600257874,1.1491354703903198,2.194596767425537,0.0,0.0986385345458984,0.686975359916687,31.923757553100582,0.4740570485591888,23.69633674621582,0.2124039381742477,11.584588050842283,1.241474747657776,-26.533397674560547,-0.7849391102790833,0.0154533432796597,1.2656339406967163,0.903597891330719,0.7952433824539185,8.494998931884766,0.3627703785896301,9.890296936035156,0.979688823223114,31.08048820495605,0.312338650226593,561.6484985351562,0.2681763768196106,1546.270263671875,0.4457775056362152,-30.990724563598636,-2.1836109161376958,1647.8800048828125,0.2313815206289291,1069.8082275390625,0.3383471965789795,-48.2733268737793,-1.1620724201202393,2711.236328125,0.0672544240951538,545.3275756835938,0.5060063600540161,-48.857887268066406,-1.1464518308639526,-24.114721298217773,-0.289523720741272,26.359167098999023,0.3549199104309082,0.0797443762421608,0.2499045580625534,-0.0480345971882343,-0.349435418844223,0.1137809976935386,0.6223995089530945,35.367584228515625,0.3037767708301544,25.118770599365234,0.1491198092699051,13.26884937286377,0.9667177796363832,-28.29058265686035,-0.7525415420532227,-3.395662784576416,5.859673023223877,0.0153902387246489,-0.0355451703071594,0.0422778949141502,2.222222328186035,2.5641026496887207,0.3299999833106994,0.0,0.0399999991059303,0.0,-39.20146179199219
xxxxxxxx186,W,3,green,2.9722,3.3863,0.4140999999999999,0.6335000000000002,data/not_shared/wd_audio/WD_CI/xxxxxxxx186/xxxxxxxx186_stroop_W.wav,data/not_shared/wd_audio/WD_CI/xxxxxxxx186/xxxxxxxx186_stroop_task.wav,33.68743896484375,0.1770676374435424,29.17718505859375,36.88785552978516,38.481327056884766,9.304141998291016,0.0,0.0,-0.35789954662323,0.0,0.3082560300827026,0.5725461840629578,0.1290836334228515,0.2846304178237915,0.5217753648757935,0.3926917314529419,5.73184871673584,0.0,-1.6903789043426514,0.0,0.1346976161003112,0.7198729515075684,29.98074150085449,0.1236488744616508,-1.2123781442642212,-5.783510684967041,38.70377349853516,0.204161986708641,21.91124153137207,0.222398892045021,0.0431559868156909,1.0161975622177124,1.0180667638778689,0.5617051720619202,7.818572521209717,0.808498203754425,12.938849449157717,0.7185617089271545,10.45997714996338,0.6071830987930298,460.5568237304688,0.5108230113983154,1110.1116943359375,0.1508738845586776,-4.03501033782959,-5.576482772827148,1578.13037109375,0.1430888622999191,613.8067016601562,0.3056679368019104,-28.829099655151367,-0.2345694899559021,2486.61572265625,0.1284289509057998,832.5722045898438,0.1037576124072074,-19.200122833251957,-0.6647680401802063,-16.01930809020996,-0.3115459978580475,19.627885818481445,0.2570251524448395,0.0710874274373054,0.2148583829402923,-0.0169998072087764,-0.3180065751075744,0.166551411151886,0.5243878364562988,29.76209259033203,0.1373597979545593,-2.641885757446289,-2.6895902156829834,39.18146514892578,0.2139953821897506,22.3637752532959,0.2359095215797424,0.0,0.0,0.0,0.0,0.0,2.500000238418579,3.125,0.3100000023841858,0.0,0.0,0.0,-34.34150695800781
xxxxxxxx186,W,4,blue,3.6078,4.0348,0.4269999999999996,0.2215000000000002,data/not_shared/wd_audio/WD_CI/xxxxxxxx186/xxxxxxxx186_stroop_W.wav,data/not_shared/wd_audio/WD_CI/xxxxxxxx186/xxxxxxxx186_stroop_task.wav,29.680307388305664,0.0522362701594829,28.284687042236328,29.32579040527344,31.27016830444336,2.9854812622070312,20.15876007080078,0.0,-92.2171630859375,74.94552612304688,0.4377585053443908,0.451861709356308,0.2168341130018234,0.4489961862564087,0.6174730658531189,0.4006389379501343,2.5006673336029053,0.0,-4.139814853668213,0.0,0.1040903851389885,0.4915390610694885,36.74964141845703,0.0516482703387737,-18.077655792236328,-0.419491171836853,10.52159595489502,0.2684455215930938,-0.896589994430542,-6.272337436676025,0.0099641326814889,0.4694328010082245,0.7410098314285278,0.5719373226165771,5.704466342926025,0.3999045193195343,9.222159385681152,0.3592731058597564,17.8272762298584,0.2608363628387451,487.0662536621094,0.228123277425766,1331.5443115234375,0.1720299869775772,-2.446049690246582,-2.138778686523437,1432.6671142578125,0.1133225336670875,1011.036865234375,0.0781787186861038,-4.347029209136963,-0.4856787621974945,2566.701904296875,0.0496674738824367,1093.9542236328125,0.5058863162994385,-11.888976097106934,-0.2782032191753387,-6.544889450073242,-0.5597369074821472,14.197243690490724,0.3767969310283661,0.0817271173000335,0.3177204728126526,-0.0045369695872068,-3.0295002460479736,0.1197054609656333,0.3683686256408691,35.96000671386719,0.0289331134408712,-19.38975524902344,-0.4048390686511993,10.212006568908691,0.2763804793357849,-0.7688136100769043,-7.313238620758057,0.0,0.0,0.0,0.0,0.0,2.4390244483947754,3.030303239822388,0.3199999928474426,0.0,0.0,0.0,-40.47653579711914
xxxxxxxx186,W,5,green,4.407,4.7911,0.3841000000000001,0.3722000000000003,data/not_shared/wd_audio/WD_CI/xxxxxxxx186/xxxxxxxx186_stroop_W.wav,data/not_shared/wd_audio/WD_CI/xxxxxxxx186/xxxxxxxx186_stroop_task.wav,36.56867980957031,0.0849451497197151,33.482666015625,37.92756652832031,39.17450714111328,5.691841125488281,31.46217536926269,0.0,-53.442481994628906,0.0,0.3811943233013153,0.4545193314552307,0.2056881487369537,0.3801905214786529,0.5478835701942444,0.3421954214572906,6.223238468170166,0.0,-2.1244711875915527,0.0,0.1627198755741119,0.5276047587394714,29.95952033996582,0.140620931982994,0.1847111582756042,42.23667526245117,34.10614013671875,0.1900559216737747,24.15233039855957,0.3644007444381714,0.0312411338090896,1.3644390106201172,1.1822258234024048,1.0051007270812988,10.72641372680664,0.3920806646347046,15.91994571685791,0.1160699129104614,7.481153011322021,1.1311967372894287,362.3258056640625,0.3705325424671173,1208.46484375,0.1346374303102493,-9.794390678405762,-1.8889073133468628,1498.7879638671875,0.1152036190032959,664.5858764648438,0.3942980766296386,-36.02774810791016,-0.1402455270290374,2353.685791015625,0.0611688457429409,917.9947509765624,0.1808466911315918,-23.47896385192871,-0.278111457824707,-18.543397903442383,-0.3718635737895965,24.35493850708008,0.3367258012294769,0.0694335773587226,0.2524775266647339,-0.0193213149905204,-0.2141262888908386,0.1811502575874328,0.4779432117938995,29.75034713745117,0.1537071466445922,0.0788855925202369,109.41266632080078,33.25502014160156,0.1857994645833969,23.731544494628903,0.4052947461605072,0.0,0.0,0.0,0.0,0.0,2.702702760696411,3.3333334922790527,0.2899999916553497,0.0,0.0,0.0,-32.46013641357422
xxxxxxxx186,W,6,yellow,5.1553,5.6402,0.4848999999999996,0.3642000000000003,data/not_shared/wd_audio/WD_CI/xxxxxxxx186/xxxxxxxx186_stroop_W.wav,data/not_shared/wd_audio/WD_CI/xxxxxxxx186/xxxxxxxx186_stroop_task.wav,30.353479385375977,0.0482263788580894,29.03770065307617,29.705835342407227,32.12956619262695,3.091865539550781,1.4912105798721311,0.0,14.135056495666504,0.0,0.330981582403183,0.4072005450725555,0.1701951026916504,0.3434522151947021,0.4734812974929809,0.3032861948013305,0.4221355319023132,1.4078162908554075,1.3663321733474731,0.0,0.1326729655265808,0.6406108140945435,33.47962188720703,0.4300392568111419,19.089649200439453,0.4734950363636017,9.535304069519045,0.9208499789237976,-28.740142822265625,-0.6447263360023499,0.0101638147607445,0.361569881439209,0.6938197612762451,0.458859235048294,8.191630363464355,0.3279648125171661,4.153876781463623,2.3037264347076416,26.54204368591309,0.3927378058433532,600.3810424804688,0.4212934374809265,1322.2628173828125,0.2017236649990081,-25.72027969360352,-2.2893824577331543,1697.02587890625,0.3058974742889404,979.2833862304688,0.457809180021286,-36.78059387207031,-1.4261140823364258,2809.6484375,0.0973509922623634,657.0943603515625,0.5335383415222168,-40.09652328491211,-1.2656832933425903,-20.1287841796875,-0.2731317281723022,23.789308547973636,0.2751036286354065,0.0883733853697776,0.4628251492977142,-0.0501636676490306,-0.359486311674118,0.1524466872215271,0.5549995303153992,36.15826416015625,0.3096839785575866,17.59617805480957,0.4809168875217438,9.005342483520508,0.8908494710922241,-33.928802490234375,-0.5194535851478577,-7.959138870239258,10.39889144897461,0.0086452951654791,-0.0184629559516906,0.0416227728128433,2.127659559249878,2.4390244483947754,0.3599999845027923,0.0,0.0299999993294477,0.0,-37.81663513183594
xxxxxxxx186,W,7,blue,5.8846,6.2767,0.3921000000000001,0.2443999999999997,data/not_shared/wd_audio/WD_CI/xxxxxxxx186/xxxxxxxx186_stroop_W.wav,data/not_shared/wd_audio/WD_CI/xxxxxxxx186/xxxxxxxx186_stroop_task.wav,30.96016502380371,0.0708812028169632,29.00643539428711,30.24853134155273,33.16667175292969,4.160236358642578,20.404077529907227,0.0,138.10133361816406,0.0,0.4928929507732391,0.4123333990573883,0.2764018774032593,0.5663840770721436,0.6890762448310852,0.4126743674278259,4.843469619750977,0.0,-2.2201027870178223,0.0,0.1339035332202911,0.3459653854370117,40.09554290771485,0.069830909371376,-10.815427780151367,-1.7089751958847046,6.858748912811279,0.5397303700447083,-13.691864013671877,-0.2795359492301941,0.0136071909219026,0.9704003930091858,0.6918895840644836,0.3084580898284912,7.089334011077881,0.3734829127788543,9.900205612182615,0.23599673807621,22.474733352661133,0.5178812742233276,460.22216796875,0.2416279911994934,1259.476806640625,0.2239603102207183,-5.916248798370361,-1.0196301937103271,1337.8885498046875,0.0565515123307704,1048.09228515625,0.1797080785036087,-8.902326583862305,-1.4985188245773315,2519.747802734375,0.0522796399891376,942.0478515625,0.451777845621109,-19.601375579833984,-0.6236810088157654,-10.086969375610352,-0.7101181149482727,20.22093772888184,0.3494444489479065,0.082938477396965,0.2313041538000106,-0.0034651281312108,-3.2060797214508057,0.1492694169282913,0.2951191365718841,39.67154312133789,0.0686552226543426,-15.515511512756348,-1.046870231628418,6.406477451324463,0.5943583250045776,-13.937029838562012,-0.277245432138443,0.0,0.0,0.0,0.0,0.0,2.6315789222717285,3.125,0.3100000023841858,0.0,0.0,0.0,-38.35166549682617
xxxxxxxx186,W,8,red,6.4174,6.8694,0.4519999999999999,0.1406999999999998,data/not_shared/wd_audio/WD_CI/xxxxxxxx186/xxxxxxxx186_stroop_W.wav,data/not_shared/wd_audio/WD_CI/xxxxxxxx186/xxxxxxxx186_stroop_task.wav,30.126882553100582,0.0405262447893619,28.959461212158203,29.924814224243164,31.508869171142575,2.549407958984375,25.18794822692871,0.0,-60.42615509033203,60.06840133666992,0.2781403362751007,0.3703592419624328,0.2060733884572982,0.2863856256008148,0.3266810178756714,0.1206076294183731,2.3383593559265137,2.392868995666504,1.7952401638031006,0.997319996356964,0.1024845913052558,0.6930956840515137,27.36083221435547,0.5547099709510803,23.031753540039062,0.2855773270130157,4.729428291320801,3.031318426132202,-28.71380043029785,-0.555912435054779,0.011575061827898,0.590190589427948,0.7883197665214539,0.5260940194129944,6.87906551361084,0.6159922480583191,7.526052474975586,1.1738489866256714,33.62510299682617,0.2220534235239029,557.0489501953125,0.3474321365356445,1296.600830078125,0.170125275850296,-73.1422119140625,-1.261544108390808,1660.2374267578125,0.2340957671403885,942.7698974609376,0.3167633712291717,-77.75798034667969,-0.9854363203048706,2806.201171875,0.0836493894457817,468.914306640625,0.4749618470668793,-77.9998550415039,-0.9781582355499268,-23.421445846557617,-0.3085446357727051,26.105684280395508,0.3225425183773041,0.0849138051271438,0.2383931130170822,-0.0478009060025215,-0.2814690768718719,0.129353255033493,0.6066070795059204,32.726768493652344,0.3577004969120025,26.73827743530273,0.2103410512208938,10.110236167907717,1.0410490036010742,-31.303346633911133,-0.5842806100845337,-5.885886669158936,9.190627098083496,0.0307317338883876,-0.0230635646730661,0.0683779120445251,4.545454502105713,2.6315789222717285,0.2599999904632568,0.0,0.0999999940395355,0.0,-40.3094482421875
xxxxxxxx186,W,9,blue,7.1488,7.5548,0.4060000000000006,0.2793999999999998,data/not_shared/wd_audio/WD_CI/xxxxxxxx186/xxxxxxxx186_stroop_W.wav,data/not_shared/wd_audio/WD_CI/xxxxxxxx186/xxxxxxxx186_stroop_task.wav,29.558298110961918,0.0525242313742637,28.34781837463379,29.25599479675293,30.89786720275879,2.550048828125,100.61881256103516,59.28432083129883,21.408349990844727,0.0,0.5057773590087891,0.3085904419422149,0.3774537444114685,0.5499606132507324,0.6204243898391724,0.2429706454277038,1.922373652458191,0.0,-4.6910400390625,0.0,0.1190169602632522,0.3514964580535888,37.85904693603516,0.0632623136043548,-20.13856315612793,-0.4799327254295349,7.996107578277588,0.3231469988822937,-11.90692138671875,-0.5319000482559204,0.0083667691797018,0.518970787525177,0.8459440469741821,0.4651268124580383,6.171586513519287,0.2970979809761047,6.889249324798584,0.8332014679908752,14.87695598602295,0.2769100069999695,443.3971862792969,0.1357277035713195,1187.9403076171875,0.2082808464765548,-0.7750145792961121,-9.847042083740234,1356.9359130859375,0.0649710893630981,970.4913330078124,0.124431274831295,-0.967288851737976,-3.87196683883667,2520.7158203125,0.0409073457121849,808.1403198242188,0.3443769812583923,-9.802896499633787,-0.401279479265213,-6.722825050354004,-0.5850693583488464,14.85410213470459,0.4045036733150482,0.080412708222866,0.2718619108200073,-0.0054923826828598,-2.0881919860839844,0.1278024017810821,0.294356495141983,37.49333190917969,0.0544549711048603,-22.031591415405277,-0.4220075309276581,8.117507934570312,0.3039526045322418,-12.632367134094238,-0.514557957649231,0.0,0.0,0.0,0.0,0.0,2.5641026496887207,3.030303239822388,0.3199999928474426,0.0,0.0,0.0,-39.93914794921875
xxxxxxxx186,W,10,green,7.7953,8.1704,0.3751000000000006,0.2404999999999999,data/not_shared/wd_audio/WD_CI/xxxxxxxx186/xxxxxxxx186_stroop_W.wav,data/not_shared/wd_audio/WD_CI/xxxxxxxx186/xxxxxxxx186_stroop_task.wav,35.170257568359375,0.097105748951435,31.915542602539062,36.25594711303711,38.18217086791992,6.266628265380859,37.35361099243164,0.0,-67.01554870605469,0.0,0.35202357172966,0.3214164972305298,0.2343271225690841,0.3505904078483581,0.454410046339035,0.2200829237699508,1.7620081901550293,2.301928997039795,1.2939939498901367,0.0,0.1532052457332611,0.3694642782211303,28.7913818359375,0.1300294995307922,1.1721738576889038,7.016847133636475,38.48628234863281,0.1961813867092132,22.03632164001465,0.4303027987480163,0.0260142423212528,0.7975705862045288,0.909180760383606,0.8283275365829468,9.676725387573242,0.3504790961742401,18.637807846069336,0.1832282096147537,9.633039474487305,0.8641645908355713,332.26470947265625,0.1339684724807739,1208.7337646484375,0.1953699737787246,1.6027653217315674,9.741700172424316,1500.0,0.0506460145115852,586.9405517578125,0.4670584499835968,-34.52722930908203,-0.1290450990200042,2407.16064453125,0.0596769638359546,939.4947509765624,0.1244827881455421,-18.589996337890625,-0.284041166305542,-16.047515869140625,-0.468733936548233,20.91425132751465,0.486005961894989,0.0746795460581779,0.1567761301994323,-0.0176135879009962,-0.1775142550468444,0.1561345309019088,0.3404470980167389,28.229637145996094,0.1372816115617752,1.568362832069397,5.804476737976074,37.47027969360352,0.1980418860912323,22.27335548400879,0.4645395278930664,0.0,0.0,0.0,0.0,0.0,2.777777910232544,3.4482760429382324,0.2800000011920929,0.0,0.0,0.0,-36.42411422729492
xxxxxxxx186,W,11,red,8.4298,8.7441,0.3142999999999993,0.2593999999999994,data/not_shared/wd_audio/WD_CI/xxxxxxxx186/xxxxxxxx186_stroop_W.wav,data/not_shared/wd_audio/WD_CI/xxxxxxxx186/xxxxxxxx186_stroop_task.wav,29.71263885498047,0.0421727895736694,28.77890014648437,29.02932357788086,31.00302124023437,2.22412109375,30.238431930541992,0.0,8.384228706359863,0.0,0.2514084577560425,0.296645849943161,0.1993098109960556,0.2401098012924194,0.3249906003475189,0.1256807893514633,0.8138472437858582,1.3273866176605225,1.5075045824050903,0.0,0.0920840427279472,0.4396852850914001,36.017696380615234,0.2207873910665512,27.676681518554688,0.1669916808605194,14.623526573181152,0.8709230422973633,-25.793441772460938,-0.7635378241539001,0.0123463729396462,0.5720048546791077,0.7614759206771851,0.61788409948349,8.270121574401855,0.3312711119651794,11.678139686584473,1.0012693405151367,34.01776885986328,0.3535664677619934,607.8776245117188,0.335875928401947,1250.8521728515625,0.1627284884452819,-7.867286682128906,-1.0242774486541748,1768.1473388671875,0.2952344119548797,937.7862548828124,0.5890079736709595,-27.145856857299805,-0.5073886513710022,2872.308349609375,0.0976535528898239,607.2041625976562,0.4678082168102264,-28.92188835144043,-0.403527021408081,-25.154333114624023,-0.2872775495052337,28.03201484680176,0.3240664303302765,0.067881740629673,0.3712660074234009,-0.0496473312377929,-0.322058767080307,0.1026246771216392,0.3869118392467499,34.7392692565918,0.2416910231113433,29.08944320678711,0.1403738707304,12.560052871704102,1.071142315864563,-29.64940071105957,-0.683180034160614,0.0,0.0,0.0,0.0,0.0,3.3333334922790527,4.1666669845581055,0.2299999892711639,0.0,0.0,0.0,-40.432804107666016
xxxxxxxx186,W,12,yellow,8.9946,9.3259,0.3313000000000006,0.2505000000000006,data/not_shared/wd_audio/WD_CI/xxxxxxxx186/xxxxxxxx186_stroop_W.wav,data/not_shared/wd_audio/WD_CI/xxxxxxxx186/xxxxxxxx186_stroop_task.wav,28.834184646606445,0.0249777138233184,28.122583389282227,28.72306060791016,29.6469669342041,1.524383544921875,16.234901428222656,0.0,-9.690268516540527,22.661191940307617,0.2897385954856872,0.398575872182846,0.1760622411966323,0.30241459608078,0.4082262217998504,0.232163980603218,1.6735142469406128,2.540581464767456,1.011412262916565,0.0,0.1007130965590477,0.7050343751907349,35.14784622192383,0.2216475456953048,17.19403648376465,0.3865009844303131,4.207005977630615,1.423330307006836,-33.13812255859375,-0.4183446168899536,0.0123247047886252,0.9370795488357544,0.9613470435142516,0.7137762904167175,6.525816440582275,0.4612814486026764,11.587654113769531,0.8934885263442993,27.536605834960938,0.3116050362586975,524.295654296875,0.5660880208015442,1344.26513671875,0.1485853046178817,-5.06156063079834,-1.702481031417847,1419.68310546875,0.3315770924091339,1357.572265625,0.4201598167419433,-15.481866836547852,-0.9052707552909852,2771.936279296875,0.0867385864257812,263.1296691894531,0.9106390476226808,-22.60725212097168,-0.3124072849750519,-16.660680770874023,-0.2446095198392868,22.732017517089844,0.337179958820343,0.0671306103467941,0.2396692484617233,-0.0435546599328517,-0.334027886390686,0.1156364232301712,0.6237592101097107,33.92574691772461,0.2392191588878631,18.191316604614254,0.3545486629009247,2.438886880874634,2.002234935760498,-35.7958984375,-0.3918524086475372,0.0,0.0,0.0,0.0,0.0,3.125,3.846153974533081,0.25,0.0,0.0,0.0,-41.387054443359375
xxxxxxxx186,CW,1,yellow,3.1877,3.6687,0.4809999999999998,3.1877,data/not_shared/wd_audio/WD_CI/xxxxxxxx186/xxxxxxxx186_stroop_CW.wav,data/not_shared/wd_audio/WD_CI/xxxxxxxx186/xxxxxxxx186_stroop_task.wav,33.31795120239258,0.0497403442859649,31.62645530700684,32.991207122802734,35.43836212158203,3.8119068145751953,18.381080627441406,0.0,4.446482658386231,8.532820701599121,0.5025865435600281,0.4591893553733825,0.2699428200721741,0.46739462018013,0.7541300058364868,0.4841871857643127,0.6897396445274353,1.871971845626831,3.807782411575317,0.0,0.1720276772975921,0.4862212538719177,38.32163619995117,0.2047171890735626,10.500517845153809,1.3730380535125732,4.1180291175842285,1.6425305604934692,-38.65939331054688,-0.4250299036502838,0.0098292883485555,0.5506531596183777,0.7757730484008789,0.6845693588256836,9.936075210571287,0.1835215836763382,3.726751804351807,1.683340072631836,25.222396850585938,0.3390244841575622,490.6477661132813,0.3378614485263824,1308.910400390625,0.136886328458786,-1.3774049282073977,-7.327962398529053,1451.693115234375,0.2630820274353027,1038.8831787109375,0.3463711440563202,-13.67249870300293,-1.323113203048706,2708.04638671875,0.0648116469383239,494.8933410644531,0.6098496317863464,-24.857894897460938,-0.5267922282218933,-14.35569667816162,-0.4934073984622955,23.26082992553711,0.2874308228492737,0.1035874336957931,0.1668543964624405,-0.0439476184546947,-0.3903015851974487,0.189845398068428,0.4140405654907226,37.657745361328125,0.2171672880649566,10.02021598815918,1.5340856313705444,3.636609792709351,1.9391264915466309,-41.654422760009766,-0.3708483278751373,0.0,0.0,0.0,0.0,0.0,2.127659559249878,2.4390244483947754,0.3999999761581421,0.0,0.0,0.0,-34.38326644897461
xxxxxxxx186,CW,2,red,4.1206,4.7083,0.5877000000000008,0.4518999999999997,data/not_shared/wd_audio/WD_CI/xxxxxxxx186/xxxxxxxx186_stroop_CW.wav,data/not_shared/wd_audio/WD_CI/xxxxxxxx186/xxxxxxxx186_stroop_task.wav,32.16451644897461,0.0386023707687854,30.78511428833008,32.13007736206055,33.449462890625,2.664348602294922,18.408233642578125,0.0,-32.3813591003418,37.301300048828125,0.3485275506973266,0.4212501943111419,0.2553582787513733,0.3172858953475952,0.4982289671897888,0.2428706884384155,3.067718982696533,0.3558865785598755,-0.7058148980140686,0.8816316723823547,0.1222808212041854,0.580311119556427,29.216785430908203,0.5959979891777039,23.864578247070312,0.1771790385246276,6.753363132476807,2.1618459224700928,-35.14544677734375,-0.4919841587543487,0.0102771697565913,0.6379702687263489,0.6730985045433044,0.7398449182510376,9.302978515625,0.2548916041851043,4.692403793334961,1.837123155593872,30.204256057739254,0.2391448020935058,578.1488037109375,0.2118760049343109,1336.532470703125,0.0748708471655845,-68.24898529052734,-1.3076974153518677,1705.0040283203125,0.1837371289730072,914.489501953125,0.3804516494274139,-73.94541931152344,-1.0009453296661377,2816.089599609375,0.0457765012979507,523.8334350585938,0.3847139179706573,-71.82083892822266,-1.0502326488494873,-23.83695411682129,-0.2759880125522613,25.796998977661133,0.2834476828575134,0.1062613874673843,0.1898554265499115,-0.0563240237534046,-0.2950679659843445,0.1556404829025268,0.4270707964897156,36.13362884521485,0.3007649481296539,25.310577392578125,0.1639200001955032,12.147079467773438,0.846282958984375,-38.25644302368164,-0.4735860824584961,-4.849356174468994,7.793821334838867,0.0303081478923559,-0.0307596176862716,0.0662359893321991,3.5087718963623047,2.0,0.3599999845027923,0.0,0.1199999973177909,0.0,-36.60943984985352
xxxxxxxx186,CW,3,green,5.6821,6.0473,0.3651999999999997,0.9737999999999998,data/not_shared/wd_audio/WD_CI/xxxxxxxx186/xxxxxxxx186_stroop_CW.wav,data/not_shared/wd_audio/WD_CI/xxxxxxxx186/xxxxxxxx186_stroop_task.wav,37.63661575317383,0.0591820664703846,35.642578125,38.348270416259766,39.61042785644531,3.967849731445313,27.02781867980957,0.0,-42.01541519165039,0.0,0.422918438911438,0.3638710379600525,0.2502496540546417,0.4722447395324707,0.5780078768730164,0.3277582228183746,0.9358916282653807,2.443571090698242,1.2246973514556885,0.0,0.162781074643135,0.4203093945980072,29.613964080810547,0.1614926308393478,-5.112326622009277,-1.61717689037323,39.00583267211914,0.205572098493576,15.44512939453125,0.4862729012966156,0.0176901668310165,1.0414624214172363,0.5909746289253235,0.7417765259742737,10.706934928894045,0.4178700745105743,18.12933921813965,0.1222319304943084,5.034804344177246,1.549054503440857,328.7742614746094,0.3863262832164764,1223.013916015625,0.1736293882131576,-6.563477993011475,-1.8971868753433228,1432.9942626953125,0.0888432785868644,828.7713623046875,0.7650055885314941,-35.30485153198242,-0.1362296044826507,2317.78466796875,0.0213421024382114,863.6898803710938,0.1498841494321823,-19.864482879638672,-0.3210155069828033,-15.531048774719238,-0.4266430139541626,20.60581398010254,0.3363166153430938,0.0819879248738288,0.3121720850467682,-0.0214251279830932,-0.3156824111938476,0.1785151660442352,0.3710102140903473,30.216405868530277,0.1667534857988357,-6.058704376220703,-1.4486509561538696,37.88626480102539,0.220416784286499,16.234067916870117,0.4783770442008972,0.0,0.0,0.0,0.0,0.0,2.857142925262451,3.4482760429382324,0.2800000011920929,0.0,0.0,0.0,-33.558860778808594
xxxxxxxx186,CW,4,blue,6.8903,7.3792,0.4889000000000001,0.843,data/not_shared/wd_audio/WD_CI/xxxxxxxx186/xxxxxxxx186_stroop_CW.wav,data/not_shared/wd_audio/WD_CI/xxxxxxxx186/xxxxxxxx186_stroop_task.wav,31.878644943237305,0.0384714305400848,30.605472564697266,31.753402709960938,33.19945526123047,2.593982696533203,21.45138931274414,0.0,-34.06745910644531,42.91094207763672,0.4099958539009094,0.6141489744186401,0.1110842004418373,0.4616978168487549,0.665740966796875,0.5546567440032959,0.2761461734771728,1.9930455684661863,2.986741065979004,0.0,0.1087897419929504,0.6347013711929321,37.53796005249024,0.0675543546676635,-18.53180313110352,-0.6138536334037781,6.8993449211120605,0.7443197965621948,-7.224865913391113,-1.1960057020187378,0.010039129294455,0.4520196914672851,0.8702244758605957,0.4125907719135284,5.707558631896973,0.5681101679801941,5.009082794189453,0.7165569067001343,19.390024185180664,0.2406835258007049,453.0747985839844,0.1722050011157989,1301.1339111328125,0.1533704847097396,-37.66657638549805,-2.059736013412476,1397.9842529296875,0.0354060307145118,960.9736328125,0.1217703968286514,-40.54393005371094,-1.8828259706497192,2580.945068359375,0.0310656744986772,695.8436279296875,0.1781219542026519,-50.783653259277344,-1.4080020189285278,-7.134888172149658,-0.5494399666786194,17.366058349609375,0.2239144742488861,0.0939921513199806,0.1148909255862236,-0.0068499753251671,-1.789336919784546,0.1478363424539566,0.3054086565971374,38.09485626220703,0.0727929025888443,-21.91306495666504,-0.5353030562400818,6.901382446289063,0.878287136554718,-10.823676109313965,-0.7118882536888123,-8.35665225982666,18.88398742675781,0.0457851029932498,-0.00226656277664,0.0354671292006969,2.127659559249878,2.4390244483947754,0.3199999928474426,0.0,0.0700000002980232,0.0,-40.30536651611328
xxxxxxxx186,CW,5,green,8.8609,9.2769,0.4159999999999986,1.481700000000001,data/not_shared/wd_audio/WD_CI/xxxxxxxx186/xxxxxxxx186_stroop_CW.wav,data/not_shared/wd_audio/WD_CI/xxxxxxxx186/xxxxxxxx186_stroop_task.wav,35.463340759277344,0.1675815284252166,33.307071685791016,38.18875503540039,39.60478210449219,6.297710418701172,0.0,0.0,-0.6489883661270142,0.0,0.382144570350647,0.5358037948608398,0.1118430346250534,0.4532266855239868,0.5812097191810608,0.4693666696548462,3.814119338989258,4.058780670166016,1.5961934328079224,0.0,0.1394736766815185,0.6114492416381836,28.596813201904297,0.111297033727169,-6.045061111450195,-1.043489933013916,39.43198776245117,0.1336297690868377,12.315470695495604,0.5089797973632812,0.0446590147912502,1.3845579624176023,0.9264909029006958,0.8019963502883911,8.806124687194824,0.7296595573425293,13.20605182647705,0.6055895686149597,4.076013565063477,1.2480443716049194,352.66619873046875,0.2898437678813934,1075.371826171875,0.081620268523693,-42.15283203125,-1.7728537321090698,1475.08642578125,0.1037519723176956,469.2217102050781,0.1136004850268364,-46.39037704467773,-0.9578880667686462,2383.6884765625,0.0830598175525665,819.2410888671875,0.0728430896997451,-31.45259666442871,-1.5488234758377075,-12.77842617034912,-0.393767237663269,20.38119506835937,0.249917522072792,0.0759714767336845,0.3048070669174194,-0.0272604506462812,-0.1831551939249038,0.178949162364006,0.3731997311115265,28.2161865234375,0.1209118068218231,-7.082226753234863,-0.9736743569374084,40.11772918701172,0.1386652290821075,11.002227783203123,0.5982862710952759,-9.348340034484863,16.650005340576172,0.0647099614143371,-0.021687589585781,0.0706992521882057,2.500000238418579,3.030303239822388,0.2899999916553497,0.0,0.0199999995529651,0.0,-34.26510238647461
xxxxxxxx186,CW,6,blue,10.2298,10.5979,0.3681000000000001,0.9528999999999996,data/not_shared/wd_audio/WD_CI/xxxxxxxx186/xxxxxxxx186_stroop_CW.wav,data/not_shared/wd_audio/WD_CI/xxxxxxxx186/xxxxxxxx186_stroop_task.wav,32.53346252441406,0.0328294299542903,31.34195327758789,32.57278060913086,33.649925231933594,2.307971954345703,15.822845458984377,0.0,27.189847946166992,0.0,0.546663224697113,0.3858150541782379,0.2936943769454956,0.6603501439094543,0.720007061958313,0.4263126850128174,3.5205156803131104,0.0,-3.578688144683838,0.0,0.1379870027303695,0.4371415078639984,36.8021240234375,0.0757183507084846,-26.24226951599121,-0.3852971196174621,5.6997270584106445,1.15674889087677,-9.884344100952148,-0.8172452449798584,0.009158500470221,0.6019919514656067,0.7951956987380981,0.6056778430938721,7.001331329345703,0.2600450813770294,3.6971919536590576,0.8376684188842773,15.377523422241213,0.3127668499946594,421.0383911132813,0.0572934448719024,1289.1405029296875,0.068631075322628,2.8043205738067627,0.9910943508148192,1377.0811767578125,0.0210862923413515,1023.9032592773438,0.1007434800267219,2.078176975250244,3.1757843494415283,2524.375244140625,0.0357273966073989,954.76513671875,0.6225211024284363,-11.08359146118164,-0.688498854637146,-5.143614292144775,-0.9586787819862366,15.807827949523926,0.2723586857318878,0.0990485623478889,0.1540340334177017,-0.0036080852150917,-2.4299676418304443,0.1566902250051498,0.3305063843727112,37.00132751464844,0.07974324375391,-27.567840576171875,-0.3854633569717407,5.376247882843018,1.2908658981323242,-10.687200546264648,-0.7968705892562866,0.0,0.0,0.0,0.0,0.0,2.857142925262451,3.4482760429382324,0.2800000011920929,0.0,0.0,0.0,-38.82998275756836
xxxxxxxx186,CW,7,yellow,11.1427,11.6964,0.553700000000001,0.5448000000000004,data/not_shared/wd_audio/WD_CI/xxxxxxxx186/xxxxxxxx186_stroop_CW.wav,data/not_shared/wd_audio/WD_CI/xxxxxxxx186/xxxxxxxx186_stroop_task.wav,27.726043701171875,0.2059565037488937,21.496700286865234,30.069238662719727,31.7408390045166,10.244138717651367,82.53300476074219,42.7923583984375,19.912044525146484,0.0,0.2536218762397766,0.4651224017143249,0.1512524187564849,0.2237418889999389,0.4182272553443908,0.2669748365879059,0.1707807183265686,1.1262733936309814,1.025295972824097,0.1352196037769317,0.0891511514782905,0.7228034138679504,32.65679168701172,0.502009928226471,20.501558303833008,0.9044692516326904,4.706908226013184,1.2523257732391355,-32.70372772216797,-0.3633362352848053,0.0247324518859386,1.4374538660049438,0.7615934610366821,0.9732266664505004,4.503393650054932,1.3248130083084106,-0.4866009950637817,-51.19245910644531,23.641889572143555,1.1842026710510254,449.4277038574219,0.3169269859790802,1323.2891845703125,0.1584925949573516,-14.099994659423828,-3.087249755859375,1367.8328857421875,0.2050516158342361,1064.0699462890625,0.1828407645225525,-29.379566192626957,-1.347780466079712,2707.99609375,0.0609064251184463,506.648681640625,0.4787967503070831,-36.319129943847656,-1.0078045129776,-17.586715698242188,-0.4059690535068512,24.211915969848636,0.2742281854152679,0.076226957142353,0.3960943222045898,-0.0438319407403469,-0.3070602715015411,0.0974934995174408,0.7070633769035339,33.09551239013672,0.470318466424942,19.404865264892575,0.9689491391181946,4.309571743011475,1.4452062845230105,-35.107906341552734,-0.3296269476413727,-9.290169715881348,11.65653133392334,0.0773607566952705,-0.0338290445506572,0.0291016269475221,1.8518519401550293,4.1666669845581055,0.2149999886751175,0.0949999988079071,0.0199999995529651,0.0,-42.2510986328125
xxxxxxxx186,CW,8,red,12.0875,12.6343,0.5467999999999993,0.3910999999999998,data/not_shared/wd_audio/WD_CI/xxxxxxxx186/xxxxxxxx186_stroop_CW.wav,data/not_shared/wd_audio/WD_CI/xxxxxxxx186/xxxxxxxx186_stroop_task.wav,30.070104598999023,0.0448669642210006,28.79266357421875,29.60793876647949,31.770545959472656,2.9778823852539062,14.403916358947754,0.0,-83.38060760498047,90.88182067871094,0.258289486169815,0.3626437783241272,0.2020308375358581,0.2237831801176071,0.3799416720867157,0.1779108345508575,0.6711990237236023,0.8588395118713379,0.8918079137802124,0.3120714426040649,0.0773186609148979,0.5378567576408386,30.709630966186523,0.5104955434799194,20.628177642822266,0.2330044209957122,6.912903785705566,1.8348692655563357,-40.67757797241211,-0.4314074218273163,0.0292839668691158,1.839145541191101,0.7797339558601379,0.9813022613525392,7.912970542907715,0.3992943465709686,1.944496989250183,3.765488862991333,24.778057098388672,0.4921093285083771,799.8887939453125,0.1191517114639282,1155.29296875,0.1467553973197937,-60.10105895996094,-1.4635241031646729,2156.167724609375,0.124290607869625,848.4659423828125,0.8200021386146545,-74.23101806640625,-1.036074161529541,3064.884765625,0.0749336332082748,824.3743286132812,0.5309693217277527,-70.02925109863281,-1.130750060081482,-22.519920349121094,-0.3113876283168793,24.64172744750977,0.3660365641117096,0.0934538766741752,0.1946159303188324,-0.0579413399100303,-0.2318920642137527,0.0859858244657516,0.5673397183418274,36.07388687133789,0.3404008150100708,20.274118423461918,0.2561343610286712,10.11276149749756,1.0496971607208252,-46.42433166503906,-0.3709250092506408,-11.49480152130127,14.019135475158691,0.0333868078887462,-0.0387816987931728,0.0671642646193504,3.773585081100464,2.127659559249878,0.3299999833106994,0.0,0.1199999973177909,0.0,-42.09432220458984
xxxxxxxx186,CW,9,green,13.201,13.654,0.4529999999999994,0.5667000000000009,data/not_shared/wd_audio/WD_CI/xxxxxxxx186/xxxxxxxx186_stroop_CW.wav,data/not_shared/wd_audio/WD_CI/xxxxxxxx186/xxxxxxxx186_stroop_task.wav,35.43270492553711,0.1583440005779266,33.60740661621094,37.82120132446289,38.95906066894531,5.351654052734375,26.897499084472656,0.0,-136.0437774658203,0.0,0.3114177882671356,0.6215533018112183,0.0865165144205093,0.3451390266418457,0.5172970294952393,0.4307805299758911,4.529420375823975,0.0,-1.6154581308364868,0.0,0.1078619211912155,0.6419405937194824,30.52857208251953,0.1280105859041214,-3.999524593353272,-2.232534646987915,36.49943161010742,0.175453633069992,15.41830062866211,0.3608968555927276,0.0369648076593875,1.7836841344833374,0.8978186249732971,1.0617563724517822,8.440705299377441,0.7404897212982178,15.960046768188477,0.4155767858028412,6.281498432159424,0.8665632605552673,411.24322509765625,0.4826923012733459,1157.7022705078125,0.1145697832107544,-86.95085144042969,-1.0476062297821045,1538.902587890625,0.1490549594163894,601.0006713867188,0.2223244458436966,-71.46414184570312,-0.971668541431427,2438.6650390625,0.1230368390679359,873.0813598632812,0.1121566668152809,-59.46446990966797,-1.2767410278320312,-14.760966300964355,-0.5357977747917175,20.93167304992676,0.4065893888473511,0.0809981226921081,0.2255636751651764,-0.0232740342617034,-0.2122602015733719,0.1503426134586334,0.288811981678009,30.77382469177246,0.1513523608446121,-6.072652339935303,-1.6899449825286863,37.88410186767578,0.1601146161556244,15.09643840789795,0.4366686940193176,-12.42359447479248,16.65764617919922,0.0495159663259983,-0.0207173842936754,0.0494097582995891,2.2727272510528564,2.6315789222717285,0.2800000011920929,0.0,0.0799999982118606,0.0,-37.152530670166016
xxxxxxxx186,CW,10,red,15.5058,17.0014,1.4955999999999996,1.8518000000000008,data/not_shared/wd_audio/WD_CI/xxxxxxxx186/xxxxxxxx186_stroop_CW.wav,data/not_shared/wd_audio/WD_CI/xxxxxxxx186/xxxxxxxx186_stroop_task.wav,29.769018173217773,0.0713198259472847,27.70089530944824,29.614233016967773,32.021697998046875,4.320802688598633,219.30767822265625,213.0814208984375,10.051966667175291,5.1363139152526855,0.19948510825634,0.8328531384468079,0.030504010617733,0.1639598906040191,0.355193942785263,0.3246899247169494,1.4174028635025024,1.464083194732666,0.9147210121154784,0.0849562883377075,0.0612193495035171,1.100664138793945,32.025028228759766,0.3869255185127258,9.769911766052246,1.5538419485092163,2.2966558933258057,5.840879917144775,-11.635436058044434,-1.632307529449463,0.010215769521892,0.8523169755935669,0.8833467364311218,0.6330437064170837,7.396366596221924,0.4657771587371826,5.154869079589844,1.7023186683654783,26.424365997314453,0.4023896157741546,457.25048828125,0.2685938775539398,1316.3203125,0.1159392595291137,-105.34561157226562,-0.9186050295829772,1361.75634765625,0.1993168145418167,1061.768798828125,0.2430742681026458,-109.5987319946289,-0.8316097855567932,2534.331787109375,0.0957939550280571,583.2986450195312,0.407337337732315,-113.48345184326172,-0.7656744122505188,-17.748571395874023,-0.5877152681350708,25.92832565307617,0.3205944299697876,0.0849395841360092,0.3602012693881988,-0.0308391731232404,-0.720755398273468,0.1103424504399299,0.6945788264274597,38.765567779541016,0.2281219959259033,10.76297664642334,1.906309962272644,5.15045976638794,2.983999729156494,-17.72311019897461,-1.001294493675232,-12.330612182617188,22.55951690673828,-0.0011983583681285,-0.0139119615778326,0.0137200774624943,1.3513513803482056,1.408450722694397,0.3449999988079071,0.0249999985098838,0.699999988079071,0.0,-42.32170104980469
xxxxxxxx186,CW,11,red,17.4972,17.8305,0.3333000000000012,0.4957999999999991,data/not_shared/wd_audio/WD_CI/xxxxxxxx186/xxxxxxxx186_stroop_CW.wav,data/not_shared/wd_audio/WD_CI/xxxxxxxx186/xxxxxxxx186_stroop_task.wav,28.17154312133789,0.051616333425045,26.37813186645508,28.58905029296875,29.65669250488281,3.2785606384277344,0.0,0.0,-0.3371988236904144,0.0,0.1046762391924858,0.3506442010402679,0.0614262297749519,0.1065601706504821,0.1353592723608017,0.0739330425858497,0.7679541707038879,0.4662587642669678,0.9866864085197448,0.4464766681194305,0.0437690764665603,0.825555682182312,21.46538543701172,0.6336268186569214,30.28676986694336,0.3085543215274811,8.399650573730469,0.6086273789405823,-15.946393013000488,-0.674022376537323,0.1835047155618667,0.3777344226837158,1.8799000978469849,0.8625278472900391,-1.0982532501220703,-2.2444119453430176,-8.461565017700195,-0.6010795831680298,24.764333724975582,0.3302411735057831,624.1675415039062,0.1925400793552398,1182.8153076171875,0.1130620911717414,-126.32500457763672,-0.6591203808784485,1889.205810546875,0.1084868162870407,1533.77294921875,0.4226716458797455,-137.54307556152344,-0.5157372951507568,2760.214599609375,0.0545003451406955,284.402587890625,0.4064359068870544,-132.07737731933594,-0.5877363681793213,-27.419958114624023,-0.2666268646717071,30.862354278564453,0.2329302132129669,0.0908311530947685,0.4212031662464142,-0.0428855828940868,-0.1786572337150573,0.0866312533617019,0.3011302053928375,28.39840507507324,0.3515170812606811,37.28680419921875,0.2250439375638961,12.535056114196776,0.2556578516960144,-21.16280746459961,-0.4812395274639129,-14.728602409362791,16.719905853271484,0.0623470358550548,-0.0282819233834743,0.0348256938159465,9.375,3.846153974533081,0.0700000002980232,0.0,0.0700000002980232,0.0399999991059303,-50.71882629394531
xxxxxxxx186,CW,12,blue,18.8831,19.2852,0.4021000000000008,1.0525999999999982,data/not_shared/wd_audio/WD_CI/xxxxxxxx186/xxxxxxxx186_stroop_CW.wav,data/not_shared/wd_audio/WD_CI/xxxxxxxx186/xxxxxxxx186_stroop_task.wav,30.69458770751953,0.0426220633089542,29.586315155029297,30.663753509521484,31.94711303710937,2.360797882080078,19.864822387695312,0.0,-65.35791778564453,60.78854370117188,0.416095107793808,0.4782809913158417,0.1872241497039795,0.4922903776168823,0.6065555214881897,0.4193313717842102,4.929322719573975,0.0,-1.9057408571243288,0.0,0.1074586436152458,0.5213999152183533,39.54359817504883,0.0472265817224979,-16.70232391357422,-0.593026340007782,8.836670875549316,0.4792187809944153,-14.325713157653809,-0.8328156471252441,0.0078639360144734,0.4384573996067047,0.7618381977081299,0.4934194386005401,6.4334716796875,0.3270314633846283,4.023428440093994,0.4783933162689209,17.11261558532715,0.393704354763031,436.5046081542969,0.1856458485126495,1214.9906005859375,0.1379243433475494,0.3555842041969299,12.235814094543455,1372.9053955078125,0.0714124366641044,917.1260375976562,0.1218158155679702,-2.9332103729248047,-2.8811347484588623,2592.610595703125,0.0185216888785362,684.2150268554688,0.4690346419811249,-14.03894329071045,-0.5677053332328796,-7.816769599914551,-0.5724590420722961,17.622350692749023,0.2728796005249023,0.0948529690504074,0.1336123496294021,-0.0075501902028918,-1.340468406677246,0.1265087872743606,0.3711715042591095,39.65948486328125,0.0507033206522464,-18.83553695678711,-0.5140910744667053,8.71838092803955,0.4660447239875793,-17.656225204467773,-0.5771901607513428,0.0,0.0,0.0,0.0,0.0,2.5641026496887207,3.125,0.3100000023841858,0.0,0.0,0.0,-40.57366943359375
xxxxxxxx194,C,1,red,2.2538,2.9044,0.6505999999999998,2.2538,data/not_shared/wd_audio/WD_CI/xxxxxxxx194/xxxxxxxx194_stroop_C.wav,data/not_shared/wd_audio/WD_CI/xxxxxxxx194/xxxxxxxx194_stroop_task.wav,34.83309555053711,0.0521991439163684,33.147056579589844,35.42618942260742,36.53949737548828,3.392440795898437,15.552881240844728,0.0,-7.518359661102295,0.0,0.7927834987640381,0.1926182061433792,0.7005026936531067,0.7674569487571716,0.9439465999603271,0.2434439063072204,1.5309152603149414,1.5231966972351074,1.8836114406585691,0.5260511040687561,0.3012905716896057,0.4307906329631805,33.205284118652344,0.1510894149541854,0.1149737611413002,79.77323913574219,21.705303192138672,0.1816016137599945,-5.729501724243164,-1.3588207960128784,0.0123515464365482,0.7604409456253052,0.7395768165588379,0.6004360318183899,11.49184226989746,0.1882601082324981,14.211392402648926,0.4982040822505951,23.892030715942383,0.2576216161251068,863.192138671875,0.3049535453319549,1261.0150146484375,0.1438695639371872,-20.17350196838379,-0.2708747982978821,1958.0831298828125,0.1518897116184234,873.7418212890625,0.2907205820083618,-24.912939071655277,-0.2050083726644516,3069.28515625,0.1218763813376426,975.969482421875,0.5056361556053162,-31.049713134765625,-0.1893990635871887,-17.90163803100586,-0.2267247140407562,23.616662979125977,0.1949593126773834,0.0943376570940017,0.1667661666870117,-0.0111874025315046,-1.806490778923035,0.3183452785015106,0.3952063322067261,33.10601806640625,0.1587221175432205,-0.0160501766949892,-597.328857421875,21.1998233795166,0.1725749671459198,-5.0781073570251465,-1.5518447160720823,0.0,0.0,0.0,0.0,0.0,3.125,1.7241380214691162,0.5699999928474426,0.0,0.0,0.0,-27.693565368652344
xxxxxxxx194,C,2,yellow,3.069,6.6239,3.5549,0.1646,data/not_shared/wd_audio/WD_CI/xxxxxxxx194/xxxxxxxx194_stroop_C.wav,data/not_shared/wd_audio/WD_CI/xxxxxxxx194/xxxxxxxx194_stroop_task.wav,34.94123077392578,0.0702321380376815,33.2671012878418,34.606868743896484,36.46757888793945,3.200477600097656,24.159950256347656,19.88729476928711,30.23015022277832,30.446388244628903,0.6587112545967102,0.9060547947883606,0.1098532751202583,0.4268335998058319,1.0914156436920166,0.9815623760223388,5.786326408386231,2.387810707092285,2.524810314178467,0.7294158935546875,0.2315545827150344,1.0266224145889282,34.108036041259766,0.1685051918029785,-6.893815040588379,-2.46085262298584,15.248459815979004,0.7814612984657288,-1.6956146955490112,-12.02458381652832,0.0190378781408071,2.2040011882781982,0.8467954993247986,0.7976406216621399,10.219612121582031,0.2750200927257538,7.249607563018799,1.4810913801193235,17.809429168701172,0.3668884932994842,592.5908813476562,0.4510436058044433,1308.7423095703125,0.1807587593793869,-44.3120002746582,-1.4456968307495115,1592.512451171875,0.1915599405765533,990.3528442382812,0.2576192319393158,-43.262054443359375,-1.3006433248519895,2652.6123046875,0.1220521405339241,959.5050659179688,0.3762575984001159,-48.88468933105469,-1.0922276973724363,-15.247570991516112,-0.5618621706962585,25.096176147460938,0.3164089620113373,0.0572437085211277,0.5951094627380371,-0.0120408991351723,-1.084035038948059,0.2641541063785553,0.9121935963630676,35.45245742797852,0.1278054565191269,-9.428754806518556,-1.7548362016677856,15.474817276000977,0.8125025629997253,-4.989614486694336,-3.9855570793151855,-18.75749969482422,30.795589447021484,-0.0185056310147047,-0.0020256589632481,0.0198752433061599,1.1299434900283811,1.7241379022598269,0.5016666650772095,0.3530541062355041,0.0874999985098838,0.0892678499221801,-29.97252655029297
xxxxxxxx194,C,3,red,7.3493,8.9167,1.5674,0.7254000000000005,data/not_shared/wd_audio/WD_CI/xxxxxxxx194/xxxxxxxx194_stroop_C.wav,data/not_shared/wd_audio/WD_CI/xxxxxxxx194/xxxxxxxx194_stroop_task.wav,32.59000015258789,0.0368236638605594,31.94904899597168,32.70442199707031,33.91236877441406,1.9633197784423828,11.552131652832031,7.368922710418701,14.24090576171875,7.787413597106934,0.5945206880569458,1.1422041654586792,0.0612163990736007,0.1870069354772567,1.3639991283416748,1.3027827739715576,-1.023446798324585,2.0018866062164307,2.8948936462402344,0.0,0.1596862524747848,1.170506238937378,30.693342208862305,0.3336903154850006,-2.741194725036621,-5.202013969421387,6.355510711669922,1.422109842300415,-7.114647388458252,-3.545872926712036,0.0079811429604887,1.2882046699523926,1.0351290702819824,1.240346908569336,10.368202209472656,0.1891379505395889,-3.9609878063201904,-2.2212724685668945,18.952621459960938,0.550085186958313,449.4465942382813,0.249577447772026,1321.3441162109375,0.1772459298372268,-94.80671691894533,-0.9964494705200196,1351.24609375,0.1652311980724334,1045.1458740234375,0.1949087381362915,-91.76384735107422,-1.028814435005188,2564.5087890625,0.0508099608123302,765.9979858398438,0.4112767577171325,-101.42163848876952,-0.8456806540489197,-12.175095558166504,-0.8235325813293457,24.667675018310547,0.3327332139015198,0.0543571151793003,0.3731008172035217,-0.0168622750788927,-0.8194825649261475,0.2744512259960174,0.6742355227470398,38.39155960083008,0.1349881291389465,-7.053408145904541,-2.317061424255371,6.247881889343262,1.830815672874451,-22.55587387084961,-0.9534860849380492,-11.355998039245604,20.8448429107666,-0.0184627100825309,-0.0030661944765597,0.0115038407966494,0.6451613306999207,1.3422818183898926,0.4149999916553497,0.2649999856948852,0.6299999952316284,0.0,-29.913293838500977
xxxxxxxx194,C,4,yellow,9.7648,10.2627,0.4979000000000013,0.8480999999999987,data/not_shared/wd_audio/WD_CI/xxxxxxxx194/xxxxxxxx194_stroop_C.wav,data/not_shared/wd_audio/WD_CI/xxxxxxxx194/xxxxxxxx194_stroop_task.wav,32.83375930786133,0.0344203636050224,31.75663375854492,32.887001037597656,34.121543884277344,2.364910125732422,10.363649368286133,0.0,-11.537043571472168,0.0,0.7631593346595764,0.3321114778518677,0.4795227348804474,0.8369283080101013,1.015826940536499,0.536304235458374,4.787701606750488,3.855145931243897,1.8157330751419067,0.0,0.3345968127250671,0.4567919373512268,37.48432159423828,0.0702638402581214,-0.4068417549133301,-18.38409423828125,17.403579711914062,0.3576714992523193,-36.682411193847656,-0.3590258061885834,0.013541524298489,1.3399176597595217,1.2666025161743164,0.9482181072235109,8.40882396697998,0.2295555472373962,-5.566878795623779,-0.6887333393096924,15.886406898498535,0.2541093230247497,671.862060546875,0.3380301594734192,1263.31640625,0.166896104812622,-7.230154037475586,-0.7263543605804443,1755.263916015625,0.2498642057180404,890.4464111328125,0.3327490389347076,-19.412586212158203,-0.3426368534564972,2865.677978515625,0.1275036931037902,563.93408203125,0.2383025139570236,-21.25489044189453,-0.2992594540119171,-15.964262962341309,-0.2450044453144073,20.81409072875977,0.2609538733959198,0.0765710175037384,0.2322652637958526,-0.0379238240420818,-0.3149958848953247,0.3728347420692444,0.3893929421901703,37.30893707275391,0.0704806149005889,-1.3158267736434937,-5.47706937789917,16.041461944580078,0.3365082144737243,-39.0557746887207,-0.3162657618522644,0.0,0.0,0.0,0.0,0.0,2.0833334922790527,2.3809523582458496,0.4099999964237213,0.0,0.0,0.0,-30.697797775268555
xxxxxxxx194,C,5,red,10.3704,10.9002,0.5297999999999998,0.1076999999999994,data/not_shared/wd_audio/WD_CI/xxxxxxxx194/xxxxxxxx194_stroop_C.wav,data/not_shared/wd_audio/WD_CI/xxxxxxxx194/xxxxxxxx194_stroop_task.wav,32.75334548950195,0.042715698480606,31.11400032043457,33.44929504394531,33.78541946411133,2.671419143676758,9.838339805603027,4.435588836669922,7.558250904083252,0.0,0.4886844456195831,0.4675098359584808,0.2169156819581985,0.4808234274387359,0.6983092427253723,0.4813935756683349,3.4932868480682373,2.431246519088745,2.1329901218414307,0.0,0.1796065717935562,0.6991215348243713,32.916622161865234,0.1587276458740234,3.926388502120972,1.8283625841140747,15.616714477539062,0.4161227941513061,-2.373041868209839,-4.404632568359375,0.0154069745913147,1.4674351215362549,1.0556775331497192,0.6313696503639221,9.032415390014648,0.298444539308548,-3.4361088275909424,-0.9368748068809508,16.73896598815918,0.2670498490333557,719.6100463867188,0.2804042100906372,1290.793212890625,0.1191764622926712,-17.01835060119629,-0.5848219394683838,1722.2403564453125,0.1336099803447723,1114.3726806640625,0.1468239575624466,-26.649747848510746,-0.2419995963573455,2647.679443359375,0.0699409320950508,793.2943725585938,0.2088295966386795,-28.11154556274414,-0.1442760080099105,-17.13918685913086,-0.2374526858329773,24.93164825439453,0.1380272954702377,0.0488717816770076,0.6061232686042786,-0.0217551160603761,-0.5471993088722229,0.2030762583017349,0.5894209742546082,33.95759582519531,0.1357858628034591,2.3982386589050293,2.585564613342285,15.164847373962402,0.4413192570209503,-3.844757556915283,-2.6045494079589844,0.0,0.0,0.0,0.0,0.0,1.9607843160629272,2.222222328186035,0.4399999976158142,0.0,0.0,0.0,-34.70734405517578
xxxxxxxx194,C,6,yellow,11.5408,13.0553,1.5145,0.640600000000001,data/not_shared/wd_audio/WD_CI/xxxxxxxx194/xxxxxxxx194_stroop_C.wav,data/not_shared/wd_audio/WD_CI/xxxxxxxx194/xxxxxxxx194_stroop_task.wav,31.093271255493164,0.0633084625005722,29.08511734008789,30.65699005126953,33.2979850769043,4.212867736816406,16.095806121826172,10.46173858642578,27.51079368591309,23.13161277770996,0.4691822826862335,0.5382106900215149,0.1816513538360595,0.4967555105686188,0.729189932346344,0.5475385785102844,1.8943397998809812,1.0684196949005127,1.6749674081802368,0.4077908098697662,0.2086595147848129,0.6420539617538452,40.72178649902344,0.0928409174084663,9.143684387207031,1.425406813621521,12.281255722045898,0.7136973738670349,-22.90569877624512,-0.9662120938301086,0.0174273233860731,1.0275607109069824,1.1299728155136108,0.6220788955688477,6.3721795082092285,0.6993128657341003,-0.3072858154773712,-25.65596389770508,25.503456115722656,0.3528901934623718,590.5581665039062,0.403915137052536,1362.07666015625,0.1609973758459091,-11.415125846862791,-0.8051328063011169,1529.6119384765625,0.2675499022006988,1030.58740234375,0.2723906636238098,-23.81134414672852,-0.5125569105148315,2756.64599609375,0.1095777451992034,730.9204711914062,0.6524763107299805,-33.79353332519531,-0.2599151134490967,-21.20673179626465,-0.3127744793891907,29.065093994140625,0.2700483798980713,0.0529062785208225,0.4830550849437713,-0.035275112837553,-0.5783530473709106,0.2174054831266403,0.603629469871521,40.815673828125,0.0937555581331253,8.89690113067627,1.488443374633789,11.857782363891602,0.7325873374938965,-24.390567779541016,-0.874386191368103,0.0,0.0,0.0,0.0,0.0,2.0,0.694444477558136,1.4299999475479126,0.0,0.0,0.0,-34.190975189208984
xxxxxxxx194,C,7,red,13.6061,14.8054,1.199300000000001,0.5507999999999988,data/not_shared/wd_audio/WD_CI/xxxxxxxx194/xxxxxxxx194_stroop_C.wav,data/not_shared/wd_audio/WD_CI/xxxxxxxx194/xxxxxxxx194_stroop_task.wav,34.76396942138672,0.0596417747437953,33.23820114135742,34.08787536621094,37.391578674316406,4.153377532958984,14.661075592041016,5.7940673828125,-2.246094226837158,7.305363655090332,0.5951959490776062,0.5240529775619507,0.2790753841400146,0.6123044490814209,0.8833582997322083,0.6042829155921936,7.017564296722412,1.370203971862793,-0.0435077361762523,2.2493155002593994,0.2250469028949737,0.657471239566803,36.24388885498047,0.1066259518265724,-4.266923904418945,-2.861539602279663,16.994470596313477,0.6719355583190918,-1.607375979423523,-9.32704734802246,0.0122571429237723,1.2173259258270264,0.7730287909507751,0.8720966577529907,10.958637237548828,0.2297568172216415,6.675654411315918,1.1910277605056765,17.117692947387695,0.3330785632133484,748.3045043945312,0.3619217276573181,1361.912109375,0.1715319454669952,-22.59286499023437,-0.5113135576248169,1738.014404296875,0.1932499855756759,1167.55029296875,0.4031965136528015,-25.63075256347656,-0.3734937608242035,2665.165771484375,0.0911914333701133,1161.5059814453125,0.4763180613517761,-30.101150512695312,-0.255319207906723,-17.946165084838867,-0.3482774794101715,26.721698760986328,0.216650977730751,0.0559797585010528,0.5649846196174622,-0.0142997521907091,-1.0304051637649536,0.2101615965366363,0.6545550227165222,36.31683349609375,0.1098665371537208,-3.455559015274048,-3.5373873710632324,18.56876564025879,0.5458492636680603,-0.8901052474975586,-17.1086483001709,0.0,0.0,0.0,0.0,0.0,2.542372941970825,0.9090908765792848,1.090000033378601,0.0,0.0,0.0,-31.17161750793457
xxxxxxxx194,W,1,red,1.52,2.1511,0.6311,1.52,data/not_shared/wd_audio/WD_CI/xxxxxxxx194/xxxxxxxx194_stroop_W.wav,data/not_shared/wd_audio/WD_CI/xxxxxxxx194/xxxxxxxx194_stroop_task.wav,33.01871109008789,0.0598006397485733,31.181360244750977,33.81743621826172,35.0805549621582,3.8991947174072266,15.936590194702148,0.0,-10.791499137878418,0.0,0.7355960011482239,0.2961179912090301,0.5659829378128052,0.7736921310424805,0.9430252313613892,0.377042293548584,6.370550632476807,3.730409383773804,-0.2340254783630371,1.924294590950012,0.354773610830307,0.5200074911117554,35.542049407958984,0.1218954920768737,-0.3248193264007568,-18.310991287231445,14.478416442871094,0.5371572971343994,-15.3326997756958,-1.059422254562378,0.0248015522956848,0.8945367336273193,1.1175984144210815,0.5827344059944153,7.051130294799805,0.6164586544036865,4.487985610961914,1.7746100425720217,23.39118766784668,0.36299529671669,867.5745849609375,0.2025518715381622,1174.0140380859375,0.1306119114160537,-13.72373390197754,-0.6898028254508972,1941.92578125,0.1097008511424064,905.0519409179688,0.1548399329185485,-24.263330459594727,-0.178764671087265,2945.810546875,0.0583459064364433,711.8301391601562,0.2149077355861663,-28.5938663482666,-0.0885920375585556,-17.17991065979004,-0.1715897321701049,25.09580612182617,0.1316455900669098,0.085019551217556,0.166947916150093,-0.0231906492263078,-0.9156724214553832,0.3848542273044586,0.4564295411109924,35.4212760925293,0.1261400729417801,-0.992508351802826,-5.820550441741943,13.363542556762695,0.5430954694747925,-17.597354888916016,-0.87522292137146,0.0,0.0,0.0,0.0,0.0,3.225806474685669,1.7857142686843872,0.550000011920929,0.0,0.0,0.0,-30.31265640258789
xxxxxxxx194,W,2,red,2.4005,4.0578,1.6573000000000002,0.2494,data/not_shared/wd_audio/WD_CI/xxxxxxxx194/xxxxxxxx194_stroop_W.wav,data/not_shared/wd_audio/WD_CI/xxxxxxxx194/xxxxxxxx194_stroop_task.wav,33.376853942871094,0.1429038047790527,32.10574722290039,34.004146575927734,36.479034423828125,4.373287200927734,77.99810028076172,69.08655548095703,-36.99195098876953,76.63665008544922,0.5499953627586365,0.7268885970115662,0.1253414303064346,0.530360221862793,0.8450510501861572,0.7197096347808838,2.314275026321411,1.146480917930603,2.284238815307617,0.6353156566619873,0.2007697075605392,0.7468824982643127,33.585044860839844,0.1585520207881927,-0.5431203246116638,-27.642179489135746,23.4288272857666,0.3673179149627685,4.519357681274414,3.046459436416626,0.0398087091743946,2.544626951217652,0.7409092783927917,0.5258230566978455,9.481733322143556,0.4370213747024536,9.010261535644531,0.9379848837852478,19.642915725708008,0.4217076897621155,594.7540893554688,0.4650858342647552,1328.4124755859375,0.1366814523935318,-39.26051712036133,-1.5734021663665771,1606.166259765625,0.1713085323572158,1015.5805053710938,0.3600643277168274,-43.48134231567383,-1.219529390335083,2557.07568359375,0.0851245298981666,921.1781005859376,0.2324838191270828,-45.43196487426758,-1.1508474349975586,-18.48436737060547,-0.4533242881298065,25.957822799682617,0.3681571781635284,0.0746789425611496,0.3999685645103454,-0.0131833925843238,-0.990728497505188,0.2305172681808471,0.6132902503013611,34.46305465698242,0.1420598775148391,-1.7467398643493652,-8.989194869995117,24.717660903930664,0.3430917859077453,4.3121256828308105,3.409438371658325,-17.235315322875977,27.0251522064209,0.0305904429405927,-0.0156052056699991,0.0223444811999797,1.2195122241973877,0.6329114437103271,1.409999966621399,0.0,0.1499999910593032,0.0,-31.865795135498047
xxxxxxxx194,W,3,red,4.1645,7.3214,3.1569,0.1067,data/not_shared/wd_audio/WD_CI/xxxxxxxx194/xxxxxxxx194_stroop_W.wav,data/not_shared/wd_audio/WD_CI/xxxxxxxx194/xxxxxxxx194_stroop_task.wav,32.27104568481445,0.1633300930261612,30.645214080810547,32.55342102050781,34.977203369140625,4.331989288330078,82.1668930053711,70.8714828491211,101.46354675292967,100.9002685546875,0.5674257278442383,0.9594578742980956,0.1208431869745254,0.3712485432624817,1.007638692855835,0.8867955207824707,4.6547465324401855,3.575506687164306,2.1566591262817383,0.4948802292346954,0.1802267879247665,0.933399736881256,36.66031265258789,0.1335217356681823,-1.936234712600708,-8.11379337310791,14.584497451782228,0.6891356706619263,-12.238818168640137,-1.4893230199813845,0.0181852411478757,2.023631811141968,0.9403238892555236,0.7798709869384766,8.1853666305542,0.5426157116889954,6.897663116455078,1.5978293418884275,22.50536155700684,0.3730299472808838,591.1510009765625,0.3877421617507934,1318.3677978515625,0.1920229196548462,-38.32682800292969,-1.728706121444702,1600.93408203125,0.1991861164569854,987.9284057617188,0.3003181219100952,-41.93585586547852,-1.381114840507507,2666.183837890625,0.1166104897856712,881.9122314453125,0.4106794893741607,-47.94511032104492,-1.153828263282776,-16.05169105529785,-0.5440298318862915,25.455490112304688,0.3413999378681183,0.0631750524044036,0.4335118234157562,-0.0198487527668476,-0.7222372889518738,0.2055558115243911,0.8228781223297119,36.99607849121094,0.1273619383573532,-3.6915926933288574,-4.371232986450195,15.327250480651855,0.6748188138008118,-14.339184761047363,-1.304981708526611,-19.29429626464844,32.41969680786133,0.0266944579780101,-0.0100366221740841,0.0233066044747829,1.2738853693008425,1.6233766078948977,0.5299999713897705,0.1872965544462204,0.0850000008940696,0.0415331162512302,-32.10161209106445
xxxxxxxx194,W,4,red,7.3593,7.8601,0.5007999999999999,0.0379000000000004,data/not_shared/wd_audio/WD_CI/xxxxxxxx194/xxxxxxxx194_stroop_W.wav,data/not_shared/wd_audio/WD_CI/xxxxxxxx194/xxxxxxxx194_stroop_task.wav,28.03680419921875,0.1325501650571823,27.483287811279297,27.81524658203125,31.18852996826172,3.705242156982422,135.12252807617188,0.0,-7.211749076843262,0.0,0.1057669818401336,0.4561939239501953,0.0636278912425041,0.09623584151268,0.1367723792791366,0.0731444880366325,2.7688565254211426,0.9865033030509948,0.3488292396068573,0.4986422955989837,0.0377710238099098,0.7610502243041992,36.76324844360352,0.1865899115800857,2.594889879226685,2.810235023498535,8.766952514648438,0.9918291568756104,3.388624429702759,2.1988885402679443,0.0306362248957157,0.2217813432216644,4.05251407623291,0.5141605138778687,0.987129807472229,5.256010055541992,7.671596527099609,1.3439804315567017,28.790340423583984,0.2187079191207885,532.7393798828125,0.3713871538639068,1641.318359375,0.1952997893095016,-119.83135223388672,-0.73173987865448,1444.5325927734375,0.1639842689037323,1248.8160400390625,0.1852993965148925,-120.415283203125,-0.6835363507270813,2528.568359375,0.0880653858184814,924.4154663085938,0.1956624835729599,-124.17401885986328,-0.6313984394073486,-17.754375457763672,-0.2774392664432525,28.42157745361328,0.1758414357900619,0.0492515042424202,0.5167810320854187,-0.0154043296352028,-0.7138686776161194,0.0624886602163314,0.4965868890285492,39.74660873413086,0.1702080816030502,0.3571821451187134,24.4824275970459,10.261185646057127,1.0909457206726074,0.6073464751243591,12.822875022888184,-15.299667358398438,28.96263313293457,0.0027872123755514,-0.0064191659912467,0.0243276171386241,4.081632614135742,4.651163101196289,0.0799999982118606,0.0,0.1099999994039535,0.0399999991059303,-52.27212142944336
xxxxxxxx194,W,5,red,9.0205,9.7478,0.7272999999999996,1.1604,data/not_shared/wd_audio/WD_CI/xxxxxxxx194/xxxxxxxx194_stroop_W.wav,data/not_shared/wd_audio/WD_CI/xxxxxxxx194/xxxxxxxx194_stroop_task.wav,32.22964859008789,0.0208479817956686,31.805469512939453,32.28669357299805,32.84322738647461,1.0377578735351562,10.6157865524292,2.666681289672852,4.496147632598877,4.334050178527832,1.0400344133377075,0.4865674376487732,0.3750245273113251,1.2930816411972046,1.471453309059143,1.0964287519454956,6.161868572235107,2.297970056533813,1.792617678642273,3.423135757446289,0.4443157911300659,0.6299503445625305,36.02208709716797,0.0868212878704071,-13.424630165100098,-0.7549930214881897,3.664239406585693,3.790537118911743,-18.569589614868164,-0.7999076843261719,0.0209381133317947,1.0261852741241455,1.0845211744308472,0.7681757211685181,5.181845664978027,0.8024731278419495,3.827234268188477,1.965997815132141,20.406455993652344,0.2318246513605117,538.6435546875,0.3952712118625641,1392.88818359375,0.1262219548225402,-4.474974155426025,-1.822659611701965,1423.8909912109375,0.1702267378568649,1124.5982666015625,0.1257334649562835,-5.822018623352051,-2.0481820106506348,2525.52392578125,0.0944379642605781,1164.863037109375,0.4080151319503784,-23.359792709350582,-0.3393473923206329,-6.124911308288574,-1.0078872442245483,20.615442276000977,0.2424199730157852,0.0738884359598159,0.308836817741394,-0.0066185086034238,-1.0992145538330078,0.4862399995326996,0.5405066013336182,35.81377029418945,0.0886357203125953,-15.072514533996582,-0.5924630165100098,3.876600742340088,3.7391550540924072,-19.5478515625,-0.7750514149665833,0.0,0.0,0.0,0.0,0.0,4.2253522872924805,1.5384615659713743,0.6399999856948853,0.0,0.0,0.0,-28.898080825805664
xxxxxxxx194,W,6,red,10.4762,13.1052,2.629,0.7284000000000006,data/not_shared/wd_audio/WD_CI/xxxxxxxx194/xxxxxxxx194_stroop_W.wav,data/not_shared/wd_audio/WD_CI/xxxxxxxx194/xxxxxxxx194_stroop_task.wav,31.54413604736328,0.1629439443349838,29.66483688354492,32.13051986694336,34.12175750732422,4.456920623779297,132.4865264892578,151.67758178710938,110.01325225830078,85.7313003540039,0.5474779605865479,0.7296351194381714,0.1931414604187011,0.4838979542255401,0.8213427662849426,0.6282013058662415,2.744210720062256,1.4290759563446045,2.2081100940704346,1.4302626848220823,0.1931389421224594,0.7425724864006042,37.26973724365234,0.1970209181308746,-3.5615899562835693,-3.709029674530029,11.497078895568848,1.0183037519454956,-7.535014152526855,-1.945436954498291,0.0406089574098587,2.092339277267456,0.9455044865608216,0.6854070425033569,6.875964164733887,0.6544576287269592,2.472004175186157,3.43682599067688,22.15899085998535,0.3538110256195068,630.9414672851562,0.395719975233078,1341.4447021484375,0.1583384573459625,-36.9620361328125,-1.799106478691101,1609.5316162109375,0.2165905535221099,1084.4381103515625,0.247155100107193,-40.46132278442383,-1.5050243139266968,2604.594482421875,0.0928990542888641,961.8409423828124,0.3736672699451446,-47.709468841552734,-1.2045390605926514,-15.000568389892578,-0.5056183934211731,26.059959411621094,0.2300571352243423,0.0766395777463913,0.3170076608657837,-0.0170643348246812,-0.9260671734809875,0.2217243164777755,0.6112534999847412,38.66283416748047,0.1542028188705444,-4.872998237609863,-2.809509038925171,12.397272109985352,0.9507688283920288,-9.798301696777344,-1.4592159986495972,-12.681190490722656,24.62726593017578,0.002311622723937,-0.0026058126240968,0.0127507103607058,1.5325671434402466,0.7843137383460999,1.1050000190734863,0.3050000071525574,0.3100000023841858,0.0,-32.6550407409668
xxxxxxxx194,W,7,red,13.211,13.6471,0.4360999999999997,0.1058000000000003,data/not_shared/wd_audio/WD_CI/xxxxxxxx194/xxxxxxxx194_stroop_W.wav,data/not_shared/wd_audio/WD_CI/xxxxxxxx194/xxxxxxxx194_stroop_task.wav,29.447404861450195,0.0324922837316989,28.31487274169922,29.62310791015625,30.4802303314209,2.16535758972168,8.729157447814941,0.0,-1.943100929260254,0.0,0.3512179255485534,0.4503252208232879,0.1848554015159607,0.3564682602882385,0.5169396996498108,0.3320842981338501,3.2849316596984863,0.0,-1.5428121089935305,0.0,0.0766043663024902,0.4767636954784393,37.175689697265625,0.0698366686701774,4.252419948577881,1.4926105737686155,17.782567977905273,0.1521676629781723,-24.61922645568848,-0.9262100458145142,0.0065878489986062,0.4438571333885193,0.7360039353370667,0.4845176339149475,8.513967514038086,0.1685893684625625,9.8698091506958,0.3945780098438263,23.993927001953125,0.2396010309457779,719.4408569335938,0.287495493888855,1293.1241455078125,0.135579839348793,-8.828850746154785,-1.0360318422317505,1810.9212646484373,0.1948219090700149,966.0758056640624,0.3157322406768799,-21.48921203613281,-0.4635677933692932,2896.27783203125,0.1106286346912384,684.7769775390625,0.5104719996452332,-24.678529739379883,-0.3589310050010681,-16.828571319580078,-0.2238420397043228,22.57950210571289,0.2370521277189254,0.0434105955064296,0.4225137829780578,-0.0357592813670635,-0.3560577034950256,0.0882275104522705,0.3506242930889129,37.0162353515625,0.0722634121775627,2.484221935272217,2.0075130462646484,17.51911163330078,0.1561463624238968,-29.860855102539062,-0.6802446246147156,0.0,0.0,0.0,0.0,0.0,2.3809523582458496,2.777777910232544,0.3499999940395355,0.0,0.0,0.0,-40.12824630737305
xxxxxxxx194,CW,1,yellow,1.8098,2.5482,0.7384,1.8098,data/not_shared/wd_audio/WD_CI/xxxxxxxx194/xxxxxxxx194_stroop_CW.wav,data/not_shared/wd_audio/WD_CI/xxxxxxxx194/xxxxxxxx194_stroop_task.wav,32.34528732299805,0.1141870766878128,31.57135963439941,32.120582580566406,35.494930267333984,3.9235706329345694,14.473873138427734,0.0,-122.13632202148438,0.0,0.8079949021339417,0.415885329246521,0.4138376712799072,0.9271750450134276,1.0950422286987305,0.6812045574188232,0.2659589052200317,2.369494915008545,1.5824910402297974,0.0,0.4714745879173279,0.5595574975013733,38.36547470092773,0.1229594424366951,-1.5176068544387815,-5.926501750946045,7.38859748840332,1.0609208345413208,-20.512548446655277,-0.5525605082511902,0.0512854419648647,1.8222601413726809,1.641586422920227,0.3976656496524811,3.138530969619751,1.209194540977478,3.483055830001831,1.7727590799331665,26.5412712097168,0.257031112909317,739.9034423828125,0.2951306998729706,1293.3153076171875,0.1642621010541916,-5.134921073913574,-1.7227705717086792,1808.0980224609373,0.1719613671302795,989.212646484375,0.1940321177244186,-22.131311416625977,-0.3725971579551697,2992.02490234375,0.1138211116194725,631.5071411132812,0.3226695954799652,-27.836767196655277,-0.2181264013051986,-16.076662063598633,-0.2528434991836548,26.38513946533203,0.1496330201625824,0.090790644288063,0.2300110608339309,-0.0267222244292497,-0.6569900512695312,0.5116769671440125,0.4802324175834656,38.06352615356445,0.1247723996639251,-1.9563004970550537,-4.733338356018066,6.338095188140869,1.1561497449874878,-22.68807601928711,-0.3992723226547241,0.0,0.0,0.0,0.0,0.0,1.388888955116272,1.5151516199111938,0.6499999761581421,0.0,0.0,0.0,-28.79007148742676
xxxxxxxx194,CW,2,red,3.0022,3.7126,0.7103999999999999,0.4540000000000002,data/not_shared/wd_audio/WD_CI/xxxxxxxx194/xxxxxxxx194_stroop_CW.wav,data/not_shared/wd_audio/WD_CI/xxxxxxxx194/xxxxxxxx194_stroop_task.wav,32.10106658935547,0.1430037021636963,29.86465072631836,34.313720703125,35.72003173828125,5.855381011962891,44.388404846191406,27.34417533874512,145.61817932128906,107.58406066894533,0.6591867804527283,0.3003040850162506,0.570647656917572,0.7102866768836975,0.7990795373916626,0.2284318804740905,1.716001033782959,1.0141310691833496,-0.3187620639801025,1.6953126192092896,0.2772471010684967,0.4358096420764923,41.305171966552734,0.1037343516945838,-2.1545021533966064,-3.4501757621765137,18.120969772338867,0.2336742877960205,-3.569138765335083,-4.242173671722412,0.0457705110311508,1.7560163736343384,1.054492712020874,0.8220949172973633,9.042598724365234,0.4102806448936462,6.566264152526856,1.3731458187103271,24.561553955078125,0.2200644314289093,811.9794311523438,0.2634809911251068,1198.903076171875,0.163957342505455,-15.52266788482666,-0.6469177007675171,1813.056640625,0.1482601165771484,1058.3553466796875,0.2461204379796981,-24.62387084960937,-0.3672167956829071,2740.831787109375,0.0511639900505542,909.9224243164062,0.2529682517051697,-29.000476837158203,-0.3058981001377105,-19.60375595092773,-0.1797377616167068,28.103321075439453,0.110581636428833,0.0876587256789207,0.1920671463012695,-0.0196188297122716,-1.2563434839248655,0.3000908195972442,0.3631362020969391,41.56199264526367,0.1055859103798866,-2.6159861087799072,-2.9013617038726807,17.70549964904785,0.236629381775856,-5.079670429229736,-2.942620277404785,0.0,0.0,0.0,0.0,0.0,2.857142925262451,1.5625,0.6299999952316284,0.0,0.0,0.0,-29.27508544921875
xxxxxxxx194,CW,3,green,4.845,6.2079,1.3629000000000009,1.1323999999999996,data/not_shared/wd_audio/WD_CI/xxxxxxxx194/xxxxxxxx194_stroop_CW.wav,data/not_shared/wd_audio/WD_CI/xxxxxxxx194/xxxxxxxx194_stroop_task.wav,33.26456832885742,0.1117483228445053,32.309078216552734,33.63641357421875,35.28391647338867,2.974838256835937,193.768310546875,184.81439208984372,-11.764820098876951,52.47209930419922,0.6348533034324646,0.7373608946800232,0.1352965533733368,0.5069958567619324,1.1104233264923096,0.9751267433166504,1.5306495428085327,2.705223321914673,2.800778388977051,0.4083431959152221,0.2974322438240051,0.9678487181663512,36.241943359375,0.1562447547912597,-6.418557167053223,-2.204848527908325,19.733577728271484,0.4358131289482116,7.210156917572021,1.5296059846878052,0.0261036045849323,1.5639513731002808,0.9020097851753236,0.8257155418395996,8.629212379455566,0.4776802957057953,6.980099201202393,1.2131527662277222,20.633207321166992,0.394761323928833,607.9443969726562,0.4913418889045715,1280.2313232421875,0.176241934299469,-26.85240173339844,-2.1243739128112797,1621.994384765625,0.1748881489038467,1063.94189453125,0.4092565476894378,-33.001792907714844,-1.4940035343170166,2570.047607421875,0.0835220292210578,989.2227172851562,0.2493093162775039,-39.81008529663086,-1.183347463607788,-15.898397445678713,-0.4337056279182434,27.0639591217041,0.2639914453029632,0.0693293958902359,0.5488013029098511,-0.0118040107190608,-0.9095830917358398,0.3295445740222931,0.8914849162101746,36.859375,0.1416304111480713,-8.283761978149414,-1.666593074798584,20.202068328857425,0.4493559896945953,5.648204803466797,1.8945600986480715,-20.437013626098636,31.55148696899414,-0.0217153504490852,-0.0063704047352075,0.0189842004328966,1.481481432914734,1.5625,0.5799999833106995,0.0099999997764825,0.089999996125698,0.0,-28.9460563659668
xxxxxxxx194,CW,4,blue,6.5122,7.2146,0.7023999999999999,0.3042999999999995,data/not_shared/wd_audio/WD_CI/xxxxxxxx194/xxxxxxxx194_stroop_CW.wav,data/not_shared/wd_audio/WD_CI/xxxxxxxx194/xxxxxxxx194_stroop_task.wav,32.66965866088867,0.016665169969201,32.02532958984375,32.800724029541016,33.22024917602539,1.1949195861816406,2.086003541946411,5.5154290199279785,4.9842848777771,1.5552833080291748,1.200696587562561,0.3662123084068298,0.6695079207420349,1.421496033668518,1.5211747884750366,0.8516668677330017,5.520259380340576,2.9903223514556885,-1.2088385820388794,2.442284107208252,0.3815767765045166,0.4323434829711914,36.78358840942383,0.0942137762904167,-15.869275093078612,-0.6098604202270508,4.098361015319824,3.3544764518737797,-21.64267349243164,-0.8058052659034729,0.0047138500958681,0.7008928656578064,0.4982045590877533,0.4759194850921631,9.93502140045166,0.171110451221466,-3.378605604171753,-2.242342472076416,15.253284454345703,0.3331603407859802,489.4891662597656,0.4243318736553192,1236.1763916015625,0.1031441166996955,-7.926361560821533,-1.2506210803985596,1383.653564453125,0.1582262367010116,1227.6297607421875,0.6000617146492004,-4.108067989349365,-2.80965256690979,2559.112060546875,0.0560544207692146,1126.6695556640625,0.5354093313217163,-22.203201293945312,-0.2286396473646164,-7.069514274597168,-1.0097954273223877,19.395994186401367,0.2866051197052002,0.0716159641742706,0.2650318741798401,-0.0099076572805643,-0.6467560529708862,0.3969493508338928,0.4104507267475128,35.93479919433594,0.0689751207828521,-15.98826503753662,-0.6341388821601868,4.661237716674805,3.0808210372924805,-21.867416381835938,-0.8401840925216675,0.0,0.0,0.0,0.0,0.0,2.898550748825073,1.6129032373428345,0.6100000143051147,0.0,0.0,0.0,-27.680864334106445
xxxxxxxx194,CW,5,blue,7.6247,8.7052,1.0804999999999998,0.4100999999999999,data/not_shared/wd_audio/WD_CI/xxxxxxxx194/xxxxxxxx194_stroop_CW.wav,data/not_shared/wd_audio/WD_CI/xxxxxxxx194/xxxxxxxx194_stroop_task.wav,35.34720993041992,0.0530920326709747,33.72218704223633,35.42953872680664,37.92022705078125,4.198040008544922,9.471619606018066,0.0,-4.310304641723633,5.559493541717529,1.0402271747589111,0.669035792350769,0.3358575701713562,0.99674254655838,1.7754234075546265,1.439565896987915,4.890064239501953,2.596045970916748,0.9019579291343688,1.9030338525772093,0.3738050460815429,0.8620230555534363,37.137657165527344,0.125489205121994,-16.00956153869629,-0.6506283283233643,1.077618956565857,12.35837173461914,-18.88802528381348,-0.6749290823936462,0.0107595883309841,1.7639365196228027,0.7727063894271851,0.9561337828636168,10.166024208068848,0.2874036431312561,-3.345669984817505,-3.021944761276245,16.454729080200195,0.5033853650093079,563.9122314453125,0.3272816836833954,1381.429931640625,0.308929443359375,-10.308331489562988,-0.6296594738960266,1464.0623779296875,0.1420046538114547,1096.51416015625,0.1554537117481231,-9.763726234436035,-1.107879877090454,2592.7763671875,0.0722252652049064,1175.041748046875,0.5463467836380005,-24.591875076293945,-0.2216490358114242,-9.108441352844238,-0.8190990090370178,22.65500831604004,0.2277610003948211,0.0617303289473056,0.3939863443374634,-0.0071298014372587,-1.5458872318267822,0.3908844590187073,0.8353694677352905,36.6818733215332,0.1194368228316307,-17.03803062438965,-0.5689108371734619,1.4540188312530518,9.35759735107422,-18.895830154418945,-0.6937242746353149,0.0,0.0,0.0,0.0,0.0,1.8691589832305908,0.9900990128517152,1.0,0.0,0.0,0.0,-27.27291679382324
xxxxxxxx194,CW,6,yellow,8.8639,9.3777,0.5138000000000016,0.1586999999999996,data/not_shared/wd_audio/WD_CI/xxxxxxxx194/xxxxxxxx194_stroop_CW.wav,data/not_shared/wd_audio/WD_CI/xxxxxxxx194/xxxxxxxx194_stroop_task.wav,32.557640075683594,0.082038290798664,31.221576690673828,31.61631774902344,32.13371276855469,0.9121360778808594,15.517187118530272,13.211758613586426,277.7200622558594,0.0,0.6426427960395813,0.4827021956443786,0.3000480532646179,0.6972507834434509,0.9731934070587158,0.6731453537940979,3.732985258102417,0.0,-3.4348087310791016,0.0,0.1895321160554886,0.6253122091293335,38.918399810791016,0.1125653311610221,-1.2412081956863403,-9.997445106506348,5.98030948638916,1.5988786220550537,-56.0029296875,-0.2083984017372131,0.0163658242672681,1.5438406467437744,0.8786236047744751,0.7652419805526733,7.955470561981201,0.4497086107730865,-4.856023788452148,-1.4058936834335327,18.77831077575684,0.8536410331726074,693.2158203125,0.3738431930541992,1201.165283203125,0.1976772993803024,4.396171569824219,1.05998694896698,1886.6748046875,0.2728403806686401,727.41259765625,0.4669344425201416,-12.113892555236816,-0.5802817344665527,2906.47509765625,0.0944723337888717,828.5099487304688,0.4740026295185089,-15.841093063354492,-1.1401382684707642,-14.54833984375,-0.5223060846328735,20.88631248474121,0.5831770300865173,0.1026992872357368,0.1399977952241897,-0.0527985282242298,-0.1636001616716385,0.2070716619491577,0.5723154544830322,38.4166374206543,0.1154122874140739,-2.618537664413452,-4.811779022216797,5.35338306427002,1.868723750114441,-58.09806442260742,-0.1855470091104507,0.0,0.0,0.0,0.0,0.0,2.0,2.2727272510528564,0.429999977350235,0.0,0.0,0.0,-33.06092834472656
xxxxxxxx194,CW,7,green,10.4393,11.4969,1.0576000000000008,1.0615999999999983,data/not_shared/wd_audio/WD_CI/xxxxxxxx194/xxxxxxxx194_stroop_CW.wav,data/not_shared/wd_audio/WD_CI/xxxxxxxx194/xxxxxxxx194_stroop_task.wav,33.59638214111328,0.1181001141667366,27.171123504638672,34.98846435546875,36.32706451416016,9.155941009521484,155.14231872558594,161.14071655273438,14.171645164489746,22.60556411743164,0.6605928540229797,0.5719807147979736,0.2977975010871887,0.5113122463226318,1.1373820304870603,0.8395845293998718,0.3915752470493316,1.4975905418395996,2.71639084815979,1.3892605304718018,0.3005305230617523,0.7825244665145874,37.88533401489258,0.099319227039814,-3.058807849884033,-4.1151299476623535,15.574861526489258,0.8849858045578003,7.789116859436035,0.9547837376594543,0.0269535388797521,1.5133709907531738,0.8427484631538391,0.8586691617965698,8.667221069335938,0.5362242460250854,14.432381629943848,0.3842611908912658,24.604434967041016,0.2597169578075409,522.4346313476562,0.477279782295227,1428.4027099609375,0.1493650674819946,-6.105013847351074,-3.5349373817443848,1548.1734619140625,0.1740681380033493,1111.0186767578125,0.4266136884689331,-18.63624382019043,-0.9717824459075928,2575.91748046875,0.0714706629514694,834.82177734375,0.2606448531150818,-26.10266494750977,-0.6344714164733887,-17.334325790405273,-0.3773837387561798,29.5380859375,0.2345971018075943,0.0926800891757011,0.3168178200721741,-0.0087910601869225,-1.2540911436080933,0.3165984749794006,0.7434848546981812,37.8679084777832,0.1022180020809173,-4.122086524963379,-2.956843852996826,15.452025413513184,0.9183011651039124,6.846067428588867,0.9630922675132751,0.0,0.0,0.0,0.0,0.0,1.9230769872665403,1.0204081535339355,0.9699999690055848,0.0,0.0,0.0,-29.123130798339844
xxxxxxxx194,CW,8,yellow,12.1454,13.1761,1.0306999999999995,0.6485000000000003,data/not_shared/wd_audio/WD_CI/xxxxxxxx194/xxxxxxxx194_stroop_CW.wav,data/not_shared/wd_audio/WD_CI/xxxxxxxx194/xxxxxxxx194_stroop_task.wav,31.35587501525879,0.0449922196567058,29.97638511657715,31.465103149414062,32.48268508911133,2.50629997253418,20.14516830444336,6.102771282196045,10.903902053833008,5.670997619628906,0.420834869146347,0.5968227386474609,0.1441300958395004,0.5299701690673828,0.6694461703300476,0.525316059589386,2.9748713970184326,3.264211177825928,1.4836194515228271,0.5112745761871338,0.1369665712118148,0.7215469479560852,39.76527786254883,0.1269786059856414,6.421421051025391,1.2756956815719604,9.010537147521973,0.6092368364334106,-25.927419662475582,-1.0338565111160278,0.0195648875087499,1.2903181314468384,1.0703890323638916,1.0225449800491333,8.349996566772461,0.4717390835285187,-5.770299434661865,-1.387690186500549,24.27467155456543,0.2819234430789947,731.7784423828125,0.2794671058654785,1262.97216796875,0.1564864665269851,-16.608793258666992,-1.999346613883972,1850.0478515625,0.1970115900039672,842.3377685546875,0.2496833950281143,-30.458288192749023,-0.9460242986679076,3027.36669921875,0.0997442007064819,918.5463256835938,0.6396005153656006,-35.70696258544922,-0.8088281154632568,-22.90088653564453,-0.1629388779401779,30.821443557739254,0.1153481230139732,0.0786456316709518,0.5136914253234863,-0.0425092205405235,-0.5095542073249817,0.1505180448293686,0.6879932880401611,40.48905563354492,0.1127886399626731,5.903025627136231,1.4017906188964844,9.06976318359375,0.620184600353241,-30.18960952758789,-0.812381386756897,-21.87842559814453,33.27951431274414,0.011184299364686,-0.0232246946543455,0.0339104682207107,3.9215686321258554,2.0833334922790527,0.4399999976158142,0.2599999904632568,0.0,0.0,-33.854942321777344
xxxxxxxx194,CW,9,blue,13.2708,14.1059,0.8351000000000006,0.0946999999999995,data/not_shared/wd_audio/WD_CI/xxxxxxxx194/xxxxxxxx194_stroop_CW.wav,data/not_shared/wd_audio/WD_CI/xxxxxxxx194/xxxxxxxx194_stroop_task.wav,33.73323440551758,0.0197678077965974,33.05482482910156,33.685546875,34.418983459472656,1.3641586303710938,8.705159187316895,2.124519109725952,5.9722900390625,2.2235870361328125,1.1233783960342407,0.5656159520149231,0.3910362124443054,1.3646714687347412,1.7469569444656372,1.3559207916259766,1.6984466314315796,3.062694311141968,3.2343392372131348,2.0743632316589355,0.3995968401432037,0.7048170566558838,36.39141845703125,0.099503256380558,-14.982158660888672,-0.8699691295623779,5.662630081176758,3.044098377227783,-18.235536575317383,-0.8099421262741089,0.0177138317376375,1.3982586860656738,1.148764967918396,0.8823601007461548,8.61454963684082,0.4917752146720886,-3.428100109100342,-2.1501760482788086,15.147909164428713,0.2526771128177643,617.6173706054688,0.4153707325458526,1249.58544921875,0.1580899953842163,-11.782549858093262,-0.7176463007926941,1540.39111328125,0.2038027644157409,1275.0809326171875,0.5175357460975647,-9.550755500793455,-1.392147421836853,2692.634765625,0.0648413971066474,1083.8133544921875,0.5667241215705872,-25.8536376953125,-0.2318991869688034,-8.084651947021484,-0.8759368062019348,23.52440071105957,0.1688407808542251,0.0617108941078186,0.2602745294570923,-0.0034094199072569,-1.200031042098999,0.445262610912323,0.6075494289398193,37.20523834228516,0.0663443207740783,-17.684865951538086,-0.6209684610366821,6.73869514465332,2.6633262634277344,-19.454429626464844,-0.7733572721481323,0.0,0.0,0.0,0.0,0.0,2.4390244483947754,1.3698630332946775,0.7199999690055847,0.0,0.0,0.0,-26.375534057617188
xxxxxxxx194,CW,10,yellow,15.0458,15.7372,0.6913999999999998,0.9398999999999996,data/not_shared/wd_audio/WD_CI/xxxxxxxx194/xxxxxxxx194_stroop_CW.wav,data/not_shared/wd_audio/WD_CI/xxxxxxxx194/xxxxxxxx194_stroop_task.wav,31.992830276489254,0.0588231272995471,30.998510360717773,32.20477294921875,33.553035736083984,2.554525375366211,26.20004272460937,0.0,-9.907177925109863,0.0,0.8192592859268188,0.4981194138526916,0.4029675722122192,0.7819272875785828,1.281571388244629,0.8786038160324097,1.9497830867767332,2.715737819671631,3.6087992191314697,0.0,0.3583261370658874,0.6716839671134949,40.18914794921875,0.09424739331007,-2.988039970397949,-3.327247142791748,13.907086372375488,0.7878577709197998,-33.43893814086914,-0.7509545683860779,0.0101071782410144,1.1853036880493164,0.8147779107093811,0.5300905704498291,8.036859512329102,0.5895485877990723,-4.363578796386719,-1.3510117530822754,18.019683837890625,0.3726052343845367,703.8035888671875,0.3686920702457428,1242.5767822265625,0.1173711344599723,-7.998170375823975,-1.4575183391571045,1770.982421875,0.2203675955533981,883.3486328125,0.1307165920734405,-17.049894332885742,-0.815515398979187,2939.343017578125,0.1018709316849708,682.3450927734375,0.4939774572849273,-24.74122428894043,-0.3245159387588501,-15.85587215423584,-0.3613756597042084,23.693824768066406,0.2839614748954773,0.079421117901802,0.3197344541549682,-0.0378790609538555,-0.487234890460968,0.3904556334018707,0.6026668548583984,40.02141952514648,0.0979524180293083,-4.73694372177124,-1.8000296354293823,12.580339431762695,0.8378654718399048,-37.42060470581055,-0.603571355342865,0.0,0.0,0.0,0.0,0.0,1.470588207244873,1.6129032373428345,0.6100000143051147,0.0,0.0,0.0,-28.70605087280273
xxxxxxxx194,CW,11,blue,16.6512,18.3553,1.7041000000000004,0.9139999999999996,data/not_shared/wd_audio/WD_CI/xxxxxxxx194/xxxxxxxx194_stroop_CW.wav,data/not_shared/wd_audio/WD_CI/xxxxxxxx194/xxxxxxxx194_stroop_task.wav,32.66521453857422,0.0254932381212711,31.826908111572266,32.97552490234375,33.3182373046875,1.4913291931152344,7.363259792327881,6.12000036239624,4.275058746337891,3.0140106678009038,0.5102770328521729,1.3288670778274536,0.0491425693035125,0.0922094956040382,1.4671223163604736,1.417979717254639,2.6438698768615723,1.832267165184021,2.1729347705841064,0.0,0.1600761711597442,1.5255508422851562,24.22200965881348,0.5420649647712708,-3.3001937866210938,-4.17515754699707,6.612329959869385,1.4581958055496216,0.1385083496570587,139.1168212890625,0.0063769789412617,0.9595327377319336,0.7947126626968384,1.0443145036697388,9.828508377075195,0.1499294191598892,-5.700491428375244,-1.197431206703186,14.894960403442385,0.297885000705719,566.4620361328125,0.3656716346740722,1220.410888671875,0.1411554962396621,-110.66634368896484,-0.8648524284362793,1466.1021728515625,0.1229556798934936,972.941162109375,0.1540152430534362,-108.259033203125,-0.8860830664634705,2665.234619140625,0.0614651627838611,958.9782104492188,0.415132462978363,-116.14995574951172,-0.7543496489524841,-10.393430709838867,-0.7385948300361633,24.607013702392575,0.3416815400123596,0.0482545234262943,0.9484745264053344,-0.0110810063779354,-0.5296068787574768,0.357060819864273,0.7401474118232727,37.055782318115234,0.1129800751805305,-14.948680877685549,-0.8952887654304504,3.871946334838867,3.523189067840576,-16.802509307861328,-1.0283243656158447,-12.378902435302734,21.84514808654785,-0.039165761321783,0.0017127960454672,0.0097658736631274,0.5917159914970398,0.6535947918891907,0.7299999594688416,0.0,0.7799999713897705,0.0,-31.02731132507324
xxxxxxxx194,CW,12,green,18.3952,18.7684,0.3732000000000006,0.0398999999999993,data/not_shared/wd_audio/WD_CI/xxxxxxxx194/xxxxxxxx194_stroop_CW.wav,data/not_shared/wd_audio/WD_CI/xxxxxxxx194/xxxxxxxx194_stroop_task.wav,35.9031982421875,0.0212849117815494,35.10973358154297,35.94929504394531,36.749000549316406,1.6392669677734375,17.506820678710938,0.0,2.104116439819336,14.370800018310549,0.669675350189209,0.5425195693969727,0.2468767911195755,0.7661082148551941,0.971101939678192,0.7242251634597778,4.084948539733887,0.0,-4.267463684082031,0.0,0.2179762572050094,0.5178540349006653,28.06886863708496,0.2001278847455978,-5.206176280975342,-1.810739278793335,26.012157440185547,0.3121501803398132,-0.3335756361484527,-31.76231575012207,0.0129401991143822,1.4870591163635254,0.875710129737854,1.1120549440383911,11.995885848999023,0.1732645332813263,16.370555877685547,0.2642917037010193,18.247095108032227,0.1161752641201019,560.6033325195312,0.5182323455810547,1214.016845703125,0.1847937703132629,-51.5037841796875,-1.1918511390686035,1632.19189453125,0.1969580948352813,758.4114379882812,0.3022353947162628,-45.47153472900391,-1.0583230257034302,2652.9482421875,0.0970891043543815,879.521728515625,0.4642067849636078,-46.347923278808594,-1.0345757007598877,-16.395553588867188,-0.3239040970802307,25.48519897460937,0.1962538063526153,0.077088363468647,0.5379568934440613,-0.0080026714131236,-1.1980533599853516,0.2190114855766296,0.4385128915309906,28.186824798583984,0.1903213113546371,-3.2133288383483887,-2.43682599067688,27.114599227905277,0.2645809352397918,1.157907009124756,7.920440673828125,-13.71510410308838,24.689836502075195,-0.0224586557596921,-0.001710409997031,0.0084197456017136,2.777777910232544,3.3333334922790527,0.2599999904632568,0.0,0.0199999995529651,0.0,-29.41454124450684
