Group,Task,Feature,Device_1,Device_1_Name,Device_2,Device_2_Name,Device_Pair,N,ICC_2_1_absolute_agreement,ICC_Category,Pearson_r,Pearson_p,Spearman_rho,Spearman_p,Device1_mean,Device1_sd,Device2_mean,Device2_sd,Mean_difference_D2_minus_D1,SD_difference,Paired_t,Paired_t_p,Bland_Altman_bias,Bland_Altman_lower_LOA,Bland_Altman_upper_LOA
overall_mean,All,F0semitoneFrom27.5Hz_sma3nz_amean,1,ASUS_FX63VD_laptop,2,iPad_2021,1_vs_2,102,0.8683508753645159,good,0.925227183336565,7.001306778388609e-44,0.944981933944394,2.488666367987926e-50,30.46615380569831,4.673189589148415,31.761412851420577,3.834728780871053,1.2952590457222677,1.8392760206785463,7.112295806425056,1.6753116075483342e-10,1.2952590457222677,-2.309721954807684,4.900240046252218
overall_mean,All,F0semitoneFrom27.5Hz_sma3nz_amean,1,ASUS_FX63VD_laptop,3,Huawei_P30_phone,1_vs_3,102,0.6936702989781635,moderate,0.839400848826801,3.133998728195116e-28,0.8465261717490995,3.899738560491811e-29,30.46615380569831,4.673189589148415,32.706603982276164,3.377586438464243,2.2404501765778457,2.597771009939082,8.710328021957855,6.148475771791491e-14,2.2404501765778457,-2.851181002902755,7.332081356058446
overall_mean,All,F0semitoneFrom27.5Hz_sma3nz_amean,2,iPad_2021,3,Huawei_P30_phone,2_vs_3,102,0.8658299182208462,good,0.901773357792394,3.267285207002781e-38,0.901838270634602,3.1662327399312246e-38,31.761412851420577,3.834728780871053,32.706603982276164,3.377586438464243,0.9451911308555784,1.6593574637019934,5.752806554698047,9.427873714018139e-08,0.9451911308555784,-2.307149498000329,4.197531759711485
overall_mean,All,F0semitoneFrom27.5Hz_sma3nz_meanFallingSlope,1,ASUS_FX63VD_laptop,2,iPad_2021,1_vs_2,102,0.2600086452104144,poor,0.2601287661252061,0.0082805066662606,0.3435151624814109,0.000408117759259,37.007261212378936,31.79089500118477,40.94168461046522,32.46121271053306,3.9344233980863024,39.08325277220288,1.0166945103105929,0.31172807956887,3.9344233980863024,-72.66875203543134,80.53759883160396
overall_mean,All,F0semitoneFrom27.5Hz_sma3nz_meanFallingSlope,1,ASUS_FX63VD_laptop,3,Huawei_P30_phone,1_vs_3,102,0.2104866652076169,poor,0.2448130887758184,0.0131427323736643,0.3430401863715783,0.0004162341465151,37.007261212378936,31.79089500118477,53.45966468884406,47.492577262790846,16.45240347646513,50.26880599121862,3.3054520966245238,0.0013133413160127,16.45240347646513,-82.07445626632335,114.97926321925362
overall_mean,All,F0semitoneFrom27.5Hz_sma3nz_meanFallingSlope,2,iPad_2021,3,Huawei_P30_phone,2_vs_3,102,0.6337136358204716,moderate,0.7101011382655991,6.439581525263125e-17,0.6826028690818824,2.761623616402857e-15,40.94168461046522,32.46121271053306,53.45966468884406,47.492577262790846,12.517980078378825,33.46336408500272,3.7780242685332737,0.0002674435466647,12.517980078378825,-53.0702135282265,78.10617368498416
overall_mean,All,F0semitoneFrom27.5Hz_sma3nz_meanRisingSlope,1,ASUS_FX63VD_laptop,2,iPad_2021,1_vs_2,102,0.2291259785913779,poor,0.2861140641102797,0.0035546200009958,0.3747844230453884,0.0001040561998417,50.858936060394136,23.28000436782516,68.43501573361787,31.314340354889733,17.576079673223738,33.24745652707919,5.339046110555598,5.770619346754201e-07,17.576079673223738,-47.58893511985146,82.74109446629893
overall_mean,All,F0semitoneFrom27.5Hz_sma3nz_meanRisingSlope,1,ASUS_FX63VD_laptop,3,Huawei_P30_phone,1_vs_3,102,0.1575424933357953,poor,0.2389950091087565,0.015556799631919,0.4152704819311171,1.4248190629286014e-05,50.858936060394136,23.28000436782516,75.2376034518712,46.83426857322296,24.378667391477048,47.05585887358259,5.232344656004866,9.107973536490692e-07,24.378667391477048,-67.85081600074481,116.60815078369892
overall_mean,All,F0semitoneFrom27.5Hz_sma3nz_meanRisingSlope,2,iPad_2021,3,Huawei_P30_phone,2_vs_3,102,0.5190914903093152,moderate,0.5672880599014316,5.08015498672209e-10,0.6896483480443989,1.096906841198598e-15,68.43501573361787,31.314340354889733,75.2376034518712,46.83426857322296,6.802587718253316,38.859814509682224,1.7679643899747066,0.0800865436405204,6.802587718253316,-69.36264872072384,82.96782415723048
overall_mean,All,F0semitoneFrom27.5Hz_sma3nz_pctlrange0-2,1,ASUS_FX63VD_laptop,2,iPad_2021,1_vs_2,102,0.5671754894597348,moderate,0.5767638671087635,2.234400663787236e-10,0.5110007859723723,4.071485360261664e-08,4.294480351371392,2.0498782830706856,4.710966286440399,2.1670786968984284,0.4164859350690065,1.942672204205397,2.165214362403597,0.0327259764679746,0.4164859350690065,-3.391151585173572,4.2241234553115845
overall_mean,All,F0semitoneFrom27.5Hz_sma3nz_pctlrange0-2,1,ASUS_FX63VD_laptop,3,Huawei_P30_phone,1_vs_3,102,0.2953729136137288,poor,0.3248582234486151,0.0008643920703955,0.3556383622371374,0.0002442772169853,4.294480351371392,2.0498782830706856,4.993640835718311,2.947209475717719,0.6991604843469181,2.993799304862085,2.3585999077832662,0.0202690453587818,0.6991604843469181,-5.16868615318277,6.567007121876606
overall_mean,All,F0semitoneFrom27.5Hz_sma3nz_pctlrange0-2,2,iPad_2021,3,Huawei_P30_phone,2_vs_3,102,0.7215844866681086,moderate,0.758432354870011,2.6672801210759088e-20,0.8375920973022488,5.234102869903491e-28,4.710966286440399,2.1670786968984284,4.993640835718311,2.947209475717719,0.2826745492779117,1.922058623164655,1.4853204642015638,0.1405735765819376,0.2826745492779117,-3.484560352124812,4.049909450680636
overall_mean,All,F0semitoneFrom27.5Hz_sma3nz_percentile20.0,1,ASUS_FX63VD_laptop,2,iPad_2021,1_vs_2,102,0.92242163101157,excellent,0.953480718268014,6.969864126114933e-54,0.95001441891762,2.3269865903608085e-52,28.29256294134333,4.600757956064079,29.391487055113284,4.24493047364039,1.098924113769945,1.394147344852604,7.960843991764819,2.616368382746494e-12,1.098924113769945,-1.633604682141159,3.831452909681049
overall_mean,All,F0semitoneFrom27.5Hz_sma3nz_percentile20.0,1,ASUS_FX63VD_laptop,3,Huawei_P30_phone,1_vs_3,102,0.8399010147994712,good,0.9304827032755476,2.086546264940292e-45,0.925010319421434,8.048604678627257e-44,28.29256294134333,4.600757956064079,30.192610196982777,3.9877320880465943,1.9000472556394457,1.710734174224228,11.21713526892852,1.902248906093937e-19,1.9000472556394457,-1.4529917258400415,5.253086237118933
overall_mean,All,F0semitoneFrom27.5Hz_sma3nz_percentile20.0,2,iPad_2021,3,Huawei_P30_phone,2_vs_3,102,0.932533129085064,excellent,0.9515727564240172,4.962424349145162e-53,0.9539386263012368,4.2983720663060785e-54,29.391487055113284,4.24493047364039,30.192610196982777,3.9877320880465943,0.8011231418695005,1.3060127983266212,6.195151485432609,1.2717417018963509e-08,0.8011231418695005,-1.758661942850677,3.360908226589678
overall_mean,All,F0semitoneFrom27.5Hz_sma3nz_percentile50.0,1,ASUS_FX63VD_laptop,2,iPad_2021,1_vs_2,102,0.872082659250193,good,0.9187269201457594,3.844846874129688e-42,0.9395197086813192,2.470517812118041e-48,30.793431316425607,5.003696749948174,31.97169024745541,4.087088247547399,1.1782589310298044,2.040668895857733,5.831338889302275,6.637556669933074e-08,1.1782589310298044,-2.8214521048513523,5.177969966910961
overall_mean,All,F0semitoneFrom27.5Hz_sma3nz_percentile50.0,1,ASUS_FX63VD_laptop,3,Huawei_P30_phone,1_vs_3,102,0.7686205208514401,good,0.8683056651642754,3.2475370119112003e-32,0.8957201259817588,5.576670294008237e-37,30.793431316425607,5.003696749948174,32.51102938072999,3.64504478403893,1.7175980643043876,2.578720954650688,6.726935731948209,1.0595418746519311e-09,1.7175980643043876,-3.3366950068109613,6.771891135419736
overall_mean,All,F0semitoneFrom27.5Hz_sma3nz_percentile50.0,2,iPad_2021,3,Huawei_P30_phone,2_vs_3,102,0.9223492420001204,excellent,0.9367718833239732,2.1284536296181295e-47,0.9440772175447129,5.501018424778894e-50,31.97169024745541,4.087088247547399,32.51102938072999,3.64504478403893,0.5393391332745832,1.441977564537882,3.7774916711025406,0.0002679445535529,0.5393391332745832,-2.286936893219665,3.365615159768832
overall_mean,All,F0semitoneFrom27.5Hz_sma3nz_percentile80.0,1,ASUS_FX63VD_laptop,2,iPad_2021,1_vs_2,102,0.7787463438277229,good,0.8573123456245793,1.3482184654444e-30,0.892678017087831,2.1744630593431267e-36,32.587043292941985,4.907321470249639,34.10245334183562,3.707481989328496,1.5154100488936375,2.575204414236722,5.943175302058926,4.0123051015005865e-08,1.5154100488936375,-3.531990603010337,6.562810700797613
overall_mean,All,F0semitoneFrom27.5Hz_sma3nz_percentile80.0,1,ASUS_FX63VD_laptop,3,Huawei_P30_phone,1_vs_3,102,0.4780626810294846,poor,0.6088137489346642,1.132090343857333e-11,0.6820148034220898,2.9793981949693107e-15,32.587043292941985,4.907321470249639,35.18625103487528,3.356685606839783,2.599207741933301,3.910495339789229,6.712886512965184,1.132513356565388e-09,2.599207741933301,-5.065363124053587,10.26377860792019
overall_mean,All,F0semitoneFrom27.5Hz_sma3nz_percentile80.0,2,iPad_2021,3,Huawei_P30_phone,2_vs_3,102,0.7282820179250621,moderate,0.7645359707119209,8.754556796523436e-21,0.8130177380959114,3.152970919053924e-25,34.10245334183562,3.707481989328496,35.18625103487528,3.356685606839783,1.083797693039663,2.4461577679555644,4.474699177799859,2.01192597674378e-05,1.083797693039663,-3.710671532153244,5.878266918232569
overall_mean,All,F0semitoneFrom27.5Hz_sma3nz_stddevFallingSlope,1,ASUS_FX63VD_laptop,2,iPad_2021,1_vs_2,102,0.3831313596774762,poor,0.3898549518627721,5.115479157420917e-05,0.4447303096957326,2.827816974960097e-06,19.61761136534551,14.476638891902615,17.75325711405086,12.25772299473925,-1.8643542512946472,14.88169457528248,-1.265249388942604,0.2086932009769271,-1.8643542512946472,-31.03247561884831,27.303767116259017
overall_mean,All,F0semitoneFrom27.5Hz_sma3nz_stddevFallingSlope,1,ASUS_FX63VD_laptop,3,Huawei_P30_phone,1_vs_3,102,0.2568617673211976,poor,0.263984226155387,0.0073405751916639,0.3986576270419731,3.324375260914131e-05,19.61761136534551,14.476638891902615,21.5389895484566,18.35274369505609,1.9213781831110988,20.15247939438305,0.9629072467480254,0.3378938223607249,1.9213781831110988,-37.57748142987968,41.42023779610189
overall_mean,All,F0semitoneFrom27.5Hz_sma3nz_stddevFallingSlope,2,iPad_2021,3,Huawei_P30_phone,2_vs_3,102,0.5469275568103921,moderate,0.606957437245667,1.3579142722820848e-11,0.6327416865044586,9.725700410851874e-13,17.75325711405086,12.25772299473925,21.5389895484566,18.35274369505609,3.7857324344057455,14.628370594924238,2.613689827482549,0.0103258541097789,3.7857324344057455,-24.88587393164576,32.45733880045725
overall_mean,All,F0semitoneFrom27.5Hz_sma3nz_stddevNorm,1,ASUS_FX63VD_laptop,2,iPad_2021,1_vs_2,102,0.5731270082722145,moderate,0.5740767492382092,2.827952104721518e-10,0.5854702546211217,1.026173569737606e-10,0.0883368682114763,0.0368962010436079,0.0923275266629503,0.0370658369102057,0.0039906584514739,0.0341321595510968,1.1808123267923272,0.2404505454983925,0.0039906584514739,-0.0629083742686758,0.0708896911716237
overall_mean,All,F0semitoneFrom27.5Hz_sma3nz_stddevNorm,1,ASUS_FX63VD_laptop,3,Huawei_P30_phone,1_vs_3,102,0.4016013817424808,poor,0.4375248784410157,4.259303691999283e-06,0.4804779164381315,3.208337014558244e-07,0.0883368682114763,0.0368962010436079,0.1015017194920862,0.0503649789141299,0.0131648512806099,0.0476642051366209,2.789482802455648,0.0063111475900379,0.0131648512806099,-0.080256990787167,0.1065866933483869
overall_mean,All,F0semitoneFrom27.5Hz_sma3nz_stddevNorm,2,iPad_2021,3,Huawei_P30_phone,2_vs_3,102,0.7722505259180678,good,0.8245545346729399,1.768488413377338e-26,0.8501676552578159,1.2899250961152227e-29,0.0923275266629503,0.0370658369102057,0.1015017194920862,0.0503649789141299,0.0091741928291359,0.0288429786661219,3.2123868639189466,0.001766616707821,0.0091741928291359,-0.047358045356463,0.065706431014735
overall_mean,All,F0semitoneFrom27.5Hz_sma3nz_stddevRisingSlope,1,ASUS_FX63VD_laptop,2,iPad_2021,1_vs_2,102,0.3174198169988473,poor,0.3281070328290202,0.0007610527486608,0.4527935946078902,1.768112909440188e-06,16.802504906732374,11.74705688080614,19.990754637759306,13.312140990086268,3.188249731026923,14.580421346941868,2.208423415005879,0.0294757548813766,3.188249731026923,-25.389376108979132,31.76587557103298
overall_mean,All,F0semitoneFrom27.5Hz_sma3nz_stddevRisingSlope,1,ASUS_FX63VD_laptop,3,Huawei_P30_phone,1_vs_3,102,0.16200351812478,poor,0.221734653286663,0.0251059019291265,0.4618973033796811,1.0254278722096117e-06,16.802504906732374,11.74705688080614,23.602844751167694,25.050243410135405,6.800339844435322,25.199401184236336,2.725464202077081,0.0075698733450633,6.800339844435322,-42.5904864766679,56.19116616553854
overall_mean,All,F0semitoneFrom27.5Hz_sma3nz_stddevRisingSlope,2,iPad_2021,3,Huawei_P30_phone,2_vs_3,102,0.3438448405968584,poor,0.4189505576679839,1.173759509418934e-05,0.6092303690677463,1.0866313088310789e-11,19.990754637759306,13.312140990086268,23.602844751167694,25.050243410135405,3.6120901134083994,22.91966230381332,1.5916605338512095,0.1145861456601102,3.6120901134083994,-41.31044800206571,48.53462822888251
overall_mean,All,F1amplitudeLogRelF0_sma3nz_amean,1,ASUS_FX63VD_laptop,2,iPad_2021,1_vs_2,102,0.398787714190768,poor,0.6496851567778839,1.4978974571667725e-13,0.6403186863517877,4.274004052876528e-13,-13.25540479390148,6.4116392460521325,-5.190567627118005,8.605829836249079,8.064837166783477,6.593439942930778,12.353318373718423,6.524638170253319e-22,8.064837166783477,-4.858305121360848,20.987979454927803
overall_mean,All,F1amplitudeLogRelF0_sma3nz_amean,1,ASUS_FX63VD_laptop,3,Huawei_P30_phone,1_vs_3,102,0.4135209898221432,poor,0.499414050596065,9.128657566973714e-08,0.4484848827544091,2.275811896464471e-06,-13.25540479390148,6.4116392460521325,-9.391177783952871,9.902507795873232,3.8642270099486096,8.70355537916524,4.484004302810696,1.9401259645371988e-05,3.8642270099486096,-13.194741533215256,20.92319555311248
overall_mean,All,F1amplitudeLogRelF0_sma3nz_amean,2,iPad_2021,3,Huawei_P30_phone,2_vs_3,102,0.6391577681898925,moderate,0.7097530424674026,6.77174233671199e-17,0.7628059779136109,1.2046040805446147e-20,-5.190567627118005,8.605829836249079,-9.391177783952871,9.902507795873232,-4.200610156834867,7.151968757678601,-5.931804858283208,4.22380006935717e-08,-4.200610156834867,-18.218468921884924,9.817248608215191
overall_mean,All,F1amplitudeLogRelF0_sma3nz_stddevNorm,1,ASUS_FX63VD_laptop,2,iPad_2021,1_vs_2,102,-0.0066689039040469,poor,-0.0195767627748467,0.84516000887624,-0.0072999304499267,0.9419509405824176,-3.0961044014124823,11.24806464938979,-6.289561272826619,64.57758675376625,-3.1934568714141367,65.7664331406906,-0.4904072169201833,0.6249094801331598,-3.1934568714141367,-132.0956658271677,125.70875208433942
overall_mean,All,F1amplitudeLogRelF0_sma3nz_stddevNorm,1,ASUS_FX63VD_laptop,3,Huawei_P30_phone,1_vs_3,102,-0.0155947867871045,poor,-0.0195186527469943,0.8456139215835466,-0.0328807866509095,0.7428544539790634,-3.0961044014124823,11.24806464938979,1.871299206617172,21.344700926955955,4.967403608029653,24.320517038672225,2.0627981383109617,0.0416977394589088,4.967403608029653,-42.7008097877679,52.635617003827214
overall_mean,All,F1amplitudeLogRelF0_sma3nz_stddevNorm,2,iPad_2021,3,Huawei_P30_phone,2_vs_3,102,0.0110596606397231,poor,0.0186453214225087,0.8524417403773382,0.184714816427388,0.0630890221228166,-6.289561272826619,64.57758675376625,1.871299206617172,21.344700926955955,8.16086047944379,67.63475398354392,1.2186138909218192,0.2258295280756409,8.16086047944379,-124.40325732830227,140.72497828718986
overall_mean,All,F1bandwidth_sma3nz_amean,1,ASUS_FX63VD_laptop,2,iPad_2021,1_vs_2,102,0.434792157267465,poor,0.7325515360384607,2.1317009976498088e-18,0.7258709308966305,6.0872473905185596e-18,1217.9128468495614,64.83411652044668,1301.3569664365275,81.02246167572753,83.44411958696625,55.42460311070826,15.20523829755706,7.297657839553804e-28,83.44411958696625,-25.18810251002193,192.07634168395444
overall_mean,All,F1bandwidth_sma3nz_amean,1,ASUS_FX63VD_laptop,3,Huawei_P30_phone,1_vs_3,102,0.5647163272753314,moderate,0.6902931554027565,1.0067047532316816e-15,0.7220258861979859,1.0981864065612722e-17,1217.9128468495614,64.83411652044668,1190.3665306333503,116.5423483674198,-27.546316216211203,85.75535926768354,-3.244160586989089,0.0015975725290221,-27.546316216211203,-195.62682038087092,140.53418794844853
overall_mean,All,F1bandwidth_sma3nz_amean,2,iPad_2021,3,Huawei_P30_phone,2_vs_3,102,0.3767561759143926,poor,0.646133023567533,2.2388574479944406e-13,0.5908646261542202,6.262794626615363e-11,1301.3569664365275,81.02246167572753,1190.3665306333503,116.5423483674198,-110.99043580317748,89.13177962619338,-12.57630509798252,2.167904667797201e-22,-110.99043580317748,-285.68872387051647,63.70785226416152
overall_mean,All,F1bandwidth_sma3nz_stddevNorm,1,ASUS_FX63VD_laptop,2,iPad_2021,1_vs_2,102,0.3389745413443032,poor,0.3732080420882359,0.0001118572367294,0.3630118008945384,0.0001769672482224,0.1476393054511657,0.023247229778343,0.1367402751048357,0.0239436072990585,-0.01089903034633,0.0264245720066927,-4.165623222894156,6.555031810545385e-05,-0.01089903034633,-0.0626911914794478,0.0408931307867878
overall_mean,All,F1bandwidth_sma3nz_stddevNorm,1,ASUS_FX63VD_laptop,3,Huawei_P30_phone,1_vs_3,102,0.1152272543601598,poor,0.1888377533900146,0.0573279409000901,0.323690564373399,0.0009045589161984,0.1476393054511657,0.023247229778343,0.1761509629984655,0.0491846463277075,0.0285116575472998,0.0502764994171288,5.727400068385411,1.055647490043821e-07,0.0285116575472998,-0.0700302813102727,0.1270535964048723
overall_mean,All,F1bandwidth_sma3nz_stddevNorm,2,iPad_2021,3,Huawei_P30_phone,2_vs_3,102,0.2749512598466155,poor,0.5286408580770368,1.1225190848543466e-08,0.4709783942414801,5.86123484724285e-07,0.1367402751048357,0.0239436072990585,0.1761509629984655,0.0491846463277075,0.0394106878936298,0.0418008330656085,9.522021639646145,1.0140136856514425e-15,0.0394106878936298,-0.042518944914963,0.1213403207022226
overall_mean,All,F1frequency_sma3nz_amean,1,ASUS_FX63VD_laptop,2,iPad_2021,1_vs_2,102,0.4494011182837328,poor,0.6000880958173418,2.6350133888109183e-11,0.6527359189374107,1.0561417504419829e-13,586.9565342816846,60.06575471674628,636.9282318571588,61.31544034960621,49.971697575474245,54.2888512317784,9.29637291986784,3.1822205983915104e-15,49.971697575474245,-56.43445083881141,156.3778459897599
overall_mean,All,F1frequency_sma3nz_amean,1,ASUS_FX63VD_laptop,3,Huawei_P30_phone,1_vs_3,102,0.1569954753637183,poor,0.1797165834182891,0.07069605235894,0.2960175514981538,0.002521145188182,586.9565342816846,60.06575471674628,620.6468746020963,76.60204234969935,33.69034032041164,88.44183657328843,3.847226285934702,0.0002094081686605,33.69034032041164,-139.65565936323367,207.03634000405697
overall_mean,All,F1frequency_sma3nz_amean,2,iPad_2021,3,Huawei_P30_phone,2_vs_3,102,0.4459672434032848,poor,0.4672076331799578,7.408073984726478e-07,0.4728443718158224,5.214380767655645e-07,636.9282318571588,61.31544034960621,620.6468746020963,76.60204234969935,-16.2813572550626,72.37825850865728,-2.2718652173853253,0.0252149271569459,-16.2813572550626,-158.14274393203087,125.58002942190566
overall_mean,All,F1frequency_sma3nz_stddevNorm,1,ASUS_FX63VD_laptop,2,iPad_2021,1_vs_2,102,0.3954796744005772,poor,0.4054225726369955,2.367172514209285e-05,0.4109617700776359,1.782682546107214e-05,0.2690130964817863,0.0461602535801868,0.25784226455416,0.0445461753580234,-0.0111708319276262,0.0494754492745706,-2.2803203179129388,0.0246900285486349,-0.0111708319276262,-0.1081427125057846,0.0858010486505321
overall_mean,All,F1frequency_sma3nz_stddevNorm,1,ASUS_FX63VD_laptop,3,Huawei_P30_phone,1_vs_3,102,0.2737280133108321,poor,0.2882987084905618,0.0032985888647029,0.3350560641443927,0.0005768838743836,0.2690130964817863,0.0461602535801868,0.2850817668621007,0.046469330057923,0.0160686703803145,0.0552570845735422,2.9369196205585406,0.0041060682472705,0.0160686703803145,-0.0922352153838282,0.1243725561444572
overall_mean,All,F1frequency_sma3nz_stddevNorm,2,iPad_2021,3,Huawei_P30_phone,2_vs_3,102,0.4390186347783982,poor,0.516005656653665,2.8458505195823828e-08,0.5676925773673884,4.907712200591581e-10,0.25784226455416,0.0445461753580234,0.2850817668621007,0.046469330057923,0.0272395023079407,0.0448047435102227,6.140097376404008,1.6374091463791296e-08,0.0272395023079407,-0.0605777949720957,0.1150567995879773
overall_mean,All,F2amplitudeLogRelF0_sma3nz_amean,1,ASUS_FX63VD_laptop,2,iPad_2021,1_vs_2,102,0.4520947238622179,poor,0.6549936952050308,8.133726688151293e-14,0.6464142130946391,2.1691669021308418e-13,-24.68188213537553,6.486090006607358,-17.970068899188604,8.143773049287732,6.711813236186931,6.260610047596257,10.82737790868481,1.3580522302226425e-18,6.711813236186931,-5.558982457101733,18.9826089294756
overall_mean,All,F2amplitudeLogRelF0_sma3nz_amean,1,ASUS_FX63VD_laptop,3,Huawei_P30_phone,1_vs_3,102,0.4539425604075912,poor,0.5251547446321161,1.4565202121915576e-08,0.5268559408767833,1.2831367345765029e-08,-24.68188213537553,6.486090006607358,-21.011466069951336,8.65757637417531,3.6704160654241993,7.618668037268754,4.865599209371033,4.212525459285861e-06,3.6704160654241993,-11.26217328762256,18.60300541847096
overall_mean,All,F2amplitudeLogRelF0_sma3nz_amean,2,iPad_2021,3,Huawei_P30_phone,2_vs_3,102,0.7280669630228339,moderate,0.7755748694913909,1.0689987681681344e-21,0.8139903082255684,2.4924097144634453e-25,-17.970068899188604,8.143773049287732,-21.011466069951336,8.65757637417531,-3.0413971707627314,5.648923157445473,-5.4376037502215135,3.770327022472454e-07,-3.0413971707627314,-14.113286559355858,8.030492217830394
overall_mean,All,F2amplitudeLogRelF0_sma3nz_stddevNorm,1,ASUS_FX63VD_laptop,2,iPad_2021,1_vs_2,102,0.0008131355685753,poor,0.004752255418461,0.9621911087452696,0.0900136272907702,0.3682708133230787,-1.0553429408196502,3.245776055049821,4.420301249263289,37.21763595273252,5.47564419008294,37.34353146315773,1.4808801784859384,0.1417514284415503,5.47564419008294,-67.71767747770619,78.66896585787208
overall_mean,All,F2amplitudeLogRelF0_sma3nz_stddevNorm,1,ASUS_FX63VD_laptop,3,Huawei_P30_phone,1_vs_3,102,-0.0229725101242528,poor,-0.0236384143348972,0.8135669878701209,0.0525470593889771,0.5999160426168648,-1.0553429408196502,3.245776055049821,-0.550646083679904,4.141461144611591,0.5046968571397461,5.321867136457361,0.957781972071509,0.3404597865521669,0.5046968571397461,-9.926162730316682,10.935556444596177
overall_mean,All,F2amplitudeLogRelF0_sma3nz_stddevNorm,2,iPad_2021,3,Huawei_P30_phone,2_vs_3,102,-0.0044779459623844,poor,-0.0205282267044775,0.837735179255339,0.0135537825627222,0.892449299890536,4.420301249263289,37.21763595273252,-0.550646083679904,4.141461144611591,-4.970947332943193,37.53175160996003,-1.3376435946590517,0.1840169686690872,-4.970947332943193,-78.53318048846486,68.59128582257847
overall_mean,All,F2bandwidth_sma3nz_amean,1,ASUS_FX63VD_laptop,2,iPad_2021,1_vs_2,102,0.3171351573298459,poor,0.6549603930122047,8.165253912558706e-14,0.6191709405092423,4.014028141859301e-12,880.0448918148167,82.65687983224848,1004.603907422263,87.98375207007057,124.5590156074464,71.04189411685698,17.707641510453854,9.728045904589642e-33,124.5590156074464,-14.68309686159327,263.80112807648607
overall_mean,All,F2bandwidth_sma3nz_amean,1,ASUS_FX63VD_laptop,3,Huawei_P30_phone,1_vs_3,102,0.6381929107779273,moderate,0.6810388476694182,3.378055840123218e-15,0.6833266422016273,2.5147089476424213e-15,880.0448918148167,82.65687983224848,853.2509475924104,71.81928128804552,-26.793944222406157,62.48510646095773,-4.330721148110233,3.510093155103421e-05,-26.793944222406157,-149.2647528858833,95.676864441071
overall_mean,All,F2bandwidth_sma3nz_amean,2,iPad_2021,3,Huawei_P30_phone,2_vs_3,102,0.147200912169011,poor,0.4161922249848811,1.357586899315673e-05,0.432629727849998,5.596187742909914e-06,1004.603907422263,87.98375207007057,853.2509475924104,71.81928128804552,-151.35295982985255,87.40349452325606,-17.48888844290534,2.5146363246996757e-32,-151.35295982985255,-322.66380909543443,19.957889435729328
overall_mean,All,F2bandwidth_sma3nz_stddevNorm,1,ASUS_FX63VD_laptop,2,iPad_2021,1_vs_2,102,0.5090252922124491,moderate,0.6360682483362246,6.797665142022411e-13,0.5855720352160859,1.0167423649034292e-10,0.3006323104255667,0.0693951249832719,0.2535405542784259,0.0639529523981236,-0.0470917561471408,0.0570954665612932,-8.329968251570735,4.1529283537640685e-13,-0.0470917561471408,-0.1589988706072757,0.064815358312994
overall_mean,All,F2bandwidth_sma3nz_stddevNorm,1,ASUS_FX63VD_laptop,3,Huawei_P30_phone,1_vs_3,102,0.6051523844609027,moderate,0.6705571519505191,1.2630569728944987e-14,0.6681500245969771,1.6970468407501714e-14,0.3006323104255667,0.0693951249832719,0.3337782875064546,0.0713651710520394,0.0331459770808879,0.0571571805211415,5.856796226878996,5.9211476034583686e-08,0.0331459770808879,-0.0788820967405496,0.1451740509023254
overall_mean,All,F2bandwidth_sma3nz_stddevNorm,2,iPad_2021,3,Huawei_P30_phone,2_vs_3,102,0.3000847970197731,poor,0.5120908285046055,3.767813453520333e-08,0.5393749540573703,4.9400422177307026e-09,0.2535405542784259,0.0639529523981236,0.3337782875064546,0.0713651710520394,0.0802377332280287,0.0671460271813186,12.068642286031098,2.680124358772172e-21,0.0802377332280287,-0.0513684800473557,0.2118439465034131
overall_mean,All,F2frequency_sma3nz_amean,1,ASUS_FX63VD_laptop,2,iPad_2021,1_vs_2,102,0.5405956216128862,moderate,0.5553196505829309,1.382318642320762e-09,0.6393687341321226,4.744020804412039e-13,1626.4755886002845,79.1977249993101,1646.5098013677257,80.57218613282781,20.03421276744105,75.34599388588342,2.6854198922296844,0.0084692439768855,20.03421276744105,-127.64393524889046,167.71236078377257
overall_mean,All,F2frequency_sma3nz_amean,1,ASUS_FX63VD_laptop,3,Huawei_P30_phone,1_vs_3,102,0.1708220273310324,poor,0.1865196501697691,0.0605115920729419,0.1791960463893334,0.0715291614395387,1626.4755886002845,79.1977249993101,1653.12727910359,111.91781969009628,26.65169050330508,124.4644253345302,2.1626169817629948,0.0329309169165266,26.65169050330508,-217.2985831523741,270.6019641589843
overall_mean,All,F2frequency_sma3nz_amean,2,iPad_2021,3,Huawei_P30_phone,2_vs_3,102,0.4393782941743465,poor,0.4618297126883799,1.0296439211287776e-06,0.2754917981803891,0.0050710345304875,1646.5098013677257,80.57218613282781,1653.12727910359,111.91781969009628,6.617477735864028,103.38476909260196,0.6464515968788126,0.5194532225330926,6.617477735864028,-196.0166696856358,209.2516251573639
overall_mean,All,F2frequency_sma3nz_stddevNorm,1,ASUS_FX63VD_laptop,2,iPad_2021,1_vs_2,102,0.4530879080195313,poor,0.5919227950548778,5.678522072093616e-11,0.5246167677875726,1.51586405154545e-08,0.1460584985520122,0.0196789001829252,0.1313754109522928,0.0179021695679099,-0.0146830875997194,0.017049454420226,-8.697751380703894,6.550516152008949e-14,-0.0146830875997194,-0.0481000182633625,0.0187338430639236
overall_mean,All,F2frequency_sma3nz_stddevNorm,1,ASUS_FX63VD_laptop,3,Huawei_P30_phone,1_vs_3,102,0.3016350030067631,poor,0.3325254523066631,0.0006386059343189,0.3461614579504781,0.0003655019300134,0.1460584985520122,0.0196789001829252,0.1554032456646524,0.0231564765977299,0.0093447471126401,0.0249082680955593,3.788995655971765,0.0002573190429866,0.0093447471126401,-0.039475458354656,0.0581649525799364
overall_mean,All,F2frequency_sma3nz_stddevNorm,2,iPad_2021,3,Huawei_P30_phone,2_vs_3,102,0.2156173451292035,poor,0.3715410702261146,0.0001206951973537,0.442570299291494,3.200402015469088e-06,0.1313754109522928,0.0179021695679099,0.1554032456646524,0.0231564765977299,0.0240278347123596,0.023423588803755,10.360036515699148,1.445645517496558e-17,0.0240278347123596,-0.0218823993430002,0.0699380687677194
overall_mean,All,F3amplitudeLogRelF0_sma3nz_amean,1,ASUS_FX63VD_laptop,2,iPad_2021,1_vs_2,102,0.6934337759155644,moderate,0.8098694363653591,6.686394190076698e-25,0.7996053174706391,7.059627169709612e-24,-32.11373654784708,7.597649758193642,-27.549117802562357,9.570641722511535,4.564618745284728,5.616328946195829,8.20827804093792,7.631051185084281e-13,4.564618745284728,-6.443385989259096,15.572623479828554
overall_mean,All,F3amplitudeLogRelF0_sma3nz_amean,1,ASUS_FX63VD_laptop,3,Huawei_P30_phone,1_vs_3,102,0.5622486981678605,moderate,0.6797545173617988,3.982154462917475e-15,0.648099247389045,1.7934719677880964e-13,-32.11373654784708,7.597649758193642,-27.027804709727597,10.347510902245016,5.085931838119485,7.610194687619245,6.7495505468244055,9.517312338485412e-10,5.085931838119485,-9.830049749614234,20.001913425853203
overall_mean,All,F3amplitudeLogRelF0_sma3nz_amean,2,iPad_2021,3,Huawei_P30_phone,2_vs_3,102,0.8189638781825593,good,0.8211223832209128,4.2576426927969757e-26,0.8030771666544153,3.2307441080444732e-24,-27.549117802562357,9.570641722511535,-27.027804709727597,10.347510902245016,0.5213130928347556,6.002737403740446,0.8771005295411848,0.3825135542382541,0.5213130928347556,-11.24405221849652,12.28667840416603
overall_mean,All,F3amplitudeLogRelF0_sma3nz_stddevNorm,1,ASUS_FX63VD_laptop,2,iPad_2021,1_vs_2,102,0.0363119027083148,poor,0.1013828434465577,0.3106245145470406,0.4268508518470351,7.682433484922857e-06,-0.5483350177250674,0.4365825209988786,-0.4865070048537511,2.379409798512248,0.0618280128713162,2.3751969437393337,0.2628970717434121,0.793165448487765,0.0618280128713162,-4.593557996857777,4.717214022600411
overall_mean,All,F3amplitudeLogRelF0_sma3nz_stddevNorm,1,ASUS_FX63VD_laptop,3,Huawei_P30_phone,1_vs_3,102,-0.0205488401389418,poor,-0.0366490488791553,0.7145901623041309,0.2893565770055018,0.0031806604204846,-0.5483350177250674,0.4365825209988786,-0.8115535947980753,1.3848766130340773,-0.2632185770730078,1.4672438475269856,-1.811816981545454,0.072986135995425,-0.2632185770730078,-3.1390165182258998,2.612579364079884
overall_mean,All,F3amplitudeLogRelF0_sma3nz_stddevNorm,2,iPad_2021,3,Huawei_P30_phone,2_vs_3,102,-0.1013039633470839,poor,-0.1168736215145849,0.2420684718358861,0.2022889324911931,0.041453042278167,-0.4865070048537511,2.379409798512248,-0.8115535947980753,1.3848766130340773,-0.325046589944324,2.889587438125143,-1.1360824721990228,0.2586105850651564,-0.325046589944324,-5.988637968669604,5.338544788780956
overall_mean,All,F3bandwidth_sma3nz_amean,1,ASUS_FX63VD_laptop,2,iPad_2021,1_vs_2,102,0.3224259447500355,poor,0.5909102462273782,6.236453048844963e-11,0.5819531696173615,1.4090855480629207e-10,759.050233974497,92.20915237793376,885.7831704064043,105.16478050342435,126.73293643190706,90.0103439817578,14.219920297233564,7.499906343151116e-26,126.73293643190706,-49.68733777233823,303.1532106361524
overall_mean,All,F3bandwidth_sma3nz_amean,1,ASUS_FX63VD_laptop,3,Huawei_P30_phone,1_vs_3,102,0.5100180009678188,moderate,0.5299820638587134,1.0146841013103908e-08,0.5161802873605464,2.8102154268259853e-08,759.050233974497,92.20915237793376,784.611448980149,85.88514821543538,25.561215005651825,86.51306277756441,2.9840073728965635,0.0035679102924214,25.561215005651825,-144.00438803837443,195.1268180496781
overall_mean,All,F3bandwidth_sma3nz_amean,2,iPad_2021,3,Huawei_P30_phone,2_vs_3,102,0.2907167549412649,poor,0.4598295309549955,1.1621091408659211e-06,0.41268073123703,1.6308373796097076e-05,885.7831704064043,105.16478050342435,784.611448980149,85.88514821543538,-101.17172142625525,100.64513792052452,-10.1523463654441,4.1433801278114955e-17,-101.17172142625525,-298.4361917504833,96.0927488979728
overall_mean,All,F3bandwidth_sma3nz_stddevNorm,1,ASUS_FX63VD_laptop,2,iPad_2021,1_vs_2,102,0.3644812885564597,poor,0.5646975723977113,6.330580342757801e-10,0.5197086813193027,2.175240162257446e-08,0.4391642564001178,0.0840782132857425,0.3502405972140168,0.0849527828713967,-0.088923659186101,0.07886200092471,-11.388056662988564,8.054236679288751e-20,-0.088923659186101,-0.2434931809985327,0.0656458626263305
overall_mean,All,F3bandwidth_sma3nz_stddevNorm,1,ASUS_FX63VD_laptop,3,Huawei_P30_phone,1_vs_3,102,0.5983398126239051,moderate,0.598277046706305,3.130065521750394e-11,0.5557503208915979,1.3343265083404818e-09,0.4391642564001178,0.0840782132857425,0.4387727502006367,0.0770086041865831,-0.0003915061994811,0.0724712868679207,-0.0545597983138572,0.956596945393253,-0.0003915061994811,-0.1424352284606057,0.1416522160616434
overall_mean,All,F3bandwidth_sma3nz_stddevNorm,2,iPad_2021,3,Huawei_P30_phone,2_vs_3,102,0.243970588103311,poor,0.3898242827251596,5.123057633576017e-05,0.3974588778123957,3.527864414771051e-05,0.3502405972140168,0.0849527828713967,0.4387727502006367,0.0770086041865831,0.0885321529866198,0.0897037639941157,9.967596413800942,1.0577077132197576e-16,0.0885321529866198,-0.087287224441847,0.2643515304150867
overall_mean,All,F3frequency_sma3nz_amean,1,ASUS_FX63VD_laptop,2,iPad_2021,1_vs_2,102,0.6686794252374038,moderate,0.6731148849178883,9.200508383012814e-15,0.6698350588913832,1.3804700065239052e-14,2775.359371296079,113.21847770807312,2774.4463836524583,98.37042831619418,-0.91298764362127,86.61254261799783,-0.106459444979976,0.9154289985105136,-0.91298764362127,-170.67357117489703,168.84759588765448
overall_mean,All,F3frequency_sma3nz_amean,1,ASUS_FX63VD_laptop,3,Huawei_P30_phone,1_vs_3,102,0.4415421323081676,poor,0.4893717093861373,1.7947129812982453e-07,0.4827057805723462,2.778124132013314e-07,2775.359371296079,113.21847770807312,2810.870706538536,83.41486080119489,35.51133524245657,102.63093341327831,3.494530291416213,0.0007066433616735,35.51133524245657,-165.64529424756893,236.6679647324821
overall_mean,All,F3frequency_sma3nz_amean,2,iPad_2021,3,Huawei_P30_phone,2_vs_3,102,0.3579321234958081,poor,0.3895569451996462,5.1895630751453736e-05,0.3625933695596858,0.000180271888016,2774.4463836524583,98.37042831619418,2810.870706538536,83.41486080119489,36.42432288607784,101.20137269284815,3.635006315388002,0.0004393468647377,36.42432288607784,-161.93036759190457,234.77901336406023
overall_mean,All,F3frequency_sma3nz_stddevNorm,1,ASUS_FX63VD_laptop,2,iPad_2021,1_vs_2,102,0.4434209691528094,poor,0.453735893050146,1.6723804743800122e-06,0.4201559504893951,1.1010094427203832e-05,0.0917608619350463,0.0141548331221206,0.089342822842353,0.0121465419788536,-0.0024180390926932,0.0138518624859375,-1.7630118536478312,0.0809230915078727,-0.0024180390926932,-0.0295676895651308,0.0247316113797444
overall_mean,All,F3frequency_sma3nz_stddevNorm,1,ASUS_FX63VD_laptop,3,Huawei_P30_phone,1_vs_3,102,0.4216687135669628,poor,0.4251702292753485,8.414844140790731e-06,0.4042216329000119,2.515618426675457e-05,0.0917608619350463,0.0141548331221206,0.0923331818966015,0.012041081012413,0.0005723199615552,0.014156812373924,0.4082944751529398,0.6839218077852629,0.0005723199615552,-0.0271750322913358,0.0283196722144462
overall_mean,All,F3frequency_sma3nz_stddevNorm,2,iPad_2021,3,Huawei_P30_phone,2_vs_3,102,0.3828721819618739,poor,0.3923100283925037,4.54165152831587e-05,0.3817394303679369,7.530362397852901e-05,0.089342822842353,0.0121465419788536,0.0923331818966015,0.012041081012413,0.0029903590542484,0.0133330247575022,2.2651383752110688,0.025639510886455,0.0029903590542484,-0.023142369470456,0.0291230875789528
overall_mean,All,Gap_Before,1,ASUS_FX63VD_laptop,2,iPad_2021,1_vs_2,102,0.8490685110943252,good,0.9275661111212552,1.514870216409409e-44,0.8865146366150035,3.0340142061922756e-35,0.3849333696559431,0.106936576171693,0.3402144151718128,0.1017194826841428,-0.0447189544841303,0.0400377587760952,-11.280334250890116,1.384116797479767e-19,-0.0447189544841303,-0.1231929616852769,0.0337550527170163
overall_mean,All,Gap_Before,1,ASUS_FX63VD_laptop,3,Huawei_P30_phone,1_vs_3,102,0.8951993728651961,good,0.9357395802548004,4.662522333945385e-47,0.9382983415417496,6.513433091757979e-48,0.3849333696559431,0.106936576171693,0.3534997539014307,0.1025531844669116,-0.0314336157545123,0.0377976436867669,-8.399040960704625,2.938307936658401e-13,-0.0314336157545123,-0.1055169973805755,0.0426497658715507
overall_mean,All,Gap_Before,2,iPad_2021,3,Huawei_P30_phone,2_vs_3,102,0.919867965140293,excellent,0.9270221051322608,2.172559130887931e-44,0.885225415745458,5.165153039093931e-35,0.3402144151718128,0.1017194826841428,0.3534997539014307,0.1025531844669116,0.0132853387296179,0.0390289094852061,3.43784507118879,0.0008530020066659,0.0132853387296179,-0.063211323861386,0.0897820013206219
overall_mean,All,HNRdBACF_sma3nz_amean,1,ASUS_FX63VD_laptop,2,iPad_2021,1_vs_2,102,0.9003261339297292,excellent,0.961466457596968,6.895469381367276e-58,0.9672718842415368,2.260906719623164e-61,5.554753862453525,2.429917825773805,4.651506043516189,2.7336192512223447,-0.9032478189373366,0.7772711019925543,-11.736388738159716,1.4055412418637352e-20,-0.9032478189373366,-2.426699178842743,0.6202035409680698
overall_mean,All,HNRdBACF_sma3nz_amean,1,ASUS_FX63VD_laptop,3,Huawei_P30_phone,1_vs_3,102,0.8877763996191279,good,0.9164665324853412,1.4322449941850222e-41,0.9324516118088108,5.2092119204669286e-46,5.554753862453525,2.429917825773805,5.14998355566405,2.997365880456289,-0.4047703067894758,1.2404856794836168,-3.295467073851565,0.0013561630034223,-0.4047703067894758,-2.836122238577365,2.026581624998413
overall_mean,All,HNRdBACF_sma3nz_amean,2,iPad_2021,3,Huawei_P30_phone,2_vs_3,102,0.9185285564759288,excellent,0.9357382829348204,4.667081055503697e-47,0.9354032490627704,6.00283192616014e-47,4.651506043516189,2.7336192512223447,5.14998355566405,2.997365880456289,0.4984775121478605,1.0595467095130804,4.751443282678242,6.70162372683562e-06,0.4984775121478605,-1.578234038497777,2.575189062793498
overall_mean,All,HNRdBACF_sma3nz_stddevNorm,1,ASUS_FX63VD_laptop,2,iPad_2021,1_vs_2,102,0.0001325089547218,poor,0.0039962294718218,0.9682026087069696,0.2614573850303363,0.0079452656327591,1.1227388219832632,3.106761821504254,22.256545674824253,186.77703651431852,21.133806852840983,186.7904589100292,1.1426760655878323,0.2558746033338852,21.133806852840983,-344.9754926108163,387.2431063164982
overall_mean,All,HNRdBACF_sma3nz_stddevNorm,1,ASUS_FX63VD_laptop,3,Huawei_P30_phone,1_vs_3,102,0.0779052433509352,poor,0.1620510206733059,0.1036863259728624,0.2033180473958304,0.0404069556121831,1.1227388219832632,3.106761821504254,2.0249730280507734,12.183051610841789,0.90223420606751,12.075243487584778,0.7546116009260331,0.4522379880589083,0.90223420606751,-22.76524302959865,24.56971144173368
overall_mean,All,HNRdBACF_sma3nz_stddevNorm,2,iPad_2021,3,Huawei_P30_phone,2_vs_3,102,-0.0017027074964511,poor,-0.0131319593039506,0.895777394138709,0.0918343690451283,0.3586227252835776,22.256545674824253,186.77703651431852,2.0249730280507734,12.183051610841789,-20.23157264677348,187.3335315349292,-1.0907223398968584,0.2779903663031114,-20.23157264677348,-387.4052944552347,346.9421491616877
overall_mean,All,MeanUnvoicedSegmentLength,1,ASUS_FX63VD_laptop,2,iPad_2021,1_vs_2,102,0.5948173607162092,moderate,0.6096027271427391,1.047495915847928e-11,0.5196500925651415,2.184562945261969e-08,0.0068058234436243,0.010032975821998,0.00551853617886,0.0082637822704583,-0.0012872872647642,0.0082380809347956,-1.5781544501055094,0.1176571360650828,-0.0012872872647642,-0.0174339258969637,0.0148593513674352
overall_mean,All,MeanUnvoicedSegmentLength,1,ASUS_FX63VD_laptop,3,Huawei_P30_phone,1_vs_3,102,0.2516354360167485,poor,0.2866644896278514,0.0034884878743742,0.3854817094169663,6.308486032870312e-05,0.0068058234436243,0.010032975821998,0.0100804463490401,0.0161066312621945,0.0032746229054157,0.0163534607338378,2.0223285298927007,0.0457861408816417,0.0032746229054157,-0.0287781601329064,0.035327405943738
overall_mean,All,MeanUnvoicedSegmentLength,2,iPad_2021,3,Huawei_P30_phone,2_vs_3,102,0.1592761928607695,poor,0.2069318873598412,0.036906560416846,0.2952872431350898,0.0025868914028006,0.00551853617886,0.0082637822704583,0.0100804463490401,0.0161066312621945,0.00456191017018,0.0165114414448529,2.79037020759078,0.0062951290068367,0.00456191017018,-0.0278005150617318,0.0369243354020919
overall_mean,All,MeanVoicedSegmentLengthSec,1,ASUS_FX63VD_laptop,2,iPad_2021,1_vs_2,102,0.8601079404089876,good,0.919223331901506,2.865682170606965e-42,0.9016912542196538,3.3996249705228064e-38,0.2984279688859136,0.0669579740365857,0.2736013668380211,0.0662556892653718,-0.0248266020478923,0.026780586575018,-9.362617554439066,2.2749576069484026e-15,-0.0248266020478923,-0.0773165517349278,0.027663347639143
overall_mean,All,MeanVoicedSegmentLengthSec,1,ASUS_FX63VD_laptop,3,Huawei_P30_phone,1_vs_3,102,0.8884912713409532,good,0.8940879430599445,1.1632928929979988e-36,0.8857795545402627,4.112501093170463e-35,0.2984279688859136,0.0669579740365857,0.290307905442539,0.0671345454213889,-0.0081200634433746,0.030858086185323,-2.6576055414992275,0.009149880737642,-0.0081200634433746,-0.0686019123666077,0.0523617854798585
overall_mean,All,MeanVoicedSegmentLengthSec,2,iPad_2021,3,Huawei_P30_phone,2_vs_3,102,0.8901362185715682,good,0.9174194601577328,8.26478141026288e-42,0.8974390871411527,2.536953396191697e-37,0.2736013668380211,0.0662556892653718,0.290307905442539,0.0671345454213889,0.0167065386045177,0.0271185618846162,6.22185534237269,1.124652541044034e-08,0.0167065386045177,-0.03644584268933,0.0698589198983656
overall_mean,All,StddevUnvoicedSegmentLength,1,ASUS_FX63VD_laptop,2,iPad_2021,1_vs_2,102,0.3719120513108335,poor,0.3905415472761429,4.9485331435023616e-05,0.1907548756393429,0.0547998278135112,0.0003639728922466,0.0011741083481234,0.0002622585591783,0.0008531866606109,-0.0001017143330682,0.0011506609951777,-0.8927602599113399,0.3741077595157716,-0.0001017143330682,-0.0023570098836165,0.0021535812174801
overall_mean,All,StddevUnvoicedSegmentLength,1,ASUS_FX63VD_laptop,3,Huawei_P30_phone,1_vs_3,102,0.09851862157018,poor,0.1148096025646673,0.2505420914970328,0.1972271585516017,0.0469324414744002,0.0003639728922466,0.0011741083481234,0.0006960693634581,0.0020252875932712,0.0003320964712115,0.0022213300333734,1.5099106844198715,0.1341884214638312,0.0003320964712115,-0.0040217103942003,0.0046859033366234
overall_mean,All,StddevUnvoicedSegmentLength,2,iPad_2021,3,Huawei_P30_phone,2_vs_3,102,0.0989550070327374,poor,0.142463556787512,0.1531838095585803,0.3296357293828135,0.0007164489614252,0.0002622585591783,0.0008531866606109,0.0006960693634581,0.0020252875932712,0.0004338108042797,0.0020826372644113,2.1037145714265453,0.0378870875127713,0.0004338108042797,-0.0036481582339664,0.0045157798425259
overall_mean,All,StddevVoicedSegmentLengthSec,1,ASUS_FX63VD_laptop,2,iPad_2021,1_vs_2,102,0.5075224530500558,moderate,0.5619777866834752,7.959704451730246e-10,0.4945152480958078,1.27291166182476e-07,0.0069168260047477,0.0077899510569344,0.0044096176928239,0.0058218199483261,-0.0025072083119238,0.0066033050420533,-3.834680143733446,0.0002189507547866,-0.0025072083119238,-0.0154496861943484,0.0104352695705008
overall_mean,All,StddevVoicedSegmentLengthSec,1,ASUS_FX63VD_laptop,3,Huawei_P30_phone,1_vs_3,102,0.4228701781436578,poor,0.4244167896298896,8.764094724322754e-06,0.4020397594924089,2.8078672089286085e-05,0.0069168260047477,0.0077899510569344,0.0079603503595319,0.0076496663862589,0.0010435243547841,0.0082836159482805,1.2722800574345223,0.2061949893309995,0.0010435243547841,-0.0151923629038457,0.0172794116134141
overall_mean,All,StddevVoicedSegmentLengthSec,2,iPad_2021,3,Huawei_P30_phone,2_vs_3,102,0.3886628406405497,poor,0.4560405456336734,1.458490747569462e-06,0.400794131705077,2.988666690808012e-05,0.0044096176928239,0.0058218199483261,0.0079603503595319,0.0076496663862589,0.003550732666708,0.0071966290609143,4.982977696736383,2.59704939036438e-06,0.003550732666708,-0.010554660292684,0.0176561256261001
overall_mean,All,VoicedSegmentsPerSec,1,ASUS_FX63VD_laptop,2,iPad_2021,1_vs_2,102,0.8488887376061861,good,0.9169187679106402,1.1042119867244665e-41,0.8845694963556893,6.754354171063065e-35,3.813191890594243,0.8907989915456562,4.174167772136885,1.0224574984410673,0.3609758815426407,0.4107011291584004,8.876717007669654,2.657163207303792e-14,0.3609758815426407,-0.443998331607824,1.1659500946931056
overall_mean,All,VoicedSegmentsPerSec,1,ASUS_FX63VD_laptop,3,Huawei_P30_phone,1_vs_3,102,0.8804446225555989,good,0.891139209946658,4.26148357728592e-36,0.8894323470039751,8.883741525926772e-36,3.813191890594243,0.8907989915456562,3.951017494713671,0.9489067711946026,0.137825604119428,0.4329126266574766,3.215360984465432,0.001750112520519,0.137825604119428,-0.7106831441292262,0.9863343523680822
overall_mean,All,VoicedSegmentsPerSec,2,iPad_2021,3,Huawei_P30_phone,2_vs_3,102,0.8726204387100542,good,0.8965376966452828,3.84090429639429e-37,0.900062764700228,7.419130023936119e-38,4.174167772136885,1.0224574984410673,3.951017494713671,0.9489067711946026,-0.2231502774232127,0.4540610622467847,-4.963445483919744,2.815942312867454e-06,-0.2231502774232127,-1.1131099594269107,0.6668094045804852
overall_mean,All,Word_Duration,1,ASUS_FX63VD_laptop,2,iPad_2021,1_vs_2,102,0.8315918134819259,good,0.9112956274831088,2.534981221155368e-40,0.8941368722823168,1.1381322905896708e-36,0.4140440193249018,0.0763058866278989,0.3821110002433542,0.0709861590770743,-0.0319330190815473,0.0314525463931213,-10.253786128471598,2.4771954828148614e-17,-0.0319330190815473,-0.0935800100120651,0.0297139718489705
overall_mean,All,Word_Duration,1,ASUS_FX63VD_laptop,3,Huawei_P30_phone,1_vs_3,102,0.9009652890698986,excellent,0.9040917369657172,1.0492773895685704e-38,0.9125252331058348,1.3009376688601987e-40,0.4140440193249018,0.0763058866278989,0.4125732546436118,0.0695889033638203,-0.0014707646812899,0.0326139825852774,-0.4554486752121424,0.6497641080236373,-0.0014707646812899,-0.0653941705484338,0.0624526411858539
overall_mean,All,Word_Duration,2,iPad_2021,3,Huawei_P30_phone,2_vs_3,102,0.7914185659716797,good,0.8648587165342279,1.0818939313217298e-31,0.8658531758372867,7.671721665076584e-32,0.3821110002433542,0.0709861590770743,0.4125732546436118,0.0695889033638203,0.0304622544002573,0.0365664789366137,8.413544254078827,2.73226903318238e-13,0.0304622544002573,-0.0412080443155055,0.1021325531160202
overall_mean,All,alphaRatioUV_sma3nz_amean,1,ASUS_FX63VD_laptop,2,iPad_2021,1_vs_2,102,0.2222700856238305,poor,0.2973140170828064,0.0024081285525091,0.2002166966618983,0.0436280556989703,-1.3668915241641093,1.386367260711764,-0.7169274882045787,0.7993916935907796,0.649964035959531,1.3791462799652414,4.759694519929004,6.481794882067655e-06,0.649964035959531,-2.053162672772342,3.3530907446914044
overall_mean,All,alphaRatioUV_sma3nz_amean,1,ASUS_FX63VD_laptop,3,Huawei_P30_phone,1_vs_3,102,0.2231202450582624,poor,0.2810649919570875,0.0042156875585828,0.2628519408639327,0.0076063196229471,-1.3668915241641093,1.386367260711764,-0.291926985314607,1.6701653880648388,1.0749645388495026,1.8465848594388503,5.8792909587560604,5.3517587417063254e-08,1.0749645388495026,-2.5443417856506443,4.694270863349649
overall_mean,All,alphaRatioUV_sma3nz_amean,2,iPad_2021,3,Huawei_P30_phone,2_vs_3,102,0.0331921200111276,poor,0.0444593482182645,0.6572573443154761,0.0724789846344591,0.4691067678536169,-0.7169274882045787,0.7993916935907796,-0.291926985314607,1.6701653880648388,0.4250005028899717,1.8192753224548013,2.3593430992907205,0.0202306689297696,0.4250005028899717,-3.140779129121438,3.990780134901382
overall_mean,All,alphaRatioV_sma3nz_amean,1,ASUS_FX63VD_laptop,2,iPad_2021,1_vs_2,102,0.8096229349110873,good,0.8089520023111444,8.302090687205812e-25,0.7608834555642886,1.7119998379038056e-20,-17.60640844746692,3.833034061991635,-17.45146678104156,3.91930938702094,0.1549416664253608,2.397417959525738,0.6527164439572898,0.5154220312999491,0.1549416664253608,-4.543997534245085,4.853880867095807
overall_mean,All,alphaRatioV_sma3nz_amean,1,ASUS_FX63VD_laptop,3,Huawei_P30_phone,1_vs_3,102,0.5786382980227965,moderate,0.6462058101121777,2.220612967542233e-13,0.6382152207225292,5.382161424873369e-13,-17.60640844746692,3.833034061991635,-15.751400544030677,4.854905603498395,1.8550079034362403,3.769847043249179,4.969607855842302,2.745010953450284e-06,1.8550079034362403,-5.53389230133215,9.24390810820463
overall_mean,All,alphaRatioV_sma3nz_amean,2,iPad_2021,3,Huawei_P30_phone,2_vs_3,102,0.6772345243908137,moderate,0.7423827827564593,4.292859704669565e-19,0.7690937568913944,3.726559075562844e-21,-17.45146678104156,3.91930938702094,-15.751400544030677,4.854905603498395,1.70006623701088,3.267898067552835,5.254089020313796,8.302256794365438e-07,1.70006623701088,-4.705013975392677,8.105146449414438
overall_mean,All,alphaRatioV_sma3nz_stddevNorm,1,ASUS_FX63VD_laptop,2,iPad_2021,1_vs_2,102,0.0539932703197559,poor,0.1464116057741082,0.1419993991410869,0.4578713154011003,1.3073213346375334e-06,-0.0434103437590068,3.8775576076936393,-0.4555271351670773,0.7423886357848339,-0.4121167914080705,3.839746993303778,-1.0839713078143571,0.2809583472970621,-0.4121167914080705,-7.938020898283477,7.113787315467335
overall_mean,All,alphaRatioV_sma3nz_stddevNorm,1,ASUS_FX63VD_laptop,3,Huawei_P30_phone,1_vs_3,102,0.0075414842900482,poor,0.0132372766413112,0.8949462916022254,0.1245398668935997,0.2123420907935903,-0.0434103437590068,3.8775576076936393,-1.8039698067172996,12.264899392050618,-1.760559462958293,12.81421621324636,-1.3875822519715997,0.1683181725759932,-1.760559462958293,-26.87642324092116,23.35530431500457
overall_mean,All,alphaRatioV_sma3nz_stddevNorm,2,iPad_2021,3,Huawei_P30_phone,2_vs_3,102,0.046298063779788,poor,0.3848774372874522,6.492378027375642e-05,0.4385330023579171,4.024332757858979e-06,-0.4555271351670773,0.7423886357848339,-1.8039698067172996,12.264899392050618,-1.3484426715502222,11.998751270246547,-1.1350017275705884,0.2590609908527965,-1.3484426715502222,-24.86599516123346,22.169109818133013
overall_mean,All,equivalentSoundLevel_dBp,1,ASUS_FX63VD_laptop,2,iPad_2021,1_vs_2,102,0.0455934240784312,poor,0.2641687440105457,0.0072980556337528,0.3243351748081718,0.0008821788582924,-23.370005892756403,1.5138746217172312,-30.684859136693117,4.15644083785988,-7.314853243936705,4.030303068483054,-18.33023353460577,6.738473690615857e-34,-7.314853243936705,-15.214247258163487,0.5845407702900802
overall_mean,All,equivalentSoundLevel_dBp,1,ASUS_FX63VD_laptop,3,Huawei_P30_phone,1_vs_3,102,0.0541885306271148,poor,0.4468674088008937,2.499798042214826e-06,0.4506109662936596,2.010154831164984e-06,-23.370005892756403,1.5138746217172312,-16.290968166653823,2.3109558335683875,7.079037726102584,2.1226408810081865,33.68199355496572,9.941080936733753e-57,7.079037726102584,2.918661599326539,11.239413852878627
overall_mean,All,equivalentSoundLevel_dBp,2,iPad_2021,3,Huawei_P30_phone,2_vs_3,102,0.0228370039364468,poor,0.2729763791917877,0.0055053354314517,0.6076471153683044,1.26935874840927e-11,-30.684859136693117,4.15644083785988,-16.290968166653823,2.3109558335683875,14.393890970039289,4.168027029642551,34.87769438640711,3.866079268977385e-58,14.393890970039289,6.224557991939888,22.563223948138685
overall_mean,All,hammarbergIndexUV_sma3nz_amean,1,ASUS_FX63VD_laptop,2,iPad_2021,1_vs_2,102,0.2254144156173786,poor,0.2734757627390866,0.0054165728212496,0.2052857602450874,0.0384681254742237,2.3360604002967724,1.998122668757815,1.52444149775319,1.298520774570579,-0.8116189025435825,2.06386237366322,-3.971654902433188,0.0001339307756175,-0.8116189025435825,-4.856789154923492,3.2335513498363277
overall_mean,All,hammarbergIndexUV_sma3nz_amean,1,ASUS_FX63VD_laptop,3,Huawei_P30_phone,1_vs_3,102,0.1962780319406609,poor,0.2292933247960845,0.0204392801382212,0.1842728781905852,0.0637335760862408,2.3360604002967724,1.998122668757815,1.2822259590287215,1.703496581684763,-1.0538344412680507,2.309428456543291,-4.608588810641603,1.1876509134704871e-05,-1.0538344412680507,-5.580314216092901,3.4726453335568
overall_mean,All,hammarbergIndexUV_sma3nz_amean,2,iPad_2021,3,Huawei_P30_phone,2_vs_3,102,-0.0331222321433206,poor,-0.0344414084897135,0.7311048752945313,0.0069639111836574,0.9446186337820464,1.52444149775319,1.298520774570579,1.2822259590287215,1.703496581684763,-0.2422155387244681,2.17725225164657,-1.1235524168804003,0.2638664351003376,-0.2422155387244681,-4.509629951951745,4.025198874502808
overall_mean,All,hammarbergIndexV_sma3nz_amean,1,ASUS_FX63VD_laptop,2,iPad_2021,1_vs_2,102,0.6900897263930867,moderate,0.8784630243504056,7.610861352544772e-34,0.8709761324504809,1.248586168521517e-32,27.50452736483733,5.027601838037077,31.43730337910709,5.858474863515281,3.932776014269765,2.801761829083212,14.17646937912144,9.223955268383922e-26,3.932776014269765,-1.55867717073333,9.424229199272862
overall_mean,All,hammarbergIndexV_sma3nz_amean,1,ASUS_FX63VD_laptop,3,Huawei_P30_phone,1_vs_3,102,0.6983371909213494,moderate,0.7574536545317682,3.179216873193419e-20,0.7532838378069675,6.655775864827316e-20,27.50452736483733,5.027601838037077,25.78260091178182,6.751744494357193,-1.721926453055504,4.408988497413395,-3.94435248046867,0.0001478459536363,-1.721926453055504,-10.363543907985758,6.9196910018747495
overall_mean,All,hammarbergIndexV_sma3nz_amean,2,iPad_2021,3,Huawei_P30_phone,2_vs_3,102,0.5496048842527085,moderate,0.7760337876041778,9.76992145598105e-22,0.7502982736880198,1.1195786521815977e-19,31.43730337910709,5.858474863515281,25.78260091178182,6.751744494357193,-5.6547024673252695,4.303006423714676,-13.272045140108911,7.179380279231938e-24,-5.6547024673252695,-14.088595057806035,2.7791901231554954
overall_mean,All,hammarbergIndexV_sma3nz_stddevNorm,1,ASUS_FX63VD_laptop,2,iPad_2021,1_vs_2,102,0.3772863637764452,poor,0.4841227730790662,2.5336735292984786e-07,0.6708528648410244,1.2178186455017572e-14,0.2498431419161657,0.0915495608807085,0.1885382889319154,0.0758429825460863,-0.0613048529842503,0.0860846790301632,-7.192321240380688,1.137728665894948e-10,-0.0613048529842503,-0.2300308238833702,0.1074211179148696
overall_mean,All,hammarbergIndexV_sma3nz_stddevNorm,1,ASUS_FX63VD_laptop,3,Huawei_P30_phone,1_vs_3,102,0.1372880759175261,poor,0.30138451819665,0.0020823506016833,0.4878400461405364,1.9858805869497013e-07,0.2498431419161657,0.0915495608807085,0.357594618610869,0.3475295692034652,0.1077514766947031,0.3316328025651418,3.2814503347575257,0.0014184839339453,0.1077514766947031,-0.5422488163329747,0.7577517697223811
overall_mean,All,hammarbergIndexV_sma3nz_stddevNorm,2,iPad_2021,3,Huawei_P30_phone,2_vs_3,102,0.105224150086916,poor,0.307451277078191,0.0016703134413538,0.4571588512363514,1.3642958585103124e-06,0.1885382889319154,0.0758429825460863,0.357594618610869,0.3475295692034652,0.1690563296789535,0.3321468881412625,5.140452304125773,1.3442052976529642e-06,0.1690563296789535,-0.481951571077921,0.8200642304358281
overall_mean,All,jitterLocal_sma3nz_amean,1,ASUS_FX63VD_laptop,2,iPad_2021,1_vs_2,102,0.4256124772028776,poor,0.5460565384769334,2.920540332282915e-09,0.5635648087938434,6.965851759970646e-10,0.0363134664803179,0.013051725220382,0.0466464319770819,0.0191699150114231,0.010332965496764,0.0162660989491406,6.415664652526097,4.580400429996185e-09,0.010332965496764,-0.0215485884435515,0.0422145194370796
overall_mean,All,jitterLocal_sma3nz_amean,1,ASUS_FX63VD_laptop,3,Huawei_P30_phone,1_vs_3,102,0.3991792667302882,poor,0.4685434227011037,6.820425028769358e-07,0.4898078043098427,1.743572450626375e-07,0.0363134664803179,0.013051725220382,0.0429807988474336,0.0201280465666078,0.0066673323671157,0.0181468372781617,3.710660713777437,0.0003384126087572,0.0066673323671157,-0.0289004686980813,0.0422351334323128
overall_mean,All,jitterLocal_sma3nz_amean,2,iPad_2021,3,Huawei_P30_phone,2_vs_3,102,0.842992795821024,good,0.8574860639417872,1.2742432021533409e-30,0.8842528456158009,7.683749723781724e-35,0.0466464319770819,0.0191699150114231,0.0429807988474336,0.0201280465666078,-0.0036656331296482,0.0105307577644297,-3.5155190845006765,0.0006587268926419,-0.0036656331296482,-0.0243059183479306,0.016974652088634
overall_mean,All,jitterLocal_sma3nz_stddevNorm,1,ASUS_FX63VD_laptop,2,iPad_2021,1_vs_2,102,0.6615874738076539,moderate,0.6618613844865735,3.624618790005911e-14,0.6494789398985586,1.5334803061283656e-13,0.9985568936912744,0.1550807896656413,0.9866288263608504,0.1495166675110637,-0.0119280673304238,0.125347156942616,-0.9610714582372298,0.3388114553980088,-0.0119280673304238,-0.2576084949379512,0.2337523602771035
overall_mean,All,jitterLocal_sma3nz_stddevNorm,1,ASUS_FX63VD_laptop,3,Huawei_P30_phone,1_vs_3,102,0.5994560190456539,moderate,0.6809078087875109,3.435370029037688e-15,0.6895239495394427,1.1151888620566616e-15,0.9985568936912744,0.1550807896656413,1.0793415061130165,0.1516418076749709,0.0807846124217422,0.1225554455178161,6.657269194769853,1.4734849059546959e-09,0.0807846124217422,-0.1594240607931773,0.3209932856366617
overall_mean,All,jitterLocal_sma3nz_stddevNorm,2,iPad_2021,3,Huawei_P30_phone,2_vs_3,102,0.5218471091897509,moderate,0.6188683931995678,4.139701282007854e-12,0.5919276679238454,5.6759570144547806e-11,0.9866288263608504,0.1495166675110637,1.0793415061130165,0.1516418076749709,0.092712679752166,0.1314811510973443,7.12156958766309,1.6019485537814935e-10,0.092712679752166,-0.1649903763986288,0.350415735902961
overall_mean,All,logRelF0-H1-A3_sma3nz_amean,1,ASUS_FX63VD_laptop,2,iPad_2021,1_vs_2,102,0.7865096646915867,good,0.816372710565005,1.3930592490871446e-25,0.792876489248011,3.077208341086134e-23,23.68224991274288,6.119367818543066,25.234064437638136,7.162875649093571,1.5518145248952575,4.145661674838426,3.780472138554935,0.0002651523082765,1.5518145248952575,-6.573682357788057,9.677311407578571
overall_mean,All,logRelF0-H1-A3_sma3nz_amean,1,ASUS_FX63VD_laptop,3,Huawei_P30_phone,1_vs_3,102,0.6370620987822969,moderate,0.684551686553213,2.1447274826816748e-15,0.699600228440891,2.8443808573334373e-16,23.68224991274288,6.119367818543066,21.651293496360392,7.990804200980284,-2.030956416382478,5.861081823465977,-3.499636240314988,0.0006946930556134,-2.030956416382478,-13.518676790375793,9.456763957610836
overall_mean,All,logRelF0-H1-A3_sma3nz_amean,2,iPad_2021,3,Huawei_P30_phone,2_vs_3,102,0.7107411586132271,moderate,0.7932113412594054,2.863519876532331e-23,0.7768064641986757,8.392144268362915e-22,25.234064437638136,7.162875649093571,21.651293496360392,7.990804200980284,-3.5827709412777358,4.93532645289104,-7.331675657090214,5.7824831608657697e-11,-3.5827709412777358,-13.256010788944174,6.090468906388704
overall_mean,All,logRelF0-H1-A3_sma3nz_stddevNorm,1,ASUS_FX63VD_laptop,2,iPad_2021,1_vs_2,102,0.0286766157181726,poor,0.066718874435891,0.5052411412565311,0.2425601212319975,0.0140357960143321,0.2344402873865794,3.979275541266399,0.5487723445063465,0.895233951837829,0.3143320571197672,4.020039968870401,0.7896931840850914,0.4315570262045484,0.3143320571197672,-7.564946281866219,8.193610396105754
overall_mean,All,logRelF0-H1-A3_sma3nz_stddevNorm,1,ASUS_FX63VD_laptop,3,Huawei_P30_phone,1_vs_3,102,-0.0145096235550441,poor,-0.0303658420777731,0.7619126070769264,0.1361654726295016,0.1723724720925915,0.2344402873865794,3.979275541266399,-0.8289752228088185,15.74476969059647,-1.0634155101953973,16.356571006888597,-0.6566150198734251,0.5129217906968708,-1.0634155101953973,-33.12229468369705,30.995463663306253
overall_mean,All,logRelF0-H1-A3_sma3nz_stddevNorm,2,iPad_2021,3,Huawei_P30_phone,2_vs_3,102,0.0172927727358032,poor,0.1522529644025596,0.1265996337201122,0.3305551000559793,0.000690789080029,0.5487723445063465,0.895233951837829,-0.8289752228088185,15.74476969059647,-1.3777475673151651,15.633525786508246,-0.8900467207419163,0.37555596249856,-1.3777475673151651,-32.019458108871326,29.263962974241
overall_mean,All,logRelF0-H1-H2_sma3nz_amean,1,ASUS_FX63VD_laptop,2,iPad_2021,1_vs_2,102,0.5605682135950382,moderate,0.6341329089564628,8.377047397162866e-13,0.5725893548806622,3.2189037379180627e-10,5.954566395242505,4.490541255215296,3.77547175427974,4.067812023621001,-2.179094640962764,3.6803603732797465,-5.979788622696636,3.399629434455668e-08,-2.179094640962764,-9.392600972591069,5.034411690665539
overall_mean,All,logRelF0-H1-H2_sma3nz_amean,1,ASUS_FX63VD_laptop,3,Huawei_P30_phone,1_vs_3,102,0.5823613380311412,moderate,0.6306563048589678,1.2147561644936737e-12,0.5870082725005796,8.922332923554637e-11,5.954566395242505,4.490541255215296,4.8492989815355685,3.3192425187668357,-1.1052674137069365,3.518837971669498,-3.172255668722311,0.00200398941398,-1.1052674137069365,-8.002189838179152,5.79165501076528
overall_mean,All,logRelF0-H1-H2_sma3nz_amean,2,iPad_2021,3,Huawei_P30_phone,2_vs_3,102,0.694574461451031,moderate,0.7367123345727022,1.0913375013479313e-18,0.6566035815460473,6.742459116055493e-14,3.77547175427974,4.067812023621001,4.8492989815355685,3.3192425187668357,1.0738272272558274,2.769513528782255,3.9158947128835457,0.0001638154544326,1.0738272272558274,-4.354419289157393,6.502073743669048
overall_mean,All,logRelF0-H1-H2_sma3nz_stddevNorm,1,ASUS_FX63VD_laptop,2,iPad_2021,1_vs_2,102,-0.0148227205097429,poor,-0.0156756333798308,0.87573779340513,0.0590044726917009,0.5558041462136882,0.3154917301040448,9.798320862678889,1.2252503328180178,6.902639345889295,0.9097586027139724,12.073687997811978,0.7610028934400358,0.4484284356987748,0.9097586027139724,-22.754669872997507,24.57418707842545
overall_mean,All,logRelF0-H1-H2_sma3nz_stddevNorm,1,ASUS_FX63VD_laptop,3,Huawei_P30_phone,1_vs_3,102,0.012411223416033,poor,0.0127757946968835,0.8985888655022114,-0.0090641274293048,0.9279559936990948,0.3154917301040448,9.798320862678889,-0.6153965096638602,12.801474575706122,-0.9308882397679054,16.021230653961066,-0.5868157432884051,0.5586368532665273,-0.9308882397679054,-32.33250032153159,30.47072384199578
overall_mean,All,logRelF0-H1-H2_sma3nz_stddevNorm,2,iPad_2021,3,Huawei_P30_phone,2_vs_3,102,0.0752928067184473,poor,0.0907442229656922,0.3643804387752344,5.654477498006797e-06,0.9999549964448344,1.2252503328180178,6.902639345889295,-0.6153965096638602,12.801474575706122,-1.8406468424818772,13.98167168458451,-1.3295707619799335,0.1866549047394644,-1.8406468424818772,-29.24472334426752,25.56342965930376
overall_mean,All,loudnessPeaksPerSec,1,ASUS_FX63VD_laptop,2,iPad_2021,1_vs_2,102,0.4360502827648051,poor,0.687266754498046,1.503085272108567e-15,0.6535162368321354,9.652211576648793e-14,3.903985638783552,0.7986997464403126,4.835922741886368,0.9702220519052766,0.9319371031028156,0.7170104318936786,13.126870902242889,1.4560689438907017e-23,0.9319371031028156,-0.4734033434087946,2.337277549614426
overall_mean,All,loudnessPeaksPerSec,1,ASUS_FX63VD_laptop,3,Huawei_P30_phone,1_vs_3,102,0.6410283395495664,moderate,0.7465413129459505,2.13197860239396e-19,0.745378878264754,2.596220580933173e-19,3.903985638783552,0.7986997464403126,4.37055824081222,0.8168432760195212,0.4665726020286674,0.5753680803109013,8.189804856304768,8.36832040771446e-13,0.4665726020286674,-0.6611488353806991,1.5942940394380338
overall_mean,All,loudnessPeaksPerSec,2,iPad_2021,3,Huawei_P30_phone,2_vs_3,102,0.6386761263693234,moderate,0.7336571028288369,1.786475053628406e-18,0.7266625577463515,5.384235984258653e-18,4.835922741886368,0.9702220519052766,4.37055824081222,0.8168432760195212,-0.465364501074148,0.6675993209676068,-7.040077677018507,2.372881297467328e-10,-0.465364501074148,-1.7738591701706572,0.8431301680223611
overall_mean,All,loudness_sma3_amean,1,ASUS_FX63VD_laptop,2,iPad_2021,1_vs_2,102,0.1243343317448299,poor,0.4023325853635768,2.7668772824581592e-05,0.5824168367721981,1.3516855872897695e-10,1.1970710702674778,0.2243807028075264,0.672637151431909,0.2760111327340303,-0.5244339188355684,0.276938018828301,-19.125300944714983,2.3916080634506777e-35,-0.5244339188355684,-1.0672324357390384,0.0183645980679014
overall_mean,All,loudness_sma3_amean,1,ASUS_FX63VD_laptop,3,Huawei_P30_phone,1_vs_3,102,0.1526248692683005,poor,0.7753583202142926,1.1152923753861209e-21,0.7376435530474805,9.378450594030678e-19,1.1970710702674778,0.2243807028075264,2.095451139403331,0.474310392753708,0.8983800691358532,0.3320848164926294,27.321917456485075,1.875846249685939e-48,0.8983800691358532,0.2474938288102997,1.5492663094614068
overall_mean,All,loudness_sma3_amean,2,iPad_2021,3,Huawei_P30_phone,2_vs_3,102,0.0363461446696813,poor,0.32252861793382,0.0009462134636698,0.6909941136889246,9.168096388974678e-16,0.672637151431909,0.2760111327340303,2.095451139403331,0.474310392753708,1.4228139879714217,0.4655156915497251,30.868383512595475,3.075302053619405e-53,1.4228139879714217,0.5104032325339605,2.335224743408883
overall_mean,All,loudness_sma3_meanFallingSlope,1,ASUS_FX63VD_laptop,2,iPad_2021,1_vs_2,102,0.501042291479796,moderate,0.6810723062984784,3.363570792630364e-15,0.5458776031800783,2.962385520730725e-09,3.07914792291496,1.962887113107276,1.900446883639115,1.2907983813133723,-1.178701039275845,1.4379958421326104,-8.278394567097163,5.375471613955413e-13,-1.178701039275845,-3.9971728898557615,1.6397708113040714
overall_mean,All,loudness_sma3_meanFallingSlope,1,ASUS_FX63VD_laptop,3,Huawei_P30_phone,1_vs_3,102,0.3953738790670428,poor,0.6403847501256288,4.243047542424075e-13,0.5811049979926605,1.5202104470928172e-10,3.07914792291496,1.962887113107276,5.591864062646501,3.19923633538714,2.51271613973154,2.458686595674446,10.321441173741595,1.7579766300610862e-17,2.51271613973154,-2.306309587790374,7.331741867253454
overall_mean,All,loudness_sma3_meanFallingSlope,2,iPad_2021,3,Huawei_P30_phone,2_vs_3,102,0.1898672023281319,poor,0.5852599376467549,1.0459294732212776e-10,0.4892536655150381,1.8087995644633894e-07,1.900446883639115,1.2907983813133723,5.591864062646501,3.19923633538714,3.691417179007384,2.6584828196981274,14.023594868735328,1.9134731711971409e-25,3.691417179007384,-1.5192091476009448,8.902043505615714
overall_mean,All,loudness_sma3_meanRisingSlope,1,ASUS_FX63VD_laptop,2,iPad_2021,1_vs_2,102,0.2646716676985221,poor,0.4981595148186348,9.944878836581837e-08,0.5772599532940159,2.1388057747914104e-10,7.242252295738333,2.373812584008595,4.043580653280192,2.430098233603179,-3.1986716424581405,2.406865155979979,-13.422023235884785,3.4659594195965496e-24,-3.1986716424581405,-7.916127348178898,1.518784063262618
overall_mean,All,loudness_sma3_meanRisingSlope,1,ASUS_FX63VD_laptop,3,Huawei_P30_phone,1_vs_3,102,0.1907403809503315,poor,0.7394784018958139,6.94394837862976e-19,0.6070138138885276,1.3504574298684887e-11,7.242252295738333,2.373812584008595,14.223604327847744,3.6909505748571303,6.981352032109412,2.5099875577459847,28.091055315051364,1.5693050622786871e-49,6.981352032109412,2.0617764189272823,11.900927645291542
overall_mean,All,loudness_sma3_meanRisingSlope,2,iPad_2021,3,Huawei_P30_phone,2_vs_3,102,0.0432444266417392,poor,0.2965658518853099,0.0024727777639773,0.581534738282509,1.4628931012457546e-10,4.043580653280192,2.430098233603179,14.223604327847744,3.6909505748571303,10.180023674567554,3.769413004005339,27.275652539185717,2.1814694865752844e-48,10.180023674567554,2.7919741867170904,17.568073162418017
overall_mean,All,loudness_sma3_pctlrange0-2,1,ASUS_FX63VD_laptop,2,iPad_2021,1_vs_2,102,0.2385905538348068,poor,0.5194260971094643,2.2205589890913362e-08,0.7250227592719295,6.939357456043278e-18,0.8687713210919787,0.2731244293928301,0.456109529851491,0.2639234450688149,-0.4126617912404876,0.2633780157877087,-15.823947135610323,4.2268126450794856e-29,-0.4126617912404876,-0.9288827021843966,0.1035591197034215
overall_mean,All,loudness_sma3_pctlrange0-2,1,ASUS_FX63VD_laptop,3,Huawei_P30_phone,1_vs_3,102,0.2460608000934866,poor,0.8736165758370368,4.750769992011087e-33,0.8696982205359314,1.977961521239147e-32,0.8687713210919787,0.2731244293928301,1.6716774579368647,0.4986347492485413,0.8029061368448855,0.2920257735644317,27.76794114823911,4.421372827920973e-49,0.8029061368448855,0.2305356206585994,1.3752766530311715
overall_mean,All,loudness_sma3_pctlrange0-2,2,iPad_2021,3,Huawei_P30_phone,2_vs_3,102,0.0569248419027311,poor,0.3879538415920409,5.60557086081801e-05,0.6978812672814969,3.605328679644754e-16,0.456109529851491,0.2639234450688149,1.6716774579368647,0.4986347492485413,1.2155679280853733,0.4649533954879237,26.404010405665804,3.888992268193669e-47,1.2155679280853733,0.3042592729290428,2.126876583241704
overall_mean,All,loudness_sma3_percentile20.0,1,ASUS_FX63VD_laptop,2,iPad_2021,1_vs_2,102,0.1479731703337119,poor,0.42498924545021,8.497521724263948e-06,0.549032801623966,2.302308790855439e-09,0.7603709548622894,0.1659192055956092,0.4434743515189365,0.1612040285984202,-0.3168966033433529,0.175447083797636,-18.241960716245792,9.809785086741419e-34,-0.3168966033433529,-0.6607728875867196,0.0269796809000137
overall_mean,All,loudness_sma3_percentile20.0,1,ASUS_FX63VD_laptop,3,Huawei_P30_phone,1_vs_3,102,0.2309961062128767,poor,0.7700023589813186,3.135788538607524e-21,0.7983839503310697,9.260377507812624e-24,0.7603709548622894,0.1659192055956092,1.2483315239517567,0.3509475123901389,0.4879605690894671,0.2470232955120333,19.95018391698599,8.137066407823714e-37,0.4879605690894671,0.0037949098858818,0.9721262282930524
overall_mean,All,loudness_sma3_percentile20.0,2,iPad_2021,3,Huawei_P30_phone,2_vs_3,102,0.0552605836420213,poor,0.3887174607292555,5.4036760033728704e-05,0.6001605871609433,2.616858333677601e-11,0.4434743515189365,0.1612040285984202,1.2483315239517567,0.3509475123901389,0.80485717243282,0.3242964280283837,25.06552118714656,3.7364237124197954e-45,0.80485717243282,0.1692361734971879,1.440478171368452
overall_mean,All,loudness_sma3_percentile50.0,1,ASUS_FX63VD_laptop,2,iPad_2021,1_vs_2,102,0.1344048320485716,poor,0.4076498971583955,2.113344767069319e-05,0.5572996477260519,1.1745568717340214e-09,1.1998322101458698,0.241696838938776,0.6726700597131408,0.2837524131441147,-0.5271621504327286,0.2881281892628271,-18.478152919485275,3.599255128267687e-34,-0.5271621504327286,-1.0918934013878698,0.0375691005224125
overall_mean,All,loudness_sma3_percentile50.0,1,ASUS_FX63VD_laptop,3,Huawei_P30_phone,1_vs_3,102,0.1561052186645566,poor,0.761418975066309,1.5528329534870986e-20,0.7066909432233915,1.0506857054966203e-16,1.1998322101458698,0.241696838938776,2.1603556236757813,0.538388355198879,0.9605234135299116,0.3874498794293621,25.03758930740961,4.117645836363061e-45,0.9605234135299116,0.2011216498483619,1.7199251772114614
overall_mean,All,loudness_sma3_percentile50.0,2,iPad_2021,3,Huawei_P30_phone,2_vs_3,102,0.0394824547776849,poor,0.3335178942033023,0.0006137128515774,0.6787917512482258,4.502390448045845e-15,0.6726700597131408,0.2837524131441147,2.1603556236757813,0.538388355198879,1.4876855639626403,0.5181457960433264,28.997413111722523,9.015361514662954e-51,1.4876855639626403,0.4721198037177205,2.50325132420756
overall_mean,All,loudness_sma3_percentile80.0,1,ASUS_FX63VD_laptop,2,iPad_2021,1_vs_2,102,0.1446831061246656,poor,0.4363903554219322,4.539199260835502e-06,0.6374122849178122,5.874526344173723e-13,1.629142275714688,0.3313150620197956,0.8995838814208804,0.4008892142500835,-0.7295583942938074,0.3931393446297303,-18.741900821281,1.1845745275154451e-34,-0.7295583942938074,-1.5001115097680788,0.0409947211804639
overall_mean,All,loudness_sma3_percentile80.0,1,ASUS_FX63VD_laptop,3,Huawei_P30_phone,1_vs_3,102,0.1607948522366931,poor,0.8131665568796296,3.0418342206323555e-25,0.79370204296272,2.5762712887584556e-23,1.629142275714688,0.3313150620197956,2.9200089816313484,0.6591004716410235,1.2908667059166596,0.4347883168148713,29.984970080793524,4.339307951220078e-52,1.2908667059166596,0.4386816049595119,2.143051806873808
overall_mean,All,loudness_sma3_percentile80.0,2,iPad_2021,3,Huawei_P30_phone,2_vs_3,102,0.0370903146304516,poor,0.3279897986104622,0.0007645760651021,0.7141661624757565,3.559449555277373e-17,0.8995838814208804,0.4008892142500835,2.9200089816313484,0.6591004716410235,2.020425100210467,0.6494602001095512,31.418851030015908,6.095236194031641e-54,2.020425100210467,0.7474831079957467,3.2933670924251874
overall_mean,All,loudness_sma3_stddevFallingSlope,1,ASUS_FX63VD_laptop,2,iPad_2021,1_vs_2,102,0.5074468692371855,moderate,0.6360853055544905,6.785115779368402e-13,0.4374812695432879,4.269754440151052e-06,1.1399673100165415,0.9087944149506104,0.7921384800668948,0.5428020827004415,-0.3478288299496469,0.7021291550944874,-5.003209110877076,2.38781317043998e-06,-0.3478288299496469,-1.724001973934842,1.0283443140355484
overall_mean,All,loudness_sma3_stddevFallingSlope,1,ASUS_FX63VD_laptop,3,Huawei_P30_phone,1_vs_3,102,0.2976941195997166,poor,0.7321928595609901,2.2570326046112024e-18,0.5708477758112762,3.7428171626566685e-10,1.1399673100165415,0.9087944149506104,3.0209018618413235,1.43400649270888,1.880934551824782,0.9868482213369902,19.249675263287823,1.4288317367693809e-35,1.880934551824782,-0.0532879619957189,3.815157065645283
overall_mean,All,loudness_sma3_stddevFallingSlope,2,iPad_2021,3,Huawei_P30_phone,2_vs_3,102,0.1051007548957207,poor,0.4930339531140578,1.406101510687796e-07,0.5427224047361904,3.801832744541063e-09,0.7921384800668948,0.5428020827004415,3.0209018618413235,1.43400649270888,2.228763381774429,1.2583606391860338,17.887882121957933,4.468585210361448e-33,2.228763381774429,-0.2376234710301967,4.695150234579055
overall_mean,All,loudness_sma3_stddevNorm,1,ASUS_FX63VD_laptop,2,iPad_2021,1_vs_2,102,0.6703191753906671,moderate,0.7822168257537331,2.845176845649434e-22,0.8101904993469079,6.196938201107371e-25,0.369111851588531,0.0688649543861636,0.3279037592490249,0.0740831449098876,-0.041208092339506,0.0474275496164348,-8.775096656882814,4.4363985605199624e-14,-0.041208092339506,-0.1341660895877184,0.0517499049087063
overall_mean,All,loudness_sma3_stddevNorm,1,ASUS_FX63VD_laptop,3,Huawei_P30_phone,1_vs_3,102,0.5671486053504539,moderate,0.7734705826568614,1.6107412825886925e-21,0.7714799463955533,2.364325924857392e-21,0.369111851588531,0.0688649543861636,0.4278788517212882,0.0685113434145349,0.0587670001327571,0.046234948456908,12.836990801594103,6.013497770608886e-23,0.0587670001327571,-0.0318534988427825,0.1493874991082968
overall_mean,All,loudness_sma3_stddevNorm,2,iPad_2021,3,Huawei_P30_phone,2_vs_3,102,0.2999084620842726,poor,0.5949236093064065,4.293148724604585e-11,0.6316220999598533,1.0961153514361089e-12,0.3279037592490249,0.0740831449098876,0.4278788517212882,0.0685113434145349,0.0999750924722631,0.0643661743685507,15.686794345667442,7.915649397619113e-29,0.0999750924722631,-0.0261826092900963,0.2261327942346226
overall_mean,All,loudness_sma3_stddevRisingSlope,1,ASUS_FX63VD_laptop,2,iPad_2021,1_vs_2,102,0.2348522938535834,poor,0.5105636122260198,4.199725769675215e-08,0.6062221870388066,1.4588750491892965e-11,4.065901368541673,1.2586405780028682,2.2860549286544685,1.078422238725051,-1.779846439887204,1.166682341644386,-15.40742262699479,2.861783660306282e-28,-1.779846439887204,-4.0665438295102,0.5068509497357927
overall_mean,All,loudness_sma3_stddevRisingSlope,1,ASUS_FX63VD_laptop,3,Huawei_P30_phone,1_vs_3,102,0.1624874446900421,poor,0.6519208913598079,1.1599385015389032e-13,0.7050624537039655,1.324149292975619e-16,4.065901368541673,1.2586405780028682,8.093036579058259,2.26984516568552,4.027135210516586,1.7353393089355886,23.43753278487724,1.2301643666172586e-42,4.027135210516586,0.6258701650028322,7.42840025603034
overall_mean,All,loudness_sma3_stddevRisingSlope,2,iPad_2021,3,Huawei_P30_phone,2_vs_3,102,0.0380513193182593,poor,0.3108119568730456,0.0014753124682601,0.576547489129267,2.2773713757118587e-10,2.2860549286544685,1.078422238725051,8.093036579058259,2.26984516568552,5.806981650403791,2.189417403847345,26.786870220439788,1.087727196798353e-47,5.806981650403791,1.5157235388629935,10.098239761944589
overall_mean,All,mfcc1V_sma3nz_amean,1,ASUS_FX63VD_laptop,2,iPad_2021,1_vs_2,102,0.4859058772667446,poor,0.8168746804801941,1.2310313513365685e-25,0.8130177380959114,3.152970919053924e-25,32.64411270669848,3.6635813532282175,37.182734695297135,4.166632685701275,4.538621988598656,2.417395829597684,18.961658916586877,4.723896452565784e-35,4.538621988598656,-0.1994738374128042,9.276717814610116
overall_mean,All,mfcc1V_sma3nz_amean,1,ASUS_FX63VD_laptop,3,Huawei_P30_phone,1_vs_3,102,0.4460246090385388,poor,0.5314440148267892,9.084505642742071e-09,0.5722953220507658,3.3021112013603917e-10,32.64411270669848,3.6635813532282175,34.56867153935635,5.839036651242425,1.924558832657872,4.977861417362356,3.904707223628528,0.0001705338514122,1.924558832657872,-7.832049545372346,11.681167210688091
overall_mean,All,mfcc1V_sma3nz_amean,2,iPad_2021,3,Huawei_P30_phone,2_vs_3,102,0.4854009873809908,poor,0.5791936841731102,1.8023784341947367e-10,0.6376497729727285,5.724535310080796e-13,37.182734695297135,4.166632685701275,34.56867153935635,5.839036651242425,-2.614063155940784,4.824171487867689,-5.472596448739342,3.238558337779684e-07,-2.614063155940784,-12.069439272161452,6.841312960279886
overall_mean,All,mfcc1V_sma3nz_stddevNorm,1,ASUS_FX63VD_laptop,2,iPad_2021,1_vs_2,102,0.5745980655283629,moderate,0.7732283306700133,1.688109370502159e-21,0.7221163578379539,1.0831680263329447e-17,0.1627935647252484,0.0548105146268356,0.1194962803502048,0.0498048980124899,-0.0432972843750436,0.0355408688445264,-12.30361416532351,8.345974668857933e-22,-0.0432972843750436,-0.1129573873103154,0.0263628185602281
overall_mean,All,mfcc1V_sma3nz_stddevNorm,1,ASUS_FX63VD_laptop,3,Huawei_P30_phone,1_vs_3,102,0.1787169197569717,poor,0.5505324952626369,2.040462155864969e-09,0.6107457690372122,9.356681476095103e-12,0.1627935647252484,0.0548105146268356,0.2792463060166295,0.2810010992393213,0.1164527412913811,0.2549655097350473,4.612839740482114,1.1677681010448556e-05,0.1164527412913811,-0.3832796577893115,0.6161851403720738
overall_mean,All,mfcc1V_sma3nz_stddevNorm,2,iPad_2021,3,Huawei_P30_phone,2_vs_3,102,0.1320359652123414,poor,0.5014423707428055,7.942516186240339e-08,0.5607714969098281,8.804809463637254e-10,0.1194962803502048,0.0498048980124899,0.2792463060166295,0.2810010992393213,0.1597500256664247,0.2596276986898861,6.214268282093649,1.1646465674789548e-08,0.1597500256664247,-0.3491202637657519,0.6686203150986014
overall_mean,All,mfcc1_sma3_amean,1,ASUS_FX63VD_laptop,2,iPad_2021,1_vs_2,102,0.4573671716977866,poor,0.8029026862423544,3.361431079198221e-24,0.7940752384775884,2.376803693313579e-23,31.675254932744824,3.716340593133853,36.49040998861789,4.151850083503644,4.815155055873065,2.5043899506656384,19.41817497424619,7.132339244138165e-36,4.815155055873065,-0.093449247431586,9.723759359177716
overall_mean,All,mfcc1_sma3_amean,1,ASUS_FX63VD_laptop,3,Huawei_P30_phone,1_vs_3,102,0.4396815904003703,poor,0.5503381666887777,2.072705535883608e-09,0.5529796269175746,1.6734388641104154e-09,31.675254932744824,3.716340593133853,34.2603538443452,5.825708450192381,2.585098911600366,4.890815375987797,5.338214022971426,5.791296947793994e-07,2.585098911600366,-7.000899225335716,12.17109704853645
overall_mean,All,mfcc1_sma3_amean,2,iPad_2021,3,Huawei_P30_phone,2_vs_3,102,0.5292271452108205,moderate,0.6119721885483886,8.285065201538694e-12,0.651525860752837,1.2137331558664842e-13,36.49040998861789,4.151850083503644,34.2603538443452,5.825708450192381,-2.2300561442726985,4.644633727914592,-4.849136522121248,4.505934407447016e-06,-2.2300561442726985,-11.3335382509853,6.873425962439903
overall_mean,All,mfcc1_sma3_stddevNorm,1,ASUS_FX63VD_laptop,2,iPad_2021,1_vs_2,102,0.4749293944763895,poor,0.7037630127168044,1.5907927087167202e-16,0.8037557039541762,2.7679940762099924e-24,0.2124971531422095,0.1240389277395234,0.141140380717144,0.0681051139108809,-0.0713567724250654,0.0901866132905619,-7.990854176669094,2.2540489378715065e-12,-0.0713567724250654,-0.2481225344745669,0.105408989624436
overall_mean,All,mfcc1_sma3_stddevNorm,1,ASUS_FX63VD_laptop,3,Huawei_P30_phone,1_vs_3,102,0.02444681841257,poor,0.1382180987087281,0.1659334211068763,0.7482513528337414,1.592471011189473e-19,0.2124971531422095,0.1240389277395234,0.436595293102251,1.367809442043634,0.2240981399600413,1.3562402859425822,1.668790032756785,0.0982561480116524,0.2240981399600413,-2.43413282048742,2.8823291004075027
overall_mean,All,mfcc1_sma3_stddevNorm,2,iPad_2021,3,Huawei_P30_phone,2_vs_3,102,0.0350678850507728,poor,0.3661168256352387,0.0001541425673124,0.6849777496310454,2.02887407080508e-15,0.141140380717144,0.0681051139108809,0.436595293102251,1.367809442043634,0.2954549123851067,1.344369697616833,2.2195891145020394,0.028683118540667,0.2954549123851067,-2.3395096949438856,2.9304195197140994
overall_mean,All,mfcc2V_sma3nz_amean,1,ASUS_FX63VD_laptop,2,iPad_2021,1_vs_2,102,0.4692902422579755,poor,0.8180673040003031,9.162644908635652e-26,0.7992095040457786,7.710131174522332e-24,10.658972162300875,7.718498348705888,0.9554991375127648,8.2079958045324,-9.703473024788112,4.826149421182451,-20.306100201327748,1.941431819480818e-37,-9.703473024788112,-19.162725890305715,-0.2442201592705082
overall_mean,All,mfcc2V_sma3nz_amean,1,ASUS_FX63VD_laptop,3,Huawei_P30_phone,1_vs_3,102,0.5456266638259334,moderate,0.7888756589406231,7.198159265439875e-23,0.740470791796484,5.895959142631633e-19,10.658972162300875,7.718498348705888,3.026440359010761,8.51705195210039,-7.632531803290113,5.328773896218754,-14.46576532253184,2.335635089272945e-26,-7.632531803290113,-18.076928639878872,2.8118650332986457
overall_mean,All,mfcc2V_sma3nz_amean,2,iPad_2021,3,Huawei_P30_phone,2_vs_3,102,0.7904064974160552,good,0.8137432691099755,2.646123856471909e-25,0.761324504809133,1.5798244165718616e-20,0.9554991375127648,8.2079958045324,3.026440359010761,8.51705195210039,2.0709412214979963,5.1124514158515,4.091086524309405,8.64784703319158e-05,2.0709412214979963,-7.949463553570943,12.091345996566936
overall_mean,All,mfcc2V_sma3nz_stddevNorm,1,ASUS_FX63VD_laptop,2,iPad_2021,1_vs_2,102,-0.041562400380964,poor,-0.0454941287296656,0.649799571980603,0.0203391555603304,0.8392095012327614,0.0790749264140472,6.126440233296326,1.0045962812098026,9.514536849486516,0.9255213547957551,11.548307619744271,0.8094092919154745,0.4201825122393909,0.9255213547957551,-21.70916157990301,23.560204289494525
overall_mean,All,mfcc2V_sma3nz_stddevNorm,1,ASUS_FX63VD_laptop,3,Huawei_P30_phone,1_vs_3,102,-0.0277920748969352,poor,-0.0323681119352525,0.7467273321560359,0.1633408914849223,0.1009287745340497,0.0790749264140472,6.126440233296326,-0.2373509341777109,3.4239026987319585,-0.3164258605917581,7.114373363632201,-0.4491955058203978,0.654253039044294,-0.3164258605917581,-14.260597653310873,13.627745932127356
overall_mean,All,mfcc2V_sma3nz_stddevNorm,2,iPad_2021,3,Huawei_P30_phone,2_vs_3,102,0.0055968987868392,poor,0.0088304128396278,0.929808827339667,0.341943217736965,0.0004355496723066,1.0045962812098026,9.514536849486516,-0.2373509341777109,3.4239026987319585,-1.2419472153875133,10.08336189521714,-1.2439355212412628,0.2164025895261043,-1.2419472153875133,-21.005336530013103,18.52144209923808
overall_mean,All,mfcc2_sma3_amean,1,ASUS_FX63VD_laptop,2,iPad_2021,1_vs_2,102,0.4366109556183571,poor,0.8192567317996606,6.810490639004461e-26,0.804490786028917,2.339574119657473e-24,11.362769456291415,7.310869066664271,1.2636933859507322,7.977247978383772,-10.099076070340685,4.639631251018583,-21.983572212319228,2.7733360290278e-40,-10.099076070340685,-19.192753322337108,-1.0053988183442613
overall_mean,All,mfcc2_sma3_amean,1,ASUS_FX63VD_laptop,3,Huawei_P30_phone,1_vs_3,102,0.4961912241222033,poor,0.7671879130671557,5.338723545215048e-21,0.7213360399432291,1.2195455697097633e-17,11.362769456291415,7.310869066664271,3.346821795024816,8.087232212045649,-8.0159476612666,5.304019926145537,-15.263348199644865,5.573329512889194e-28,-8.0159476612666,-18.41182671651185,2.3799313939786533
overall_mean,All,mfcc2_sma3_amean,2,iPad_2021,3,Huawei_P30_phone,2_vs_3,102,0.7697570697076976,good,0.7941634082125343,2.331923100772077e-23,0.7469055871892157,2.0038977750548872e-19,1.2636933859507322,7.977247978383772,3.346821795024816,8.087232212045649,2.083128409074084,5.154679558525286,4.081449761487214,8.961219456875825e-05,2.083128409074084,-8.020043525635478,12.186300343783644
overall_mean,All,mfcc2_sma3_stddevNorm,1,ASUS_FX63VD_laptop,2,iPad_2021,1_vs_2,102,-0.049085923329437,poor,-0.0616051204128333,0.5384901578788994,0.1616219303255282,0.1046166153380961,-1.2826188021303573,7.7372256706467,0.1179719474376846,3.944700242301162,1.400590749568042,8.89864176563992,1.5895991280945183,0.1150506820615214,1.400590749568042,-16.0407471110862,18.841928610222286
overall_mean,All,mfcc2_sma3_stddevNorm,1,ASUS_FX63VD_laptop,3,Huawei_P30_phone,1_vs_3,102,0.0246535125974081,poor,0.026712347118556,0.789851003472721,0.0608478323560511,0.5435042389362701,-1.2826188021303573,7.7372256706467,-0.1763428821793803,5.21714597974929,1.106275919950977,9.215569404399382,1.2123872792279322,0.2281925365133532,1.106275919950977,-16.95624011267181,19.168791952573766
overall_mean,All,mfcc2_sma3_stddevNorm,2,iPad_2021,3,Huawei_P30_phone,2_vs_3,102,-0.1645049744774709,poor,-0.169372910800064,0.0887892547679295,0.0030703812814176,0.9755668317780154,0.1179719474376846,3.944700242301162,-0.1763428821793803,5.21714597974929,-0.2943148296170649,7.0534167090226285,-0.421417618974425,0.6743456730035522,-0.2943148296170649,-14.119011579301416,13.530381920067288
overall_mean,All,mfcc3V_sma3nz_amean,1,ASUS_FX63VD_laptop,2,iPad_2021,1_vs_2,102,0.5980675118616826,moderate,0.8026931160877927,3.5252227975176834e-24,0.7984631130160419,9.099446912062773e-24,6.191881744107486,9.343767081075406,-1.7133483846383577,9.743550975405835,-7.905230128745844,6.007166137642233,-13.29061139559118,6.5596479555727475e-24,-7.905230128745844,-19.67927575852462,3.868815501032934
overall_mean,All,mfcc3V_sma3nz_amean,1,ASUS_FX63VD_laptop,3,Huawei_P30_phone,1_vs_3,102,0.7077140821986795,moderate,0.7452908998661013,2.6351069060420504e-19,0.7473805632990485,1.848086860215864e-19,6.191881744107486,9.343767081075406,9.346726369281424,10.032542357014709,3.1548446251739377,6.94464969308922,4.588045514148282,1.2884508462928802e-05,3.1548446251739377,-10.456668773280931,16.766358023628808
overall_mean,All,mfcc3V_sma3nz_amean,2,iPad_2021,3,Huawei_P30_phone,2_vs_3,102,0.4258062143716989,poor,0.6911187435556967,9.016633266175953e-16,0.644774414620217,2.607240344638802e-13,-1.7133483846383577,9.743550975405835,9.346726369281424,10.032542357014709,11.060074753919778,7.776335920062068,14.36425596117702,3.777736470557607e-26,11.060074753919778,-4.181543649401874,26.30169315724143
overall_mean,All,mfcc3V_sma3nz_stddevNorm,1,ASUS_FX63VD_laptop,2,iPad_2021,1_vs_2,102,0.0471061658482309,poor,0.0483774932414199,0.6292022679798229,0.0594229040265534,0.5530004401370769,-0.2725267920682949,3.960553701800128,-0.0138934664267064,3.055007684236823,0.2586333256415885,4.88347913773812,0.5348786133551624,0.5939094241395709,0.2586333256415885,-9.312985784325129,9.830252435608305
overall_mean,All,mfcc3V_sma3nz_stddevNorm,1,ASUS_FX63VD_laptop,3,Huawei_P30_phone,1_vs_3,102,0.0127878693539063,poor,0.0262021019116424,0.7937750274690789,0.1562388677474258,0.1168497412806503,-0.2725267920682949,3.960553701800128,-0.6673050044068091,15.35717962935226,-0.3947782123385143,15.758857012154824,-0.2530046755291548,0.8007788370202702,-0.3947782123385143,-31.28213795616197,30.49258153148494
overall_mean,All,mfcc3V_sma3nz_stddevNorm,2,iPad_2021,3,Huawei_P30_phone,2_vs_3,102,0.0091750395893063,poor,0.0237823937096282,0.8124522115719075,0.0987554495026887,0.3233949687565073,-0.0138934664267064,3.055007684236823,-0.6673050044068091,15.35717962935226,-0.6534115379801029,15.586676175454176,-0.4233829573623331,0.6729160897774384,-0.6534115379801029,-31.203296841870287,29.896473765910084
overall_mean,All,mfcc3_sma3_amean,1,ASUS_FX63VD_laptop,2,iPad_2021,1_vs_2,102,0.6152744086517291,moderate,0.8260941309033193,1.1850455786258308e-26,0.8262831423062351,1.1279043377579339e-26,6.840845062787516,9.036098983413826,-0.8603462629907792,9.576828985762594,-7.701191325778295,5.512806370005543,-14.108643512159285,1.2746064816539889e-25,-7.701191325778295,-18.50629181098916,3.10390915943257
overall_mean,All,mfcc3_sma3_amean,1,ASUS_FX63VD_laptop,3,Huawei_P30_phone,1_vs_3,102,0.7054067119023797,moderate,0.7570274875658949,3.4309207526334465e-20,0.7618673346489417,1.4307302070716968e-20,6.840845062787516,9.036098983413826,10.418865241146433,9.636790573038116,3.578020178358917,6.5327202640168816,5.531575056096978,2.5038144131076255e-07,3.578020178358917,-9.22611153911417,16.382151895832003
overall_mean,All,mfcc3_sma3_amean,2,iPad_2021,3,Huawei_P30_phone,2_vs_3,102,0.4207699216434563,poor,0.7095934230338091,6.929560950130103e-17,0.6727753871903466,9.597456510750374e-15,-0.8603462629907792,9.576828985762594,10.418865241146433,9.636790573038116,11.279211504137214,7.3216651488023965,15.558544398263985,1.426240867128037e-28,11.279211504137214,-3.0712521875154835,25.62967519578991
overall_mean,All,mfcc3_sma3_stddevNorm,1,ASUS_FX63VD_laptop,2,iPad_2021,1_vs_2,102,0.0548548763896665,poor,0.0746062876566892,0.4561268526982062,0.1098947701737621,0.2715334205085741,1.5125953384674564,10.602043513868548,-2.6634811609052,23.59961757239643,-4.176076499372655,25.139842229286124,-1.677667856612861,0.096504026425489,-4.176076499372655,-53.450167268773455,45.09801427002815
overall_mean,All,mfcc3_sma3_stddevNorm,1,ASUS_FX63VD_laptop,3,Huawei_P30_phone,1_vs_3,102,0.0091959596719673,poor,0.0093010406463854,0.9260781947292148,0.1025665673363452,0.3049796392068912,1.5125953384674564,10.602043513868548,-0.4224821855682582,9.794457937607357,-1.9350775240357143,14.366734814473412,-1.360317794021208,0.1767577248024182,-1.9350775240357143,-30.093877760403604,26.22372271233217
overall_mean,All,mfcc3_sma3_stddevNorm,2,iPad_2021,3,Huawei_P30_phone,2_vs_3,102,0.0195363133860828,poor,0.0275372984788759,0.7835178706385935,0.1707143301423231,0.0862539292909113,-2.6634811609052,23.59961757239643,-0.4224821855682582,9.794457937607357,2.240998975336941,25.3010496366372,0.8945470857266764,0.3731560561251581,2.240998975336941,-47.34905831247197,51.831056263145854
overall_mean,All,mfcc4V_sma3nz_amean,1,ASUS_FX63VD_laptop,2,iPad_2021,1_vs_2,102,0.6003659974145517,moderate,0.8521598532474906,6.954798938259257e-30,0.8164217335497114,1.3763610244285227e-25,-11.21134385803539,9.791787665351986,-20.572266982459688,10.74012603511854,-9.360923124424298,5.656374605277953,-16.714007808912662,7.633269556659368e-31,-9.360923124424298,-20.447417350769086,1.7255711019204885
overall_mean,All,mfcc4V_sma3nz_amean,1,ASUS_FX63VD_laptop,3,Huawei_P30_phone,1_vs_3,102,0.2918484738063658,poor,0.747537091927627,1.7993701378831824e-19,0.751236916952689,9.514612672431441e-20,-11.21134385803539,9.791787665351986,-27.965001024328195,9.177133481912128,-16.753657166292815,6.763926928319276,-25.015593024545552,4.4452870601155055e-45,-16.753657166292815,-30.0109539457986,-3.4963603867870336
overall_mean,All,mfcc4V_sma3nz_amean,2,iPad_2021,3,Huawei_P30_phone,2_vs_3,102,0.4875519036160795,poor,0.6269228266280584,1.8012487547244345e-12,0.6196572255740708,3.8197133295125736e-12,-20.572266982459688,10.74012603511854,-27.965001024328195,9.177133481912128,-7.392734041868514,8.717028282860781,-8.565184319827098,1.2762359412533234e-13,-7.392734041868514,-24.478109476275645,9.692641392538617
overall_mean,All,mfcc4V_sma3nz_stddevNorm,1,ASUS_FX63VD_laptop,2,iPad_2021,1_vs_2,102,0.0269556768729435,poor,0.0303656530802072,0.7619140448133366,0.1135136357724864,0.2559656044105552,-0.6820632275611767,3.896125708718032,-0.4957906340237129,2.3285642168612077,0.1862725935374637,4.47783758403662,0.4201271133682417,0.6752850339870435,0.1862725935374637,-8.590289071174311,8.962834258249238
overall_mean,All,mfcc4V_sma3nz_stddevNorm,1,ASUS_FX63VD_laptop,3,Huawei_P30_phone,1_vs_3,102,-0.0137032031694135,poor,-0.0136198613360616,0.8919281201308371,0.0809777722489553,0.4184657532771827,-0.6820632275611767,3.896125708718032,-0.8969244259683087,3.643305657915841,-0.2148611984071319,5.370301056701498,-0.4040726416384667,0.6870136311556758,-0.2148611984071319,-10.740651269542068,10.310928872727803
overall_mean,All,mfcc4V_sma3nz_stddevNorm,2,iPad_2021,3,Huawei_P30_phone,2_vs_3,102,0.0337516020391889,poor,0.0371578082282946,0.7108025496015183,0.1316871264510803,0.1870564442768828,-0.4957906340237129,2.3285642168612077,-0.8969244259683087,3.643305657915841,-0.4011337919445957,4.25034330084491,-0.9531589393927348,0.3427851442439303,-0.4011337919445957,-8.731806661600618,7.929539077711428
overall_mean,All,mfcc4_sma3_amean,1,ASUS_FX63VD_laptop,2,iPad_2021,1_vs_2,102,0.608796986370169,moderate,0.8717628318767426,9.383354746441628e-33,0.8416746300558097,1.6298416181113834e-28,-9.0492056909138,9.67652188914444,-18.454707355990685,10.667844027057471,-9.405501665076883,5.240034017328477,-18.12791867382683,1.5958870782968136e-33,-9.405501665076883,-19.6759683390407,0.8649650088869318
overall_mean,All,mfcc4_sma3_amean,1,ASUS_FX63VD_laptop,3,Huawei_P30_phone,1_vs_3,102,0.2965291920427695,poor,0.7691414729101029,3.693004809205664e-21,0.7541207004766725,5.745304936893108e-20,-9.0492056909138,9.67652188914444,-25.76203507059406,9.055054324274987,-16.712829379680265,6.390816153844421,-26.411540997396177,3.792239314402437e-47,-16.712829379680265,-29.23882904121533,-4.186829718145201
overall_mean,All,mfcc4_sma3_amean,2,iPad_2021,3,Huawei_P30_phone,2_vs_3,102,0.5099114307820307,moderate,0.6559227158525809,7.30020381760224e-14,0.6281954865960611,1.5758416471559469e-12,-18.454707355990685,10.667844027057471,-25.76203507059406,9.055054324274987,-7.307327714603382,8.311160072124343,-8.879674040618431,2.6178002702381696e-14,-7.307327714603382,-23.59720145596709,8.982546026760332
overall_mean,All,mfcc4_sma3_stddevNorm,1,ASUS_FX63VD_laptop,2,iPad_2021,1_vs_2,102,-0.0369951239770876,poor,-0.0372145454706969,0.7103805856315476,-0.0655410486793967,0.5128036676104291,0.163004594609991,4.891417164781668,0.3737666784374998,5.830890980889705,0.2107620838275089,7.749068811676735,0.274690128345218,0.7841154070958541,0.2107620838275089,-14.97741278705889,15.398936954713909
overall_mean,All,mfcc4_sma3_stddevNorm,1,ASUS_FX63VD_laptop,3,Huawei_P30_phone,1_vs_3,102,0.0335122828872291,poor,0.0350746100783265,0.7263551239794507,0.1725463808516774,0.0828847173546527,0.163004594609991,4.891417164781668,-1.037031701936961,6.322774077640599,-1.2000362965469522,7.857092728277896,-1.5425263417816466,0.1260732111602633,-1.2000362965469522,-16.59993804397163,14.199865450877724
overall_mean,All,mfcc4_sma3_stddevNorm,2,iPad_2021,3,Huawei_P30_phone,2_vs_3,102,-0.053003689479777,poor,-0.0540589209742768,0.5894492113364034,-0.0906243108605549,0.3650172215466484,0.3737666784374998,5.830890980889705,-1.037031701936961,6.322774077640599,-1.4107983803744613,8.829653791627754,-1.613694664125488,0.109713816883034,-1.4107983803744613,-18.71691981196486,15.895323051215938
overall_mean,All,shimmerLocaldB_sma3nz_amean,1,ASUS_FX63VD_laptop,2,iPad_2021,1_vs_2,102,0.3750813224167114,poor,0.6977198014059897,3.6861974348014006e-16,0.7222407563429102,1.0628431218838181e-17,1.2198949411130533,0.1731494894054734,1.4848883389357497,0.2598019454951539,0.2649933978226965,0.1862915462320336,14.366202783084038,3.7430163230982896e-26,0.2649933978226965,-0.1001380327920893,0.6301248284374823
overall_mean,All,shimmerLocaldB_sma3nz_amean,1,ASUS_FX63VD_laptop,3,Huawei_P30_phone,1_vs_3,102,0.3751639378678471,poor,0.6180395930000216,4.503730127765939e-12,0.636451023743151,6.5213730632173e-13,1.2198949411130533,0.1731494894054734,1.439838690575676,0.3464978895361031,0.2199437494626228,0.2754665307020192,8.06385798738833,1.5677888783323497e-12,0.2199437494626228,-0.3199706507133348,0.7598581496385806
overall_mean,All,shimmerLocaldB_sma3nz_amean,2,iPad_2021,3,Huawei_P30_phone,2_vs_3,102,0.8445623769622689,good,0.8880679006495452,1.584482190093768e-35,0.8715189622902895,1.025422928842742e-32,1.4848883389357497,0.2598019454951539,1.439838690575676,0.3464978895361031,-0.0450496483600736,0.1663388912726803,-2.735254170584727,0.0073636459789804,-0.0450496483600736,-0.3710738752545272,0.2809745785343799
overall_mean,All,shimmerLocaldB_sma3nz_stddevNorm,1,ASUS_FX63VD_laptop,2,iPad_2021,1_vs_2,102,0.4404670528347227,poor,0.6867049292199207,1.6183353075906281e-15,0.641404346031405,3.7918990637634923e-13,0.5842451856230148,0.0808511441753431,0.5065034131134191,0.0682281771500194,-0.0777417725095959,0.0601316464375318,-13.057241268012616,2.0455159501425824e-23,-0.0777417725095959,-0.1955997995271583,0.0401162545079665
overall_mean,All,shimmerLocaldB_sma3nz_stddevNorm,1,ASUS_FX63VD_laptop,3,Huawei_P30_phone,1_vs_3,102,0.277450888856707,poor,0.2785150639380735,0.0045895970613691,0.2733544056861425,0.0054380255015823,0.5842451856230148,0.0808511441753431,0.5871312743330988,0.0700622016037079,0.0028860887100838,0.0910508739196328,0.3201294608744909,0.7495315162758818,0.0028860887100838,-0.1755736241723965,0.1813458015925643
overall_mean,All,shimmerLocaldB_sma3nz_stddevNorm,2,iPad_2021,3,Huawei_P30_phone,2_vs_3,102,0.2985601155726097,poor,0.5002145421451865,8.64165929963196e-08,0.4645775257137364,8.708351980537363e-07,0.5065034131134191,0.0682281771500194,0.5871312743330988,0.0700622016037079,0.0806278612196797,0.069148599642472,11.776109520192987,1.152435313458168e-20,0.0806278612196797,-0.0549033940795653,0.2161591165189249
overall_mean,All,slopeUV0-500_sma3nz_amean,1,ASUS_FX63VD_laptop,2,iPad_2021,1_vs_2,102,0.1527087436470292,poor,0.168831653696055,0.0898288459209649,0.2320228076715957,0.0189479300865484,0.007024017559148,0.0084124903399741,0.0111471021271551,0.0092307676317807,0.004123084568007,0.011391059868133,3.655596005808441,0.0004093617375142,0.004123084568007,-0.0182033927735336,0.0264495619095478
overall_mean,All,slopeUV0-500_sma3nz_amean,1,ASUS_FX63VD_laptop,3,Huawei_P30_phone,1_vs_3,102,0.0896152987381064,poor,0.1681359819958817,0.0911791676418522,0.2995063366791772,0.0022273690909996,0.007024017559148,0.0084124903399741,0.0201590521782708,0.0129893537394341,0.0131350346191228,0.0142389578585824,9.316506749925445,2.8736640005979616e-15,0.0131350346191228,-0.0147733227836988,0.0410433920219444
overall_mean,All,slopeUV0-500_sma3nz_amean,2,iPad_2021,3,Huawei_P30_phone,2_vs_3,102,0.4551711611407741,poor,0.6342452841113505,8.276373750040829e-13,0.5697735228234048,4.105867105854933e-10,0.0111471021271551,0.0092307676317807,0.0201590521782708,0.0129893537394341,0.0090119500511157,0.0100913922921761,9.019194914866222,1.2938366415890032e-14,0.0090119500511157,-0.0107671788415495,0.028791078943781
overall_mean,All,slopeUV500-1500_sma3nz_amean,1,ASUS_FX63VD_laptop,2,iPad_2021,1_vs_2,102,0.3589757678256145,poor,0.4713200141567458,5.73738119152835e-07,0.3853110641297516,6.35991862644451e-05,-0.0029295829746591,0.0031780199440892,-0.0015436297035748,0.0018342103936054,0.0013859532710843,0.0028230022340006,4.958353109703047,2.875901514017492e-06,0.0013859532710843,-0.0041471311075568,0.0069190376497256
overall_mean,All,slopeUV500-1500_sma3nz_amean,1,ASUS_FX63VD_laptop,3,Huawei_P30_phone,1_vs_3,102,0.5690327768562556,moderate,0.5901381200694079,6.697009238172424e-11,0.528050622589224,1.1733741118665332e-08,-0.0029295829746591,0.0031780199440892,-0.00379775150422,0.0030020310808836,-0.0008681685295609,0.0028020632787461,-3.129148587805842,0.0022918452971789,-0.0008681685295609,-0.0063602125559032,0.0046238754967814
overall_mean,All,slopeUV500-1500_sma3nz_amean,2,iPad_2021,3,Huawei_P30_phone,2_vs_3,102,0.3137258398279496,poor,0.4953918240888723,1.1998497938942073e-07,0.3284635346429886,0.0007504295879911,-0.0015436297035748,0.0018342103936054,-0.00379775150422,0.0030020310808836,-0.0022541218006452,0.0026307623016721,-8.653580843399157,8.181800644680341e-14,-0.0022541218006452,-0.0074104159119226,0.0029021723106321
overall_mean,All,slopeV0-500_sma3nz_amean,1,ASUS_FX63VD_laptop,2,iPad_2021,1_vs_2,102,0.2223874513881852,poor,0.7655039179400916,7.314117643270746e-21,0.7565747437108074,3.719549914565879e-20,0.0549364997263064,0.0294146862960748,0.1074699942580408,0.0198238855278798,0.0525334945317344,0.019116983615662,27.753452015201404,4.632590223946113e-49,0.0525334945317344,0.0150642066450367,0.0900027824184321
overall_mean,All,slopeV0-500_sma3nz_amean,1,ASUS_FX63VD_laptop,3,Huawei_P30_phone,1_vs_3,102,0.1454149215840124,poor,0.4971943795537603,1.0619672808582921e-07,0.4852729133564412,2.3504444802660322e-07,0.0549364997263064,0.0294146862960748,0.0967131634850991,0.0139080937499089,0.0417766637587927,0.0255313963209753,16.525677508424675,1.7699388993981762e-30,0.0417766637587927,-0.008264873030319,0.0918182005479045
overall_mean,All,slopeV0-500_sma3nz_amean,2,iPad_2021,3,Huawei_P30_phone,2_vs_3,102,0.5479265965894636,moderate,0.6957009264944629,4.858445759378009e-16,0.7023709224149143,1.9341720435052126e-16,0.1074699942580408,0.0198238855278798,0.0967131634850991,0.0139080937499089,-0.0107568307729416,0.0142405998348392,-7.628798419478635,1.3504619085085346e-11,-0.0107568307729416,-0.0386684064492266,0.0171547449033433
overall_mean,All,slopeV0-500_sma3nz_stddevNorm,1,ASUS_FX63VD_laptop,2,iPad_2021,1_vs_2,102,0.0071970542517122,poor,0.0990120995488608,0.3221328749345742,0.2102956726283707,0.0338804936845837,0.417881860822999,2.016520372838545,0.207234732975832,0.0734717901436461,-0.210647127847167,2.010575483571292,-1.0581207844857397,0.2925245239442242,-0.210647127847167,-4.151375075646899,3.7300808199525655
overall_mean,All,slopeV0-500_sma3nz_stddevNorm,1,ASUS_FX63VD_laptop,3,Huawei_P30_phone,1_vs_3,102,0.0022677672990353,poor,0.0298541669173287,0.765807956327208,0.2675868386381757,0.0065488070387613,0.417881860822999,2.016520372838545,0.2844663360981744,0.0762835623283941,-0.1334155247248246,2.0156856949279174,-0.6684726464066709,0.5053568350812603,-0.1334155247248246,-4.084159486783543,3.817328437333893
overall_mean,All,slopeV0-500_sma3nz_stddevNorm,2,iPad_2021,3,Huawei_P30_phone,2_vs_3,102,-0.0114635127955749,poor,-0.0174571189493334,0.8617486840328201,0.6512657547879288,1.250463464231027e-13,0.207234732975832,0.0734717901436461,0.2844663360981744,0.0762835623283941,0.0772316031223423,0.10683149958855,7.301226324967874,6.706122621690754e-11,0.0772316031223423,-0.1321581360712158,0.2866213423159004
overall_mean,All,slopeV500-1500_sma3nz_amean,1,ASUS_FX63VD_laptop,2,iPad_2021,1_vs_2,102,0.4850781270888034,poor,0.5141456435141512,3.253192025873519e-08,0.5508309254683321,1.9918810175898037e-09,-0.0293153910822904,0.0049380846959223,-0.030646713799878,0.006485443792436,-0.0013313227175875,0.0057891228582698,-2.322579895090979,0.0222079998149464,-0.0013313227175875,-0.0126780035197965,0.0100153580846213
overall_mean,All,slopeV500-1500_sma3nz_amean,1,ASUS_FX63VD_laptop,3,Huawei_P30_phone,1_vs_3,102,0.2476684758408605,poor,0.2820291479512237,0.0040815575694202,0.3825310572176578,7.254844899130193e-05,-0.0293153910822904,0.0049380846959223,-0.0320654311180769,0.0053992308191156,-0.0027500400357864,0.0062046378705991,-4.476335847693377,1.9991137333452467e-05,-0.0027500400357864,-0.0149111302621608,0.0094110501905878
overall_mean,All,slopeV500-1500_sma3nz_amean,2,iPad_2021,3,Huawei_P30_phone,2_vs_3,102,0.5507855646075683,moderate,0.5735004638707331,2.973676940709853e-10,0.6302537164053356,1.2677928219209553e-12,-0.030646713799878,0.006485443792436,-0.0320654311180769,0.0053992308191156,-0.0014187173181989,0.0055721469974358,-2.571422212637812,0.0115848966794501,-0.0014187173181989,-0.0123401254331732,0.0095026907967753
overall_mean,All,slopeV500-1500_sma3nz_stddevNorm,1,ASUS_FX63VD_laptop,2,iPad_2021,1_vs_2,102,0.0089340031466476,poor,0.1254259234884343,0.2090816435206673,0.0723490395869969,0.4699061056895303,-0.406211990990819,0.44291056276088,0.8911614645737975,12.405379442709911,1.297373455564617,12.357641766774892,1.0603017848116751,0.2915363315582512,1.297373455564617,-22.923604407314173,25.518351318443408
overall_mean,All,slopeV500-1500_sma3nz_stddevNorm,1,ASUS_FX63VD_laptop,3,Huawei_P30_phone,1_vs_3,102,-0.0149258149514442,poor,-0.1207916997199238,0.2265342095453055,0.1314383294411679,0.1878981047097016,-0.406211990990819,0.44291056276088,-1.1621541146906853,7.132396994103431,-0.7559421236998664,7.199334829066085,-1.0604648058038857,0.2914625597363837,-0.7559421236998664,-14.866638388669392,13.35475414126966
overall_mean,All,slopeV500-1500_sma3nz_stddevNorm,2,iPad_2021,3,Huawei_P30_phone,2_vs_3,102,-0.8553367851050837,poor,-0.9920850693152252,6.194226226507495e-92,0.1446471888765118,0.1469189617562336,0.8911614645737975,12.405379442709911,-1.1621541146906853,7.132396994103431,-2.0533155792644835,19.5018994079973,-1.063356465898571,0.2901561144261626,-2.0533155792644835,-40.27703841893919,36.17040726041022
overall_mean,All,spectralFluxUV_sma3nz_amean,1,ASUS_FX63VD_laptop,2,iPad_2021,1_vs_2,102,0.069695210407584,poor,0.1596306843362029,0.1090194342160745,0.3676534750622366,0.000143885852115,0.1069443695793467,0.1149806123220101,0.0302044270421942,0.038907718115481,-0.0767399425371524,0.11535204143671,-6.718870502598175,1.100843901708809e-09,-0.0767399425371524,-0.3028299437531041,0.1493500586787991
overall_mean,All,spectralFluxUV_sma3nz_amean,1,ASUS_FX63VD_laptop,3,Huawei_P30_phone,1_vs_3,102,0.2380418872173858,poor,0.4192048771823085,1.1580441863523388e-05,0.3849677397011778,6.464583292734186e-05,0.1069443695793467,0.1149806123220101,0.2697681851871258,0.24435589272218,0.1628238156077791,0.2222031134328422,7.400616059822812,4.1317742179230666e-11,0.1628238156077791,-0.2726942867205916,0.5983419179361499
overall_mean,All,spectralFluxUV_sma3nz_amean,2,iPad_2021,3,Huawei_P30_phone,2_vs_3,102,0.046620328948851,poor,0.2894806120070411,0.003167084182625,0.4338338678223744,5.234801154999866e-06,0.0302044270421942,0.038907718115481,0.2697681851871258,0.24435589272218,0.2395637581449315,0.2360492264567836,10.249876242997464,2.5267911972305406e-17,0.2395637581449315,-0.2230927257103643,0.7022202420002275
overall_mean,All,spectralFluxV_sma3nz_amean,1,ASUS_FX63VD_laptop,2,iPad_2021,1_vs_2,102,0.0602736898937586,poor,0.1948121525763337,0.0497508680347686,0.4749817643100689,4.5567858683386753e-07,1.0883935122393842,0.2455688550186324,0.530394597818096,0.2843715257631431,-0.5579989144212882,0.3375835821638605,-16.693681474897804,8.356752077274635e-31,-0.5579989144212882,-1.219662735462455,0.1036649066198783
overall_mean,All,spectralFluxV_sma3nz_amean,1,ASUS_FX63VD_laptop,3,Huawei_P30_phone,1_vs_3,102,0.0653229179172576,poor,0.6296125148982276,1.3569126539184766e-12,0.6293490000056545,1.395266801986455e-12,1.0883935122393842,0.2455688550186324,2.666972443502776,0.619763497326882,1.5785789312633918,0.502755994308805,31.710941077505,2.606676110713932e-54,1.5785789312633918,0.593177182418134,2.5639806801086493
overall_mean,All,spectralFluxV_sma3nz_amean,2,iPad_2021,3,Huawei_P30_phone,2_vs_3,102,0.005594058729262,poor,0.0797586279066074,0.4255291133032904,0.6656394365878621,2.302597492462136e-14,0.530394597818096,0.2843715257631431,2.666972443502776,0.619763497326882,2.13657784568468,0.6609539643545316,32.647324424115155,1.7863933404068407e-55,2.13657784568468,0.8411080755497982,3.432047615819562
overall_mean,All,spectralFluxV_sma3nz_stddevNorm,1,ASUS_FX63VD_laptop,2,iPad_2021,1_vs_2,102,0.7955168726473364,good,0.8007376766730557,5.480176041189037e-24,0.7796902477226592,4.7329777224771535e-22,0.3778097372051478,0.0650976094406664,0.3746701081919586,0.0736106397659357,-0.0031396290131892,0.0445213729043912,-0.71221295873835,0.477974921478095,-0.0031396290131892,-0.0904015199057962,0.0841222618794176
overall_mean,All,spectralFluxV_sma3nz_stddevNorm,1,ASUS_FX63VD_laptop,3,Huawei_P30_phone,1_vs_3,102,0.6955984548450984,moderate,0.7458677082430991,2.39011417405634e-19,0.7741601687296086,1.4089301921167088e-21,0.3778097372051478,0.0650976094406664,0.4028678334498842,0.064542780969572,0.0250580962447364,0.0462149599534405,5.476026962365188,3.190565312947921e-07,0.0250580962447364,-0.065523225264007,0.1156394177534799
overall_mean,All,spectralFluxV_sma3nz_stddevNorm,2,iPad_2021,3,Huawei_P30_phone,2_vs_3,102,0.7018618864148504,moderate,0.7649889943240633,8.048982879817172e-21,0.7256334428417142,6.3150072326868996e-18,0.3746701081919586,0.0736106397659357,0.4028678334498842,0.064542780969572,0.0281977252579257,0.0481177438955826,5.9184625553307,4.4859867780373294e-08,0.0281977252579257,-0.0661130527774161,0.1225085032932676
overall_mean,All,spectralFlux_sma3_amean,1,ASUS_FX63VD_laptop,2,iPad_2021,1_vs_2,102,0.0578243478261271,poor,0.194350524405098,0.0503052141688524,0.453404278177675,1.7054970889121423e-06,0.9924632403144468,0.2285403954644265,0.4761973886463804,0.2464421376021961,-0.5162658516680664,0.3017814199942626,-17.277503427906424,6.331975798160466e-32,-0.5162658516680664,-1.107757434856821,0.0752257315206883
overall_mean,All,spectralFlux_sma3_amean,1,ASUS_FX63VD_laptop,3,Huawei_P30_phone,1_vs_3,102,0.070811761093259,poor,0.6362491849460485,6.665681557939138e-13,0.6227332613329866,2.78516305555619e-12,0.9924632403144468,0.2285403954644265,2.3773200667986334,0.5539359628970092,1.3848568264841865,0.4449512478322295,31.43348496299776,5.840387045241292e-54,1.3848568264841865,0.5127523807330164,2.256961272235356
overall_mean,All,spectralFlux_sma3_amean,2,iPad_2021,3,Huawei_P30_phone,2_vs_3,102,0.0059321701831488,poor,0.086442155716108,0.3876527663505397,0.6310566522100526,1.1641434649398533e-12,0.4761973886463804,0.2464421376021961,2.3773200667986334,0.5539359628970092,1.9011226781522528,0.586496201203391,32.73746332377746,1.3847695412889076e-55,1.9011226781522528,0.7515901237936065,3.0506552325108998
overall_mean,All,spectralFlux_sma3_stddevNorm,1,ASUS_FX63VD_laptop,2,iPad_2021,1_vs_2,102,0.7874111006846263,good,0.7941730588805211,2.327061106544459e-23,0.781228265602117,3.4748624363540416e-22,0.4575084868088129,0.0700196354865967,0.4607354570242977,0.0805198506645805,0.0032269702154847,0.0493066628492416,0.6609816958589095,0.5101289803652174,0.0032269702154847,-0.0934140889690288,0.0998680293999982
overall_mean,All,spectralFlux_sma3_stddevNorm,1,ASUS_FX63VD_laptop,3,Huawei_P30_phone,1_vs_3,102,0.6020386509439576,moderate,0.7592484261145286,2.302558458629393e-20,0.8005552696903042,5.70899412296935e-24,0.4575084868088129,0.0700196354865967,0.5103287818554092,0.0768715384136436,0.0528202950465961,0.0513677671290995,10.385088947474175,1.2732906482771917e-17,0.0528202950465961,-0.047860528526439,0.1535011186196312
overall_mean,All,spectralFlux_sma3_stddevNorm,2,iPad_2021,3,Huawei_P30_phone,2_vs_3,102,0.6231547807285915,moderate,0.7460735095107343,2.30818350215948e-19,0.7577508750303928,3.0144047347345214e-20,0.4607354570242977,0.0805198506645805,0.5103287818554092,0.0768715384136436,0.0495933248311113,0.0561850518904963,8.914613623883207,2.1944918073908104e-14,0.0495933248311113,-0.0605293768742615,0.1597160265364843
