Group,Task,Feature,Device_1,Device_1_Name,Device_2,Device_2_Name,Device_Pair,N,ICC_2_1_absolute_agreement,ICC_Category,Pearson_r,Pearson_p,Spearman_rho,Spearman_p,Device1_mean,Device1_sd,Device2_mean,Device2_sd,Mean_difference_D2_minus_D1,SD_difference,Paired_t,Paired_t_p,Bland_Altman_bias,Bland_Altman_lower_LOA,Bland_Altman_upper_LOA
task_mean,Dots,F0semitoneFrom27.5Hz_sma3nz_amean,1,ASUS_FX63VD_laptop,2,iPad_2021,1_vs_2,102,0.8373977266850536,good,0.8823451815023245,1.6575323349261855e-34,0.8960480856766431,4.803699484377684e-37,30.47243083599983,4.747619282987354,31.735970727569587,4.034335230095513,1.2635398915697496,2.239592459717703,5.697968538586118,1.2030375450701169e-07,1.2635398915697496,-3.126061329476949,5.653141112616448
task_mean,Dots,F0semitoneFrom27.5Hz_sma3nz_amean,1,ASUS_FX63VD_laptop,3,Huawei_P30_phone,1_vs_3,102,0.6854809950334328,moderate,0.8251475705147774,1.516462752657928e-26,0.8540805536864365,3.800832477119442e-30,30.47243083599983,4.747619282987354,32.64726182336405,3.3773816679770574,2.174830987364213,2.7358548010946966,8.028465651100715,1.8696635660233386e-12,2.174830987364213,-3.1874444227813914,7.537106397509818
task_mean,Dots,F0semitoneFrom27.5Hz_sma3nz_amean,2,iPad_2021,3,Huawei_P30_phone,2_vs_3,102,0.8353277288161164,good,0.872842124561889,6.321485387967633e-33,0.866825745966944,5.466728140226696e-32,31.735970727569587,4.034335230095513,32.64726182336405,3.3773816679770574,0.9112910957944632,1.9740224579985977,4.6623526925792005,9.586695392590676e-06,0.9112910957944632,-2.957792921882788,4.780375113471715
task_mean,Dots,F0semitoneFrom27.5Hz_sma3nz_meanFallingSlope,1,ASUS_FX63VD_laptop,2,iPad_2021,1_vs_2,102,0.2543937526191299,poor,0.269298507640633,0.0061998664509988,0.2785791428943008,0.0045798498402626,34.62099988914503,41.54553385045325,38.24420942993401,29.3515896342582,3.623209540788963,43.94049619979395,0.8327767279535256,0.4069355729488565,3.623209540788963,-82.50016301080717,89.7465820923851
task_mean,Dots,F0semitoneFrom27.5Hz_sma3nz_meanFallingSlope,1,ASUS_FX63VD_laptop,3,Huawei_P30_phone,1_vs_3,102,0.3727509586569018,poor,0.3819952101940378,7.440293007912423e-05,0.4131670163018586,1.590136787731271e-05,34.62099988914503,41.54553385045325,43.86934988821746,38.05705043878602,9.248349999072415,44.344389191048286,2.1063263738941758,0.0376543920512017,9.248349999072415,-77.66665281538222,96.16335281352706
task_mean,Dots,F0semitoneFrom27.5Hz_sma3nz_meanFallingSlope,2,iPad_2021,3,Huawei_P30_phone,2_vs_3,102,0.4869751256305247,poor,0.5078802964072447,5.075438940860087e-08,0.4253467608325653,8.334930335281583e-06,38.24420942993401,29.3515896342582,43.86934988821746,38.05705043878602,5.625140458283454,34.2814066564078,1.6571996128051254,0.1005823390118447,5.625140458283454,-61.56641658827584,72.81669750484275
task_mean,Dots,F0semitoneFrom27.5Hz_sma3nz_meanRisingSlope,1,ASUS_FX63VD_laptop,2,iPad_2021,1_vs_2,102,0.3382124644368758,poor,0.4228468776637267,9.536103630516931e-06,0.4539584169724797,1.6505004247000469e-06,44.64433658825384,27.9535591048976,65.82700341423579,36.88605099215541,21.18266682598197,35.636925123561696,6.003167991484166,3.0576030413870924e-08,21.18266682598197,-48.66570641619896,91.0310400681629
task_mean,Dots,F0semitoneFrom27.5Hz_sma3nz_meanRisingSlope,1,ASUS_FX63VD_laptop,3,Huawei_P30_phone,1_vs_3,102,0.2400115717191091,poor,0.3288071700720011,0.0007403183547062,0.3060712124896099,0.0017569422040635,44.64433658825384,27.9535591048976,69.28352309486148,48.288497074986026,24.63918650660767,47.17530422528079,5.274869762627955,7.597554562104451e-07,24.63918650660767,-67.82440977494268,117.10278278815802
task_mean,Dots,F0semitoneFrom27.5Hz_sma3nz_meanRisingSlope,2,iPad_2021,3,Huawei_P30_phone,2_vs_3,102,0.3904868025964453,poor,0.4036253041569276,2.5925280774836964e-05,0.4183691356000249,1.2104438943341294e-05,65.82700341423579,36.88605099215541,69.28352309486148,48.288497074986026,3.456519680625693,47.48165493052864,0.7352131604321955,0.4639134804092251,3.456519680625693,-89.60752398321044,96.52056334446182
task_mean,Dots,F0semitoneFrom27.5Hz_sma3nz_pctlrange0-2,1,ASUS_FX63VD_laptop,2,iPad_2021,1_vs_2,102,0.6134261424420794,moderate,0.6292499476184671,1.4099527823026722e-12,0.5778480189538087,2.030577594481539e-10,3.933752791554321,2.2802539626350278,4.489494580329114,2.305971713894976,0.5557417887747939,1.9747450715647537,2.8422488659449017,0.0054207582017145,0.5557417887747939,-3.314758551492124,4.426242129041712
task_mean,Dots,F0semitoneFrom27.5Hz_sma3nz_pctlrange0-2,1,ASUS_FX63VD_laptop,3,Huawei_P30_phone,1_vs_3,102,0.3781069572177489,poor,0.3992886305309504,3.221724927959679e-05,0.4130086909319144,1.603282273611792e-05,3.933752791554321,2.2802539626350278,4.649641191867301,2.81389045430738,0.71588840031298,2.827288201873172,2.557262619879669,0.0120366172086274,0.71588840031298,-4.825596475358438,6.257373275984397
task_mean,Dots,F0semitoneFrom27.5Hz_sma3nz_pctlrange0-2,2,iPad_2021,3,Huawei_P30_phone,2_vs_3,102,0.7329619691524866,moderate,0.7470204018542771,1.9651026138172116e-19,0.7754267716891621,1.100451843938518e-21,4.489494580329114,2.305971713894976,4.649641191867301,2.81389045430738,0.1601466115381865,1.881761166913272,0.8595147580524028,0.3920920736133708,0.1601466115381865,-3.528105275611826,3.848398498688199
task_mean,Dots,F0semitoneFrom27.5Hz_sma3nz_percentile20.0,1,ASUS_FX63VD_laptop,2,iPad_2021,1_vs_2,102,0.8805327411701263,good,0.9014675911263542,3.78729685482141e-38,0.9032971258290878,1.553699809020783e-38,28.48526808858556,4.810686211193775,29.44955936224302,4.449348447690458,0.9642912736574624,2.0853352136075847,4.670167374901312,9.291738234065268e-06,0.9642912736574624,-3.122965745013404,5.051548292328328
task_mean,Dots,F0semitoneFrom27.5Hz_sma3nz_percentile20.0,1,ASUS_FX63VD_laptop,3,Huawei_P30_phone,1_vs_3,102,0.820221699530616,good,0.9020230431664716,2.895028401540414e-38,0.9111907764163052,2.6821590912104834e-40,28.48526808858556,4.810686211193775,30.32176989089572,4.058966545370631,1.8365018023101616,2.095557151663168,8.850991731254693,3.025506059752162e-14,1.8365018023101616,-2.270790214949648,5.943793819569971
task_mean,Dots,F0semitoneFrom27.5Hz_sma3nz_percentile20.0,2,iPad_2021,3,Huawei_P30_phone,2_vs_3,102,0.8824134905514857,good,0.9038538019836816,1.1805727451559336e-38,0.9047899078885616,7.410911911388228e-39,29.44955936224302,4.449348447690458,30.32176989089572,4.058966545370631,0.8722105286526994,1.903983161270262,4.626561159050583,1.10576476353422e-05,0.8722105286526994,-2.8595964674370142,4.604017524742413
task_mean,Dots,F0semitoneFrom27.5Hz_sma3nz_percentile50.0,1,ASUS_FX63VD_laptop,2,iPad_2021,1_vs_2,102,0.831365588232905,good,0.8686936998598181,2.830076225731225e-32,0.8794578486974911,5.175796339656434e-34,30.737395555719484,5.006759827594895,31.95326226644408,4.291561135520342,1.2158667107246066,2.480769590676184,4.94993646145354,2.977737133833829e-06,1.2158667107246066,-3.6464416870007135,6.078175108449927
task_mean,Dots,F0semitoneFrom27.5Hz_sma3nz_percentile50.0,1,ASUS_FX63VD_laptop,3,Huawei_P30_phone,1_vs_3,102,0.729876353378495,moderate,0.8399359405656622,2.689519434596776e-28,0.8714624175153095,1.0467163202313568e-32,30.737395555719484,5.006759827594895,32.57004962593618,3.559958289368557,1.832654070216704,2.792696229749894,6.627609059407284,1.6949856512929451e-09,1.832654070216704,-3.641030540093088,7.306338680526497
task_mean,Dots,F0semitoneFrom27.5Hz_sma3nz_percentile50.0,2,iPad_2021,3,Huawei_P30_phone,2_vs_3,102,0.8781932592274363,good,0.9035289851715484,1.3860428857005922e-38,0.9045184929686572,8.486301934686279e-39,31.95326226644408,4.291561135520342,32.57004962593618,3.559958289368557,0.6167873594920975,1.8662712406567217,3.337803662943301,0.0011831375039099,0.6167873594920975,-3.041104272195077,4.274678991179272
task_mean,Dots,F0semitoneFrom27.5Hz_sma3nz_percentile80.0,1,ASUS_FX63VD_laptop,2,iPad_2021,1_vs_2,102,0.7585560389851074,good,0.822708623329914,2.84342156261425e-26,0.8480528806735614,2.461089983888769e-29,32.41902088169817,4.968796481124955,33.93905394257213,3.932815646960104,1.520033060873964,2.828831157158832,5.426828450301982,3.950654839308744e-07,1.520033060873964,-4.024476007157346,7.064542128905274
task_mean,Dots,F0semitoneFrom27.5Hz_sma3nz_percentile80.0,1,ASUS_FX63VD_laptop,3,Huawei_P30_phone,1_vs_3,102,0.504705059989889,moderate,0.6455799873821471,2.3822945470328613e-13,0.7100723207671995,6.466468149464795e-17,32.41902088169817,4.968796481124955,34.971411085100456,3.3007755602925286,2.5523902034022874,3.795773359314314,6.791205644729279,7.807907512800728e-10,2.5523902034022874,-4.887325580853768,9.992105987658343
task_mean,Dots,F0semitoneFrom27.5Hz_sma3nz_percentile80.0,2,iPad_2021,3,Huawei_P30_phone,2_vs_3,102,0.7347698670643447,moderate,0.7745022672657551,1.3181727392221037e-21,0.8075555128328367,1.1515826239383455e-24,33.93905394257213,3.932815646960104,34.971411085100456,3.3007755602925286,1.0323571425283231,2.5008000610608514,4.169184182879169,6.468332640571977e-05,1.0323571425283231,-3.869210977150945,5.933925262207591
task_mean,Dots,F0semitoneFrom27.5Hz_sma3nz_stddevFallingSlope,1,ASUS_FX63VD_laptop,2,iPad_2021,1_vs_2,102,0.2503494664820603,poor,0.2604714905191928,0.0081928575858048,0.3429422841174017,0.0004179254439907,15.566379650526386,19.72489232115859,16.167803660477105,14.5096984121582,0.6014240099507258,21.22516613920285,0.2861737203238212,0.7753312244385049,0.6014240099507258,-40.99990162288687,42.20274964278832
task_mean,Dots,F0semitoneFrom27.5Hz_sma3nz_stddevFallingSlope,1,ASUS_FX63VD_laptop,3,Huawei_P30_phone,1_vs_3,102,0.3912828091472806,poor,0.4011284135404341,2.939105503139105e-05,0.3057758476998399,0.0017760030840108,15.566379650526386,19.72489232115859,16.313588638698423,15.423125976275552,0.7472089881720424,19.56737135762045,0.3856645191686995,0.7005562507091834,0.7472089881720424,-37.60483887276404,39.09925684910812
task_mean,Dots,F0semitoneFrom27.5Hz_sma3nz_stddevFallingSlope,2,iPad_2021,3,Huawei_P30_phone,2_vs_3,102,0.2672516436478614,poor,0.2658340560988218,0.00692404717675,0.3202083115412528,0.0010346735812192,16.167803660477105,14.5096984121582,16.313588638698423,15.423125976275552,0.1457849782213167,18.150065127177776,0.0811212575364537,0.9355060540052532,0.1457849782213167,-35.428342671047126,35.719912627489755
task_mean,Dots,F0semitoneFrom27.5Hz_sma3nz_stddevNorm,1,ASUS_FX63VD_laptop,2,iPad_2021,1_vs_2,102,0.6359824515584754,moderate,0.6422412886582505,3.4565663609577134e-13,0.6287043895708817,1.493554522079965e-12,0.0798939076591398,0.0413584827936774,0.0860252118497726,0.0390066865010344,0.0061313041906328,0.0340564928184376,1.8182476182154697,0.0719902432327026,0.0061313041906328,-0.0606194217335048,0.0728820301147705
task_mean,Dots,F0semitoneFrom27.5Hz_sma3nz_stddevNorm,1,ASUS_FX63VD_laptop,3,Huawei_P30_phone,1_vs_3,102,0.4846624973906113,poor,0.5074760540380949,5.221602092199081e-08,0.5226377006632702,1.7547052343297386e-08,0.0798939076591398,0.0413584827936774,0.0924018163021552,0.0486263843169886,0.0125079086430154,0.0450983978158048,2.8010681360490786,0.006104921579002,0.0125079086430154,-0.0758849510759621,0.100900768361993
task_mean,Dots,F0semitoneFrom27.5Hz_sma3nz_stddevNorm,2,iPad_2021,3,Huawei_P30_phone,2_vs_3,102,0.754943946313744,good,0.7796404164347139,4.780401454668725e-22,0.8036313054492199,2.8476936749326142e-24,0.0860252118497726,0.0390066865010344,0.0924018163021552,0.0486263843169886,0.0063766044523826,0.0304708793101928,2.113511313579892,0.0370206151523024,0.0063766044523826,-0.0533463189955953,0.0660995279003605
task_mean,Dots,F0semitoneFrom27.5Hz_sma3nz_stddevRisingSlope,1,ASUS_FX63VD_laptop,2,iPad_2021,1_vs_2,102,0.351115299300179,poor,0.3966359797935215,3.674232144769795e-05,0.3190887218312955,0.0010799974214912,11.62403624718129,11.575930314473766,16.826698274599913,16.605505998244997,5.202662027418625,16.039293623433494,3.2759741215645395,0.0014435522396894,5.202662027418625,-26.23435347451102,36.63967752934827
task_mean,Dots,F0semitoneFrom27.5Hz_sma3nz_stddevRisingSlope,1,ASUS_FX63VD_laptop,3,Huawei_P30_phone,1_vs_3,102,0.2472711921904578,poor,0.316128227228387,0.0012086942063131,0.4266666666666666,7.759669754882932e-06,11.62403624718129,11.575930314473766,18.39564193874598,21.38970468877276,6.771605691564695,20.85596575996942,3.27915119873589,0.0014289586103123,6.771605691564695,-34.10608719797536,47.64929858110475
task_mean,Dots,F0semitoneFrom27.5Hz_sma3nz_stddevRisingSlope,2,iPad_2021,3,Huawei_P30_phone,2_vs_3,102,0.2447219365647235,poor,0.2515820607545714,0.0107505091265659,0.4451443450842074,2.76124966286693e-06,16.826698274599913,16.605505998244997,18.39564193874598,21.38970468877276,1.5689436641460717,23.548779309382965,0.6728821938443966,0.5025589089879587,1.5689436641460717,-44.58666378224454,47.72455111053668
task_mean,Dots,F1amplitudeLogRelF0_sma3nz_amean,1,ASUS_FX63VD_laptop,2,iPad_2021,1_vs_2,102,0.2755320145808698,poor,0.4586344059301652,1.2488010835539973e-06,0.5337091676043675,7.645967225457182e-09,-12.08757442341436,5.7435414943194605,-4.404070794787248,9.956701030379335,7.683503628627115,8.925724874677824,8.693925023545324,6.677958609458257e-14,7.683503628627115,-9.81091712574142,25.17792438299565
task_mean,Dots,F1amplitudeLogRelF0_sma3nz_amean,1,ASUS_FX63VD_laptop,3,Huawei_P30_phone,1_vs_3,102,0.2840878418136266,poor,0.33106632938634,0.0006768871905655,0.3944506957834561,4.090954936196417e-05,-12.08757442341436,5.7435414943194605,-9.601881199719465,9.232738491604234,2.4856932236949003,9.117003347002434,2.753566060301359,0.0069915806917896,2.4856932236949003,-15.383633336429872,20.35501978381967
task_mean,Dots,F1amplitudeLogRelF0_sma3nz_amean,2,iPad_2021,3,Huawei_P30_phone,2_vs_3,102,0.4732353844261437,poor,0.5419874309957662,4.027839851937446e-09,0.6052496169091496,1.6035942478485485e-11,-4.404070794787248,9.956701030379335,-9.601881199719465,9.232738491604234,-5.197810404932218,9.205005685588835,-5.70290922638628,1.1769558857850565e-07,-5.197810404932218,-23.239621548686337,12.8440007388219
task_mean,Dots,F1amplitudeLogRelF0_sma3nz_stddevNorm,1,ASUS_FX63VD_laptop,2,iPad_2021,1_vs_2,102,-0.0053882540536316,poor,-0.0101272312816073,0.919532960375151,-0.0658690083742811,0.510692099962681,-5.565129487228744,32.33290827352901,1.3176847434550103,9.667890972128417,6.882814230683753,33.84104662430891,2.054103618139468,0.0425486174281529,6.882814230683753,-59.44563715296171,73.2112656143292
task_mean,Dots,F1amplitudeLogRelF0_sma3nz_stddevNorm,1,ASUS_FX63VD_laptop,3,Huawei_P30_phone,1_vs_3,102,0.0096638299711627,poor,0.0118253790375338,0.9060972461344908,0.0069719707550423,0.9445546406962444,-5.565129487228744,32.33290827352901,5.750952620862886,60.48323338617623,11.316082108091631,68.24505171279091,1.6746536820655944,0.0970960358223078,11.316082108091631,-122.44421924897854,145.0763834651618
task_mean,Dots,F1amplitudeLogRelF0_sma3nz_stddevNorm,2,iPad_2021,3,Huawei_P30_phone,2_vs_3,102,-0.0081964497020783,poor,-0.0261718149833082,0.7940081108809356,0.0767934589004303,0.4429916828981348,1.3176847434550103,9.667890972128417,5.750952620862886,60.48323338617623,4.433267877407874,61.50038478431349,0.7280248892423672,0.4682828284657619,4.433267877407874,-116.10748629984656,124.97402205466231
task_mean,Dots,F1bandwidth_sma3nz_amean,1,ASUS_FX63VD_laptop,2,iPad_2021,1_vs_2,102,0.4296542177948412,poor,0.6813774331857474,3.234222182683821e-15,0.6749580155045773,7.307969066041492e-15,1223.9270498691678,70.07277440870051,1307.9448814787988,90.54322091102264,84.01783160963117,66.79905701394867,12.702851554846886,1.1623813358511868e-22,84.01783160963117,-46.908320137708216,214.94398335697056
task_mean,Dots,F1bandwidth_sma3nz_amean,1,ASUS_FX63VD_laptop,3,Huawei_P30_phone,1_vs_3,102,0.4808383766851021,poor,0.5864273562927126,9.407158689090139e-11,0.5579668760708166,1.111560794891392e-09,1223.9270498691678,70.07277440870051,1189.7117069665974,121.76410907976714,-34.215342902570555,98.63815844718556,-3.5032894982248437,0.0006862599812705,-34.215342902570555,-227.5461334590542,159.11544765391312
task_mean,Dots,F1bandwidth_sma3nz_amean,2,iPad_2021,3,Huawei_P30_phone,2_vs_3,102,0.3477471008187501,poor,0.5820076324937843,1.4022236429318458e-10,0.4652899898784852,8.336219117943603e-07,1307.9448814787988,90.54322091102264,1189.7117069665974,121.76410907976714,-118.23317451220171,100.95248482035024,-11.828302512703456,8.879533113216736e-21,-118.23317451220171,-316.10004476008817,79.63369573568477
task_mean,Dots,F1bandwidth_sma3nz_stddevNorm,1,ASUS_FX63VD_laptop,2,iPad_2021,1_vs_2,102,0.3193581862599788,poor,0.3793418016188929,8.42543306193654e-05,0.3819316826028691,7.462569255742418e-05,0.1424342642422179,0.0280461551203526,0.1270912131296729,0.0235134591562705,-0.015343051112545,0.0289680251124948,-5.349250419347797,5.522838959758856e-07,-0.015343051112545,-0.072120380333035,0.0414342781079448
task_mean,Dots,F1bandwidth_sma3nz_stddevNorm,1,ASUS_FX63VD_laptop,3,Huawei_P30_phone,1_vs_3,102,0.2486120135606627,poor,0.3594454154813774,0.0002070266299432,0.4032603717253507,2.640674566839633e-05,0.1424342642422179,0.0280461551203526,0.1695944356706857,0.0525660829044616,0.0271601714284677,0.0498992587105958,5.497161532187723,2.909895160968945e-07,0.0271601714284677,-0.0706423756443,0.1249627185012355
task_mean,Dots,F1bandwidth_sma3nz_stddevNorm,2,iPad_2021,3,Huawei_P30_phone,2_vs_3,102,0.235935860705421,poor,0.4869371873109798,2.1074855438709718e-07,0.4374247247683078,4.283341262700095e-06,0.1270912131296729,0.0235134591562705,0.1695944356706857,0.0525660829044616,0.0425032225410128,0.0459603844178899,9.339815395063855,2.5535869738355588e-15,0.0425032225410128,-0.0475791309180514,0.132585576000077
task_mean,Dots,F1frequency_sma3nz_amean,1,ASUS_FX63VD_laptop,2,iPad_2021,1_vs_2,102,0.4151305925040154,poor,0.5241315402501563,1.571366777234363e-08,0.547415621059536,2.6207016140633293e-09,592.6872820885353,63.79651977398317,641.8630226003792,73.86704133273496,49.175740511843806,67.72324359695078,7.333532887213042,5.730422039788641e-11,49.175740511843806,-83.56181693817973,181.91329796186733
task_mean,Dots,F1frequency_sma3nz_amean,1,ASUS_FX63VD_laptop,3,Huawei_P30_phone,1_vs_3,102,0.1773602541528852,poor,0.2002764890337997,0.0435639933877683,0.2292720991116816,0.0204512616856906,592.6872820885353,63.79651977398317,626.0062122786959,81.76046542594345,33.31893019016059,93.08851717745422,3.6148894643470455,0.0004706442251693,33.31893019016059,-149.1345634776497,215.7724238579709
task_mean,Dots,F1frequency_sma3nz_amean,2,iPad_2021,3,Huawei_P30_phone,2_vs_3,102,0.5098766495531176,moderate,0.5206988811314794,2.0233140078443044e-08,0.4443458052258681,2.890991891483384e-06,641.8630226003792,73.86704133273496,626.0062122786959,81.76046542594345,-15.856810321683202,76.49635301897534,-2.093510707769103,0.0388081252351112,-15.856810321683202,-165.78966223887488,134.07604159550846
task_mean,Dots,F1frequency_sma3nz_stddevNorm,1,ASUS_FX63VD_laptop,2,iPad_2021,1_vs_2,102,0.361238482892104,poor,0.3680764986285406,0.0001411755049141,0.3833226840673787,6.988740708982492e-05,0.2603675361410537,0.0514812669736752,0.2498248557276819,0.047893312304484,-0.0105426804133717,0.0559376903455562,-1.903472457312133,0.0598258496705175,-0.0105426804133717,-0.1201805534906619,0.0990951926639184
task_mean,Dots,F1frequency_sma3nz_stddevNorm,1,ASUS_FX63VD_laptop,3,Huawei_P30_phone,1_vs_3,102,0.3166083789455632,poor,0.3241922349335693,0.0008870974702402,0.3456073191556734,0.0003740709583174,0.2603675361410537,0.0514812669736752,0.2731592559179511,0.0540572618344176,0.0127917197768973,0.0613848166105399,2.104592702077672,0.0378087133543025,0.0127917197768973,-0.107522520779761,0.1331059603335557
task_mean,Dots,F1frequency_sma3nz_stddevNorm,2,iPad_2021,3,Huawei_P30_phone,2_vs_3,102,0.3664168496964498,poor,0.4054743733154173,2.360958005385485e-05,0.4390984501077178,3.8979508409911e-06,0.2498248557276819,0.047893312304484,0.2731592559179511,0.0540572618344176,0.0233344001902691,0.055824956437953,4.2215149816959,5.314535707718451e-05,0.0233344001902691,-0.0860825144281189,0.1327513148086571
task_mean,Dots,F2amplitudeLogRelF0_sma3nz_amean,1,ASUS_FX63VD_laptop,2,iPad_2021,1_vs_2,102,0.4139713913638003,poor,0.5767626980610663,2.234630717112865e-10,0.5619023924094294,8.010157749627523e-10,-23.58334831907196,6.605134521895275,-17.131058509083815,9.280651861628828,6.452289809988142,7.684220670471599,8.480356771914416,1.9541952197313345e-13,6.452289809988142,-8.608782704136193,21.513362324112475
task_mean,Dots,F2amplitudeLogRelF0_sma3nz_amean,1,ASUS_FX63VD_laptop,3,Huawei_P30_phone,1_vs_3,102,0.4088251037814528,poor,0.4471170778422078,2.463914435909206e-06,0.4888691610451736,1.855417183016299e-07,-23.58334831907196,6.605134521895275,-20.91527640543365,8.672838868353093,2.668071913638302,8.22310728078197,3.2768884738583592,0.0014393380164993,2.668071913638302,-13.44921835669436,18.785362183970967
task_mean,Dots,F2amplitudeLogRelF0_sma3nz_amean,2,iPad_2021,3,Huawei_P30_phone,2_vs_3,102,0.5863761101043815,moderate,0.6377888838829642,5.638402903271678e-13,0.7061254954735908,1.138763908440078e-16,-17.131058509083815,9.280651861628828,-20.91527640543365,8.672838868353093,-3.784217896349839,7.660149543359441,-4.989292587003742,2.529893108642912e-06,-3.784217896349839,-18.798111001334345,11.229675208634664
task_mean,Dots,F2amplitudeLogRelF0_sma3nz_stddevNorm,1,ASUS_FX63VD_laptop,2,iPad_2021,1_vs_2,102,-0.0026323991403252,poor,-0.0362484525015784,0.717577408541005,-0.0467455654760221,0.640826348302612,-0.3283300124038513,2.485725708997157,6.947568596170442,68.26336489439944,7.275898608574294,68.39859197318792,1.0743345997111022,0.2852326773051729,7.275898608574294,-126.78534165887402,141.3371388760226
task_mean,Dots,F2amplitudeLogRelF0_sma3nz_stddevNorm,1,ASUS_FX63VD_laptop,3,Huawei_P30_phone,1_vs_3,102,-0.0096964901055406,poor,-0.0192300811957661,0.847868774735904,0.1342768771451674,0.178457875172116,-0.3283300124038513,2.485725708997157,0.3141741835935477,9.244469056559025,0.6425041959973996,9.618878560180358,0.6746081946867227,0.5014660026442673,0.6425041959973996,-18.2104977819561,19.4955061739509
task_mean,Dots,F2amplitudeLogRelF0_sma3nz_stddevNorm,2,iPad_2021,3,Huawei_P30_phone,2_vs_3,102,-0.0022789826851184,poor,-0.0085638462765668,0.93192256057872,0.0721454783970687,0.4711597710869371,6.947568596170442,68.26336489439944,0.3141741835935477,9.244469056559025,-6.6333944125768936,68.96488796422963,-0.9714218583617776,0.3336589360641024,-6.6333944125768936,-141.80457482246698,128.53778599731316
task_mean,Dots,F2bandwidth_sma3nz_amean,1,ASUS_FX63VD_laptop,2,iPad_2021,1_vs_2,102,0.2693588663338285,poor,0.5573390019062497,1.1707480647160823e-09,0.4538679453325115,1.659363316837531e-06,884.6854229710035,84.82955193729518,1021.3104280123875,104.62263396001477,136.62500504138424,90.8244434018221,15.192440068303483,7.744458045756918e-28,136.62500504138424,-41.39090402618706,314.64091410895554
task_mean,Dots,F2bandwidth_sma3nz_amean,1,ASUS_FX63VD_laptop,3,Huawei_P30_phone,1_vs_3,102,0.4892888240939212,poor,0.5078780076416254,5.076255396103116e-08,0.4591944631356339,1.2074395352604777e-06,884.6854229710035,84.82955193729518,860.7227645107912,81.02179977904935,-23.962658460212477,82.33620211542971,-2.939302290332956,0.004077133792063,-23.962658460212477,-185.34161460645475,137.41629768602976
task_mean,Dots,F2bandwidth_sma3nz_amean,2,iPad_2021,3,Huawei_P30_phone,2_vs_3,102,0.1239757888025126,poor,0.3157608890119837,0.0012256001282271,0.252941741918338,0.0103188907285397,1021.3104280123875,104.62263396001477,860.7227645107912,81.02179977904935,-160.5876635015967,110.2596844511272,-14.709419028795551,7.401205694286803e-27,-160.5876635015967,-376.696645025806,55.52131802261261
task_mean,Dots,F2bandwidth_sma3nz_stddevNorm,1,ASUS_FX63VD_laptop,2,iPad_2021,1_vs_2,102,0.4137708205715952,poor,0.5280104404601226,1.176915213173908e-08,0.396814267377623,3.6420466926873685e-05,0.2896717134712345,0.0781834614990216,0.2378011888484263,0.0651351344591666,-0.051870524622808,0.0705511397806804,-7.425345943552501,3.661711274881952e-11,-0.051870524622808,-0.1901507585929417,0.0864097093473257
task_mean,Dots,F2bandwidth_sma3nz_stddevNorm,1,ASUS_FX63VD_laptop,3,Huawei_P30_phone,1_vs_3,102,0.5261811588763031,moderate,0.5687404712573159,4.4867621718264487e-10,0.526607143866871,1.307199561706392e-08,0.2896717134712345,0.0781834614990216,0.3223782244558013,0.0809452181636434,0.0327065109845668,0.0739333880540158,4.467799703212493,2.066814353611744e-05,0.0327065109845668,-0.1122029296013042,0.1776159515704378
task_mean,Dots,F2bandwidth_sma3nz_stddevNorm,2,iPad_2021,3,Huawei_P30_phone,2_vs_3,102,0.2276331264792562,poor,0.3860260793469481,6.146992301872351e-05,0.4021634030907374,2.790490646784943e-05,0.2378011888484263,0.0651351344591666,0.3223782244558013,0.0809452181636434,0.0845770356073747,0.0820009970905101,10.41677807705049,1.084419063791596e-17,0.0845770356073747,-0.076144918690025,0.2452989899047746
task_mean,Dots,F2frequency_sma3nz_amean,1,ASUS_FX63VD_laptop,2,iPad_2021,1_vs_2,102,0.4483941363055613,poor,0.4531324229483177,1.7331077924627734e-06,0.4930647833486947,1.403198937111185e-07,1637.958501216279,84.19257919395875,1649.0392342319444,95.83718303130054,11.08073301566524,94.66099894845765,1.1822177988351583,0.2398950895799557,11.08073301566524,-174.45482492331172,196.61629095464215
task_mean,Dots,F2frequency_sma3nz_amean,1,ASUS_FX63VD_laptop,3,Huawei_P30_phone,1_vs_3,102,0.1147691487282631,poor,0.1223890636933667,0.2204065188665347,0.1221762952994328,0.2212158961617133,1637.958501216279,84.19257919395875,1658.4356510790203,116.85519025320708,20.477149862741616,135.40795941528924,1.527303690679412,0.1298112039262809,20.477149862741616,-244.9224505912253,285.8767503167085
task_mean,Dots,F2frequency_sma3nz_amean,2,iPad_2021,3,Huawei_P30_phone,2_vs_3,102,0.4624055639337348,poor,0.4708601256321409,5.904701203274346e-07,0.3447478385759764,0.0003877282044261,1649.0392342319444,95.83718303130054,1658.4356510790203,116.85519025320708,9.39641684707638,110.8760930102313,0.8559027990028428,0.394077544016448,9.39641684707638,-207.92072545297697,226.71355914712973
task_mean,Dots,F2frequency_sma3nz_stddevNorm,1,ASUS_FX63VD_laptop,2,iPad_2021,1_vs_2,102,0.3301193910271132,poor,0.4310634515866051,6.101521490110771e-06,0.4919678147140814,1.5100675614274237e-07,0.1431964729854198,0.0277109663236873,0.1256322523621265,0.0206991264773522,-0.0175642206232933,0.0264922952946492,-6.695906524915582,1.2273679965207702e-09,-0.0175642206232933,-0.0694891194008058,0.0343606781542191
task_mean,Dots,F2frequency_sma3nz_stddevNorm,1,ASUS_FX63VD_laptop,3,Huawei_P30_phone,1_vs_3,102,0.3806910801396909,poor,0.3859771600875057,6.16134559311072e-05,0.5102770128526274,4.28587973067883e-08,0.1431964729854198,0.0277109663236873,0.1487283831216238,0.0287957173455139,0.005531910136204,0.0313225880153222,1.783682552407165,0.0774786575744175,0.005531910136204,-0.0558603623738275,0.0669241826462356
task_mean,Dots,F2frequency_sma3nz_stddevNorm,2,iPad_2021,3,Huawei_P30_phone,2_vs_3,102,0.1617509990615048,poor,0.2417357401991078,0.0143755143579033,0.3315050522756445,0.0006651617024417,0.1256322523621265,0.0206991264773522,0.1487283831216238,0.0287957173455139,0.0230961307594973,0.0311364069526491,7.491535134973369,2.6489456842375035e-11,0.0230961307594973,-0.0379312268676949,0.0841234883866897
task_mean,Dots,F3amplitudeLogRelF0_sma3nz_amean,1,ASUS_FX63VD_laptop,2,iPad_2021,1_vs_2,102,0.6340323381259679,moderate,0.7299151716443416,3.237227742298746e-18,0.6965920464119514,4.302173059744922e-16,-31.146554961720888,7.762368491451408,-26.85871676079476,10.239195495143823,4.287838200926132,7.004825263714206,6.182173209869501,1.3499224227495268e-08,4.287838200926132,-9.441619315953712,18.017295717805972
task_mean,Dots,F3amplitudeLogRelF0_sma3nz_amean,1,ASUS_FX63VD_laptop,3,Huawei_P30_phone,1_vs_3,102,0.5574166141179364,moderate,0.6451398229500668,2.502769710540969e-13,0.6401490520268475,4.3544955956245165e-13,-31.146554961720888,7.762368491451408,-26.84081033966545,10.58641952501111,4.3057446220554345,8.142298421814003,5.340738796464635,5.728778286501606e-07,4.3057446220554345,-11.65316028470001,20.26464952881088
task_mean,Dots,F3amplitudeLogRelF0_sma3nz_amean,2,iPad_2021,3,Huawei_P30_phone,2_vs_3,102,0.7489802878804553,moderate,0.7475400414499885,1.7984642491544513e-19,0.7427665096606747,4.026641682490453e-19,-26.85871676079476,10.239195495143823,-26.84081033966545,10.58641952501111,0.0179064211293033,7.406218703088437,0.0244181269651646,0.980567268184784,0.0179064211293033,-14.498282236924032,14.53409507918264
task_mean,Dots,F3amplitudeLogRelF0_sma3nz_stddevNorm,1,ASUS_FX63VD_laptop,2,iPad_2021,1_vs_2,102,0.0929760426142748,poor,0.1316390530235445,0.1872188587305313,0.4847866282916127,2.426321067517455e-07,-0.4989708098443197,0.5024731056138821,-0.5580228851479769,1.226975302208874,-0.0590520753036571,1.2631828235624434,-0.4721380904055118,0.6378467320264538,-0.0590520753036571,-2.534890409486046,2.416786258878732
task_mean,Dots,F3amplitudeLogRelF0_sma3nz_stddevNorm,1,ASUS_FX63VD_laptop,3,Huawei_P30_phone,1_vs_3,102,0.0106154289285914,poor,0.0294527113102245,0.7688683051647842,0.3314485075006644,0.0006666624286613,-0.4989708098443197,0.5024731056138821,-0.5890319517840807,2.7197109169340377,-0.090061141939761,2.751146602310357,-0.3306159500956089,0.7416194639194795,-0.090061141939761,-5.48230848246806,5.302186198588538
task_mean,Dots,F3amplitudeLogRelF0_sma3nz_stddevNorm,2,iPad_2021,3,Huawei_P30_phone,2_vs_3,102,-0.0828349611192489,poor,-0.1093309591197752,0.2740151569214417,0.2039174220106191,0.0398079201359547,-0.5580228851479769,1.226975302208874,-0.5890319517840807,2.7197109169340377,-0.0310090666361038,3.1035422742672805,-0.1009092817011065,0.919822521245896,-0.0310090666361038,-6.113951924199974,6.051933790927766
task_mean,Dots,F3bandwidth_sma3nz_amean,1,ASUS_FX63VD_laptop,2,iPad_2021,1_vs_2,102,0.2778903949412082,poor,0.4885066980953033,1.9004078856371906e-07,0.4304131726707794,6.32370366554714e-06,767.0697203475809,102.6467669439058,903.0189673440956,119.88172208759528,135.94924699651483,113.51376946278366,12.09562591310178,2.3435229505139148e-21,135.94924699651483,-86.53774115054114,358.4362351435708
task_mean,Dots,F3bandwidth_sma3nz_amean,1,ASUS_FX63VD_laptop,3,Huawei_P30_phone,1_vs_3,102,0.3263991717973005,poor,0.3298843179438378,0.0007094261142214,0.3310866209407919,0.0006763407234026,767.0697203475809,102.6467669439058,785.6995783378024,99.99226186498598,18.629857990221826,117.31591327289064,1.6038092150002277,0.1118788013531957,18.629857990221826,-211.30933202464385,248.56904800508752
task_mean,Dots,F3bandwidth_sma3nz_amean,2,iPad_2021,3,Huawei_P30_phone,2_vs_3,102,0.2006705572542393,poor,0.3178128262621235,0.0011338488636671,0.2582569507664644,0.0087739416557614,903.0189673440956,119.88172208759528,785.6995783378024,99.99226186498598,-117.31938900629302,129.42441649818238,-9.154901221063788,6.513328392482077e-15,-117.31938900629302,-370.9912453427305,136.35246733014444
task_mean,Dots,F3bandwidth_sma3nz_stddevNorm,1,ASUS_FX63VD_laptop,2,iPad_2021,1_vs_2,102,0.2543553167217204,poor,0.4192747172126467,1.15376325967364e-05,0.439302011297646,3.853377561505279e-06,0.4139397944586847,0.0838435595375287,0.3215047446007337,0.078190063916835,-0.0924350498579508,0.0874421073492632,-10.676186460023432,2.9164682508187243e-18,-0.0924350498579508,-0.2638215802625068,0.0789514805466051
task_mean,Dots,F3bandwidth_sma3nz_stddevNorm,1,ASUS_FX63VD_laptop,3,Huawei_P30_phone,1_vs_3,102,0.4309044152045796,poor,0.4334573450847779,5.345368312825517e-06,0.4039954538000916,2.544534075156997e-05,0.4139397944586847,0.0838435595375287,0.4261259486276376,0.0885515241527813,0.012186154168953,0.0918407778293133,1.340081466183971,0.1832258861176036,0.012186154168953,-0.1678217703765011,0.1921940787144071
task_mean,Dots,F3bandwidth_sma3nz_stddevNorm,2,iPad_2021,3,Huawei_P30_phone,2_vs_3,102,0.1348145059737449,poor,0.2414078624682543,0.0145126014495252,0.2871287128712871,0.0034335722094404,0.3215047446007337,0.078190063916835,0.4261259486276376,0.0885515241527813,0.1046212040269038,0.1030151211707474,10.256963780839047,2.4376063940614277e-17,0.1046212040269038,-0.0972884334677611,0.3065308415215689
task_mean,Dots,F3frequency_sma3nz_amean,1,ASUS_FX63VD_laptop,2,iPad_2021,1_vs_2,102,0.5324553448861122,moderate,0.5419361793534792,4.044071125912069e-09,0.5904461948193678,6.509452798779628e-11,2785.2557770700164,123.30905724933076,2760.8072491560247,116.66110137365722,-24.44852791399172,114.99143792780806,-2.147273160964021,0.0341644792307488,-24.44852791399172,-249.83174625249552,200.9346904245121
task_mean,Dots,F3frequency_sma3nz_amean,1,ASUS_FX63VD_laptop,3,Huawei_P30_phone,1_vs_3,102,0.3411790804510161,poor,0.3509904672886094,0.0002981250928254,0.3511713250137121,0.0002958399362068,2785.2557770700164,123.30905724933076,2808.2692460747458,103.95809846087384,23.01346900473018,130.4367038222752,1.781896023521126,0.077771488363792,23.01346900473018,-232.64247048692923,278.6694084963896
task_mean,Dots,F3frequency_sma3nz_amean,2,iPad_2021,3,Huawei_P30_phone,2_vs_3,102,0.285976849028609,poor,0.3124919573511269,0.0013857917748658,0.34110635506726,0.000450835658923,2760.8072491560247,116.66110137365722,2808.2692460747458,103.95809846087384,47.4619969187219,129.75892059963522,3.694101877929039,0.0003584171344313,47.4619969187219,-206.86548745656316,301.7894812940069
task_mean,Dots,F3frequency_sma3nz_stddevNorm,1,ASUS_FX63VD_laptop,2,iPad_2021,1_vs_2,102,0.3810466772731674,poor,0.3842786616296464,6.679515590981041e-05,0.3746713334954283,0.0001045985523851,0.0910781940504929,0.0166318063681542,0.0891591306079898,0.0147657430038359,-0.001919063442503,0.0174900283026371,-1.1081509062891337,0.2704285904833661,-0.001919063442503,-0.0361995189156719,0.0323613920306657
task_mean,Dots,F3frequency_sma3nz_stddevNorm,1,ASUS_FX63VD_laptop,3,Huawei_P30_phone,1_vs_3,102,0.4788651713184225,poor,0.4767155470293962,4.0820373513319737e-07,0.5194485753543944,2.2169213050893386e-08,0.0910781940504929,0.0166318063681542,0.0905167993518311,0.0164423238843678,-0.0005613946986617,0.0169185236365178,-0.335124308321267,0.7382263548880481,-0.0005613946986617,-0.0337217010262368,0.0325989116289132
task_mean,Dots,F3frequency_sma3nz_stddevNorm,2,iPad_2021,3,Huawei_P30_phone,2_vs_3,102,0.2769650725412364,poor,0.2776426352463249,0.0047241576438582,0.2689552221926933,0.0062684967620873,0.0891591306079898,0.0147657430038359,0.0905167993518311,0.0164423238843678,0.0013576687438412,0.0188032785915745,0.7292229446214189,0.4675529953364919,0.0013576687438412,-0.0354967572956449,0.0382120947833274
task_mean,Dots,Gap_Before,1,ASUS_FX63VD_laptop,2,iPad_2021,1_vs_2,102,0.7239947474816328,moderate,0.799318135879183,7.526000622042378e-24,0.8946005394371533,9.24637103120828e-37,0.326256981580511,0.1201010405751304,0.2749293865121806,0.1086047883073969,-0.0513275950683303,0.0732623430280863,-7.075712821089009,1.9986465519195378e-10,-0.0513275950683303,-0.1949217874033796,0.0922665972667188
task_mean,Dots,Gap_Before,1,ASUS_FX63VD_laptop,3,Huawei_P30_phone,1_vs_3,102,0.6989444760333726,moderate,0.7584002165557009,2.682738224788697e-20,0.8541710253264047,3.693396782445518e-30,0.326256981580511,0.1201010405751304,0.2792919043374924,0.1099162020912782,-0.0469650772430184,0.0805138043870599,-5.891213726110469,5.0721658393944316e-08,-0.0469650772430184,-0.2047721338416559,0.1108419793556191
task_mean,Dots,Gap_Before,2,iPad_2021,3,Huawei_P30_phone,2_vs_3,102,0.9112355002560818,excellent,0.9112338693624232,2.620685364478942e-40,0.8933113185676078,1.643611444290277e-36,0.2749293865121806,0.1086047883073969,0.2792919043374924,0.1099162020912782,0.0043625178253119,0.0460542941839888,0.9566810457329298,0.3410126132966826,0.0043625178253119,-0.0859038987753062,0.0946289344259301
task_mean,Dots,HNRdBACF_sma3nz_amean,1,ASUS_FX63VD_laptop,2,iPad_2021,1_vs_2,102,0.881123937322927,good,0.9532792071391768,8.60863364042083e-54,0.9595365590242634,7.572443219686624e-57,5.653541292327712,2.510616208393077,4.632913857172207,2.919382569526544,-1.0206274351555036,0.9230196603973018,-11.16751057842469,2.4421321304776865e-19,-1.0206274351555036,-2.829745969534215,0.7884910992232079
task_mean,Dots,HNRdBACF_sma3nz_amean,1,ASUS_FX63VD_laptop,3,Huawei_P30_phone,1_vs_3,102,0.8685136265324296,good,0.9083015684046232,1.2364355075421906e-39,0.9305290894594884,2.0203861894627458e-45,5.653541292327712,2.510616208393077,5.110257702242201,3.186390034832782,-0.5432835900855103,1.3870143990691806,-3.955903633503677,0.0001417979137537,-0.5432835900855103,-3.261831812261104,2.1752646320900832
task_mean,Dots,HNRdBACF_sma3nz_amean,2,iPad_2021,3,Huawei_P30_phone,2_vs_3,102,0.9197626640930796,excellent,0.9339214731324704,1.79838110386339e-46,0.9414874668506258,4.962155386915504e-49,4.632913857172207,2.919382569526544,5.110257702242201,3.186390034832782,0.4773438450699933,1.140463251391976,4.2271739266451736,5.202345438653055e-05,0.4773438450699933,-1.7579641276582794,2.712651817798266
task_mean,Dots,HNRdBACF_sma3nz_stddevNorm,1,ASUS_FX63VD_laptop,2,iPad_2021,1_vs_2,102,0.0002234159988658,poor,0.0215628685647316,0.8296774056825456,0.1361880905394936,0.1723005313050719,1.085955845729259,2.917365144414707,65.82959444162877,561.1510230706892,64.74363859589951,561.0956971193916,1.165360385195901,0.2466179928576629,64.74363859589951,-1035.003927758108,1164.4912049499071
task_mean,Dots,HNRdBACF_sma3nz_stddevNorm,1,ASUS_FX63VD_laptop,3,Huawei_P30_phone,1_vs_3,102,-0.0015509699428444,poor,-0.0045922913911413,0.9634628889703796,0.3254886882177652,0.0008433880369807,1.085955845729259,2.917365144414707,2.144373005255116,16.876099515001535,1.0584171595258571,17.139601676471695,0.623671980904463,0.5342490322432736,1.0584171595258571,-32.53520212635866,34.65203644541038
task_mean,Dots,HNRdBACF_sma3nz_stddevNorm,2,iPad_2021,3,Huawei_P30_phone,2_vs_3,102,-0.0001785068349112,poor,-0.0029795676792376,0.9762892862846348,0.2657774058388135,0.0069364860382206,65.82959444162877,561.1510230706892,2.144373005255116,16.876099515001535,-63.68522143637367,561.454990788541,-1.1455757254806924,0.2546778869691617,-63.68522143637367,-1164.137003381914,1036.7665605091663
task_mean,Dots,MeanUnvoicedSegmentLength,1,ASUS_FX63VD_laptop,2,iPad_2021,1_vs_2,102,0.3031297433069207,poor,0.3246090987765203,0.0008728225509481,0.3756752211752929,9.98746157794566e-05,0.003830956524228,0.0068365442405034,0.004547014182978,0.0100328073251098,0.0007160576587499,0.0101422807275933,0.7130376347227544,0.4774666909838312,0.0007160576587499,-0.019162812567333,0.0205949278848329
task_mean,Dots,MeanUnvoicedSegmentLength,1,ASUS_FX63VD_laptop,3,Huawei_P30_phone,1_vs_3,102,0.090809027149766,poor,0.2437300963841191,0.0135656509398313,0.395972984459473,3.796267740477321e-05,0.003830956524228,0.0068365442405034,0.0110548124486493,0.0341138004357111,0.0072238559244212,0.0331180314113176,2.2029500388050405,0.0298712386372224,0.0072238559244212,-0.0576874856417613,0.0721351974906039
task_mean,Dots,MeanUnvoicedSegmentLength,2,iPad_2021,3,Huawei_P30_phone,2_vs_3,102,0.0001755168205888,poor,0.0003318893397401,0.997358522807665,0.420272560805198,1.094201114087855e-05,0.004547014182978,0.0100328073251098,0.0110548124486493,0.0341138004357111,0.0065077982656713,0.0355553289953382,1.848542611731392,0.0674493355836156,0.0065077982656713,-0.0631806465651917,0.0761962430965343
task_mean,Dots,MeanVoicedSegmentLengthSec,1,ASUS_FX63VD_laptop,2,iPad_2021,1_vs_2,102,0.8879248137859717,good,0.9239639039661732,1.5678669929421946e-43,0.9238024421932376,1.7362931728528353e-43,0.2620176574723287,0.0751855680528344,0.2409840622711148,0.0724088323090706,-0.0210335952012138,0.0289068566074912,-7.348737411701729,5.3213416851533344e-11,-0.0210335952012138,-0.0776910341518967,0.035623843749469
task_mean,Dots,MeanVoicedSegmentLengthSec,1,ASUS_FX63VD_laptop,3,Huawei_P30_phone,1_vs_3,102,0.894214483546824,good,0.8964726812146815,3.9569539151253465e-37,0.9011252473991954,4.465765689623141e-38,0.2620176574723287,0.0751855680528344,0.2556886201797455,0.0752515694513302,-0.0063290372925832,0.0342269588126891,-1.8675379177370708,0.0647260341022546,-0.0063290372925832,-0.0734138765654538,0.0607558019802874
task_mean,Dots,MeanVoicedSegmentLengthSec,2,iPad_2021,3,Huawei_P30_phone,2_vs_3,102,0.905838403609074,excellent,0.92379969465268,1.7393071616837392e-43,0.9268562995335332,2.423588609678486e-44,0.2409840622711148,0.0724088323090706,0.2556886201797455,0.0752515694513302,0.0147045579086306,0.0289567527690218,5.128639816738106,1.412806666350819e-06,0.0147045579086306,-0.042050677518652,0.0714597933359134
task_mean,Dots,StddevUnvoicedSegmentLength,1,ASUS_FX63VD_laptop,2,iPad_2021,1_vs_2,102,-0.0266135078256141,poor,-0.0320823020915703,0.7488891592397394,-0.045838668605152,0.6473240391184625,0.0003451195977676,0.0018999403618129,0.0001756535900841,0.0010043843968931,-0.0001694660076834,0.0021773848565541,-0.7860451386589523,0.4336813258306284,-0.0001694660076834,-0.0044371403265296,0.0040982083111626
task_mean,Dots,StddevUnvoicedSegmentLength,1,ASUS_FX63VD_laptop,3,Huawei_P30_phone,1_vs_3,102,0.7101533917848205,moderate,0.7261599620010786,5.820807505803466e-18,0.2621276801368544,0.0077807229637682,0.0003451195977676,0.0018999403618129,0.0002998496936047,0.001519173013944,-4.526990416293201e-05,0.0013136870469331,-0.3480308508179858,0.7285413343858951,-4.526990416293201e-05,-0.0026200965161518,0.002529556707826
task_mean,Dots,StddevUnvoicedSegmentLength,2,iPad_2021,3,Huawei_P30_phone,2_vs_3,102,0.3137443391510895,poor,0.3402794098028573,0.0004664234063967,0.3139638229344267,0.0013114475308073,0.0001756535900841,0.0010043843968931,0.0002998496936047,0.001519173013944,0.0001241961035205,0.0015093889825703,0.8310112073928663,0.4079275264822631,0.0001241961035205,-0.0028342063023173,0.0030825985093584
task_mean,Dots,StddevVoicedSegmentLengthSec,1,ASUS_FX63VD_laptop,2,iPad_2021,1_vs_2,102,0.5511426068034967,moderate,0.5979749977762998,3.220908087498707e-11,0.4436632657205624,3.00643177162041e-06,0.0039819876341186,0.0086791511324429,0.0026495748380612,0.0059452953332931,-0.0013324127960573,0.0069973596172051,-1.923112480975109,0.0572822296277256,-0.0013324127960573,-0.0150472376457794,0.0123824120536646
task_mean,Dots,StddevVoicedSegmentLengthSec,1,ASUS_FX63VD_laptop,3,Huawei_P30_phone,1_vs_3,102,0.0256618102171268,poor,0.0257174019338585,0.7975073662016025,0.1622723490414446,0.1032090129174019,0.0039819876341186,0.0086791511324429,0.0050381611353389,0.0079652357376694,0.0010561735012202,0.0116282793385806,0.9173179608741122,0.3611613290566119,0.0010561735012202,-0.0217352540023977,0.0238476010048382
task_mean,Dots,StddevVoicedSegmentLengthSec,2,iPad_2021,3,Huawei_P30_phone,2_vs_3,102,0.1275764987665045,poor,0.1396276103017211,0.1616161597739961,0.2065865495276732,0.0372296749641745,0.0026495748380612,0.0059452953332931,0.0050381611353389,0.0079652357376694,0.0023885862972776,0.0092502538565122,2.607878603037094,0.0104912947285396,0.0023885862972776,-0.0157419112614863,0.0205190838560417
task_mean,Dots,VoicedSegmentsPerSec,1,ASUS_FX63VD_laptop,2,iPad_2021,1_vs_2,102,0.7783616523472888,good,0.8006857241550412,5.544420641936961e-24,0.8106202396367563,5.59614366745931e-25,4.329835833234583,1.3083743738997944,4.656174931428319,1.3519669021386789,0.3263390981937356,0.8408483348722698,3.919688244716477,0.0001615952690287,0.3263390981937356,-1.3217236381559134,1.9744018345433845
task_mean,Dots,VoicedSegmentsPerSec,1,ASUS_FX63VD_laptop,3,Huawei_P30_phone,1_vs_3,102,0.8356895481324756,good,0.8399075916680192,2.7114395102515357e-28,0.8803851830071642,3.6020068871883723e-34,4.329835833234583,1.3083743738997944,4.46788472260525,1.3780174219390715,0.1380488893706672,0.7629753795615458,1.8273531194881607,0.0705994465772652,0.1380488893706672,-1.3573828545699624,1.633480633311297
task_mean,Dots,VoicedSegmentsPerSec,2,iPad_2021,3,Huawei_P30_phone,2_vs_3,102,0.8117547093603454,good,0.818177868906583,8.914229250101827e-26,0.8662037534421632,6.79169091626515e-32,4.656174931428319,1.3519669021386789,4.46788472260525,1.3780174219390715,-0.1882902088230685,0.8235048475583461,-2.309200607005625,0.0229688680593786,-0.1882902088230685,-1.802359710037427,1.4257792923912898
task_mean,Dots,Word_Duration,1,ASUS_FX63VD_laptop,2,iPad_2021,1_vs_2,102,0.8839626448285625,good,0.9173033842851944,8.840389887866439e-42,0.9140293241203048,5.675523537934203e-41,0.3654181521093286,0.0826654911882092,0.3429433704693999,0.0802240110803245,-0.0224747816399287,0.0332085620267697,-6.835109812285612,6.334636864985557e-10,-0.0224747816399287,-0.0875635632123974,0.04261399993254
task_mean,Dots,Word_Duration,1,ASUS_FX63VD_laptop,3,Huawei_P30_phone,1_vs_3,102,0.8426345236524949,good,0.8427232103815411,1.2013943469751023e-28,0.8912870156233214,3.996542642370862e-36,0.3654181521093286,0.0826654911882092,0.3701245617944146,0.0821829500847417,0.0047064096850861,0.0462300074598913,1.0281721865980964,0.3063248831680482,0.0047064096850861,-0.0859044049363007,0.0953172243064731
task_mean,Dots,Word_Duration,2,iPad_2021,3,Huawei_P30_phone,2_vs_3,102,0.7316545045339455,moderate,0.7712189048720682,2.4856525320916017e-21,0.8521693402921103,6.934219721262814e-30,0.3429433704693999,0.0802240110803245,0.3701245617944146,0.0821829500847417,0.0271811913250148,0.0549596757965909,4.994872550441425,2.4719624163740564e-06,0.0271811913250148,-0.0805397732363034,0.1349021558863331
task_mean,Dots,alphaRatioUV_sma3nz_amean,1,ASUS_FX63VD_laptop,2,iPad_2021,1_vs_2,102,0.2458055689803224,poor,0.2829465741000606,0.0039574836144987,0.2370732291712212,0.0164344668594812,-1.224865729542614,1.65586411552569,-0.6293951561796587,1.1537735243284075,0.5954705733629554,1.729723932373038,3.4768311195635784,0.0007495854795197,0.5954705733629554,-2.794788334088199,3.98572948081411
task_mean,Dots,alphaRatioUV_sma3nz_amean,1,ASUS_FX63VD_laptop,3,Huawei_P30_phone,1_vs_3,102,0.1419630321608431,poor,0.1643058121107546,0.0989038039500498,0.0944396056830762,0.3450927432053768,-1.224865729542614,1.65586411552569,-0.2861860446452478,2.2549380488869577,0.9386796848973664,2.5689760917834707,3.6902640485765015,0.0003632111849924,0.9386796848973664,-4.096513454998236,5.973872824792968
task_mean,Dots,alphaRatioUV_sma3nz_amean,2,iPad_2021,3,Huawei_P30_phone,2_vs_3,102,0.1020933001591936,poor,0.1270887090989,0.2030597778936428,-0.0194895137021778,0.8458415533353576,-0.6293951561796587,1.1537735243284075,-0.2861860446452478,2.2549380488869577,0.3432091115344108,2.39888487776388,1.4449389168119229,0.1515704757220122,0.3432091115344108,-4.358605248882794,5.045023471951616
task_mean,Dots,alphaRatioV_sma3nz_amean,1,ASUS_FX63VD_laptop,2,iPad_2021,1_vs_2,102,0.7708079599566595,good,0.7828313101364407,2.511359479358213e-22,0.7333574591039915,1.8742635491253597e-18,-17.900944778726693,3.96274857212645,-17.168929891663616,4.195424962678437,0.7320148870630782,2.697253636221718,2.740931689762825,0.0072464043829832,0.7320148870630782,-4.554602239931488,6.018632014057645
task_mean,Dots,alphaRatioV_sma3nz_amean,1,ASUS_FX63VD_laptop,3,Huawei_P30_phone,1_vs_3,102,0.5548179357714272,moderate,0.6217476984483317,3.082951816781542e-12,0.5915431634539811,5.881826971181077e-11,-17.900944778726693,3.96274857212645,-15.910049879343418,4.894599314634774,1.9908948993832716,3.9422784470665344,5.100363441614065,1.5911945406783989e-06,1.9908948993832716,-5.735970856867136,9.71776065563368
task_mean,Dots,alphaRatioV_sma3nz_amean,2,iPad_2021,3,Huawei_P30_phone,2_vs_3,102,0.6581996519402145,moderate,0.6893508574752081,1.1411194077902501e-15,0.6792214915380745,4.2625152383836585e-15,-17.168929891663616,4.195424962678437,-15.910049879343418,4.894599314634774,1.2588800123201929,3.6396645354404447,3.4931969079657343,0.0007097958750343,1.2588800123201929,-5.874862477143079,8.392622501783464
task_mean,Dots,alphaRatioV_sma3nz_stddevNorm,1,ASUS_FX63VD_laptop,2,iPad_2021,1_vs_2,102,-0.2519316923709631,poor,-0.2682836623562733,0.0064047066288714,0.156419811027362,0.1164213240122982,-0.5516992242363808,0.7696499893764895,-0.3009067600232266,0.6491312091472243,0.2507924642131544,1.1321676211420837,2.237194990852753,0.0274711361021057,0.2507924642131544,-1.9682560732253296,2.469841001651638
task_mean,Dots,alphaRatioV_sma3nz_stddevNorm,1,ASUS_FX63VD_laptop,3,Huawei_P30_phone,1_vs_3,102,0.5888721127942883,moderate,0.7643439139308112,9.071530450468472e-21,0.1487523395400648,0.135666559755656,-0.5516992242363808,0.7696499893764895,-0.7059443226963418,1.6273429977974925,-0.1542450984599609,1.151498370316173,-1.3528452786144955,0.1791257693020579,-0.1542450984599609,-2.41118190427966,2.102691707359738
task_mean,Dots,alphaRatioV_sma3nz_stddevNorm,2,iPad_2021,3,Huawei_P30_phone,2_vs_3,102,-0.0432665543506917,poor,-0.06557854962225,0.5125619912022873,0.0900475541557582,0.3680895931495586,-0.3009067600232266,0.6491312091472243,-0.7059443226963418,1.6273429977974925,-0.4050375626731153,1.791135270754198,-2.283846971935735,0.0244739459554272,-0.4050375626731153,-3.915662693351344,3.105587568005113
task_mean,Dots,equivalentSoundLevel_dBp,1,ASUS_FX63VD_laptop,2,iPad_2021,1_vs_2,102,0.0616570656966916,poor,0.2880698690493637,0.0033246095548789,0.3084234751287807,0.0016116306463668,-22.81460651994389,2.276724087536475,-31.34508036284145,4.687153762303187,-8.530473842897564,4.583087472941188,-18.79814932871521,9.356623750956425e-35,-8.530473842897564,-17.513325289862294,0.4523776040671645
task_mean,Dots,equivalentSoundLevel_dBp,1,ASUS_FX63VD_laptop,3,Huawei_P30_phone,1_vs_3,102,0.0856159784192491,poor,0.3330207982127348,0.0006260679883175,0.3746260976754443,0.0001048162280781,-22.81460651994389,2.276724087536475,-16.680986793070975,2.880044760969031,6.1336197268729125,3.018418598636196,20.522840254687395,8.173146421875783e-38,6.1336197268729125,0.2175192735459683,12.049720180199856
task_mean,Dots,equivalentSoundLevel_dBp,2,iPad_2021,3,Huawei_P30_phone,2_vs_3,102,0.0373824494651254,poor,0.3393594304062668,0.0004843457031031,0.5405284674669637,4.515206673738623e-09,-31.34508036284145,4.687153762303187,-16.680986793070975,2.880044760969031,14.66409356977048,4.593680223287479,32.23996408668437,5.6882542040016545e-55,14.66409356977048,5.660480332127021,23.667706807413936
task_mean,Dots,hammarbergIndexUV_sma3nz_amean,1,ASUS_FX63VD_laptop,2,iPad_2021,1_vs_2,102,0.289470091287455,poor,0.3344536444281151,0.0005910594111595,0.3404456780826845,0.0004632500682025,2.112838751981195,2.406672265226666,1.2497591245730584,1.661399248064986,-0.8630796274081372,2.4244031962415917,-3.595390804929284,0.000502985365155,-0.8630796274081372,-5.614909892041656,3.8887506372253817
task_mean,Dots,hammarbergIndexUV_sma3nz_amean,1,ASUS_FX63VD_laptop,3,Huawei_P30_phone,1_vs_3,102,0.0696698396466561,poor,0.074177254372285,0.4587285053432315,0.0871004914682408,0.3840347594189639,2.112838751981195,2.406672265226666,1.171341695757367,2.590631145284944,-0.9414970562238284,3.402716622524005,-2.7944302225592788,0.0062223141352719,-0.9414970562238284,-7.610821636370878,5.727827523923222
task_mean,Dots,hammarbergIndexUV_sma3nz_amean,2,iPad_2021,3,Huawei_P30_phone,2_vs_3,102,0.0491768528251736,poor,0.053640223083737,0.5923396034261134,0.0009542433111075,0.9924053632125136,1.2497591245730584,1.661399248064986,1.171341695757367,2.590631145284944,-0.0784174288156912,3.0016452754413234,-0.2638477024775315,0.7924348637503267,-0.0784174288156912,-5.961642168680685,5.804807311049302
task_mean,Dots,hammarbergIndexV_sma3nz_amean,1,ASUS_FX63VD_laptop,2,iPad_2021,1_vs_2,102,0.6554193661568088,moderate,0.8208842350240408,4.5221232246250566e-26,0.8005100338703203,5.767165118153532e-24,27.85210228159324,5.138308903972188,31.707611589214967,5.924082110163602,3.855509307621732,3.394395779597116,11.471477641551958,5.2982835545686053e-20,3.855509307621732,-2.797506420388614,10.50852503563208
task_mean,Dots,hammarbergIndexV_sma3nz_amean,1,ASUS_FX63VD_laptop,3,Huawei_P30_phone,1_vs_3,102,0.636781367749897,moderate,0.6976353422055324,3.729196287118268e-16,0.7001317493257035,2.642437697704785e-16,27.85210228159324,5.138308903972188,25.7881112428153,6.751173081066043,-2.063991038777948,4.855837377110868,-4.29283068397886,4.056380965541154e-05,-2.063991038777948,-11.58143229791525,7.453450220359354
task_mean,Dots,hammarbergIndexV_sma3nz_amean,2,iPad_2021,3,Huawei_P30_phone,2_vs_3,102,0.4893518759148643,poor,0.7064561098099434,1.0864313682350727e-16,0.6761341468241627,6.303746821625897e-15,31.707611589214967,5.924082110163602,25.7881112428153,6.751173081066043,-5.91950034639968,4.91572617854594,-12.161788677737858,1.6867988120139593e-21,-5.91950034639968,-15.55432365634972,3.7153229635503617
task_mean,Dots,hammarbergIndexV_sma3nz_stddevNorm,1,ASUS_FX63VD_laptop,2,iPad_2021,1_vs_2,102,0.1788219360238916,poor,0.2455149429987044,0.0128748249640542,0.5698638967266231,4.0740655573908955e-10,0.238876341132348,0.0764573951559739,0.1720498796564916,0.1348687797212698,-0.0668264614758564,0.1377387399725563,-4.899958993549292,3.658765917450154e-06,-0.0668264614758564,-0.3367943918220669,0.203141468870354
task_mean,Dots,hammarbergIndexV_sma3nz_stddevNorm,1,ASUS_FX63VD_laptop,3,Huawei_P30_phone,1_vs_3,102,0.070840217638913,poor,0.2302927957541298,0.0198818807789561,0.4494800707940582,2.1475761069350625e-06,0.238876341132348,0.0764573951559739,0.3058413906968893,0.4800699920693904,0.0669650495645412,0.4684092035619213,1.443852605012575,0.1518752410843998,0.0669650495645412,-0.8511169894168245,0.9850470885459072
task_mean,Dots,hammarbergIndexV_sma3nz_stddevNorm,2,iPad_2021,3,Huawei_P30_phone,2_vs_3,102,0.048386247309091,poor,0.0987374488265297,0.323483607248182,0.390990155554676,4.842216054250516e-05,0.1720498796564916,0.1348687797212698,0.3058413906968893,0.4800699920693904,0.1337915110403977,0.485665507988522,2.7822194581200423,0.0064436645797956,0.1337915110403977,-0.8181128846171054,1.0856959066979008
task_mean,Dots,jitterLocal_sma3nz_amean,1,ASUS_FX63VD_laptop,2,iPad_2021,1_vs_2,102,0.3629362194229463,poor,0.4550233160859224,1.5494910149306236e-06,0.4910630983144002,1.6039952475824436e-07,0.0345689455659484,0.0151755111553001,0.0460359614390582,0.0210108364038549,0.0114670158731097,0.0195341457634936,5.928653591557708,4.284331067435644e-08,0.0114670158731097,-0.0268199098233377,0.0497539415695573
task_mean,Dots,jitterLocal_sma3nz_amean,1,ASUS_FX63VD_laptop,3,Huawei_P30_phone,1_vs_3,102,0.3503345822430663,poor,0.4150215256738666,1.443507231870894e-05,0.4203142758593392,1.0917751955913844e-05,0.0345689455659484,0.0151755111553001,0.0430822215890027,0.0229793599042918,0.0085132760230543,0.0216539043912427,3.9706406605936864,0.0001344245161833,0.0085132760230543,-0.0339283765837814,0.0509549286298901
task_mean,Dots,jitterLocal_sma3nz_amean,2,iPad_2021,3,Huawei_P30_phone,2_vs_3,102,0.7839341398430308,good,0.7925376798888055,3.309211575674825e-23,0.8316888227943297,2.6745348973879978e-27,0.0460359614390582,0.0210108364038549,0.0430822215890027,0.0229793599042918,-0.0029537398500554,0.0142901071415729,-2.087549792785398,0.039355062590676,-0.0029537398500554,-0.0309623498475384,0.0250548701474275
task_mean,Dots,jitterLocal_sma3nz_stddevNorm,1,ASUS_FX63VD_laptop,2,iPad_2021,1_vs_2,102,0.6059643585406329,moderate,0.6052943607766497,1.5966428796470693e-11,0.6226540986480146,2.8080178093270805e-12,0.940180547698802,0.2095403856472215,0.9326737656207528,0.1963938046886217,-0.0075067820780492,0.1807180892691628,-0.4195196118720987,0.6757274131143487,-0.0075067820780492,-0.3617142370456085,0.3467006728895099
task_mean,Dots,jitterLocal_sma3nz_stddevNorm,1,ASUS_FX63VD_laptop,3,Huawei_P30_phone,1_vs_3,102,0.5806482003429274,moderate,0.6256378809141342,2.0602838507805576e-12,0.6484498249939215,1.7236328157517797e-13,0.940180547698802,0.2095403856472215,1.0256541559313308,0.2160498539769268,0.0854736082325288,0.1842226784049597,4.6858570069558265,8.725881131453645e-06,0.0854736082325288,-0.2756028414411923,0.4465500579062499
task_mean,Dots,jitterLocal_sma3nz_stddevNorm,2,iPad_2021,3,Huawei_P30_phone,2_vs_3,102,0.5472697383103764,moderate,0.6033623519144472,1.9248968147725488e-11,0.5904575037743638,6.502665045070346e-11,0.9326737656207528,0.1963938046886217,1.0256541559313308,0.2160498539769268,0.092980390310578,0.1845147896921245,5.08932597045145,1.666633239542783e-06,0.092980390310578,-0.268668597485986,0.4546293781071421
task_mean,Dots,logRelF0-H1-A3_sma3nz_amean,1,ASUS_FX63VD_laptop,2,iPad_2021,1_vs_2,102,0.699569090849502,moderate,0.7117498865205881,5.069466194062728e-17,0.6868550361603836,1.5867306592462489e-15,24.118365284282355,6.601881738814204,25.18574411261359,7.542554896084059,1.0673788283312442,5.439827823290829,1.9816799534866825,0.050232868938048,1.0673788283312442,-9.59468370531878,11.72944136198127
task_mean,Dots,logRelF0-H1-A3_sma3nz_amean,1,ASUS_FX63VD_laptop,3,Huawei_P30_phone,1_vs_3,102,0.5582076889119878,moderate,0.6047419003939808,1.6845451374268815e-11,0.5833328621268752,1.2448279170493948e-10,24.118365284282355,6.601881738814204,21.48075594478851,8.179669058704015,-2.637609339493846,6.721476203959493,-3.9631991159911832,0.0001381007100937,-2.637609339493846,-15.811702699254452,10.53648402026676
task_mean,Dots,logRelF0-H1-A3_sma3nz_amean,2,iPad_2021,3,Huawei_P30_phone,2_vs_3,102,0.6560388261033397,moderate,0.7294180345169535,3.5006636906847864e-18,0.7079801640929371,8.738799905943052e-17,25.18574411261359,7.542554896084059,21.48075594478851,8.179669058704015,-3.70498816782509,5.813204748563985,-6.436818917614407,4.1499686191438684e-09,-3.70498816782509,-15.0988694750105,7.68889313936032
task_mean,Dots,logRelF0-H1-A3_sma3nz_stddevNorm,1,ASUS_FX63VD_laptop,2,iPad_2021,1_vs_2,102,0.0070285712361389,poor,0.0073894055857098,0.941240694724302,0.0242407450339551,0.8089058779015246,0.4795248948586291,1.652563454605528,0.5868994384646151,1.175169551664181,0.107374543605986,2.0207148168153006,0.5366564961957966,0.5926850648143085,0.107374543605986,-3.853226497352003,4.067975584563975
task_mean,Dots,logRelF0-H1-A3_sma3nz_stddevNorm,1,ASUS_FX63VD_laptop,3,Huawei_P30_phone,1_vs_3,102,-0.0005042080685736,poor,-0.0072080256080317,0.942680520566817,0.0335593239506703,0.7377384616684136,0.4795248948586291,1.652563454605528,-3.746769305204979,47.277969356655376,-4.226294200063609,47.31874550638717,-0.9020416472949802,0.3691808816741242,-4.226294200063609,-96.97103539258246,88.51844699245525
task_mean,Dots,logRelF0-H1-A3_sma3nz_stddevNorm,2,iPad_2021,3,Huawei_P30_phone,2_vs_3,102,-0.0018803529184639,poor,-0.0377934432095967,0.7060802472311557,0.0797564051093858,0.4255420538139385,0.5868994384646151,1.175169551664181,-3.746769305204979,47.277969356655376,-4.333668743669595,47.33695162777457,-0.9246034519095646,0.3573760367455096,-4.333668743669595,-97.11409393410774,88.44675644676856
task_mean,Dots,logRelF0-H1-H2_sma3nz_amean,1,ASUS_FX63VD_laptop,2,iPad_2021,1_vs_2,102,0.5145958378004596,moderate,0.5708935354293541,3.728058726146754e-10,0.5432313077110109,3.6525197917811323e-09,6.085302548589297,4.846876245901022,3.8570727050467104,4.574864232910229,-2.228229843542586,4.370793183360154,-5.148726412939904,1.2981005536077422e-06,-2.228229843542586,-10.794984482928486,6.338524795843314
task_mean,Dots,logRelF0-H1-H2_sma3nz_amean,1,ASUS_FX63VD_laptop,3,Huawei_P30_phone,1_vs_3,102,0.5340687876996492,moderate,0.5762436433936718,2.3390562013994516e-10,0.5287445363611176,1.1138067061984869e-08,6.085302548589297,4.846876245901022,4.760629792616577,3.724835511239271,-1.3246727559727205,4.069375214424297,-3.2876150110804865,0.0013907516320871,-1.3246727559727205,-9.300648176244342,6.6513026642989015
task_mean,Dots,logRelF0-H1-H2_sma3nz_amean,2,iPad_2021,3,Huawei_P30_phone,2_vs_3,102,0.6703403379012104,moderate,0.6984892211906047,3.315999975017919e-16,0.656433947221107,6.877431198645864e-14,3.8570727050467104,4.574864232910229,4.760629792616577,3.724835511239271,0.9035570875698654,3.316384791509044,2.7516346388295845,0.0070299993244481,0.9035570875698654,-5.596557103787861,7.403671278927591
task_mean,Dots,logRelF0-H1-H2_sma3nz_stddevNorm,1,ASUS_FX63VD_laptop,2,iPad_2021,1_vs_2,102,-0.0398055499348921,poor,-0.0527902742773005,0.5982266494693398,0.0234604271392302,0.8149455875651562,-0.7109434651689569,11.981580560460497,0.0773096630998212,5.398442075062589,0.7882531282687784,13.398902818343,0.594150615879636,0.5537398964743585,0.7882531282687784,-25.4735963956835,27.050102652221057
task_mean,Dots,logRelF0-H1-H2_sma3nz_stddevNorm,1,ASUS_FX63VD_laptop,3,Huawei_P30_phone,1_vs_3,102,0.107353442187006,poor,0.1394393515409064,0.1621879040787822,0.1552097528427885,0.1193095933503283,-0.7109434651689569,11.981580560460497,0.2944511858867321,5.604800540543163,1.005394651055689,12.499765535272813,0.8123342965663183,0.4185103895671941,1.005394651055689,-23.494145798079025,25.5049351001904
task_mean,Dots,logRelF0-H1-H2_sma3nz_stddevNorm,2,iPad_2021,3,Huawei_P30_phone,2_vs_3,102,0.0050856286237095,poor,0.0050435271664784,0.9598756233510894,-0.0282441151025439,0.7781028518181252,0.0773096630998212,5.398442075062589,0.2944511858867321,5.604800540543163,0.2171415227869108,7.762200719312152,0.2825257888853205,0.7781185481041045,0.2171415227869108,-14.996771887064908,15.431054932638729
task_mean,Dots,loudnessPeaksPerSec,1,ASUS_FX63VD_laptop,2,iPad_2021,1_vs_2,102,0.4615268816189824,poor,0.644823821404436,2.592872238550763e-13,0.6454642608749739,2.41341458371409e-13,4.207310661257411,1.0269218750166322,5.199242359976481,1.262619736965729,0.9919316987190702,0.9882331457245548,10.137303259936806,4.4718699514236165e-17,0.9919316987190702,-0.9450052669010576,2.928868664339198
task_mean,Dots,loudnessPeaksPerSec,1,ASUS_FX63VD_laptop,3,Huawei_P30_phone,1_vs_3,102,0.5790847296008814,moderate,0.6416473544270921,3.6914235342731884e-13,0.6727414603253586,9.638024337120695e-15,4.207310661257411,1.0269218750166322,4.697494881282729,1.0513490735401971,0.4901842200253169,0.8799942983352704,5.625738666964304,1.6557851761455305e-07,0.4901842200253169,-1.234604604711813,2.2149730447624467
task_mean,Dots,loudnessPeaksPerSec,2,iPad_2021,3,Huawei_P30_phone,2_vs_3,102,0.5327818572164232,moderate,0.5900307631402464,6.763582668585779e-11,0.585741669541026,1.0012088047720208e-10,5.199242359976481,1.262619736965729,4.697494881282729,1.0513490735401971,-0.5017474786937531,1.064455717387707,-4.76055608148195,6.459249036542701e-06,-0.5017474786937531,-2.5880806847736584,1.5845857273861523
task_mean,Dots,loudness_sma3_amean,1,ASUS_FX63VD_laptop,2,iPad_2021,1_vs_2,102,0.1089505534167416,poor,0.3550042641034878,0.0002510523022838,0.4573850303362718,1.345958759083727e-06,1.26889065493715,0.2781396873677033,0.6560826533062873,0.2984085738123349,-0.6128080016308627,0.3278401667046008,-18.87827687787665,6.690870041253914e-35,-0.6128080016308627,-1.2553747283718804,0.0297587251101549
task_mean,Dots,loudness_sma3_amean,1,ASUS_FX63VD_laptop,3,Huawei_P30_phone,1_vs_3,102,0.1797120411805825,poor,0.6285132126985045,1.5239680766784184e-12,0.6000814244759713,2.6366902755612936e-11,1.26889065493715,0.2781396873677033,2.0937571147244824,0.5366125832608172,0.8248664597873324,0.4215441414029002,19.76244493966081,1.7435621399267588e-36,0.8248664597873324,-0.001360057362352,1.6510929769370168
task_mean,Dots,loudness_sma3_amean,2,iPad_2021,3,Huawei_P30_phone,2_vs_3,102,0.0448756887193773,poor,0.3420800482261412,0.0004330961615507,0.6581642173354971,5.6152171803335916e-14,0.6560826533062873,0.2984085738123349,2.0937571147244824,0.5366125832608172,1.4376744614181949,0.5171521294498456,28.076458542859505,1.6441554099475265e-49,1.4376744614181949,0.4240562876964975,2.4512926351398923
task_mean,Dots,loudness_sma3_meanFallingSlope,1,ASUS_FX63VD_laptop,2,iPad_2021,1_vs_2,102,0.3751029024959109,poor,0.50751322403251,5.2079965098404595e-08,0.3870433302610672,5.855495980732661e-05,3.120117757235201,2.454461490067231,1.8197359763244243,1.4885869452331029,-1.3003817809107774,2.128776913001009,-6.169369903373358,1.4316861341936196e-08,-1.3003817809107774,-5.4727845303927545,2.8720209685711997
task_mean,Dots,loudness_sma3_meanFallingSlope,1,ASUS_FX63VD_laptop,3,Huawei_P30_phone,1_vs_3,102,0.3338461869332215,poor,0.4589680493136863,1.2240019656844129e-06,0.4036561851502112,2.5884918260076387e-05,3.120117757235201,2.454461490067231,5.297257946244819,4.248557525396597,2.1771401890096174,3.808209196628167,5.773852473723777,8.58345025968244e-08,2.1771401890096174,-5.28694983638159,9.641230214400824
task_mean,Dots,loudness_sma3_meanFallingSlope,2,iPad_2021,3,Huawei_P30_phone,2_vs_3,102,0.157637764537601,poor,0.4014305882825394,2.8949675891779983e-05,0.3755421230301214,0.0001004893161843,1.8197359763244243,1.4885869452331029,5.297257946244819,4.248557525396597,3.4775219699203936,3.897250216656225,9.011802772727044,1.3430922181158364e-14,3.4775219699203936,-4.161088454725807,11.116132394566597
task_mean,Dots,loudness_sma3_meanRisingSlope,1,ASUS_FX63VD_laptop,2,iPad_2021,1_vs_2,102,0.1993144551418424,poor,0.3752185600642216,0.000101998356819,0.4674726181927159,7.287809387833777e-07,7.58740815490626,2.960572098040311,3.907146617514453,2.59866086471445,-3.6802615373918073,3.121621422841091,-11.906895339513657,5.998710499082488e-21,-3.6802615373918073,-9.798639526160343,2.4381164513767306
task_mean,Dots,loudness_sma3_meanRisingSlope,1,ASUS_FX63VD_laptop,3,Huawei_P30_phone,1_vs_3,102,0.2357415634996923,poor,0.627203177129595,1.7490666104987326e-12,0.5500845344385952,2.1155245117380882e-09,7.58740815490626,2.960572098040311,14.292472878297996,4.966873267927153,6.705064723391738,3.871568118308132,17.491061042088752,2.490954951236347e-32,6.705064723391738,-0.8832087884922002,14.293338235275677
task_mean,Dots,loudness_sma3_meanRisingSlope,2,iPad_2021,3,Huawei_P30_phone,2_vs_3,102,0.0509094104701631,poor,0.2742032786868983,0.005289537993118,0.510062142707703,4.3515753132409475e-08,3.907146617514453,2.59866086471445,14.292472878297996,4.966873267927153,10.385326260783543,4.934011016701308,21.257888055427976,4.531405767301064e-39,10.385326260783543,0.7146646680489805,20.055987853518104
task_mean,Dots,loudness_sma3_pctlrange0-2,1,ASUS_FX63VD_laptop,2,iPad_2021,1_vs_2,102,0.1998444079309413,poor,0.4295306658807246,6.637445056272785e-06,0.6552691248565176,7.877454317601338e-14,0.8457960274958108,0.2996192039474341,0.4148482359274351,0.2696344298778318,-0.4309477915683756,0.3050784229835601,-14.266362421034206,6.013294984039567e-26,-0.4309477915683756,-1.0289015006161537,0.1670059174794023
task_mean,Dots,loudness_sma3_pctlrange0-2,1,ASUS_FX63VD_laptop,3,Huawei_P30_phone,1_vs_3,102,0.3071265608852067,poor,0.808924069240246,8.356826587072857e-25,0.816896709659544,1.2243587189491785e-25,0.8457960274958108,0.2996192039474341,1.5303360027373416,0.5331709767153315,0.6845399752415303,0.3399919511938541,20.33434861084753,1.7338545735112554e-37,0.6845399752415303,0.0181557509015762,1.3509241995814842
task_mean,Dots,loudness_sma3_pctlrange0-2,2,iPad_2021,3,Huawei_P30_phone,2_vs_3,102,0.0697629109242803,poor,0.387943816111845,5.608267716737664e-05,0.6881442570299292,1.3388327566762206e-15,0.4148482359274351,0.2696344298778318,1.5303360027373416,0.5331709767153315,1.115487766809906,0.4954103738398595,22.740489106553923,1.6044589383807443e-41,1.115487766809906,0.1444834340837815,2.0864920995360308
task_mean,Dots,loudness_sma3_percentile20.0,1,ASUS_FX63VD_laptop,2,iPad_2021,1_vs_2,102,0.1597710255375967,poor,0.4385203436340589,4.027205850725786e-06,0.5302260094655954,9.961673929955486e-09,0.8448617974544123,0.2466808970711272,0.4470835893003022,0.1872901042263181,-0.39777820815411,0.2353911361825935,-17.066755540484642,1.598999689973505e-31,-0.39777820815411,-0.8591448350719934,0.0635884187637733
task_mean,Dots,loudness_sma3_percentile20.0,1,ASUS_FX63VD_laptop,3,Huawei_P30_phone,1_vs_3,102,0.3076715992544217,poor,0.6751848818185306,7.102910939823078e-15,0.713883438600856,3.710517943442616e-17,0.8448617974544123,0.2466808970711272,1.3170293671975997,0.4397888851512756,0.4721675697431871,0.3282795549280763,14.526212890109829,1.7550924996119724e-26,0.4721675697431871,-0.1712603579158424,1.1155954974022166
task_mean,Dots,loudness_sma3_percentile20.0,2,iPad_2021,3,Huawei_P30_phone,2_vs_3,102,0.0681322043826297,poor,0.406848224263976,2.201610870073404e-05,0.622280903133146,2.918222976012376e-12,0.4470835893003022,0.1872901042263181,1.3170293671975997,0.4397888851512756,0.8699457778972971,0.4018323172762516,21.864895634914248,4.361234323644003e-40,0.8699457778972971,0.0823544360358439,1.6575371197587505
task_mean,Dots,loudness_sma3_percentile50.0,1,ASUS_FX63VD_laptop,2,iPad_2021,1_vs_2,102,0.1271095262656784,poor,0.3924728913170845,4.505796234737125e-05,0.4758186269797739,4.321437060708889e-07,1.2827183037434071,0.3027654194604641,0.6593805110417742,0.3064967788964037,-0.6233377927016326,0.3358077643686327,-18.747044540480253,1.1592769267899942e-34,-0.6233377927016326,-1.2815210108641528,0.0348454254608875
task_mean,Dots,loudness_sma3_percentile50.0,1,ASUS_FX63VD_laptop,3,Huawei_P30_phone,1_vs_3,102,0.1847611917854609,poor,0.6256114570098364,2.0659710598350346e-12,0.5694680833017626,4.2151231442056236e-10,1.2827183037434071,0.3027654194604641,2.167181774976249,0.6017820428660252,0.8844634712328421,0.4752233391670345,18.79672663210098,9.412568498075971e-35,0.8844634712328421,-0.0469742735345455,1.8159012160002297
task_mean,Dots,loudness_sma3_percentile50.0,2,iPad_2021,3,Huawei_P30_phone,2_vs_3,102,0.0496848869906759,poor,0.3672140221541571,0.0001467525076393,0.6675506499821884,1.8257811104233825e-14,0.6593805110417742,0.3064967788964037,2.167181774976249,0.6017820428660252,1.5078012639344751,0.5662339331908941,26.893560096902544,7.645276674754154e-48,1.5078012639344751,0.3979827548803227,2.6176197729886272
task_mean,Dots,loudness_sma3_percentile80.0,1,ASUS_FX63VD_laptop,2,iPad_2021,1_vs_2,102,0.1140566896934084,poor,0.3613881968955579,0.0001901119651946,0.5219478544085133,1.846113823472969e-08,1.6906578253403493,0.3729571810659499,0.8619318248241826,0.4250270388665915,-0.8287260005161665,0.4529600194795112,-18.477839047206828,3.6040372213838652e-34,-0.8287260005161665,-1.7165276386960084,0.0590756376636754
task_mean,Dots,loudness_sma3_percentile80.0,1,ASUS_FX63VD_laptop,3,Huawei_P30_phone,1_vs_3,102,0.1778254212023937,poor,0.6640156790560368,2.8006149093007043e-14,0.6471266772593878,2.0018509096227322e-13,1.6906578253403493,0.3729571810659499,2.8473653703680637,0.7105397181136897,1.156707545027715,0.5404019408511023,21.617564039184096,1.1261823636455322e-39,1.156707545027715,0.0975197409595542,2.215895349095875
task_mean,Dots,loudness_sma3_percentile80.0,2,iPad_2021,3,Huawei_P30_phone,2_vs_3,102,0.0431339378072131,poor,0.330125786266321,0.0007026647884118,0.7042595178992486,1.483271640570629e-16,0.8619318248241826,0.4250270388665915,2.8473653703680637,0.7105397181136897,1.985433545543881,0.697222797431816,28.759667601045564,1.8943730699822784e-50,1.985433545543881,0.6188768625775216,3.3519902285102403
task_mean,Dots,loudness_sma3_stddevFallingSlope,1,ASUS_FX63VD_laptop,2,iPad_2021,1_vs_2,102,0.1252239209680604,poor,0.161397995524743,0.1051047026670155,0.2301204251415462,0.0199770676965459,1.090067090868722,0.8565587735362619,0.6939949026992861,0.5237331637328094,-0.396072188169436,0.9290750341376852,-4.305500496068963,3.8651830353328434e-05,-0.396072188169436,-2.217059255079299,1.424914878740427
task_mean,Dots,loudness_sma3_stddevFallingSlope,1,ASUS_FX63VD_laptop,3,Huawei_P30_phone,1_vs_3,102,0.1680723642404469,poor,0.4171933387644094,1.2879470902628984e-05,0.3334266430779423,0.0006159639844274,1.090067090868722,0.8565587735362619,2.967444411918866,1.5939142038318788,1.877377321050144,1.4611923148737795,12.97610268827122,3.041509028814842e-23,1.877377321050144,-0.9865596161024636,4.741314258202752
task_mean,Dots,loudness_sma3_stddevFallingSlope,2,iPad_2021,3,Huawei_P30_phone,2_vs_3,102,0.0210080232747675,poor,0.1001279671653299,0.316682380855374,0.199721799707098,0.0441613089961496,0.6939949026992861,0.5237331637328094,2.967444411918866,1.5939142038318788,2.27344950921958,1.62717181634441,14.110811356764604,1.2614884012995875e-25,2.27344950921958,-0.9158072508154635,5.462706269254624
task_mean,Dots,loudness_sma3_stddevNorm,1,ASUS_FX63VD_laptop,2,iPad_2021,1_vs_2,102,0.711925894139348,moderate,0.794437089116413,2.1978094914763758e-23,0.8285675512154299,6.1773890607335185e-27,0.3445945942250926,0.0852080902277277,0.3043409486833493,0.0813648832944557,-0.0402536455417432,0.0535264746777391,-7.59515537654094,1.593366848325238e-11,-0.0402536455417432,-0.145165535910112,0.0646582448266254
task_mean,Dots,loudness_sma3_stddevNorm,1,ASUS_FX63VD_laptop,3,Huawei_P30_phone,1_vs_3,102,0.6828918793595898,moderate,0.8210953417005374,4.286897563312794e-26,0.8255932960514784,1.3504589231366866e-26,0.3445945942250926,0.0852080902277277,0.3988468661111355,0.0846177140727522,0.0542522718860428,0.0507956143870293,10.786779418704386,1.6672919130596994e-18,0.0542522718860428,-0.0453071323125345,0.1538116760846203
task_mean,Dots,loudness_sma3_stddevNorm,2,iPad_2021,3,Huawei_P30_phone,2_vs_3,102,0.4121547231646589,poor,0.6785006443858683,4.6722607350033446e-15,0.7169255474947838,2.3661838830728525e-17,0.3043409486833493,0.0813648832944557,0.3988468661111355,0.0846177140727522,0.0945059174277861,0.0666150841896606,14.328030826305072,4.48622156020696e-26,0.0945059174277861,-0.0360596475839486,0.225071482439521
task_mean,Dots,loudness_sma3_stddevRisingSlope,1,ASUS_FX63VD_laptop,2,iPad_2021,1_vs_2,102,0.2375875401398045,poor,0.4438003592064418,2.9829008549403724e-06,0.5609637491447602,8.664578194718704e-10,4.210308886874443,1.6643947297291457,2.229412492990788,1.37766361647146,-1.9808963938836548,1.6226273928529562,-12.329431267172358,7.343944492829109e-22,-1.9808963938836548,-5.161246083875449,1.1994532961081392
task_mean,Dots,loudness_sma3_stddevRisingSlope,1,ASUS_FX63VD_laptop,3,Huawei_P30_phone,1_vs_3,102,0.246769392300771,poor,0.6383599393436307,5.297768259605309e-13,0.6461088713097467,2.2449433572127695e-13,4.210308886874443,1.6643947297291457,7.967292252667271,2.9995538785711005,3.756983365792827,2.3224090439270832,16.33806592141404,4.1091336677325266e-30,3.756983365792827,-0.7949383603042559,8.30890509188991
task_mean,Dots,loudness_sma3_stddevRisingSlope,2,iPad_2021,3,Huawei_P30_phone,2_vs_3,102,0.0636399227156873,poor,0.3367974685135035,0.0005376415556733,0.4934945236385432,1.363329657429297e-07,2.229412492990788,1.37766361647146,7.967292252667271,2.9995538785711005,5.737879759676482,2.848110390179398,20.346734160444637,1.6500371541446128e-37,5.737879759676482,0.1555833949248626,11.320176124428102
task_mean,Dots,mfcc1V_sma3nz_amean,1,ASUS_FX63VD_laptop,2,iPad_2021,1_vs_2,102,0.4685992703992463,poor,0.7172451620129793,2.256172726556085e-17,0.7085682297527297,8.031690400792174e-17,32.940724915361656,3.7801859283812846,37.06442827531538,4.2776156498262194,4.123703359953718,3.064609434521244,13.5897781880643,1.5392011807498122e-24,4.123703359953718,-1.8829311317079196,10.130337851615357
task_mean,Dots,mfcc1V_sma3nz_amean,1,ASUS_FX63VD_laptop,3,Huawei_P30_phone,1_vs_3,102,0.3735309678692721,poor,0.4435652055551842,3.023370412515805e-06,0.4955979892678017,1.1832559555879218e-07,32.940724915361656,3.7801859283812846,35.03103188536419,5.8202052494550855,2.090306970002534,5.3522361992249285,3.944344901910423,0.000147850001416,2.090306970002534,-8.400075980478327,12.580689920483394
task_mean,Dots,mfcc1V_sma3nz_amean,2,iPad_2021,3,Huawei_P30_phone,2_vs_3,102,0.4249472161181638,poor,0.478168560683189,3.720746173639125e-07,0.5147553590310487,3.113891502804241e-08,37.06442827531538,4.2776156498262194,35.03103188536419,5.8202052494550855,-2.0333963899511844,5.325715069700705,-3.85606376105166,0.0002029257608546,-2.0333963899511844,-12.471797926564566,8.405005146662198
task_mean,Dots,mfcc1V_sma3nz_stddevNorm,1,ASUS_FX63VD_laptop,2,iPad_2021,1_vs_2,102,0.2363517093101573,poor,0.3546078970574904,0.0002553750382984,0.4197827549745265,1.123067249209966e-05,0.1484651082823831,0.0509288354630352,0.1041205951801592,0.0402793628948849,-0.0443445131022239,0.0525480876880602,-8.522814982797799,1.579007854443169e-13,-0.0443445131022239,-0.1473387649708219,0.0586497387663741
task_mean,Dots,mfcc1V_sma3nz_stddevNorm,1,ASUS_FX63VD_laptop,3,Huawei_P30_phone,1_vs_3,102,0.1435491269487334,poor,0.331368389133897,0.0006687941185437,0.4362259755387303,4.5811639081642586e-06,0.1484651082823831,0.0509288354630352,0.2324403474565506,0.1844492463632131,0.0839752391741674,0.1743263139841987,4.865062097375124,4.2217981100513405e-06,0.0839752391741674,-0.2577043362348621,0.4256548145831968
task_mean,Dots,mfcc1V_sma3nz_stddevNorm,2,iPad_2021,3,Huawei_P30_phone,2_vs_3,102,0.0874756820105361,poor,0.3049780637637062,0.0018284260974627,0.4136872282316753,1.5476533096415867e-05,0.1041205951801592,0.0402793628948849,0.2324403474565506,0.1844492463632131,0.1283197522763913,0.1763867445426597,7.347297979590406,5.358794018585623e-11,0.1283197522763913,-0.2173982670272216,0.4740377715800044
task_mean,Dots,mfcc1_sma3_amean,1,ASUS_FX63VD_laptop,2,iPad_2021,1_vs_2,102,0.4425206129706512,poor,0.7063966959279688,1.0956606247934771e-16,0.7075843506680765,9.248380421973268e-17,32.17938163793307,3.687021016835061,36.46561361051333,4.222226765365276,4.286231972580264,3.0704638316168187,14.098463081796066,1.3380679972436472e-25,4.286231972580264,-1.7318771373887003,10.304341082549229
task_mean,Dots,mfcc1_sma3_amean,1,ASUS_FX63VD_laptop,3,Huawei_P30_phone,1_vs_3,102,0.3345503965708664,poor,0.4202571447908548,1.0950989066781418e-05,0.4731949494206988,5.100672809634784e-07,32.17938163793307,3.687021016835061,34.78109530363701,5.804496274114234,2.601713665703945,5.412781421345087,4.854439514472665,4.409316146373587e-06,2.601713665703945,-8.007337920132425,13.210765251540316
task_mean,Dots,mfcc1_sma3_amean,2,iPad_2021,3,Huawei_P30_phone,2_vs_3,102,0.4369688851989133,poor,0.4821474358249248,2.880474413931157e-07,0.5103561755375995,4.261915635812735e-08,36.46561361051333,4.222226765365276,34.78109530363701,5.804496274114234,-1.6845183068763188,5.280770211303048,-3.221651440663755,0.0017156779349753,-1.6845183068763188,-12.034827921030294,8.665791307277656
task_mean,Dots,mfcc1_sma3_stddevNorm,1,ASUS_FX63VD_laptop,2,iPad_2021,1_vs_2,102,0.174453765078248,poor,0.2407270441007833,0.0148008847980064,0.5289141706860577,1.0996912356480227e-08,0.1773324601159365,0.0560033858881793,0.1249053251967855,0.065348402579947,-0.0524271349191509,0.0751318847797437,-7.047448757240481,2.2901656467958363e-10,-0.0524271349191509,-0.1996856290874487,0.0948313592491467
task_mean,Dots,mfcc1_sma3_stddevNorm,1,ASUS_FX63VD_laptop,3,Huawei_P30_phone,1_vs_3,102,0.0006667663019374,poor,0.0219582721180992,0.8266026154036015,0.6173501987548841,4.829889758555516e-12,0.1773324601159365,0.0560033858881793,0.6151946540399821,3.67156892335336,0.4378621939240456,3.670766215049584,1.2047052660906703,0.2311324362621408,0.4378621939240456,-6.756839587573139,7.63256397542123
task_mean,Dots,mfcc1_sma3_stddevNorm,2,iPad_2021,3,Huawei_P30_phone,2_vs_3,102,0.0241722130033099,poor,0.6848789807472702,2.0551781964007893e-15,0.5397142227072508,4.811270071786253e-09,0.1249053251967855,0.065348402579947,0.6151946540399821,3.67156892335336,0.4902893288431964,3.627125742294128,1.3651799936624731,0.1752296535905965,0.4902893288431964,-6.6188771260532935,7.599455783739685
task_mean,Dots,mfcc2V_sma3nz_amean,1,ASUS_FX63VD_laptop,2,iPad_2021,1_vs_2,102,0.430964303065219,poor,0.8080448956256685,1.0271350413490298e-24,0.7506262333829042,1.0577927524198456e-19,11.0516928725063,7.726029348563247,0.2857183271536593,8.611839206568211,-10.76597454535264,5.131105985790784,-21.19056074619598,5.890330018237111e-39,-10.76597454535264,-20.822942277502577,-0.7090068132027056
task_mean,Dots,mfcc2V_sma3nz_amean,1,ASUS_FX63VD_laptop,3,Huawei_P30_phone,1_vs_3,102,0.4947193600027896,poor,0.7650089105597186,8.019268950451323e-21,0.7061933492035668,1.1278276911342132e-16,11.0516928725063,7.726029348563247,2.447441945534915,8.891111945281796,-8.604250926971384,5.800163741787859,-14.982107160489935,2.0623701972388883e-27,-8.604250926971384,-19.97257186087559,2.764070006932821
task_mean,Dots,mfcc2V_sma3nz_amean,2,iPad_2021,3,Huawei_P30_phone,2_vs_3,102,0.742355709914031,moderate,0.7636632721445595,1.028736515657284e-20,0.7332896053740154,1.894717728563261e-18,0.2857183271536593,8.611839206568211,2.447441945534915,8.891111945281796,2.1617236183812563,6.022461710619875,3.625151874476309,0.0004544234298428,2.1617236183812563,-9.642301334433698,13.96574857119621
task_mean,Dots,mfcc2V_sma3nz_stddevNorm,1,ASUS_FX63VD_laptop,2,iPad_2021,1_vs_2,102,-0.005380253072144,poor,-0.0129075592351876,0.8975486022885517,-0.0896856675958858,0.370025427079906,0.1172647696639733,5.699682997037617,2.558311735119159,26.147433198951784,2.4410469654551856,26.83322436779265,0.9187627079203844,0.3604086661619382,2.4410469654551856,-50.1520727954184,55.03416672632877
task_mean,Dots,mfcc2V_sma3nz_stddevNorm,1,ASUS_FX63VD_laptop,3,Huawei_P30_phone,1_vs_3,102,-0.0188707061337679,poor,-0.0196140645994886,0.8448686611832692,-0.0384221745989561,0.7014201725883918,0.1172647696639733,5.699682997037617,-0.7040932013016841,7.608832321865781,-0.8213579709656574,9.595934473354,-0.8644607679392908,0.3893832947740906,-0.8213579709656574,-19.6293895387395,17.986673596808185
task_mean,Dots,mfcc2V_sma3nz_stddevNorm,2,iPad_2021,3,Huawei_P30_phone,2_vs_3,102,0.0092837801639892,poor,0.0173827152020997,0.8623321164303228,0.1817405612634364,0.0675309108004571,2.558311735119159,26.147433198951784,-0.7040932013016841,7.608832321865781,-3.262404936420843,27.10472209659313,-1.2156064411544194,0.2269686372397305,-3.262404936420843,-56.387660245743376,49.86285037290169
task_mean,Dots,mfcc2_sma3_amean,1,ASUS_FX63VD_laptop,2,iPad_2021,1_vs_2,102,0.402720513571684,poor,0.8059710438751633,1.6639242593447813e-24,0.7569366302706798,3.4870379612676254e-20,11.592354299543192,7.2437705503238465,0.6577137492476144,8.30301156427066,-10.934640550295576,4.945884915342983,-22.328553560625277,7.506450943200441e-41,-10.934640550295576,-20.628574984367823,-1.240706116223329
task_mean,Dots,mfcc2_sma3_amean,1,ASUS_FX63VD_laptop,3,Huawei_P30_phone,1_vs_3,102,0.4467581894482983,poor,0.7408311330904981,5.554885787265498e-19,0.6938892061679041,6.212606469330776e-16,11.592354299543192,7.2437705503238465,2.6722063128986964,8.46638863331766,-8.920147986644496,5.769203620585266,-15.615513780894668,1.0977340865062644e-28,-8.920147986644496,-20.227787082991615,2.387491109702625
task_mean,Dots,mfcc2_sma3_amean,2,iPad_2021,3,Huawei_P30_phone,2_vs_3,102,0.7194414286139723,moderate,0.7384987009628414,8.155201352746403e-19,0.7194700623688868,1.6167787457381556e-17,0.6577137492476144,8.30301156427066,2.6722063128986964,8.46638863331766,2.014492563651083,6.065637319366765,3.3542027859014483,0.0011218569037695,2.014492563651083,-9.874156582307776,13.90314170960994
task_mean,Dots,mfcc2_sma3_stddevNorm,1,ASUS_FX63VD_laptop,2,iPad_2021,1_vs_2,102,-0.0453945120071785,poor,-0.0539927634893499,0.5899054891586532,-0.1824077896082012,0.0665130121216795,0.571028292538245,4.825030697781077,-0.5124960367407543,8.823952006508101,-1.083524329278999,10.283026047415762,-1.0641866765609158,0.2897817674001678,-1.083524329278999,-21.23825538221389,19.07120672365589
task_mean,Dots,mfcc2_sma3_stddevNorm,1,ASUS_FX63VD_laptop,3,Huawei_P30_phone,1_vs_3,102,0.1244834119718272,poor,0.1515473344216207,0.1283888455371309,-0.0322474851711327,0.7476394984404762,0.571028292538245,4.825030697781077,-1.0326308709357332,8.962562102959053,-1.6036591634739783,9.513213004502918,-1.7024914330509435,0.0917391684560855,-1.6036591634739783,-20.24955665229969,17.04223832535174
task_mean,Dots,mfcc2_sma3_stddevNorm,2,iPad_2021,3,Huawei_P30_phone,2_vs_3,102,-0.0098609832668621,poor,-0.009781413957823,0.922271960977034,-0.0936211839344985,0.3493081461214631,-0.5124960367407543,8.823952006508101,-1.0326308709357332,8.962562102959053,-0.5201348341949792,12.63870163308176,-0.4156363904355769,0.6785578327932402,-0.5201348341949792,-25.291990035035223,24.251720366645262
task_mean,Dots,mfcc3V_sma3nz_amean,1,ASUS_FX63VD_laptop,2,iPad_2021,1_vs_2,102,0.5352530582085655,moderate,0.7442459915566169,3.1425460406489425e-19,0.7555682467161622,4.4483902199827164e-20,5.931998642407809,9.31049570548817,-2.6399374581756105,10.133179602275106,-8.571936100583418,6.995355199775781,-12.375684794667936,5.840814201868742e-22,-8.571936100583418,-22.28283229214395,5.138960090977113
task_mean,Dots,mfcc3V_sma3nz_amean,1,ASUS_FX63VD_laptop,3,Huawei_P30_phone,1_vs_3,102,0.6534602573154283,moderate,0.7113009946610827,5.411539826588788e-17,0.7208949906983845,1.3038595787553285e-17,5.931998642407809,9.31049570548817,9.998766732842574,10.000080049904458,4.066768090434766,7.364412664497649,5.57713782261561,2.05059426345853e-07,4.066768090434766,-10.367480731980624,18.50101691285016
task_mean,Dots,mfcc3V_sma3nz_amean,2,iPad_2021,3,Huawei_P30_phone,2_vs_3,102,0.3424973296332155,poor,0.6111711997192063,8.970628886119049e-12,0.588240948595145,7.971957774837035e-11,-2.6399374581756105,10.133179602275106,9.998766732842574,10.000080049904458,12.638704191018183,8.878050892581955,14.377553917644128,3.546869417194204e-26,12.638704191018183,-4.7622755584424485,30.039683940478817
task_mean,Dots,mfcc3V_sma3nz_stddevNorm,1,ASUS_FX63VD_laptop,2,iPad_2021,1_vs_2,102,0.015850546037537,poor,0.0204966410601236,0.8379814360634763,-0.0707997127525431,0.4794934361067902,-0.3795728232574317,6.741650851493088,-0.3296821005057684,3.142737662924891,0.0498907227516631,7.379574629546248,0.0682792201587717,0.9456983576564728,0.0498907227516631,-14.414075551158984,14.513856996662309
task_mean,Dots,mfcc3V_sma3nz_stddevNorm,1,ASUS_FX63VD_laptop,3,Huawei_P30_phone,1_vs_3,102,-0.0026734732100334,poor,-0.0035893154405584,0.971438922259124,0.0770874917303266,0.4412422428137422,-0.3795728232574317,6.741650851493088,0.4473169684868289,15.25790749605236,0.8268897917442604,16.703054102526853,0.4999790747213694,0.6181773885557131,0.8268897917442604,-31.911096249208367,33.564875832696885
task_mean,Dots,mfcc3V_sma3nz_stddevNorm,2,iPad_2021,3,Huawei_P30_phone,2_vs_3,102,-0.0145477330175444,poor,-0.0365381186688407,0.7154169397972657,0.1433692769619623,0.1505614357328258,-0.3296821005057684,3.142737662924891,0.4473169684868289,15.25790749605236,0.7769990689925967,15.69027290133046,0.5001382693431708,0.6180656960368911,0.7769990689925967,-29.975935817615103,31.529933955600303
task_mean,Dots,mfcc3_sma3_amean,1,ASUS_FX63VD_laptop,2,iPad_2021,1_vs_2,102,0.5557602832320375,moderate,0.7798756482956147,4.560525125877724e-22,0.795285296662162,1.828168916222624e-23,6.74379294764251,8.980402176004358,-1.672627680339963,9.825105715833518,-8.416420627982475,6.289528149846319,-13.514794698505076,2.21160727672484e-24,-8.416420627982475,-20.743895801681266,3.9110545457163095
task_mean,Dots,mfcc3_sma3_amean,1,ASUS_FX63VD_laptop,3,Huawei_P30_phone,1_vs_3,102,0.651230093015599,moderate,0.7187733211255044,1.7952316375730826e-17,0.7419861917659498,4.585966486894795e-19,6.74379294764251,8.980402176004358,10.987774915034652,9.652007599139887,4.24398196739214,7.01454901229235,6.110459384186299,1.8753338460092717e-08,4.24398196739214,-9.504534096700866,17.992498031485145
task_mean,Dots,mfcc3_sma3_amean,2,iPad_2021,3,Huawei_P30_phone,2_vs_3,102,0.3434173582849812,poor,0.6324569999860693,1.0026442418109013e-12,0.6250855239721573,2.182372572200144e-12,-1.672627680339963,9.825105715833518,10.987774915034652,9.652007599139887,12.660402595374617,8.351025976514949,15.311148461664608,4.466326833121009e-28,12.660402595374617,-3.707608318594684,29.02841350934392
task_mean,Dots,mfcc3_sma3_stddevNorm,1,ASUS_FX63VD_laptop,2,iPad_2021,1_vs_2,102,-0.0012109564742969,poor,-0.0093475239282011,0.9257098106323256,0.1139320671073389,0.2542057932736504,2.592080081190219,30.41058285464217,-0.3303162531557207,1.9769190382007769,-2.92239633434594,30.49320729095808,-0.9679124904427432,0.3354001521685128,-2.92239633434594,-62.68908262462377,56.84428995593189
task_mean,Dots,mfcc3_sma3_stddevNorm,1,ASUS_FX63VD_laptop,3,Huawei_P30_phone,1_vs_3,102,0.0108966983907785,poor,0.0113865755910103,0.9095666702815416,0.1690971495778932,0.0893177091451162,2.592080081190219,30.41058285464217,-2.3528072821813075,23.133359121218565,-4.944887363371528,37.99914428252277,-1.314264183811757,0.1917342698357247,-4.944887363371528,-79.42321015711616,69.53343543037309
task_mean,Dots,mfcc3_sma3_stddevNorm,2,iPad_2021,3,Huawei_P30_phone,2_vs_3,102,0.0213924924312194,poor,0.1258256132051239,0.2076226447117157,0.1482773634302322,0.1369339125846533,-0.3303162531557207,1.9769190382007769,-2.3528072821813075,23.133359121218565,-2.0224910290255864,22.968495889540637,-0.8893119616395321,0.3759487037536095,-2.0224910290255864,-47.04074297252523,42.99576091447405
task_mean,Dots,mfcc4V_sma3nz_amean,1,ASUS_FX63VD_laptop,2,iPad_2021,1_vs_2,102,0.6092137196718704,moderate,0.7973817956492918,1.1553721595215114e-23,0.7394756037568349,6.947145040750685e-19,-10.523825871854934,9.53920938877461,-18.44583942974033,10.883926720609736,-7.922013557885406,6.624315230767106,-12.077990292193553,2.558350226003173e-21,-7.922013557885406,-20.905671410188933,5.061644294418122
task_mean,Dots,mfcc4V_sma3nz_amean,1,ASUS_FX63VD_laptop,3,Huawei_P30_phone,1_vs_3,102,0.2611060861652129,poor,0.654917995877029,8.20556246965423e-14,0.7053904133988499,1.2640361412309771e-16,-10.523825871854934,9.53920938877461,-27.08105351546512,9.505822076793349,-16.557227643610194,7.910993959474141,-21.13764758371041,7.24138922801985e-39,-16.557227643610194,-32.06277580417951,-1.0516794830408769
task_mean,Dots,mfcc4V_sma3nz_amean,2,iPad_2021,3,Huawei_P30_phone,2_vs_3,102,0.4095990523525416,poor,0.5591558981178703,1.007253051747513e-09,0.5246846215175487,1.5082536735594587e-08,-18.44583942974033,10.883926720609736,-27.08105351546512,9.505822076793349,-8.635214085724787,9.64983033519221,-9.03760835924108,1.1788416316845122e-14,-8.635214085724787,-27.54888154270152,10.278453371251944
task_mean,Dots,mfcc4V_sma3nz_stddevNorm,1,ASUS_FX63VD_laptop,2,iPad_2021,1_vs_2,102,0.0136782532412242,poor,0.0164163735715224,0.869916232625051,0.0434207327071941,0.6647767093539209,-1.3941596789084674,5.533667483624728,-0.091726574066408,3.15108042054705,1.3024331048420583,6.322837812070421,2.0803838347913204,0.0400213473618937,1.3024331048420583,-11.090329006815969,13.695195216500084
task_mean,Dots,mfcc4V_sma3nz_stddevNorm,1,ASUS_FX63VD_laptop,3,Huawei_P30_phone,1_vs_3,102,-0.0296682088252788,poor,-0.0307047936985252,0.7593354515758974,0.0867905751169063,0.385735420212285,-1.3941596789084674,5.533667483624728,-0.9055083476441104,4.170410410683383,0.4886513312643563,7.030717507256899,0.7019392442019848,0.4843314943016568,0.4886513312643563,-13.291554982959166,14.268857645487875
task_mean,Dots,mfcc4V_sma3nz_stddevNorm,2,iPad_2021,3,Huawei_P30_phone,2_vs_3,102,0.0230969496219435,poor,0.0243621408160648,0.8079672643275488,0.1613505154056239,0.1052084184906357,-0.091726574066408,3.15108042054705,-0.9055083476441104,4.170410410683383,-0.8137817735777024,5.165397417115521,-1.5911250146531073,0.1147066802878362,-0.8137817735777024,-10.937960711124123,9.31039716396872
task_mean,Dots,mfcc4_sma3_amean,1,ASUS_FX63VD_laptop,2,iPad_2021,1_vs_2,102,0.6102567651058981,moderate,0.8112659360712433,4.7987928291403465e-25,0.747912084183861,1.6876856094600544e-19,-8.264268688992578,9.351616468149402,-16.28731457532095,10.666644461261065,-8.023045886328376,6.275498648407838,-12.91192877082953,4.164406716848296e-23,-8.023045886328376,-20.32302323720774,4.276931464550987
task_mean,Dots,mfcc4_sma3_amean,1,ASUS_FX63VD_laptop,3,Huawei_P30_phone,1_vs_3,102,0.2629991475531414,poor,0.6771221802268487,5.564669051866517e-15,0.7318533680895217,2.382240451244762e-18,-8.264268688992578,9.351616468149402,-24.62834027670584,9.076950341863906,-16.364071587713262,7.408769493627934,-22.30721605712848,8.135229386423794e-41,-16.364071587713262,-30.88525979522401,-1.842883380202512
task_mean,Dots,mfcc4_sma3_amean,2,iPad_2021,3,Huawei_P30_phone,2_vs_3,102,0.4314896170336313,poor,0.590361183853118,6.560696136642384e-11,0.5287106094961296,1.116650529053006e-08,-16.28731457532095,10.666644461261065,-24.62834027670584,9.076950341863906,-8.341025701384888,9.047103460783983,-9.311292904662084,2.9505767724409176e-15,-8.341025701384888,-26.073348484521496,9.391297081751722
task_mean,Dots,mfcc4_sma3_stddevNorm,1,ASUS_FX63VD_laptop,2,iPad_2021,1_vs_2,102,-0.0634165765510577,poor,-0.0810598687992544,0.4179925660747592,0.0812152603038716,0.4170977724641691,-0.618130284518145,4.562822517159211,-0.1105458239117771,2.1982972811987582,0.5075844606063681,5.222833772443543,0.9815268855725928,0.3286783207021677,0.5075844606063681,-9.729169733382976,10.744338654595712
task_mean,Dots,mfcc4_sma3_stddevNorm,1,ASUS_FX63VD_laptop,3,Huawei_P30_phone,1_vs_3,102,-0.0073565889527002,poor,-0.0105475329201736,0.9162052851226328,0.0275768867577791,0.783214303605455,-0.618130284518145,4.562822517159211,-0.7214124972362622,1.8296477605383688,-0.1032822127181171,4.9338696185055735,-0.2114160482634586,0.8329886444405992,-0.1032822127181171,-9.77366666498904,9.567102239552806
task_mean,Dots,mfcc4_sma3_stddevNorm,2,iPad_2021,3,Huawei_P30_phone,2_vs_3,102,-0.0663592837865351,poor,-0.0698516671133892,0.4854114359949307,0.0875935109216232,0.381338654741853,-0.1105458239117771,2.1982972811987582,-0.7214124972362622,1.8296477605383688,-0.6108666733244851,2.9566913940317683,-2.0866063317851844,0.0394422348522168,-0.6108666733244851,-6.405981805626751,5.184248458977781
task_mean,Dots,shimmerLocaldB_sma3nz_amean,1,ASUS_FX63VD_laptop,2,iPad_2021,1_vs_2,102,0.3860247962461888,poor,0.6681935915815509,1.6880402349804007e-14,0.6388145953373178,5.040873188844733e-13,1.221699165912988,0.1949290898868097,1.494891026118358,0.2962587925890437,0.2731918602053701,0.220433637075739,12.516703792881009,2.909057124163424e-22,0.2731918602053701,-0.1588580684630782,0.7052417888738185
task_mean,Dots,shimmerLocaldB_sma3nz_amean,1,ASUS_FX63VD_laptop,3,Huawei_P30_phone,1_vs_3,102,0.3478964001316641,poor,0.5710619885936705,3.67420954037421e-10,0.6279240716761567,1.621501282608072e-12,1.221699165912988,0.1949290898868097,1.4626530276391203,0.4061583018990966,0.2409538617261325,0.3354662411337534,7.254126997089474,8.430898764344163e-11,0.2409538617261325,-0.4165599708960242,0.8984676943482893
task_mean,Dots,shimmerLocaldB_sma3nz_amean,2,iPad_2021,3,Huawei_P30_phone,2_vs_3,102,0.7931281327580527,good,0.8346826542510065,1.1788735424599788e-27,0.7991529592707987,7.807704435568889e-24,1.494891026118358,0.2962587925890437,1.4626530276391203,0.4061583018990966,-0.0322379984792375,0.2277334028304559,-1.4296884901261688,0.1558924578687107,-0.0322379984792375,-0.4785954680269312,0.414119471068456
task_mean,Dots,shimmerLocaldB_sma3nz_stddevNorm,1,ASUS_FX63VD_laptop,2,iPad_2021,1_vs_2,102,0.4703765975911775,poor,0.6144801226108777,6.449999886866052e-12,0.5830162113869868,1.2808125237002527e-10,0.5678156269387749,0.1079033812976541,0.4906051901215777,0.0925553335403486,-0.0772104368171969,0.0890840187083586,-8.753390330102013,4.9493147192803626e-14,-0.0772104368171969,-0.2518151134855799,0.097394239851186
task_mean,Dots,shimmerLocaldB_sma3nz_stddevNorm,1,ASUS_FX63VD_laptop,3,Huawei_P30_phone,1_vs_3,102,0.3265751567341867,poor,0.3304778402163467,0.0006929125969856,0.3512844145636723,0.0002944192592435,0.5678156269387749,0.1079033812976541,0.5673735830705404,0.088962135540095,-0.0004420438682342,0.1149464193627205,-0.0388391761566482,0.96909527773508,-0.0004420438682342,-0.2257370258191665,0.2248529380826979
task_mean,Dots,shimmerLocaldB_sma3nz_stddevNorm,2,iPad_2021,3,Huawei_P30_phone,2_vs_3,102,0.4269914246162171,poor,0.5783663349550917,1.939570402110831e-10,0.5378708630429005,5.551782875926488e-09,0.4906051901215777,0.0925553335403486,0.5673735830705404,0.088962135540095,0.0767683929489626,0.0834044777805935,9.29593691285686,3.1892564038034123e-15,0.0767683929489626,-0.0867043835010006,0.240241169398926
task_mean,Dots,slopeUV0-500_sma3nz_amean,1,ASUS_FX63VD_laptop,2,iPad_2021,1_vs_2,102,0.374645220355152,poor,0.4135024978657808,1.5626159246749524e-05,0.2898923023821469,0.0031223947233984,0.0051971759606371,0.0090150789925948,0.0090955934624703,0.0119128968653738,0.0038984175018331,0.0115918926565385,3.39651927240313,0.0009772028410337,0.0038984175018331,-0.0188216921049823,0.0266185271086486
task_mean,Dots,slopeUV0-500_sma3nz_amean,1,ASUS_FX63VD_laptop,3,Huawei_P30_phone,1_vs_3,102,0.191884847033667,poor,0.3180895960889231,0.0011219638805363,0.2699517663369909,0.0060711037588877,0.0051971759606371,0.0090150789925948,0.0171925785953944,0.0144833583869617,0.0119954026347573,0.0144213134024924,8.400596032150238,2.9154949396683226e-13,0.0119954026347573,-0.0162703716341278,0.0402611769036424
task_mean,Dots,slopeUV0-500_sma3nz_amean,2,iPad_2021,3,Huawei_P30_phone,2_vs_3,102,0.3740533344800434,poor,0.4501952346345907,2.05967625616093e-06,0.3960532507120282,3.7812943262592285e-05,0.0090955934624703,0.0119128968653738,0.0171925785953944,0.0144833583869617,0.0080969851329241,0.0140118710939486,5.836161408245334,6.495598531702475e-08,0.0080969851329241,-0.0193662822112152,0.0355602524770635
task_mean,Dots,slopeUV500-1500_sma3nz_amean,1,ASUS_FX63VD_laptop,2,iPad_2021,1_vs_2,102,0.4368817115330332,poor,0.4756352054839013,4.3720103393702973e-07,0.3408889667260213,0.000454886316576,-0.0023262847623326,0.0039834623732321,-0.0013773681557136,0.0028640174473591,0.000948916606619,0.003635629824651,2.636018631396916,0.0097118706364172,0.000948916606619,-0.0061769178496971,0.0080747510629351
task_mean,Dots,slopeUV500-1500_sma3nz_amean,1,ASUS_FX63VD_laptop,3,Huawei_P30_phone,1_vs_3,102,0.5194978176005148,moderate,0.5347594929158127,7.055521767889359e-09,0.2631348025406022,0.0075391488759716,-0.0023262847623326,0.0039834623732321,-0.0033725764428267,0.0040912854445359,-0.001046291680494,0.0038956543798039,-2.7125168107568327,0.0078506818664691,-0.001046291680494,-0.0086817742649097,0.0065891909039216
task_mean,Dots,slopeUV500-1500_sma3nz_amean,2,iPad_2021,3,Huawei_P30_phone,2_vs_3,102,0.3366167194060294,poor,0.4132833030960747,1.5805462123083146e-05,0.132760610536496,0.1834563676166107,-0.0013773681557136,0.0028640174473591,-0.0033725764428267,0.0040912854445359,-0.001995208287113,0.0039058811631419,-5.1590448114273855,1.2427631549146956e-06,-0.001995208287113,-0.0096507353668712,0.005660318792645
task_mean,Dots,slopeV0-500_sma3nz_amean,1,ASUS_FX63VD_laptop,2,iPad_2021,1_vs_2,102,0.2037124950925364,poor,0.7482091320316486,1.60402917982477e-19,0.7044630790891768,1.4412582706932435e-16,0.0528556950229186,0.0287031108663142,0.1080381761372775,0.0202843308737154,0.0551824811143588,0.0190806951128599,29.20835625898772,4.683765264601728e-51,0.0551824811143588,0.0177843186931533,0.0925806435355644
task_mean,Dots,slopeV0-500_sma3nz_amean,1,ASUS_FX63VD_laptop,3,Huawei_P30_phone,1_vs_3,102,0.1290256782701677,poor,0.4513130280696602,1.929073809296702e-06,0.429327512991162,6.711716021974636e-06,0.0528556950229186,0.0287031108663142,0.0963204518549057,0.014530666994183,0.0434647568319871,0.025662146876317,17.105837963793977,1.346035635211061e-31,0.0434647568319871,-0.0068330510455942,0.0937625647095684
task_mean,Dots,slopeV0-500_sma3nz_amean,2,iPad_2021,3,Huawei_P30_phone,2_vs_3,102,0.5004910341355552,moderate,0.6431464470876008,3.1261954008483725e-13,0.6375027565577803,5.816944366518015e-13,0.1080381761372775,0.0202843308737154,0.0963204518549057,0.014530666994183,-0.0117177242823718,0.0156034017757226,-7.584449593569384,1.6794162467359385e-11,-0.0117177242823718,-0.0423003917627881,0.0188649431980445
task_mean,Dots,slopeV0-500_sma3nz_stddevNorm,1,ASUS_FX63VD_laptop,2,iPad_2021,1_vs_2,102,0.0118155598576517,poor,0.1024895896108021,0.3053446748923586,0.1912174655500958,0.0542037237506477,0.4459781509744411,1.4266860602904037,0.1976680440125792,0.0842165081293371,-0.2483101069618618,1.4205270783289916,-1.7654074954041357,0.0805175416272368,-0.2483101069618618,-3.0325431804866856,2.535922966562961
task_mean,Dots,slopeV0-500_sma3nz_stddevNorm,1,ASUS_FX63VD_laptop,3,Huawei_P30_phone,1_vs_3,102,0.0230781098896867,poor,0.2208320115158101,0.0257196284394599,0.4045382836399002,2.475653318777057e-05,0.4459781509744411,1.4266860602904037,0.2822712976155405,0.0750198762444574,-0.1637068533589007,1.4120162460986767,-1.1709200786535363,0.2443860801237839,-0.1637068533589007,-2.931258695712307,2.603844988994505
task_mean,Dots,slopeV0-500_sma3nz_stddevNorm,2,iPad_2021,3,Huawei_P30_phone,2_vs_3,102,-0.0267313231836267,poor,-0.0417777459714021,0.676739482486979,0.5240173931727838,1.584703057010094e-08,0.1976680440125792,0.0842165081293371,0.2822712976155405,0.0750198762444574,0.0846032536029612,0.1151012524689223,7.423472457828472,3.6953824761615017e-11,0.0846032536029612,-0.1409952012361266,0.3102017084420492
task_mean,Dots,slopeV500-1500_sma3nz_amean,1,ASUS_FX63VD_laptop,2,iPad_2021,1_vs_2,102,0.4413623279575002,poor,0.460395201088643,1.1230943991996084e-06,0.4710462479714561,5.836434381949632e-07,-0.0299802905101159,0.0055669773832837,-0.0292795056787451,0.0074542794154159,0.0007007848313707,0.0069531818840424,1.0178907992327468,0.3111619592612663,0.0007007848313707,-0.0129274516613523,0.0143290213240939
task_mean,Dots,slopeV500-1500_sma3nz_amean,1,ASUS_FX63VD_laptop,3,Huawei_P30_phone,1_vs_3,102,0.2609545356575219,poor,0.2764469203702089,0.004914291673649,0.35611333834697,0.0002393133754889,-0.0299802905101159,0.0055669773832837,-0.0320359959730213,0.0057614525585518,-0.0020557054629053,0.0068155795228676,-3.046198405399221,0.0029567386199883,-0.0020557054629053,-0.0154142413277259,0.0113028304019151
task_mean,Dots,slopeV500-1500_sma3nz_amean,2,iPad_2021,3,Huawei_P30_phone,2_vs_3,102,0.4709091906120613,poor,0.525933649797972,1.3745229824996444e-08,0.5727137533856184,3.184310707637091e-10,-0.0292795056787451,0.0074542794154159,-0.0320359959730213,0.0057614525585518,-0.0027564902942761,0.006601936860504,-4.216821203810156,5.409352888181619e-05,-0.0027564902942761,-0.0156962865408642,0.0101833059523118
task_mean,Dots,slopeV500-1500_sma3nz_stddevNorm,1,ASUS_FX63VD_laptop,2,iPad_2021,1_vs_2,102,0.0029203565036008,poor,0.0476757223366475,0.6341900543379339,0.2137449039021549,0.0309972873430265,-0.308310862337596,0.8918492129234785,2.5191406624287644,29.10214193058246,2.8274515247663605,29.073273632183056,0.9822031395097848,0.328346760735233,2.8274515247663605,-54.15616479431243,59.81106784384515
task_mean,Dots,slopeV500-1500_sma3nz_stddevNorm,1,ASUS_FX63VD_laptop,3,Huawei_P30_phone,1_vs_3,102,-0.0054562844672584,poor,-0.0063820700960033,0.94923936299856,0.3501648280190669,0.0003087654098444,-0.308310862337596,0.8918492129234785,-0.2400081423182921,1.610221899058588,0.0683027200193038,1.8456814045570995,0.3737501263410388,0.709373631361069,0.0683027200193038,-3.5492328329126117,3.685838272951219
task_mean,Dots,slopeV500-1500_sma3nz_stddevNorm,2,iPad_2021,3,Huawei_P30_phone,2_vs_3,102,0.0025977283299913,poor,0.0235274825497768,0.8144261434302809,0.0419166416927243,0.6757250001518175,2.5191406624287644,29.10214193058246,-0.2400081423182921,1.610221899058588,-2.759148804747056,29.108803500041503,-0.9573061626933236,0.3406986412115297,-2.759148804747056,-59.8124036648284,54.29410605533429
task_mean,Dots,spectralFluxUV_sma3nz_amean,1,ASUS_FX63VD_laptop,2,iPad_2021,1_vs_2,102,0.1539559678393364,poor,0.2052856551820771,0.0384682268781254,0.3407882113491742,0.0004567750396661,0.0810668938014372,0.1257850402968138,0.0296919964146364,0.0685456797860127,-0.0513748973868008,0.1303089869549437,-3.981774718617409,0.0001290984093347,-0.0513748973868008,-0.3067805118184906,0.2040307170448888
task_mean,Dots,spectralFluxUV_sma3nz_amean,1,ASUS_FX63VD_laptop,3,Huawei_P30_phone,1_vs_3,102,0.1471730496805558,poor,0.2661600470783285,0.0068528511690959,0.2406963398609028,0.0148140024008743,0.0810668938014372,0.1257850402968138,0.2446131602545566,0.328349103198129,0.1635462664531193,0.3188250963157663,5.180697331486318,1.1340235741124415e-06,0.1635462664531193,-0.4613509223257825,0.7884434552320212
task_mean,Dots,spectralFluxUV_sma3nz_amean,2,iPad_2021,3,Huawei_P30_phone,2_vs_3,102,0.0643937437643179,poor,0.2255939205161004,0.0226207519989011,0.2709936356338938,0.0058706479544051,0.0296919964146364,0.0685456797860127,0.2446131602545566,0.328349103198129,0.2149211638399201,0.3199324905906773,6.784548051222683,8.059135089480308e-10,0.2149211638399201,-0.4121465177178073,0.8419888453976476
task_mean,Dots,spectralFluxV_sma3nz_amean,1,ASUS_FX63VD_laptop,2,iPad_2021,1_vs_2,102,0.0493155846061247,poor,0.1580906246260008,0.1125225739111439,0.3668229187281949,0.0001493482161226,1.2360724330239496,0.374576414389662,0.5166457478953815,0.3142320700318699,-0.7194266851285686,0.4492588462443463,-16.172977827783562,8.654136845620263e-30,-0.7194266851285686,-1.599974023767487,0.1611206535103502
task_mean,Dots,spectralFluxV_sma3nz_amean,1,ASUS_FX63VD_laptop,3,Huawei_P30_phone,1_vs_3,102,0.1080594469288673,poor,0.5306269634046696,9.664335832685222e-09,0.5479245240343567,2.516213394090361e-09,1.2360724330239496,0.374576414389662,2.674543803516583,0.7541173922457906,1.438471370492633,0.6397056079943683,22.71021002228061,1.7959931879913948e-41,1.438471370492633,0.1846483788236712,2.692294362161595
task_mean,Dots,spectralFluxV_sma3nz_amean,2,iPad_2021,3,Huawei_P30_phone,2_vs_3,102,0.0123656824853571,poor,0.1387560321769421,0.1642757872059865,0.6134259913712674,7.167710452951297e-12,0.5166457478953815,0.3142320700318699,2.674543803516583,0.7541173922457906,2.1578980556212013,0.7756760873930707,28.096395419992344,1.5427886351073446e-49,2.1578980556212013,0.6375729243307828,3.67822318691162
task_mean,Dots,spectralFluxV_sma3nz_stddevNorm,1,ASUS_FX63VD_laptop,2,iPad_2021,1_vs_2,102,0.7350777355135281,moderate,0.7348222319827455,1.4815634279548837e-18,0.7124019654963784,4.609683080742321e-17,0.3610378827684433,0.0822727154770219,0.3556836151138131,0.0810908376494675,-0.0053542676546302,0.0594953563370722,-0.908902071497557,0.3655655802009147,-0.0053542676546302,-0.1219651660752918,0.1112566307660314
task_mean,Dots,spectralFluxV_sma3nz_stddevNorm,1,ASUS_FX63VD_laptop,3,Huawei_P30_phone,1_vs_3,102,0.6991730815785332,moderate,0.7094082970305957,7.117072537734397e-17,0.7490316707284663,1.392877333627964e-19,0.3610378827684433,0.0822727154770219,0.3763547757607832,0.0816592607895822,0.0153168929923398,0.0624896610013745,2.475498089405501,0.0149687575531652,0.0153168929923398,-0.1071628425703542,0.137796628555034
task_mean,Dots,spectralFluxV_sma3nz_stddevNorm,2,iPad_2021,3,Huawei_P30_phone,2_vs_3,102,0.7516410407030601,good,0.7742468026841245,1.3853873098505998e-21,0.6990008538261022,3.0900809126506277e-16,0.3556836151138131,0.0810908376494675,0.3763547757607832,0.0816592607895822,0.0206711606469701,0.0546819550895031,3.81786804612306,0.0002323891739607,0.0206711606469701,-0.0865054713284561,0.1278477926223963
task_mean,Dots,spectralFlux_sma3_amean,1,ASUS_FX63VD_laptop,2,iPad_2021,1_vs_2,102,0.0477597770633738,poor,0.1598059314894001,0.1086262476132722,0.3542699786826198,0.0002591145100356,1.1270408090231667,0.3502795383484079,0.462996819037267,0.2711194404297656,-0.6640439899858999,0.40724530301163,-16.467999769565743,2.2919680851902173e-30,-0.6640439899858999,-1.4622447838886945,0.1341568039168948
task_mean,Dots,spectralFlux_sma3_amean,1,ASUS_FX63VD_laptop,3,Huawei_P30_phone,1_vs_3,102,0.1195248488575297,poor,0.5478499169913914,2.531277852604889e-09,0.5604661551249357,9.032019227355641e-10,1.1270408090231667,0.3502795383484079,2.385838458851584,0.6708914528575913,1.258797649828417,0.5615177026125284,22.64084110205401,2.326348413837372e-41,1.258797649828417,0.1582229527078613,2.3593723469489727
task_mean,Dots,spectralFlux_sma3_amean,2,iPad_2021,3,Huawei_P30_phone,2_vs_3,102,0.0107968780960016,poor,0.1251353439127185,0.2101469369561906,0.5753374309446935,2.53272028447442e-10,0.462996819037267,0.2711194404297656,2.385838458851584,0.6708914528575913,1.9228416398143169,0.6914325186173101,28.08625298073557,1.5935435858556465e-49,1.9228416398143169,0.5676339033243889,3.2780493763042444
task_mean,Dots,spectralFlux_sma3_stddevNorm,1,ASUS_FX63VD_laptop,2,iPad_2021,1_vs_2,102,0.7354463168349632,moderate,0.7347679933950796,1.4945597338855216e-18,0.7315140994396412,2.5140994019520442e-18,0.439462795762862,0.0862931028018164,0.443731222133792,0.0838203305658221,0.00426842637093,0.0619921168969205,0.6953947593679318,0.488404839779519,0.00426842637093,-0.1172361227470342,0.1257729754888942
task_mean,Dots,spectralFlux_sma3_stddevNorm,1,ASUS_FX63VD_laptop,3,Huawei_P30_phone,1_vs_3,102,0.6705048425049125,moderate,0.7554804611704112,4.5181752047965e-20,0.7890088266393743,6.999480887913441e-23,0.439462795762862,0.0862931028018164,0.4846774695254086,0.095491897574284,0.0452146737625467,0.0641439216931528,7.119081728986591,1.6213109595727335e-10,0.0452146737625467,-0.0805074127560328,0.1709367602811263
task_mean,Dots,spectralFlux_sma3_stddevNorm,2,iPad_2021,3,Huawei_P30_phone,2_vs_3,102,0.6450319472552765,moderate,0.7162285542286462,2.6244562714912837e-17,0.7215396011331573,1.1824410984750404e-17,0.443731222133792,0.0838203305658221,0.4846774695254086,0.095491897574284,0.0409462473916166,0.068402711651251,6.0456203819438,2.5209688491409164e-08,0.0409462473916166,-0.0931230674448354,0.1750155622280688
task_mean,Hanzi,F0semitoneFrom27.5Hz_sma3nz_amean,1,ASUS_FX63VD_laptop,2,iPad_2021,1_vs_2,102,0.8641606287566367,good,0.9222513881770874,4.5751078674072715e-43,0.9256210029912184,5.429611976026994e-44,30.43810913347448,4.730734424366213,31.73378506250773,3.8376729007596255,1.2956759290332536,1.90279077607686,6.87710157538605,5.184233282360214e-10,1.2956759290332536,-2.433793992077392,5.025145850143899
task_mean,Hanzi,F0semitoneFrom27.5Hz_sma3nz_amean,1,ASUS_FX63VD_laptop,3,Huawei_P30_phone,1_vs_3,102,0.6926358220525508,moderate,0.8340001487112284,1.4229741510081938e-27,0.842805525555411,1.1728603886287979e-28,30.43810913347448,4.730734424366213,32.70445564810322,3.460123758624735,2.2663465146287454,2.6549821504366986,8.621141883295847,9.63238689225146e-14,2.2663465146287454,-2.937418500227184,7.470111529484675
task_mean,Hanzi,F0semitoneFrom27.5Hz_sma3nz_amean,2,iPad_2021,3,Huawei_P30_phone,2_vs_3,102,0.843485314026319,good,0.8768748338656505,1.398792196625278e-33,0.8844111709857451,7.204418957629042e-35,31.73378506250773,3.8376729007596255,32.70445564810322,3.460123758624735,0.9706705855954918,1.8472839455183128,5.3068681707152825,6.625309776730497e-07,0.9706705855954918,-2.650005947620402,4.5913471188113855
task_mean,Hanzi,F0semitoneFrom27.5Hz_sma3nz_meanFallingSlope,1,ASUS_FX63VD_laptop,2,iPad_2021,1_vs_2,102,0.1950913517096034,poor,0.1999440046636165,0.0439212158638944,0.2817682682031767,0.0041174685399537,35.33878815461612,44.05512909104212,36.93249521871444,34.20542637599545,1.5937070640983235,50.08257745398398,0.3213822686931854,0.7485848459582443,1.5937070640983235,-96.56814474571028,99.75555887390692
task_mean,Hanzi,F0semitoneFrom27.5Hz_sma3nz_meanFallingSlope,1,ASUS_FX63VD_laptop,3,Huawei_P30_phone,1_vs_3,102,0.0328023572692657,poor,0.0412726778655434,0.6804333173132185,0.2182797948555563,0.027524519005233,35.33878815461612,44.05512909104212,58.390607632671056,81.54016360310669,23.05181947805494,91.06661352650372,2.5565018357588336,0.0120613304491433,23.05181947805494,-155.43874303389237,201.54238199000224
task_mean,Hanzi,F0semitoneFrom27.5Hz_sma3nz_meanFallingSlope,2,iPad_2021,3,Huawei_P30_phone,2_vs_3,102,0.4510276339222445,poor,0.6661668382985598,2.1601522989732733e-14,0.4637406630440314,9.165578310418036e-07,36.93249521871444,34.20542637599545,58.390607632671056,81.54016360310669,21.458112413956623,64.05291730719013,3.3833948772908813,0.0010200770102424,21.458112413956623,-104.08560550813604,147.00183033604927
task_mean,Hanzi,F0semitoneFrom27.5Hz_sma3nz_meanRisingSlope,1,ASUS_FX63VD_laptop,2,iPad_2021,1_vs_2,102,0.0134906760743498,poor,0.0149853172057098,0.88116904070555,0.1479946395553319,0.1376925484559707,51.35739372694269,32.004550704065494,67.15145387780585,39.42231409188464,15.794060150863173,50.40432879220117,3.164652566807137,0.0020521821027605,15.794060150863173,-82.99842428185111,114.58654458357746
task_mean,Hanzi,F0semitoneFrom27.5Hz_sma3nz_meanRisingSlope,1,ASUS_FX63VD_laptop,3,Huawei_P30_phone,1_vs_3,102,0.1238469952894854,poor,0.158699522244522,0.1111272238189624,0.3314258895906724,0.0006672635867545,51.35739372694269,32.004550704065494,74.24530036579215,53.93220405368399,22.88790663884945,58.18177583819491,3.973005684300232,0.0001332758966739,22.88790663884945,-91.14837400401257,136.92418728171148
task_mean,Hanzi,F0semitoneFrom27.5Hz_sma3nz_meanRisingSlope,2,iPad_2021,3,Huawei_P30_phone,2_vs_3,102,0.2396485560087413,poor,0.2524774157164594,0.0104645474982904,0.323600092733431,0.0009077411135344,67.15145387780585,39.42231409188464,74.24530036579215,53.93220405368399,7.093846487986293,58.21684216290808,1.230646235275315,0.2213135648262162,7.093846487986293,-107.01116415131354,121.19885712728612
task_mean,Hanzi,F0semitoneFrom27.5Hz_sma3nz_pctlrange0-2,1,ASUS_FX63VD_laptop,2,iPad_2021,1_vs_2,102,0.4955547763379261,poor,0.5001403626238771,8.685725354725818e-08,0.4637632809540234,9.152927052565708e-07,4.095640529724933,2.2195104041542155,4.447509743327268,2.380856308151408,0.3518692136023347,2.3041016473075766,1.5423385789368227,0.1261187933484095,0.3518692136023347,-4.164170015120515,4.867908442325184
task_mean,Hanzi,F0semitoneFrom27.5Hz_sma3nz_pctlrange0-2,1,ASUS_FX63VD_laptop,3,Huawei_P30_phone,1_vs_3,102,0.2387480073299373,poor,0.2670090366237365,0.0066704644102957,0.3186241525351849,0.0010993296479307,4.095640529724933,2.2195104041542155,4.862489448497498,3.358051806931347,0.7668489187725653,3.4960804274390447,2.215279254257424,0.0289868343112354,0.7668489187725653,-6.085468719007962,7.619166556553092
task_mean,Hanzi,F0semitoneFrom27.5Hz_sma3nz_pctlrange0-2,2,iPad_2021,3,Huawei_P30_phone,2_vs_3,102,0.5979520035355624,moderate,0.6376264184806576,5.739119681074243e-13,0.7489864349084824,1.4037514367033697e-19,4.447509743327268,2.380856308151408,4.862489448497498,3.358051806931347,0.4149797051702307,2.597940097759378,1.6132356497755418,0.1098135948945615,0.4149797051702307,-4.67698288643815,5.506942296778611
task_mean,Hanzi,F0semitoneFrom27.5Hz_sma3nz_percentile20.0,1,ASUS_FX63VD_laptop,2,iPad_2021,1_vs_2,102,0.898502094985307,good,0.9304208658236685,2.178050182492524e-45,0.9224658045473308,4.006422669789043e-43,28.364167698521875,4.665539219322201,29.526949822753927,4.330669086539063,1.1627821242320555,1.709917484063257,6.867889190778254,5.417440189361596e-10,1.1627821242320555,-2.188656144531928,4.514220392996039
task_mean,Hanzi,F0semitoneFrom27.5Hz_sma3nz_percentile20.0,1,ASUS_FX63VD_laptop,3,Huawei_P30_phone,1_vs_3,102,0.8350928592062927,good,0.9167225230597508,1.2363790194247699e-41,0.8959236871716869,5.083703974244686e-37,28.364167698521875,4.665539219322201,30.246622364009625,4.144838471930361,1.8824546654877456,1.868676907605352,10.17396860471685,3.7130556106956404e-17,1.8824546654877456,-1.7801520734187448,5.545061404394236
task_mean,Hanzi,F0semitoneFrom27.5Hz_sma3nz_percentile20.0,2,iPad_2021,3,Huawei_P30_phone,2_vs_3,102,0.920481277031652,excellent,0.9340426318065826,1.6456418036064192e-46,0.9203962657830602,1.4201333589960337e-42,29.526949822753927,4.330669086539063,30.246622364009625,4.144838471930361,0.7196725412556902,1.549965318554811,4.689354205158882,8.60438455232216e-06,0.7196725412556902,-2.31825948311174,3.75760456562312
task_mean,Hanzi,F0semitoneFrom27.5Hz_sma3nz_percentile50.0,1,ASUS_FX63VD_laptop,2,iPad_2021,1_vs_2,102,0.871098990701975,good,0.9166914931176252,1.2586472734335638e-41,0.924252619436701,1.305645796428044e-43,30.72162449082235,5.036865905974628,31.859592785342272,4.086948483110282,1.1379682945199336,2.0813992642418566,5.5217259886895365,2.613988916698944e-07,1.1379682945199336,-2.941574263394105,5.217510852433972
task_mean,Hanzi,F0semitoneFrom27.5Hz_sma3nz_percentile50.0,1,ASUS_FX63VD_laptop,3,Huawei_P30_phone,1_vs_3,102,0.7683104988151586,good,0.8611324067472456,3.8302016366816903e-31,0.8725820040599148,6.955117441197333e-33,30.72162449082235,5.036865905974628,32.441834893767776,3.745662612176042,1.7202104029454297,2.628130353263419,6.610506757397452,1.8373503241296746e-09,1.7202104029454297,-3.430925089450872,6.871345895341731
task_mean,Hanzi,F0semitoneFrom27.5Hz_sma3nz_percentile50.0,2,iPad_2021,3,Huawei_P30_phone,2_vs_3,102,0.8874874775626086,good,0.8997855138877456,8.462008491047557e-38,0.8974843229611368,2.4844435614840896e-37,31.859592785342272,4.086948483110282,32.441834893767776,3.745662612176042,0.582242108425496,1.784575277298309,3.2951017108496483,0.0013577544136301,0.582242108425496,-2.9155254350791897,4.080009651930181
task_mean,Hanzi,F0semitoneFrom27.5Hz_sma3nz_percentile80.0,1,ASUS_FX63VD_laptop,2,iPad_2021,1_vs_2,102,0.7750733389933775,good,0.8539809743743165,3.9226123425588416e-30,0.8587398431447941,8.460656694903643e-31,32.45980822973427,4.986701078432725,33.9744595660812,3.734963534052463,1.5146513363469305,2.646903553519448,5.77929204522493,8.377571427311774e-08,1.5146513363469305,-3.673279628551188,6.702582301245049
task_mean,Hanzi,F0semitoneFrom27.5Hz_sma3nz_percentile80.0,1,ASUS_FX63VD_laptop,3,Huawei_P30_phone,1_vs_3,102,0.455143752801882,poor,0.5746030099759541,2.700894470569392e-10,0.6300953910353915,1.2892574580072564e-12,32.45980822973427,4.986701078432725,35.10911181576537,3.482210167115502,2.649303586031097,4.127627669329854,6.482332418002599,3.3547131154447e-09,2.649303586031097,-5.440846645855418,10.739453817917612
task_mean,Hanzi,F0semitoneFrom27.5Hz_sma3nz_percentile80.0,2,iPad_2021,3,Huawei_P30_phone,2_vs_3,102,0.6539467331197306,moderate,0.6858897857723965,1.8009101870161406e-15,0.7319099128645019,2.3609276029650023e-18,33.9744595660812,3.734963534052463,35.10911181576537,3.482210167115502,1.1346522496841664,2.8695773068767467,3.9934195087015594,0.0001237441605177,1.1346522496841664,-4.489719271794256,6.75902377116259
task_mean,Hanzi,F0semitoneFrom27.5Hz_sma3nz_stddevFallingSlope,1,ASUS_FX63VD_laptop,2,iPad_2021,1_vs_2,102,0.2762531015201998,poor,0.302736768622801,0.0019832814534996,0.3631863160870794,0.0001756056325051,18.905249369442053,17.2074577337546,14.723177516568713,12.140586009605547,-4.18207185287334,17.804544049924225,-2.3722514439149087,0.019574304320234,-4.18207185287334,-39.078978190724825,30.714834484978145
task_mean,Hanzi,F0semitoneFrom27.5Hz_sma3nz_stddevFallingSlope,1,ASUS_FX63VD_laptop,3,Huawei_P30_phone,1_vs_3,102,0.0197722096560574,poor,0.0253814573991016,0.8000969257513558,0.3248393417051667,0.0008650284223499,18.905249369442053,17.2074577337546,23.26648049407953,35.79940838013919,4.361231124637482,39.324590695384295,1.1200695163442491,0.2653405613298544,4.361231124637482,-72.71496663831573,81.4374288875907
task_mean,Hanzi,F0semitoneFrom27.5Hz_sma3nz_stddevFallingSlope,2,iPad_2021,3,Huawei_P30_phone,2_vs_3,102,0.2216725156384994,poor,0.3802816116991459,8.06339992820046e-05,0.6212761626370246,3.236078896181076e-12,14.723177516568713,12.140586009605547,23.26648049407953,35.79940838013919,8.54330297751082,33.14258698777339,2.603391541014122,0.0106206707821228,8.54330297751082,-56.41616751852503,73.50277347354667
task_mean,Hanzi,F0semitoneFrom27.5Hz_sma3nz_stddevNorm,1,ASUS_FX63VD_laptop,2,iPad_2021,1_vs_2,102,0.5118460583200105,moderate,0.5117302619933314,3.865785142287443e-08,0.5249786543474451,1.47569559185774e-08,0.0849039264524657,0.0411869634500701,0.0887276870459048,0.0404297770242896,0.0038237605934391,0.0403322090945102,0.9574999699634472,0.3406013374870322,0.0038237605934391,-0.0752273692318009,0.0828748904186792
task_mean,Hanzi,F0semitoneFrom27.5Hz_sma3nz_stddevNorm,1,ASUS_FX63VD_laptop,3,Huawei_P30_phone,1_vs_3,102,0.3521613157296809,poor,0.3917387427851842,4.669541367775811e-05,0.4545804094972604,1.590770037286494e-06,0.0849039264524657,0.0411869634500701,0.1001808279459224,0.0600392705804536,0.0152769014934567,0.0579971484788824,2.660288412838366,0.0090821332507596,0.0152769014934567,-0.0983975095251528,0.1289513125120663
task_mean,Hanzi,F0semitoneFrom27.5Hz_sma3nz_stddevNorm,2,iPad_2021,3,Huawei_P30_phone,2_vs_3,102,0.6620229643756068,moderate,0.730081881723499,3.1532799755912517e-18,0.7659498674025027,6.730796601154073e-21,0.0887276870459048,0.0404297770242896,0.1001808279459224,0.0600392705804536,0.0114531409000175,0.0411693679374384,2.8096387890933747,0.0059563430068272,0.0114531409000175,-0.0692388202573617,0.0921451020573969
task_mean,Hanzi,F0semitoneFrom27.5Hz_sma3nz_stddevRisingSlope,1,ASUS_FX63VD_laptop,2,iPad_2021,1_vs_2,102,0.2446282357896013,poor,0.2508524709477036,0.0109885642733583,0.3977868375072801,3.4710649649995526e-05,17.129559512270163,17.19862042717049,18.232190548391728,13.445434948849991,1.102631036121567,18.988326511750284,0.5864670373984724,0.5588701893686605,1.102631036121567,-36.11448892690899,38.31975099915212
task_mean,Hanzi,F0semitoneFrom27.5Hz_sma3nz_stddevRisingSlope,1,ASUS_FX63VD_laptop,3,Huawei_P30_phone,1_vs_3,102,0.1818743848186944,poor,0.1894078026085452,0.0565664295311142,0.2852627352969449,0.0036591185384498,17.129559512270163,17.19862042717049,21.728693559136165,21.03405905839194,4.599134046866009,24.519075528542253,1.894401645137148,0.0610323481310364,4.599134046866009,-43.45825398907681,52.65652208280882
task_mean,Hanzi,F0semitoneFrom27.5Hz_sma3nz_stddevRisingSlope,2,iPad_2021,3,Huawei_P30_phone,2_vs_3,102,0.4379211310395348,poor,0.48934246082104,1.798193549384623e-07,0.5288123900910936,1.1081398374434962e-08,18.232190548391728,13.445434948849991,21.728693559136165,21.03405905839194,3.496503010744444,18.612561622400825,1.897264339020971,0.0606493943467759,3.496503010744444,-32.984117769161166,39.97712379065005
task_mean,Hanzi,F1amplitudeLogRelF0_sma3nz_amean,1,ASUS_FX63VD_laptop,2,iPad_2021,1_vs_2,102,0.4340176532820876,poor,0.5841026054592787,1.1613644225573822e-10,0.6037342169396837,1.8570381487357104e-11,-13.787669079238054,9.608554502963973,-5.717055279102602,9.688273706192636,8.070613800135451,8.799908326278063,9.262506029373103,3.777678040632061e-15,8.070613800135451,-9.177206519369552,25.31843411964045
task_mean,Hanzi,F1amplitudeLogRelF0_sma3nz_amean,1,ASUS_FX63VD_laptop,3,Huawei_P30_phone,1_vs_3,102,0.3689895415051399,poor,0.4027910418769296,2.703825881856889e-05,0.2937670694539471,0.0027287206592888,-13.787669079238054,9.608554502963973,-9.670546326192058,11.950709190166672,4.117122753045994,11.943180145175411,3.48156027714511,0.0007378767636964,4.117122753045994,-19.29151033149781,27.5257558375898
task_mean,Hanzi,F1amplitudeLogRelF0_sma3nz_amean,2,iPad_2021,3,Huawei_P30_phone,2_vs_3,102,0.560025912824582,moderate,0.6079317330688333,1.234460490487476e-11,0.6179043375496888,4.5659970332158386e-12,-5.717055279102602,9.688273706192636,-9.670546326192058,11.950709190166672,-3.9534910470894578,9.793227653618269,-4.077134093691581,9.105060934026312e-05,-3.9534910470894578,-23.148217248181265,15.24123515400235
task_mean,Hanzi,F1amplitudeLogRelF0_sma3nz_stddevNorm,1,ASUS_FX63VD_laptop,2,iPad_2021,1_vs_2,102,-0.095149361421905,poor,-0.1006607303960065,0.3141012241924746,-0.1334287055204663,0.1812414945974641,-0.7380581114361123,4.664594479109816,-0.5001363982898595,3.2368796329974785,0.237921713146253,5.939320665448899,0.4045734608745081,0.6866465813544742,0.237921713146253,-11.403146791133588,11.878990217426097
task_mean,Hanzi,F1amplitudeLogRelF0_sma3nz_stddevNorm,1,ASUS_FX63VD_laptop,3,Huawei_P30_phone,1_vs_3,102,0.1160719019701028,poor,0.18404024969697,0.0640750040257878,-0.0005145574523186,0.995904694188238,-0.7380581114361123,4.664594479109816,0.8069756788770082,13.072721588435456,1.5450337903131204,13.04642981333138,1.1960418764725005,0.2344805614430719,1.5450337903131204,-24.025968643816384,27.116036224442624
task_mean,Hanzi,F1amplitudeLogRelF0_sma3nz_stddevNorm,2,iPad_2021,3,Huawei_P30_phone,2_vs_3,102,-0.0077122981763534,poor,-0.016520962680224,0.86909480673174,0.1531515230335141,0.12434897727766,-0.5001363982898595,3.2368796329974785,0.8069756788770082,13.072721588435456,1.3071120771668676,13.519304820074863,0.9764692085895574,0.3311650274118005,1.3071120771668676,-25.19072537017987,27.804949524513603
task_mean,Hanzi,F1bandwidth_sma3nz_amean,1,ASUS_FX63VD_laptop,2,iPad_2021,1_vs_2,102,0.3981377222940876,poor,0.6085202327117113,1.1652125251305018e-11,0.5945626544379166,4.440706045961869e-11,1224.5993409653754,71.02928183660049,1303.6655840841422,85.37368059316393,79.06624311876664,70.38219119617806,11.34562450052113,9.968138365661356e-20,79.06624311876664,-58.88285162574235,217.0153378632756
task_mean,Hanzi,F1bandwidth_sma3nz_amean,1,ASUS_FX63VD_laptop,3,Huawei_P30_phone,1_vs_3,102,0.5185126835115945,moderate,0.6394874194728066,4.682675170967519e-13,0.6591028606001662,5.0275269960317615e-14,1224.5993409653754,71.02928183660049,1188.7468110477223,125.48908415469428,-35.85252991765295,96.91571284981195,-3.736161993847551,0.0003096652994188,-35.85252991765295,-225.8073271032844,154.10226726797848
task_mean,Hanzi,F1bandwidth_sma3nz_amean,2,iPad_2021,3,Huawei_P30_phone,2_vs_3,102,0.3446762270922975,poor,0.581332764787511,1.4895677811394303e-10,0.5307462213954119,9.577548595604102e-09,1303.6655840841422,85.37368059316393,1188.7468110477223,125.48908415469428,-114.91877303641958,102.85912276268834,-11.28361475986494,1.3614675287259771e-19,-114.91877303641958,-316.52265365128875,86.68510757844957
task_mean,Hanzi,F1bandwidth_sma3nz_stddevNorm,1,ASUS_FX63VD_laptop,2,iPad_2021,1_vs_2,102,0.3297987219300517,poor,0.3387786264873256,0.000495983908305,0.2644655670592759,0.0072301134764116,0.1457930444125932,0.0272555322296194,0.1390215717759532,0.0304495961968203,-0.00677147263664,0.0332824828371494,-2.054790253129648,0.0424808829793933,-0.00677147263664,-0.0720051389974529,0.0584621937241729
task_mean,Hanzi,F1bandwidth_sma3nz_stddevNorm,1,ASUS_FX63VD_laptop,3,Huawei_P30_phone,1_vs_3,102,0.0656366365116441,poor,0.1048190445314262,0.2944244810239947,0.1649128362293682,0.0976463680620511,0.1457930444125932,0.0272555322296194,0.178585424227212,0.053972273976068,0.0327923798146187,0.0578574432613186,5.724186607806894,1.070835510296746e-07,0.0327923798146187,-0.0806082089775657,0.1461929686068032
task_mean,Hanzi,F1bandwidth_sma3nz_stddevNorm,2,iPad_2021,3,Huawei_P30_phone,2_vs_3,102,0.2551070147788965,poor,0.4176637331913112,1.2563974605535828e-05,0.3582507308412166,0.0002181083409027,0.1390215717759532,0.0304495961968203,0.178585424227212,0.053972273976068,0.0395638524512587,0.0496727163583473,8.044160909774147,1.7292469021952408e-12,0.0395638524512587,-0.057794671611102,0.1369223765136196
task_mean,Hanzi,F1frequency_sma3nz_amean,1,ASUS_FX63VD_laptop,2,iPad_2021,1_vs_2,102,0.4778707801759247,poor,0.5964812955205084,3.7087924238207416e-11,0.6278675269011766,1.6311732537014025e-12,582.4242777429446,69.6072355694466,630.6736364476822,66.5753228118554,48.2493587047375,61.22992784936872,7.958438848892483,2.6477987512093104e-12,48.2493587047375,-71.76129988002518,168.26001728950018
task_mean,Hanzi,F1frequency_sma3nz_amean,1,ASUS_FX63VD_laptop,3,Huawei_P30_phone,1_vs_3,102,0.0701487858746582,poor,0.0779190936574772,0.436315528094273,0.1738356017212229,0.0805773874063615,582.4242777429446,69.6072355694466,617.4962085046162,79.12363301109625,35.07193076167161,101.22956915786204,3.4990679193055265,0.0006960137037909,35.07193076167161,-163.338024787738,233.4818863110812
task_mean,Hanzi,F1frequency_sma3nz_amean,2,iPad_2021,3,Huawei_P30_phone,2_vs_3,102,0.3390310809318915,poor,0.3474675404197923,0.0003460152313024,0.3701477514970229,0.0001285752104539,630.6736364476822,66.5753228118554,617.4962085046162,79.12363301109625,-13.177427943065911,83.85777424931035,-1.5870382892615245,0.1156298578800791,-13.177427943065911,-177.53866547171418,151.18380958558237
task_mean,Hanzi,F1frequency_sma3nz_stddevNorm,1,ASUS_FX63VD_laptop,2,iPad_2021,1_vs_2,102,0.3592628989327875,poor,0.360292794295672,0.0001994847389427,0.3479143459748602,0.0003395717582924,0.2664022538117664,0.0542320965390328,0.2598471362459797,0.0580704913851177,-0.0065551175657865,0.0635922420060249,-1.0410616159897788,0.3003326114977469,-0.0065551175657865,-0.1311959118975954,0.1180856767660223
task_mean,Hanzi,F1frequency_sma3nz_stddevNorm,1,ASUS_FX63VD_laptop,3,Huawei_P30_phone,1_vs_3,102,0.1535201808790342,poor,0.1654397287679325,0.0965651542763767,0.1869652984715947,0.0598885867157378,0.2664022538117664,0.0542320965390328,0.2891480940419281,0.0558614577199206,0.0227458402301617,0.0711282555789781,3.2296831106259742,0.0016726306731022,0.0227458402301617,-0.1166655407046354,0.1621572211649589
task_mean,Hanzi,F1frequency_sma3nz_stddevNorm,2,iPad_2021,3,Huawei_P30_phone,2_vs_3,102,0.4367390034359829,poor,0.4926867654344056,1.4391854760018828e-07,0.477582823959152,3.862572715763732e-07,0.2598471362459797,0.0580704913851177,0.2891480940419281,0.0558614577199206,0.0293009577959483,0.0574127944439549,5.154341829638587,1.2676935176355342e-06,0.0293009577959483,-0.0832281193142033,0.1418300349061
task_mean,Hanzi,F2amplitudeLogRelF0_sma3nz_amean,1,ASUS_FX63VD_laptop,2,iPad_2021,1_vs_2,102,0.4808965419653914,poor,0.6222481347291561,2.928096515680387e-12,0.6243391329424204,2.3584957856427494e-12,-25.195702403771197,8.875311635931467,-18.08893236023152,9.68151378209848,7.106770043539677,8.097389510270746,8.863950420007985,2.8339990238474483e-14,7.106770043539677,-8.764113396590986,22.977653483670338
task_mean,Hanzi,F2amplitudeLogRelF0_sma3nz_amean,1,ASUS_FX63VD_laptop,3,Huawei_P30_phone,1_vs_3,102,0.39718148967492,poor,0.4355132634514922,4.767382341805782e-06,0.4174757281553398,1.2689189315944696e-05,-25.195702403771197,8.875311635931467,-21.117222421216777,10.312662271362443,4.078479982554414,10.266390024952813,4.012182337189991,0.000115561301789,4.078479982554414,-16.0436444663531,24.20060443146193
task_mean,Hanzi,F2amplitudeLogRelF0_sma3nz_amean,2,iPad_2021,3,Huawei_P30_phone,2_vs_3,102,0.6216155125892254,moderate,0.6492536726367582,1.5732846669803828e-13,0.6876466630101046,1.4297060903782145e-15,-18.08893236023152,9.68151378209848,-21.117222421216777,10.312662271362443,-3.028290060985265,8.392669757440526,-3.644159881139017,0.0004257681178156,-3.028290060985265,-19.477922785568698,13.421342663598166
task_mean,Hanzi,F2amplitudeLogRelF0_sma3nz_stddevNorm,1,ASUS_FX63VD_laptop,2,iPad_2021,1_vs_2,102,-0.0040163867210292,poor,-0.0199640711454641,0.8421359414101478,0.0938586719894148,0.3480816255516108,-1.608783293832539,8.955982569621773,6.613499719333991,88.23645209429138,8.22228301316653,88.86750858396698,0.9344358722245966,0.3523078002020379,8.22228301316653,-165.95803381140874,182.4025998377418
task_mean,Hanzi,F2amplitudeLogRelF0_sma3nz_stddevNorm,1,ASUS_FX63VD_laptop,3,Huawei_P30_phone,1_vs_3,102,0.0168593044466562,poor,0.0218226615009631,0.8276568763949261,0.0352104313800883,0.7253376467484807,-1.608783293832539,8.955982569621773,-1.0355738677267337,4.190387908780145,0.5732094261058054,9.804642140023468,0.5904480089119721,0.5562091878330525,0.5732094261058054,-18.64388916834019,19.7903080205518
task_mean,Hanzi,F2amplitudeLogRelF0_sma3nz_stddevNorm,2,iPad_2021,3,Huawei_P30_phone,2_vs_3,102,-0.0055469662528256,poor,-0.0583944372823476,0.559903901439733,0.0927617033548015,0.3537695344492318,6.613499719333991,88.23645209429138,-1.0355738677267337,4.190387908780145,-7.649073587060727,88.57998039624204,-0.8721141743410468,0.3852145970966432,-7.649073587060727,-181.2658351636951,165.96768798957368
task_mean,Hanzi,F2bandwidth_sma3nz_amean,1,ASUS_FX63VD_laptop,2,iPad_2021,1_vs_2,102,0.3476136334122521,poor,0.6380046796174862,5.507263552077689e-13,0.6519216741776975,1.1598342243818942e-13,879.9520377581274,90.56176112561548,1000.8655972889328,96.44134760649766,120.91355953080556,79.73600286326182,15.315128019277196,4.38480156955966e-28,120.91355953080556,-35.36900608118761,277.19612514279873
task_mean,Hanzi,F2bandwidth_sma3nz_amean,1,ASUS_FX63VD_laptop,3,Huawei_P30_phone,1_vs_3,102,0.5451440692012178,moderate,0.5784486436122265,1.9254843365524863e-10,0.5279189826464086,1.1850132112287752e-08,879.9520377581274,90.56176112561548,852.0351310950977,78.38878010354142,-27.91690666302995,78.31595959726593,-3.6001210756652355,0.0004949517664789,-27.91690666302995,-181.4161874736712,125.58237414761126
task_mean,Hanzi,F2bandwidth_sma3nz_amean,2,iPad_2021,3,Huawei_P30_phone,2_vs_3,102,0.1525381420438513,poor,0.378331855981482,8.831309927217725e-05,0.3805859169583435,7.949314761506319e-05,1000.8655972889328,96.44134760649766,852.0351310950977,78.38878010354142,-148.8304661938355,98.61753168100375,-15.241854087014325,6.15738142398675e-28,-148.8304661938355,-342.12082828860287,44.459895900931855
task_mean,Hanzi,F2bandwidth_sma3nz_stddevNorm,1,ASUS_FX63VD_laptop,2,iPad_2021,1_vs_2,102,0.5250722950148896,moderate,0.5998604660468093,2.692814461994732e-11,0.5777462383588444,2.0489246122133383e-10,0.293503522643276,0.0727164136655182,0.2533904923873151,0.0761408947795749,-0.0401130302559608,0.0666530301298626,-6.078069464710455,2.1743821937206796e-08,-0.0401130302559608,-0.1707529693104917,0.0905269087985699
task_mean,Hanzi,F2bandwidth_sma3nz_stddevNorm,1,ASUS_FX63VD_laptop,3,Huawei_P30_phone,1_vs_3,102,0.497507996207399,poor,0.5688864977687559,4.43093105777174e-10,0.5600477237900832,9.352541877751452e-10,0.293503522643276,0.0727164136655182,0.3344495537039778,0.0849409312367492,0.0409460310607017,0.0739937163096118,5.588780555007286,1.948342176118824e-07,0.0409460310607017,-0.1040816529061375,0.185973715027541
task_mean,Hanzi,F2bandwidth_sma3nz_stddevNorm,2,iPad_2021,3,Huawei_P30_phone,2_vs_3,102,0.3037435395143963,poor,0.4582234937261042,1.2799977250883366e-06,0.4828188701223064,2.757819242717211e-07,0.2533904923873151,0.0761408947795749,0.3344495537039778,0.0849409312367492,0.0810590613166626,0.0841742030692115,9.72573971853937,3.6081447586809565e-16,0.0810590613166626,-0.0839223766989919,0.2460404993323172
task_mean,Hanzi,F2frequency_sma3nz_amean,1,ASUS_FX63VD_laptop,2,iPad_2021,1_vs_2,102,0.5161651864152056,moderate,0.5258188681600477,1.3863225969187806e-08,0.6034741109747753,1.9042554917746547e-11,1616.1435392074902,94.55626738628072,1634.5530145836672,87.59870894826476,18.409475376176744,88.90274932086285,2.091348005485367,0.0390057993723991,18.409475376176744,-155.83991329271444,192.65886404506796
task_mean,Hanzi,F2frequency_sma3nz_amean,1,ASUS_FX63VD_laptop,3,Huawei_P30_phone,1_vs_3,102,0.1039123644261262,poor,0.1098474247010013,0.2717412368022228,0.1122922686329169,0.2611499531597974,1616.1435392074902,94.55626738628072,1644.977953981886,120.56494700196804,28.83441477439548,144.81793817125703,2.0108925599010257,0.0470017994460821,28.83441477439548,-255.00874404126836,312.6775735900593
task_mean,Hanzi,F2frequency_sma3nz_amean,2,iPad_2021,3,Huawei_P30_phone,2_vs_3,102,0.3593550261142216,poor,0.3773179476643143,9.257017106440456e-05,0.2625430447099536,0.0076802757858551,1634.5530145836672,87.59870894826476,1644.977953981886,120.56494700196804,10.424939398218733,119.32928702157186,0.8823209252511681,0.3796983936711497,10.424939398218733,-223.4604631640621,244.3103419604996
task_mean,Hanzi,F2frequency_sma3nz_stddevNorm,1,ASUS_FX63VD_laptop,2,iPad_2021,1_vs_2,102,0.5210761240068914,moderate,0.5707494939033486,3.774705212175954e-10,0.4773227179942437,3.927186852760151e-07,0.1445063797137911,0.0252105901570695,0.1332069943040339,0.0254511856492416,-0.0112993854097572,0.0234713861860528,-4.862013595690857,4.27480434197572e-06,-0.0112993854097572,-0.0573033023344208,0.0347045315149063
task_mean,Hanzi,F2frequency_sma3nz_stddevNorm,1,ASUS_FX63VD_laptop,3,Huawei_P30_phone,1_vs_3,102,0.2414520504312456,poor,0.268133170496357,0.006435587650372,0.2261734454427738,0.0222663893837846,0.1445063797137911,0.0252105901570695,0.1569822701979912,0.0298963128715086,0.0124758904842001,0.0335436649578967,3.756307419412769,0.0002886121262011,0.0124758904842001,-0.0532696928332774,0.0782214738016776
task_mean,Hanzi,F2frequency_sma3nz_stddevNorm,2,iPad_2021,3,Huawei_P30_phone,2_vs_3,102,0.3075559135940887,poor,0.4240137245162286,8.956488116704835e-06,0.4749478374450809,4.566579232137792e-07,0.1332069943040339,0.0254511856492416,0.1569822701979912,0.0298963128715086,0.0237752758939573,0.0299381222499562,8.02049354656148,1.945273727670251e-12,0.0237752758939573,-0.0349034437159569,0.0824539955038716
task_mean,Hanzi,F3amplitudeLogRelF0_sma3nz_amean,1,ASUS_FX63VD_laptop,2,iPad_2021,1_vs_2,102,0.6541096161917802,moderate,0.7360657927293899,1.2119927844745451e-18,0.7660629569524628,6.590224335534639e-21,-32.973226341995094,9.43585113291921,-28.051828797741265,10.804603219497707,4.921397544253829,7.4625731748480035,6.660394161273589,1.4518848243137232e-09,4.921397544253829,-9.705245878448256,19.54804096695592
task_mean,Hanzi,F3amplitudeLogRelF0_sma3nz_amean,1,ASUS_FX63VD_laptop,3,Huawei_P30_phone,1_vs_3,102,0.4662482503832759,poor,0.5405926147545658,4.492639401750673e-09,0.5500845344385952,2.1155245117380882e-09,-32.973226341995094,9.43585113291921,-27.38530058515033,11.624204318148337,5.587925756844762,10.274648860462978,5.492672746571248,2.967407172999926e-07,5.587925756844762,-14.550386009662674,25.7262375233522
task_mean,Hanzi,F3amplitudeLogRelF0_sma3nz_amean,2,iPad_2021,3,Huawei_P30_phone,2_vs_3,102,0.6901812400275877,moderate,0.6911396375798846,8.991479355088932e-16,0.6965128837269793,4.348975802082338e-16,-28.051828797741265,10.804603219497707,-27.38530058515033,11.624204318148337,0.6665282125909328,8.846147643919524,0.760964574138303,0.4484512208108813,0.6665282125909328,-16.671921169491334,18.0049775946732
task_mean,Hanzi,F3amplitudeLogRelF0_sma3nz_stddevNorm,1,ASUS_FX63VD_laptop,2,iPad_2021,1_vs_2,102,0.0046403722541859,poor,0.0134781965051385,0.8930455220613129,0.4507692916636038,1.991593160276788e-06,-0.5602217562621862,0.9985560893553046,0.0037770307006948,5.6234400529963,0.5639987869628812,5.698142110559315,0.9996431158861926,0.3198722079706086,0.5639987869628812,-10.604359749733378,11.73235732365914
task_mean,Hanzi,F3amplitudeLogRelF0_sma3nz_stddevNorm,1,ASUS_FX63VD_laptop,3,Huawei_P30_phone,1_vs_3,102,0.0080185813788192,poor,0.0111707375658414,0.9112738333438262,0.4396638978575184,3.7753217381154074e-06,-0.5602217562621862,0.9985560893553046,-0.5800733797632966,2.3925998129081267,-0.0198516235011104,2.5822995763849903,-0.0776407088540212,0.9382674631712528,-0.0198516235011104,-5.081158793215692,5.041455546213471
task_mean,Hanzi,F3amplitudeLogRelF0_sma3nz_stddevNorm,2,iPad_2021,3,Huawei_P30_phone,2_vs_3,102,0.0085864105129935,poor,0.0119100873135206,0.90542769652486,0.3090002318335774,0.0015777066430513,0.0037770307006948,5.6234400529963,-0.5800733797632966,2.3925998129081267,-0.5838504104639914,6.08499137069802,-0.9690400108273938,0.3348400726405667,-0.5838504104639914,-12.51043349703211,11.342732676104127
task_mean,Hanzi,F3bandwidth_sma3nz_amean,1,ASUS_FX63VD_laptop,2,iPad_2021,1_vs_2,102,0.2921768709919713,poor,0.4852994127987208,2.346375233041456e-07,0.4938224833334276,1.3336315101828e-07,753.3713402543547,105.05238646848196,880.5270720066517,116.46529871799424,127.15573175229704,112.80485033215776,11.38435038025375,8.205590434458885e-20,127.15573175229704,-93.9417748987322,348.25323840332624
task_mean,Hanzi,F3bandwidth_sma3nz_amean,1,ASUS_FX63VD_laptop,3,Huawei_P30_phone,1_vs_3,102,0.4641087011730896,poor,0.47613058024567,4.236698767603245e-07,0.4707522151415598,5.944627519016864e-07,753.3713402543547,105.05238646848196,779.57835311051,111.36457615117736,26.20701285615536,110.89391498402642,2.386766269353776,0.0188588619876396,26.20701285615536,-191.1450605125364,243.55908622484716
task_mean,Hanzi,F3bandwidth_sma3nz_amean,2,iPad_2021,3,Huawei_P30_phone,2_vs_3,102,0.2726887689350105,poor,0.3784239469289321,8.793560171350283e-05,0.321926367394021,0.0009684852602534,880.5270720066517,116.46529871799424,779.57835311051,111.36457615117736,-100.94871889614168,127.08200198515874,-8.022631600751568,1.924702081387336e-12,-100.94871889614168,-350.0294427870528,148.13200499476943
task_mean,Hanzi,F3bandwidth_sma3nz_stddevNorm,1,ASUS_FX63VD_laptop,2,iPad_2021,1_vs_2,102,0.3685275654755532,poor,0.4958915451722857,1.1600051135611329e-07,0.421015431069092,1.0517490794853908e-05,0.4496347306716237,0.1056660168190598,0.3592397876024086,0.1106304944952242,-0.090394943069215,0.1086765128664437,-8.400565585431,2.915939896618563e-13,-0.090394943069215,-0.3034009082874448,0.1226110221490146
task_mean,Hanzi,F3bandwidth_sma3nz_stddevNorm,1,ASUS_FX63VD_laptop,3,Huawei_P30_phone,1_vs_3,102,0.5633955585807129,moderate,0.5622859729611417,7.756623867404961e-10,0.5556146134316459,1.3492739215141315e-09,0.4496347306716237,0.1056660168190598,0.4446123769790553,0.1007225093161205,-0.0050223536925684,0.096651808524438,-0.5248043124559971,0.6008692817593775,-0.0050223536925684,-0.1944598984004669,0.18441519101533
task_mean,Hanzi,F3bandwidth_sma3nz_stddevNorm,2,iPad_2021,3,Huawei_P30_phone,2_vs_3,102,0.3006196925531637,poor,0.3984737868121838,3.3548526795166034e-05,0.2900124963952706,0.0031094547408014,0.3592397876024086,0.1106304944952242,0.4446123769790553,0.1007225093161205,0.0853725893766466,0.1162056733313205,7.419783073343358,3.762591170902186e-11,0.0853725893766466,-0.1423905303527417,0.3131357091060349
task_mean,Hanzi,F3frequency_sma3nz_amean,1,ASUS_FX63VD_laptop,2,iPad_2021,1_vs_2,102,0.5753781260503655,moderate,0.5783125542111268,1.9488277686567584e-10,0.5816478278324692,1.4481586893034124e-10,2775.97027808386,127.75622738882686,2776.307856258182,111.46268626508092,0.3375781743213213,110.79342056301267,0.0307723366723062,0.9755118288221708,0.3375781743213213,-216.81752612918356,217.49268247782615
task_mean,Hanzi,F3frequency_sma3nz_amean,1,ASUS_FX63VD_laptop,3,Huawei_P30_phone,1_vs_3,102,0.2975160931946824,poor,0.3221025589441421,0.000961920555544,0.3315955239156126,0.0006627669736415,2775.97027808386,127.75622738882686,2809.7198041601964,95.39179258717988,33.74952607633664,132.553337372146,2.571444160009257,0.0115842085240406,33.74952607633664,-226.05501517306956,293.5540673257428
task_mean,Hanzi,F3frequency_sma3nz_amean,2,iPad_2021,3,Huawei_P30_phone,2_vs_3,102,0.256205416508084,poor,0.2709052295626605,0.0058874262098839,0.2943890619787279,0.0026698652944094,2776.307856258182,111.46268626508092,2809.7198041601964,95.39179258717988,33.411947902015314,125.54941993482808,2.6877394814875712,0.0084146114376178,33.411947902015314,-212.6649151702477,279.48881097427835
task_mean,Hanzi,F3frequency_sma3nz_stddevNorm,1,ASUS_FX63VD_laptop,2,iPad_2021,1_vs_2,102,0.3483653763540457,poor,0.3506130438694773,0.0003029464075669,0.360195871100531,0.0002003343195697,0.0902990366092035,0.0171031636326282,0.0891019803591632,0.0148395218288752,-0.0011970562500402,0.0182963518451405,-0.6607697321905899,0.5102643600459544,-0.0011970562500402,-0.0370579058665157,0.0346637933664353
task_mean,Hanzi,F3frequency_sma3nz_stddevNorm,1,ASUS_FX63VD_laptop,3,Huawei_P30_phone,1_vs_3,102,0.366109897314219,poor,0.3720566253808085,0.0001178948860825,0.3398058252427184,0.0004755718594824,0.0902990366092035,0.0171031636326282,0.0927672164399438,0.0148008881795995,0.0024681798307403,0.0179782694207613,1.3865291372561896,0.1686383552711192,0.0024681798307403,-0.0327692282339518,0.0377055878954324
task_mean,Hanzi,F3frequency_sma3nz_stddevNorm,2,iPad_2021,3,Huawei_P30_phone,2_vs_3,102,0.3073822828756807,poor,0.3147185583125746,0.0012747486776911,0.2861787606516219,0.0035467890633136,0.0891019803591632,0.0148395218288752,0.0927672164399438,0.0148008881795995,0.0036652360807805,0.0173501966737522,2.133524512382395,0.0353036478413613,0.0036652360807805,-0.0303411493997738,0.0376716215613348
task_mean,Hanzi,Gap_Before,1,ASUS_FX63VD_laptop,2,iPad_2021,1_vs_2,102,0.8763550317698644,good,0.9099275515164702,5.265144942427326e-40,0.8856664649903027,4.3087067407648463e-35,0.3683612596553772,0.1204095643887866,0.3343451871657754,0.1238068377616611,-0.0340160724896019,0.0519331922228876,-6.615142982506899,1.797628874424571e-09,-0.0340160724896019,-0.1358051292464616,0.0677729842672578
task_mean,Hanzi,Gap_Before,1,ASUS_FX63VD_laptop,3,Huawei_P30_phone,1_vs_3,102,0.9020811575267206,excellent,0.9147881151794588,3.713233420779168e-41,0.9060565108481152,3.9164996807843196e-39,0.3683612596553772,0.1204095643887866,0.3475098484848484,0.1211409539755532,-0.0208514111705288,0.0498640779893711,-4.223259279625349,5.27970877281389e-05,-0.0208514111705288,-0.1185850040296963,0.0768821816886387
task_mean,Hanzi,Gap_Before,2,iPad_2021,3,Huawei_P30_phone,2_vs_3,102,0.9519661961663546,excellent,0.9572910898475844,1.066886438234492e-55,0.9431046474150556,1.2717916935421189e-49,0.3343451871657754,0.1238068377616611,0.3475098484848484,0.1211409539755532,0.013164661319073,0.0358916439446836,3.704387634312763,0.0003458629976235,0.013164661319073,-0.0571829608125069,0.083512283450653
task_mean,Hanzi,HNRdBACF_sma3nz_amean,1,ASUS_FX63VD_laptop,2,iPad_2021,1_vs_2,102,0.8694286844780089,good,0.9340073972024132,1.6887007276923223e-46,0.9434552250199322,9.418026509394248e-50,5.644869617496145,2.480329851793741,4.678322231676595,2.8188668692711065,-0.9665473858195504,1.0185336847109696,-9.584022838690483,7.40438996467122e-16,-0.9665473858195504,-2.962873407853051,1.0297786362139498
task_mean,Hanzi,HNRdBACF_sma3nz_amean,1,ASUS_FX63VD_laptop,3,Huawei_P30_phone,1_vs_3,102,0.8691775961928162,good,0.8995603540536424,9.41324277540282e-38,0.9180553120988856,5.7054725762180746e-42,5.644869617496145,2.480329851793741,5.1891409458724365,3.065283119203028,-0.4557286716237085,1.3672739849657385,-3.366285046176878,0.0010786267840445,-0.4557286716237085,-3.135585682156556,2.2241283389091384
task_mean,Hanzi,HNRdBACF_sma3nz_amean,2,iPad_2021,3,Huawei_P30_phone,2_vs_3,102,0.9051872446190592,excellent,0.921305995014826,8.177198575880697e-43,0.9254852955312666,5.927668644920559e-44,4.678322231676595,2.8188668692711065,5.1891409458724365,3.065283119203028,0.5108187141958418,1.1919109641866177,4.328356967627427,3.541995839557298e-05,0.5108187141958418,-1.825326775609929,2.8469642040016128
task_mean,Hanzi,HNRdBACF_sma3nz_stddevNorm,1,ASUS_FX63VD_laptop,2,iPad_2021,1_vs_2,102,0.0594268413928423,poor,0.0661005012757748,0.5092043329068362,0.1602422378160146,0.107652145381938,1.1763091859112609,7.958462969658865,0.5947774812562001,4.916043183647643,-0.5815317046550605,9.07371819496782,-0.6472740498195217,0.5189230651269106,-0.5815317046550605,-18.366019366791985,17.202955957481866
task_mean,Hanzi,HNRdBACF_sma3nz_stddevNorm,1,ASUS_FX63VD_laptop,3,Huawei_P30_phone,1_vs_3,102,-0.0132106726156021,poor,-0.0158847924390138,0.8740933037771289,0.1076329791745593,0.2815811700833196,1.1763091859112609,7.958462969658865,0.6856886763990575,4.20280681429478,-0.490620509512203,9.058882011408324,-0.546979666192814,0.5855992172204216,-0.490620509512203,-18.24602925187252,17.26478823284811
task_mean,Hanzi,HNRdBACF_sma3nz_stddevNorm,2,iPad_2021,3,Huawei_P30_phone,2_vs_3,102,-0.0266882026056746,poor,-0.0267502209716312,0.7895599436778633,0.1460608082510135,0.1429674363179199,0.5947774812562001,4.916043183647643,0.6856886763990575,4.20280681429478,0.0909111951428575,6.552590934255777,0.1401213769499515,0.8888431473817558,0.0909111951428575,-12.752167035998466,12.93398942628418
task_mean,Hanzi,MeanUnvoicedSegmentLength,1,ASUS_FX63VD_laptop,2,iPad_2021,1_vs_2,102,0.780519916101273,good,0.7855379861580969,1.442303950668084e-22,0.3980649049454799,3.4235775460951013e-05,0.0063550948762167,0.0121529580025149,0.0050464199486272,0.01134854941833,-0.0013086749275895,0.0077332792439205,-1.7091027592584618,0.0905030068085197,-0.0013086749275895,-0.0164659022456738,0.0138485523904948
task_mean,Hanzi,MeanUnvoicedSegmentLength,1,ASUS_FX63VD_laptop,3,Huawei_P30_phone,1_vs_3,102,0.3847057553746854,poor,0.4044317025154738,2.48903824307216e-05,0.2358995819727345,0.0169912728744438,0.0063550948762167,0.0121529580025149,0.008369280820916,0.0165189387544023,0.0020141859446993,0.016068204221434,1.265995914349615,0.2084268859765473,0.0020141859446993,-0.0294794943293113,0.0335078662187101
task_mean,Hanzi,MeanUnvoicedSegmentLength,2,iPad_2021,3,Huawei_P30_phone,2_vs_3,102,0.3936946225830685,poor,0.4308874492098452,6.160919301185811e-06,0.3756412010754237,0.0001000314007654,0.0050464199486272,0.01134854941833,0.008369280820916,0.0165189387544023,0.0033228608722888,0.0154955291802473,2.165737574935524,0.0326848279581258,0.0033228608722888,-0.0270483763209959,0.0336940980655737
task_mean,Hanzi,MeanVoicedSegmentLengthSec,1,ASUS_FX63VD_laptop,2,iPad_2021,1_vs_2,102,0.8153410550805082,good,0.8510364286337424,9.863971293654684e-30,0.8589999491097025,7.767722884333855e-31,0.2921305877185607,0.0815349766809812,0.2683540236468267,0.0781595597968585,-0.023776564071734,0.0437036042990943,-5.494547420308236,2.943253958094156e-07,-0.023776564071734,-0.1094356284979589,0.0618825003544907
task_mean,Hanzi,MeanVoicedSegmentLengthSec,1,ASUS_FX63VD_laptop,3,Huawei_P30_phone,1_vs_3,102,0.7969239463267871,good,0.7986051041250619,8.817594165582078e-24,0.8176952719979509,1.0049110905877348e-25,0.2921305877185607,0.0815349766809812,0.2848192760340682,0.0808879525128176,-0.0073113116844924,0.0515450947822739,-1.4325442367569148,0.1550759942412989,-0.0073113116844924,-0.1083396974577493,0.0937170740887645
task_mean,Hanzi,MeanVoicedSegmentLengthSec,2,iPad_2021,3,Huawei_P30_phone,2_vs_3,102,0.875677622308724,good,0.8940537739098315,1.1811851251545545e-36,0.8826035697336692,1.4947798073674187e-34,0.2683540236468267,0.0781595597968585,0.2848192760340682,0.0808879525128176,0.0164652523872416,0.036702364296476,4.530795249402818,1.6150219909722756e-05,0.0164652523872416,-0.0554713816338513,0.0884018864083346
task_mean,Hanzi,StddevUnvoicedSegmentLength,1,ASUS_FX63VD_laptop,2,iPad_2021,1_vs_2,102,-0.0312033574767029,poor,-0.0317384379275289,0.7514926783652751,-0.0615534768999708,0.5388313673886216,0.00018646489924,0.0010512913952356,0.0002345742732762,0.0013238769183078,4.810937403618817e-05,0.0017164526107617,0.2830726916744579,0.7777004831319978,4.810937403618817e-05,-0.0033161377430569,0.0034123564911292
task_mean,Hanzi,StddevUnvoicedSegmentLength,1,ASUS_FX63VD_laptop,3,Huawei_P30_phone,1_vs_3,102,-0.0248760257447874,poor,-0.0352676966366214,0.724908798867877,0.0369808877798093,0.7121188954271439,0.00018646489924,0.0010512913952356,0.0005762734223102,0.002509623660161,0.0003898085230702,0.0027549085772585,1.4290394738547552,0.1560784737590835,0.0003898085230702,-0.0050098122883566,0.005789429334497
task_mean,Hanzi,StddevUnvoicedSegmentLength,2,iPad_2021,3,Huawei_P30_phone,2_vs_3,102,0.3808519661242608,poor,0.4653425574368698,8.309368089912135e-07,0.2410343404717944,0.0146701546302247,0.0002345742732762,0.0013238769183078,0.0005762734223102,0.002509623660161,0.000341699149034,0.0022268188573839,1.54974089233183,0.1243316165220881,0.000341699149034,-0.0040228658114385,0.0047062641095066
task_mean,Hanzi,StddevVoicedSegmentLengthSec,1,ASUS_FX63VD_laptop,2,iPad_2021,1_vs_2,102,0.257779625698331,poor,0.2810693403042702,0.0042150738965222,0.138099165746643,0.166301578140303,0.0062938475400453,0.0110877190108264,0.0038800940215277,0.0077635856658026,-0.0024137535185176,0.0116112712946637,-2.099487210453955,0.0382663498844814,-0.0024137535185176,-0.0251718452560585,0.0203443382190232
task_mean,Hanzi,StddevVoicedSegmentLengthSec,1,ASUS_FX63VD_laptop,3,Huawei_P30_phone,1_vs_3,102,0.1734053615394949,poor,0.1730558606096705,0.0819666736055217,0.0900015063871433,0.3683355703261798,0.0062938475400453,0.0110877190108264,0.0071834351139616,0.0103085248442894,0.0008895875739162,0.0137711041862894,0.6524091296047183,0.5156193912930238,0.0008895875739162,-0.026101776631211,0.0278809517790435
task_mean,Hanzi,StddevVoicedSegmentLengthSec,2,iPad_2021,3,Huawei_P30_phone,2_vs_3,102,0.4544183265356479,poor,0.5013836001113932,7.97471429595946e-08,0.2350599267106007,0.0173995622294044,0.0038800940215277,0.0077635856658026,0.0071834351139616,0.0103085248442894,0.0033033410924339,0.009289045646225,3.5915540677409266,0.0005095918954299,0.0033033410924339,-0.0149031883741671,0.0215098705590349
task_mean,Hanzi,VoicedSegmentsPerSec,1,ASUS_FX63VD_laptop,2,iPad_2021,1_vs_2,102,0.7696183250052122,good,0.8103553519381752,5.959379651498569e-25,0.8530853656467874,5.203641008209573e-30,3.880653068784512,1.016798476042641,4.195877789230979,1.2043271380169094,0.3152247204464671,0.7068442122636018,4.503982016981759,1.7942437817112183e-05,0.3152247204464671,-1.0701899355901925,1.700639376483127
task_mean,Hanzi,VoicedSegmentsPerSec,1,ASUS_FX63VD_laptop,3,Huawei_P30_phone,1_vs_3,102,0.7165786736071414,moderate,0.7297367264373145,3.329490918206239e-18,0.7743184940995528,1.3661951186499002e-21,3.880653068784512,1.016798476042641,3.955879588403025,1.234915861857605,0.0752265196185131,0.8522282935342963,0.8914871896967722,0.3747867539594175,0.0752265196185131,-1.5951409357087076,1.745593974945734
task_mean,Hanzi,VoicedSegmentsPerSec,2,iPad_2021,3,Huawei_P30_phone,2_vs_3,102,0.746010192217744,moderate,0.758925425896123,2.440708028044456e-20,0.7814770626120294,3.3046652354571743e-22,4.195877789230979,1.2043271380169094,3.955879588403025,1.234915861857605,-0.2399982008279539,0.8473538009991661,-2.8605088117877213,0.0051404941131795,-0.2399982008279539,-1.9008116507863195,1.4208152491304116
task_mean,Hanzi,Word_Duration,1,ASUS_FX63VD_laptop,2,iPad_2021,1_vs_2,102,0.7908653178641244,good,0.8408374438050172,2.0759278362875116e-28,0.900967481099909,4.817135402942924e-38,0.4052021910279264,0.0908579435082224,0.3749281120023766,0.0830410264000903,-0.0302740790255496,0.0496270800585234,-6.161015523426689,1.4876503133161826e-08,-0.0302740790255496,-0.1275431559402556,0.0669949978891564
task_mean,Hanzi,Word_Duration,1,ASUS_FX63VD_laptop,3,Huawei_P30_phone,1_vs_3,102,0.8132968061199464,good,0.8135716938668015,2.7582823736848e-25,0.9010240258748892,4.688199823196278e-38,0.4052021910279264,0.0908579435082224,0.4025804515745692,0.0856521565776229,-0.0026217394533571,0.0541178070727272,-0.4892709440479615,0.6257107732892742,-0.0026217394533571,-0.1086926413159025,0.1034491624091883
task_mean,Hanzi,Word_Duration,2,iPad_2021,3,Huawei_P30_phone,2_vs_3,102,0.8290570092082812,good,0.8729823760810997,6.003621133243476e-33,0.8842641545707969,7.648502326921289e-35,0.3749281120023766,0.0830410264000903,0.4025804515745692,0.0856521565776229,0.0276523395721925,0.0425873223737977,6.55770131813805,2.355779695011585e-09,0.0276523395721925,-0.055818812280451,0.1111234914248361
task_mean,Hanzi,alphaRatioUV_sma3nz_amean,1,ASUS_FX63VD_laptop,2,iPad_2021,1_vs_2,102,0.072215344605686,poor,0.0977979396113374,0.3281315562232337,-0.0042485606686477,0.9661959961181494,-1.3384895582502432,2.13729603626539,-0.708039678256838,1.033444023360215,0.6304498799934052,2.2812306872710737,2.7911388847745107,0.0062812836140108,0.6304498799934052,-3.8407622670578982,5.101662027044709
task_mean,Hanzi,alphaRatioUV_sma3nz_amean,1,ASUS_FX63VD_laptop,3,Huawei_P30_phone,1_vs_3,102,0.1817890775515725,poor,0.2051765235107703,0.0385736786384777,0.1631633846752403,0.1013048062898436,-1.3384895582502432,2.13729603626539,-0.2010708561818438,2.2340467211521595,1.1374187020683992,2.756744001612997,4.167004912971178,6.521259921954647e-05,1.1374187020683992,-4.265799541093075,6.540636945229873
task_mean,Hanzi,alphaRatioUV_sma3nz_amean,2,iPad_2021,3,Huawei_P30_phone,2_vs_3,102,-0.0091423125801635,poor,-0.012386409252796,0.901664007471294,-0.0212037305592513,0.8324724125869917,-0.708039678256838,1.033444023360215,-0.2010708561818438,2.2340467211521595,0.5069688220749944,2.4730883222102378,2.0703401799924666,0.040971528929039,0.5069688220749944,-4.340284289457071,5.35422193360706
task_mean,Hanzi,alphaRatioV_sma3nz_amean,1,ASUS_FX63VD_laptop,2,iPad_2021,1_vs_2,102,0.7895320789252921,good,0.791643193153153,4.006680548919567e-23,0.750332200553008,1.1130276760749131e-19,-17.821231511130154,3.980205595399604,-17.487209811049695,4.195645544386359,0.3340217000804564,2.646759650029993,1.274559935748015,0.2053896306401781,0.3340217000804564,-4.853627213978329,5.521670614139242
task_mean,Hanzi,alphaRatioV_sma3nz_amean,1,ASUS_FX63VD_laptop,3,Huawei_P30_phone,1_vs_3,102,0.5334241997489719,moderate,0.6196260348211509,3.831899405426931e-12,0.602377142340162,2.1164359337779197e-11,-17.821231511130154,3.980205595399604,-15.483784806298392,5.10746257523276,2.3374467048317613,4.090936768034733,5.770574290725902,8.709916091301994e-08,2.3374467048317613,-5.680789360516314,10.355682770179836
task_mean,Hanzi,alphaRatioV_sma3nz_amean,2,iPad_2021,3,Huawei_P30_phone,2_vs_3,102,0.6552144556870622,moderate,0.7274108432277773,4.792631138433542e-18,0.7543694974865848,5.498836100919429e-20,-17.487209811049695,4.195645544386359,-15.483784806298392,5.10746257523276,2.003425004751305,3.537526298458837,5.719703267771853,1.092384557310382e-07,2.003425004751305,-4.930126540228015,8.936976549730625
task_mean,Hanzi,alphaRatioV_sma3nz_stddevNorm,1,ASUS_FX63VD_laptop,2,iPad_2021,1_vs_2,102,0.6428703547909594,moderate,0.6885048416621787,1.276507074785545e-15,0.450113372273835,2.0695626114526727e-06,-0.1206282671495046,2.447115355801144,-0.5234134513084332,1.7553527148512336,-0.4027851841589287,1.776125550077326,-2.290339754605229,0.0240804712598394,-0.4027851841589287,-3.883991262310488,3.0784208939926305
task_mean,Hanzi,alphaRatioV_sma3nz_stddevNorm,1,ASUS_FX63VD_laptop,3,Huawei_P30_phone,1_vs_3,102,-0.0012113711411859,poor,-0.0088759004402145,0.9294481827862876,0.2326760945654817,0.0186052124378056,-0.1206282671495046,2.447115355801144,-3.979394470133949,35.626077242195066,-3.858766202984443,35.73168587019656,-1.090674211807395,0.2780114480789869,-3.858766202984443,-73.89287050856969,66.1753381026008
task_mean,Hanzi,alphaRatioV_sma3nz_stddevNorm,2,iPad_2021,3,Huawei_P30_phone,2_vs_3,102,0.0007538243708173,poor,0.0076651242426102,0.93905235579504,0.2011467280365957,0.0426404322317703,-0.5234134513084332,1.7553527148512336,-3.979394470133949,35.626077242195066,-3.4559810188255145,35.655854292395915,-0.978905093124008,0.3299658390579205,-3.4559810188255145,-73.3414554319215,66.42949339427048
task_mean,Hanzi,equivalentSoundLevel_dBp,1,ASUS_FX63VD_laptop,2,iPad_2021,1_vs_2,102,0.0481947860064548,poor,0.2199223487479604,0.0263510118925652,0.2633572894696666,0.0074866838195258,-23.430653994025327,1.8945673412938848,-30.53855300774124,4.085156315065334,-7.107899013715917,4.107756548783206,-17.475782787484636,2.662374146594441e-32,-7.107899013715917,-15.159101849331,0.9433038218991658
task_mean,Hanzi,equivalentSoundLevel_dBp,1,ASUS_FX63VD_laptop,3,Huawei_P30_phone,1_vs_3,102,0.062467708716115,poor,0.4540588891569735,1.6407103607916869e-06,0.412669422282034,1.631795437601904e-05,-23.430653994025327,1.8945673412938848,-16.09295993225247,2.270699603746249,7.33769406177285,2.199714866320368,33.68940154367806,9.740205018578464e-57,7.33769406177285,3.026252923784929,11.64913519976077
task_mean,Hanzi,equivalentSoundLevel_dBp,2,iPad_2021,3,Huawei_P30_phone,2_vs_3,102,0.0192965960405347,poor,0.239590154246633,0.0152933703634602,0.513262576971575,3.4655401415215584e-08,-30.53855300774124,4.085156315065334,-16.09295993225247,2.270699603746249,14.445593075488766,4.171285682429583,34.975628549730885,2.975709436498026e-58,14.445593075488766,6.269873137926783,22.62131301305075
task_mean,Hanzi,hammarbergIndexUV_sma3nz_amean,1,ASUS_FX63VD_laptop,2,iPad_2021,1_vs_2,102,0.2013336460043902,poor,0.2344333914922085,0.0177097144019227,0.1109443130890721,0.266954120587763,2.117956034849336,2.969525373532827,1.567261301625943,1.7468678388222976,-0.5506947332233926,3.072042231126364,-1.810438711215382,0.073201066666314,-0.5506947332233926,-6.571897506231066,5.470508039784281
task_mean,Hanzi,hammarbergIndexUV_sma3nz_amean,1,ASUS_FX63VD_laptop,3,Huawei_P30_phone,1_vs_3,102,0.1947468594375712,poor,0.207640186496835,0.0362511976910567,0.1430921300992117,0.1513602676141721,2.117956034849336,2.969525373532827,1.1467072072728308,2.5478763496798584,-0.9712488275765044,3.4882302676634724,-2.8120655971080013,0.0059148773703106,-0.9712488275765044,-7.80818015219691,5.865682497043902
task_mean,Hanzi,hammarbergIndexUV_sma3nz_amean,2,iPad_2021,3,Huawei_P30_phone,2_vs_3,102,0.0332429314857698,poor,0.0359618537015347,0.7197171913786309,0.033507591581284,0.738128110658471,1.567261301625943,1.7468678388222976,1.1467072072728308,2.5478763496798584,-0.4205540943531118,3.036956184854251,-1.3985674781710702,0.1650058517799557,-0.4205540943531118,-6.372988216667444,5.53188002796122
task_mean,Hanzi,hammarbergIndexV_sma3nz_amean,1,ASUS_FX63VD_laptop,2,iPad_2021,1_vs_2,102,0.7156000865737974,moderate,0.8753762467249158,2.4650866907785558e-33,0.8665882579120276,5.939774119173087e-32,27.75754893983465,5.166888991247068,31.40755718680131,6.186046321603446,3.650008246966649,3.0008804817042543,12.284153447646364,9.191043060230983e-22,3.650008246966649,-2.231717497173689,9.531733991106988
task_mean,Hanzi,hammarbergIndexV_sma3nz_amean,1,ASUS_FX63VD_laptop,3,Huawei_P30_phone,1_vs_3,102,0.662423051796695,moderate,0.7334134912985839,1.857534845722616e-18,0.7248870518119773,7.086035850273035e-18,27.75754893983465,5.166888991247068,25.674269995671956,7.105301975176828,-2.083278944162708,4.830264605384377,-4.355886830941573,3.1872191116914404e-05,-2.083278944162708,-11.550597570716086,7.384039682390671
task_mean,Hanzi,hammarbergIndexV_sma3nz_amean,2,iPad_2021,3,Huawei_P30_phone,2_vs_3,102,0.5417083632339362,moderate,0.7480837040126158,1.6388490759942005e-19,0.7058314626436943,1.187355346504947e-16,31.40755718680131,6.186046321603446,25.674269995671956,7.105301975176828,-5.733287191129358,4.794825464212974,-12.076218984826657,2.5809904899340768e-21,-5.733287191129358,-15.131145100986789,3.6645707187280703
task_mean,Hanzi,hammarbergIndexV_sma3nz_stddevNorm,1,ASUS_FX63VD_laptop,2,iPad_2021,1_vs_2,102,0.634137241374195,moderate,0.76896407127298,3.819261493089258e-21,0.7102419550921396,6.309753083390584e-17,0.2397977770074899,0.0739866956172582,0.191410972759713,0.0736372225031389,-0.0483868042477769,0.0501753960221815,-9.739490012912803,3.3650193167447875e-16,-0.0483868042477769,-0.1467305804512527,0.0499569719556989
task_mean,Hanzi,hammarbergIndexV_sma3nz_stddevNorm,1,ASUS_FX63VD_laptop,3,Huawei_P30_phone,1_vs_3,102,0.1999859028424765,poor,0.4172792782174103,1.2821280646899478e-05,0.4719283464611453,5.522958772436459e-07,0.2397977770074899,0.0739866956172582,0.3452497344010437,0.2422415349370645,0.1054519573935538,0.221805074044673,4.801569887628647,5.4697548649581496e-06,0.1054519573935538,-0.3292859877340053,0.540189902521113
task_mean,Hanzi,hammarbergIndexV_sma3nz_stddevNorm,2,iPad_2021,3,Huawei_P30_phone,2_vs_3,102,0.1536057047231098,poor,0.3757594375292329,9.94874785975113e-05,0.511622778497153,3.8954576521863865e-08,0.191410972759713,0.0736372225031389,0.3452497344010437,0.2422415349370645,0.1538387616413307,0.2251617479657844,6.900352066658437,4.638935473821392e-10,0.1538387616413307,-0.2874782643716066,0.5951557876542681
task_mean,Hanzi,jitterLocal_sma3nz_amean,1,ASUS_FX63VD_laptop,2,iPad_2021,1_vs_2,102,0.3598936708244251,poor,0.4511452762394286,1.948161235686102e-06,0.4756037568348497,4.380737679940902e-07,0.0355318566923677,0.0145531593560336,0.0461629911372977,0.0216918316593793,0.01063113444493,0.0199371688328912,5.385378221296406,4.726457289842899e-07,0.01063113444493,-0.0284457164675367,0.0497079853573968
task_mean,Hanzi,jitterLocal_sma3nz_amean,1,ASUS_FX63VD_laptop,3,Huawei_P30_phone,1_vs_3,102,0.4223704468908517,poor,0.4778603638243322,3.794742318300693e-07,0.4847527014266247,2.431700831045472e-07,0.0355318566923677,0.0145531593560336,0.041695483844498,0.021463247855978,0.0061636271521303,0.0193374863235642,3.2191145125882503,0.0017294885399661,0.0061636271521303,-0.0317378460420556,0.0440651003463162
task_mean,Hanzi,jitterLocal_sma3nz_amean,2,iPad_2021,3,Huawei_P30_phone,2_vs_3,102,0.7117377136674805,moderate,0.7251147450483604,6.841617209815347e-18,0.780380093977416,4.121704158639697e-22,0.0461629911372977,0.0216918316593793,0.041695483844498,0.021463247855978,-0.0044675072927997,0.0160004013341328,-2.819905015104079,0.0057827267392606,-0.0044675072927997,-0.0358282939077001,0.0268932793221007
task_mean,Hanzi,jitterLocal_sma3nz_stddevNorm,1,ASUS_FX63VD_laptop,2,iPad_2021,1_vs_2,102,0.6116021286895472,moderate,0.6130635804671226,7.431807019509709e-12,0.5996064483661387,2.7587586806824477e-11,0.9831396944669256,0.1985500998477759,0.9753990988373654,0.1789728093578836,-0.0077405956295604,0.1669817210547262,-0.4681721046640063,0.640670274051089,-0.0077405956295604,-0.3350247688968238,0.3195435776377029
task_mean,Hanzi,jitterLocal_sma3nz_stddevNorm,1,ASUS_FX63VD_laptop,3,Huawei_P30_phone,1_vs_3,102,0.5762586572680513,moderate,0.6282589120402944,1.5653520963787202e-12,0.6097166541325749,1.0357960989702304e-11,0.9831396944669256,0.1985500998477759,1.068435039192728,0.1954111037405673,0.085295344725802,0.1698709496918213,5.0711481677141,1.7985417998978671e-06,0.085295344725802,-0.2476517166701677,0.4182424061217719
task_mean,Hanzi,jitterLocal_sma3nz_stddevNorm,2,iPad_2021,3,Huawei_P30_phone,2_vs_3,102,0.4786162574003059,poor,0.5375043436045145,5.7114969022025465e-09,0.5136696993514315,3.366046373482334e-08,0.9753990988373654,0.1789728093578836,1.068435039192728,0.1954111037405673,0.0930359403553624,0.1806106097438059,5.202445971457485,1.0341715573313506e-06,0.0930359403553624,-0.2609608547424971,0.4470327354532221
task_mean,Hanzi,logRelF0-H1-A3_sma3nz_amean,1,ASUS_FX63VD_laptop,2,iPad_2021,1_vs_2,102,0.7594487473074367,good,0.783421978621489,2.2266046212267898e-22,0.752865406472115,7.162193006280533e-20,24.027271702279776,6.181100093747302,25.28800378974363,7.4106418030794945,1.2607320874638632,4.620918016247058,2.755463286412926,0.0069540286594434,1.2607320874638632,-7.796267224380372,10.317731399308098
task_mean,Hanzi,logRelF0-H1-A3_sma3nz_amean,1,ASUS_FX63VD_laptop,3,Huawei_P30_phone,1_vs_3,102,0.6051028466031778,moderate,0.6637433571750663,2.893764348600845e-14,0.6914690897987571,8.6037403109097775e-16,24.027271702279776,6.181100093747302,21.690587318290262,8.422144680041884,-2.3366843839895104,6.327089194384366,-3.7298913845629538,0.0003165108885117,-2.3366843839895104,-14.737779204982868,10.064410437003849
task_mean,Hanzi,logRelF0-H1-A3_sma3nz_amean,2,iPad_2021,3,Huawei_P30_phone,2_vs_3,102,0.6783647509837197,moderate,0.7525540324813632,7.563171543811307e-20,0.7638577107282402,9.924727293508022e-21,25.28800378974363,7.4106418030794945,21.690587318290262,8.422144680041884,-3.597416471453374,5.648988811229178,-6.431615751577818,4.251981599046097e-09,-3.597416471453374,-14.669434541462564,7.474601598555815
task_mean,Hanzi,logRelF0-H1-A3_sma3nz_stddevNorm,1,ASUS_FX63VD_laptop,2,iPad_2021,1_vs_2,102,0.0020871289837572,poor,0.00946223804808,0.9248007584318878,0.1523938230487811,0.1262447695475251,-0.6157973110909887,11.031152550201837,0.3231255625092535,1.2284469399214577,0.9389228736002424,11.087784241325076,0.8552345529347628,0.394445550390774,0.9389228736002424,-20.79313423939691,22.67097998659739
task_mean,Hanzi,logRelF0-H1-A3_sma3nz_stddevNorm,1,ASUS_FX63VD_laptop,3,Huawei_P30_phone,1_vs_3,102,0.0079190396979779,poor,0.0165742695315741,0.8686761968388124,0.2652345759990048,0.0070566826670514,-0.6157973110909887,11.031152550201837,0.5095861456126326,2.80593884584167,1.1253834567036212,11.337265159618156,1.0025182985939805,0.3184891440475355,1.1253834567036212,-21.09565625614797,23.34642316955521
task_mean,Hanzi,logRelF0-H1-A3_sma3nz_stddevNorm,2,iPad_2021,3,Huawei_P30_phone,2_vs_3,102,0.0833361796801608,poor,0.112818460075585,0.2589077220620169,0.3172331510706753,0.0011591133655303,0.3231255625092535,1.2284469399214577,0.5095861456126326,2.80593884584167,0.1864605831033792,2.9333626077136783,0.6419798135117782,0.5223407141229506,0.1864605831033792,-5.56293012801543,5.935851294222188
task_mean,Hanzi,logRelF0-H1-H2_sma3nz_amean,1,ASUS_FX63VD_laptop,2,iPad_2021,1_vs_2,102,0.532491992109795,moderate,0.6049275013210764,1.6545061030085676e-11,0.5500053717536231,2.129061845205502e-09,5.992333111870699,4.520832478474185,3.667573794684285,4.307924726285168,-2.3247593171864147,3.9285779039129656,-5.9764420557988265,3.4515728401915395e-08,-2.3247593171864147,-10.024772008855829,5.375253374482998
task_mean,Hanzi,logRelF0-H1-H2_sma3nz_amean,1,ASUS_FX63VD_laptop,3,Huawei_P30_phone,1_vs_3,102,0.5347695001101451,moderate,0.5514145592547534,1.900059416772132e-09,0.5444639838055765,3.3137868634263373e-09,5.992333111870699,4.520832478474185,5.175992578176025,3.777630751408396,-0.8163405336946737,3.9842521548380314,-2.0693055888601646,0.0410704998659239,-0.8163405336946737,-8.625474757177214,6.992793689787866
task_mean,Hanzi,logRelF0-H1-H2_sma3nz_amean,2,iPad_2021,3,Huawei_P30_phone,2_vs_3,102,0.6000481261051478,moderate,0.6450416852448807,2.530422808320329e-13,0.5988261304714138,2.9712107118200544e-11,3.667573794684285,4.307924726285168,5.175992578176025,3.777630751408396,1.508418783491741,3.4400896330063446,4.428455237568765,2.408558596196216e-05,1.508418783491741,-5.234156897200695,8.250994464184176
task_mean,Hanzi,logRelF0-H1-H2_sma3nz_stddevNorm,1,ASUS_FX63VD_laptop,2,iPad_2021,1_vs_2,102,0.0161309895324892,poor,0.0161500310665155,0.8720086658266768,-0.0084534438595201,0.9327981332697608,0.8967344677256145,20.74653437657296,2.374790609470085,18.279500099152997,1.4780561417444704,27.42826019266996,0.5442428793465361,0.5874738622307438,1.4780561417444704,-52.28133383588865,55.23744611937759
task_mean,Hanzi,logRelF0-H1-H2_sma3nz_stddevNorm,1,ASUS_FX63VD_laptop,3,Huawei_P30_phone,1_vs_3,102,0.0431484799216391,poor,0.0525799098485126,0.5996877361075686,0.106490774719962,0.2867485242652781,0.8967344677256145,20.74653437657296,-0.0878541827209039,10.691290452950238,-0.9845886504465184,22.83412298312372,-0.435482367542173,0.6641415797331192,-0.9845886504465184,-45.73946969736901,43.77029239647597
task_mean,Hanzi,logRelF0-H1-H2_sma3nz_stddevNorm,2,iPad_2021,3,Huawei_P30_phone,2_vs_3,102,0.4342409603536443,poor,0.5022034846975721,7.536570558353675e-08,0.0860102572221813,0.3900374222295484,2.374790609470085,18.279500099152997,-0.0878541827209039,10.691290452950238,-2.4626447921909898,15.879266674912976,-1.566287269389968,0.1204092565294999,-2.4626447921909898,-33.58600747502042,28.66071789063844
task_mean,Hanzi,loudnessPeaksPerSec,1,ASUS_FX63VD_laptop,2,iPad_2021,1_vs_2,102,0.4754429824102554,poor,0.6186812241989615,4.219340602933083e-12,0.5986112603264895,3.0324267439835965e-11,3.9601113732415016,0.9880391388573904,4.7777728294111474,1.155085792161026,0.8176614561696458,0.9477763032911392,8.713001038133116,6.066250636451154e-14,0.8176614561696458,-1.039980098280987,2.6753030106202784
task_mean,Hanzi,loudnessPeaksPerSec,1,ASUS_FX63VD_laptop,3,Huawei_P30_phone,1_vs_3,102,0.5942892113698106,moderate,0.6787996767678289,4.497850382812003e-15,0.6960039807521585,4.661861128367496e-16,3.9601113732415016,0.9880391388573904,4.511561237210967,1.1561332076989703,0.5514498639694652,0.872967923707222,6.379811300244954,5.412779356366972e-09,0.5514498639694652,-1.1595672664966898,2.26246699443562
task_mean,Hanzi,loudnessPeaksPerSec,2,iPad_2021,3,Huawei_P30_phone,2_vs_3,102,0.607509567002791,moderate,0.6213743537708435,3.2035988895943647e-12,0.6686702365267937,1.5924784175737712e-14,4.7777728294111474,1.155085792161026,4.511561237210967,1.1561332076989703,-0.2662115922001806,1.0056139886505884,-2.673595753856544,0.0087527691336661,-0.2662115922001806,-2.237215009955334,1.7047918255549726
task_mean,Hanzi,loudness_sma3_amean,1,ASUS_FX63VD_laptop,2,iPad_2021,1_vs_2,102,0.1281522876914142,poor,0.4044932629324189,2.4812989695589505e-05,0.5259059886571181,1.3773577449005312e-08,1.1707543489045673,0.2379061221326709,0.6706014508689161,0.2431781556740999,-0.5001528980356514,0.2625493822522472,-19.239415535147128,1.490745388785697e-35,-0.5001528980356514,-1.014749687250056,0.0144438911787531
task_mean,Hanzi,loudness_sma3_amean,1,ASUS_FX63VD_laptop,3,Huawei_P30_phone,1_vs_3,102,0.1447999836350296,poor,0.7512834698989824,9.437963925768252e-20,0.7066343984484114,1.0591869795479393e-16,1.1707543489045673,0.2379061221326709,2.115448886730702,0.4756104711167185,0.9446945378261348,0.3358395867854506,28.409239188690147,5.709867925962254e-50,0.9446945378261348,0.2864489477266515,1.602940127925618
task_mean,Hanzi,loudness_sma3_amean,2,iPad_2021,3,Huawei_P30_phone,2_vs_3,102,0.0352130739821606,poor,0.36092723698618,0.0001940053411363,0.646402904139643,2.171928786299487e-13,0.6706014508689161,0.2431781556740999,2.115448886730702,0.4756104711167185,1.4448474358617858,0.4492801299474122,32.479165760956086,2.8772935283833102e-55,1.4448474358617858,0.5642583811648579,2.325436490558713
task_mean,Hanzi,loudness_sma3_meanFallingSlope,1,ASUS_FX63VD_laptop,2,iPad_2021,1_vs_2,102,0.5148797380650426,moderate,0.6289209729175755,1.4598073601644413e-12,0.5469406449497034,2.7219683333687874e-09,2.767340623915924,2.541684065029103,1.8645550447354005,1.554825476934741,-0.9027855791805228,1.976564149245083,-4.612897293871344,1.167501132131561e-05,-0.9027855791805228,-4.776851311700885,2.97128015333984
task_mean,Hanzi,loudness_sma3_meanFallingSlope,1,ASUS_FX63VD_laptop,3,Huawei_P30_phone,1_vs_3,102,0.3931656165494882,poor,0.5833867198638981,1.2388050725719755e-10,0.489185811785062,1.8169443562528293e-07,2.767340623915924,2.541684065029103,5.530794288374591,4.265696649415242,2.763453664458668,3.4649828405493768,8.054733664051856,1.6406259198930117e-12,2.763453664458668,-4.027912703018112,9.554820031935446
task_mean,Hanzi,loudness_sma3_meanFallingSlope,2,iPad_2021,3,Huawei_P30_phone,2_vs_3,102,0.2247643208314935,poor,0.5748827198433568,2.635615485682521e-10,0.4983913011518171,9.78901656277478e-08,1.8645550447354005,1.554825476934741,5.530794288374591,4.265696649415242,3.6662392436391897,3.603877074503108,10.274268678116895,2.2328643727736245e-17,3.6662392436391897,-3.3973598223869024,10.729838309665285
task_mean,Hanzi,loudness_sma3_meanRisingSlope,1,ASUS_FX63VD_laptop,2,iPad_2021,1_vs_2,102,0.3100849171207976,poor,0.5463137280147721,2.861386253422982e-09,0.5683145698921691,4.6534875139785403e-10,7.132916421770931,2.710569394096193,4.003029126413353,2.3836995213841643,-3.129887295357575,2.4432650162972678,-12.937733723165865,3.669936604586291e-23,-3.129887295357575,-7.918686727300218,1.6589121365850683
task_mean,Hanzi,loudness_sma3_meanRisingSlope,1,ASUS_FX63VD_laptop,3,Huawei_P30_phone,1_vs_3,102,0.1950174388350735,poor,0.654400639697397,8.713211104964099e-14,0.5079134412584605,5.063629451389877e-08,7.132916421770931,2.710569394096193,14.420621898348804,4.364954261349177,7.287705476577871,3.303772820650664,22.27823202308776,9.075280159773695e-41,7.287705476577871,0.8123107481025711,13.76310020505317
task_mean,Hanzi,loudness_sma3_meanRisingSlope,2,iPad_2021,3,Huawei_P30_phone,2_vs_3,102,0.0463006776152472,poor,0.2960981318014726,0.0025139839196477,0.4059632119693979,2.303060358234022e-05,4.003029126413353,2.3836995213841643,14.420621898348804,4.364954261349177,10.41759277193545,4.309663713697665,24.41316460762445,3.68873897041853e-44,10.41759277193545,1.9706518930880268,18.864533650782874
task_mean,Hanzi,loudness_sma3_pctlrange0-2,1,ASUS_FX63VD_laptop,2,iPad_2021,1_vs_2,102,0.283588701272515,poor,0.5739198222493574,2.8669390742222724e-10,0.7340359964037523,1.6811751343067937e-18,0.8257304844354066,0.284383546827777,0.4465541455300388,0.2481346479722942,-0.3791763389053679,0.2478851117589282,-15.44866200358597,2.3658207025470984e-28,-0.3791763389053679,-0.8650311579528672,0.1066784801421314
task_mean,Hanzi,loudness_sma3_pctlrange0-2,1,ASUS_FX63VD_laptop,3,Huawei_P30_phone,1_vs_3,102,0.2432800001761261,poor,0.8429399231541391,1.1276882123924632e-28,0.8373659182023285,5.578322569439392e-28,0.8257304844354066,0.284383546827777,1.6601615001869163,0.5438614214509248,0.8344310157515099,0.3404588615137343,24.752888283875368,1.1134328380013181e-44,0.8344310157515099,0.1671316471845907,1.501730384318429
task_mean,Hanzi,loudness_sma3_pctlrange0-2,2,iPad_2021,3,Huawei_P30_phone,2_vs_3,102,0.0661770467396152,poor,0.4481771490949648,2.3169086728655227e-06,0.6757044065343143,6.654108822476761e-15,0.4465541455300388,0.2481346479722942,1.6601615001869163,0.5438614214509248,1.2136073546568775,0.4862018755089585,25.20935045501246,2.268466229646871e-45,1.2136073546568775,0.260651678659319,2.1665630306544363
task_mean,Hanzi,loudness_sma3_percentile20.0,1,ASUS_FX63VD_laptop,2,iPad_2021,1_vs_2,102,0.1554822973648739,poor,0.438159867666809,4.109838578309543e-06,0.528269560251285,1.1542583419998093e-08,0.7570024581596174,0.1822949186938735,0.4466464097829081,0.146755509696994,-0.3103560483767095,0.1769876398778124,-17.709951075651688,9.631303981665992e-33,-0.3103560483767095,-0.6572518225372219,0.0365397257838029
task_mean,Hanzi,loudness_sma3_percentile20.0,1,ASUS_FX63VD_laptop,3,Huawei_P30_phone,1_vs_3,102,0.2407315316831799,poor,0.7758571379378644,1.0114566676244425e-21,0.7860798072954068,1.2895107849164636e-22,0.7570024581596174,0.1822949186938735,1.277475584032754,0.3831689993801347,0.5204731258731368,0.2676995465908401,19.635897677012927,2.9213716864847705e-36,0.5204731258731368,-0.0042179854449099,1.0451642371911831
task_mean,Hanzi,loudness_sma3_percentile20.0,2,iPad_2021,3,Huawei_P30_phone,2_vs_3,102,0.0614631523513705,poor,0.4686338438052008,6.782288273908003e-07,0.5605792446748958,8.947218688077364e-10,0.4466464097829081,0.146755509696994,1.277475584032754,0.3831689993801347,0.8308291742498464,0.3400750997190441,24.6738539669734,1.469700107535161e-44,0.8308291742498464,0.1642819788005199,1.4973763696991726
task_mean,Hanzi,loudness_sma3_percentile50.0,1,ASUS_FX63VD_laptop,2,iPad_2021,1_vs_2,102,0.121564159128651,poor,0.3728645474365197,0.0001136276486586,0.4981877399618888,9.92577342591088e-08,1.167975001662208,0.2469717703950125,0.6681879216247304,0.2439110558386309,-0.4997870800374778,0.2748919337616919,-18.362132398340638,5.884753136564528e-34,-0.4997870800374778,-1.038575270210394,0.0390011101354382
task_mean,Hanzi,loudness_sma3_percentile50.0,1,ASUS_FX63VD_laptop,3,Huawei_P30_phone,1_vs_3,102,0.1433161500671161,poor,0.7456821552790208,2.466403417126846e-19,0.6957778016522382,4.807830574964329e-16,1.167975001662208,0.2469717703950125,2.173427388974506,0.5229665506138669,1.0054523873122978,0.3766529892343324,26.960017950716136,6.141039743068944e-48,1.0054523873122978,0.2672125284130063,1.7436922462115891
task_mean,Hanzi,loudness_sma3_percentile50.0,2,iPad_2021,3,Huawei_P30_phone,2_vs_3,102,0.0355104338064179,poor,0.3613994336233664,0.0001900179664633,0.6587296650852978,5.2536844318596607e-14,0.6681879216247304,0.2439110558386309,2.173427388974506,0.5229665506138669,1.505239467349775,0.4907018720830868,30.98046756859018,2.207726357692224e-53,1.505239467349775,0.5434637980669249,2.467015136632625
task_mean,Hanzi,loudness_sma3_percentile80.0,1,ASUS_FX63VD_laptop,2,iPad_2021,1_vs_2,102,0.1595947802094848,poor,0.4604397289524843,1.1200765570506274e-06,0.6018908572753334,2.2176237250179487e-11,1.5827329416675753,0.3512191536547438,0.8932005553935176,0.3580988397976742,-0.6895323862740576,0.368469245370696,-18.899639054894287,6.119477809075172e-35,-0.6895323862740576,-1.411732107200622,0.0326673346525067
task_mean,Hanzi,loudness_sma3_percentile80.0,1,ASUS_FX63VD_laptop,3,Huawei_P30_phone,1_vs_3,102,0.1540770957143831,poor,0.7831201414595157,2.3679460547107954e-22,0.7727126224901189,1.8650519561658864e-21,1.5827329416675753,0.3512191536547438,2.93763708373846,0.6762534072601161,1.3549041420708847,0.4568051033905131,29.95557836873396,4.74385554234675e-52,1.3549041420708847,0.4595661394254789,2.2502421447162906
task_mean,Hanzi,loudness_sma3_percentile80.0,2,iPad_2021,3,Huawei_P30_phone,2_vs_3,102,0.0383511356351544,poor,0.3770192782315699,9.386011427225548e-05,0.6721986304855501,1.0310152329837843e-14,0.8932005553935176,0.3580988397976742,2.93763708373846,0.6762534072601161,2.044436528344942,0.6347844360047336,32.527257511451644,2.51010412719062e-55,2.044436528344942,0.8002590337756643,3.28861402291422
task_mean,Hanzi,loudness_sma3_stddevFallingSlope,1,ASUS_FX63VD_laptop,2,iPad_2021,1_vs_2,102,0.59674225255255,moderate,0.6502825964610108,1.399259499447642e-13,0.5705573510927127,3.8378028398079367e-10,1.19631480014774,1.2198666917519168,0.8235917156646321,0.9436706076328976,-0.3727230844831075,0.938850517011278,-4.0094973205766165,0.0001166996942988,-0.3727230844831075,-2.2128700978252125,1.4674239288589974
task_mean,Hanzi,loudness_sma3_stddevFallingSlope,1,ASUS_FX63VD_laptop,3,Huawei_P30_phone,1_vs_3,102,0.3672169453873273,poor,0.7214365681774436,1.20108242466393e-17,0.5225563486702319,1.7652553668709942e-08,1.19631480014774,1.2198666917519168,3.248099317098954,2.135702053082491,2.0517845169512143,1.513347717763693,13.69282658451093,9.362590717924082e-25,2.0517845169512143,-0.914377009865624,5.0179460437680525
task_mean,Hanzi,loudness_sma3_stddevFallingSlope,2,iPad_2021,3,Huawei_P30_phone,2_vs_3,102,0.2022767508233765,poor,0.5670120898694395,5.201123939685823e-10,0.5790314418133353,1.82852384383196e-10,0.8235917156646321,0.9436706076328976,3.248099317098954,2.135702053082491,2.4245076014343216,1.7793892180215465,13.761085121673377,6.740039671909148e-25,2.4245076014343216,-1.0630952658879096,5.912110468756553
task_mean,Hanzi,loudness_sma3_stddevNorm,1,ASUS_FX63VD_laptop,2,iPad_2021,1_vs_2,102,0.7168413180222889,moderate,0.788497686299014,7.792474348197051e-23,0.8163764977297273,1.3917622529122608e-25,0.3618287986803764,0.0770598025168075,0.3266909744802461,0.0786782767637788,-0.0351378242001302,0.0506682143876268,-7.003890571663295,2.8239223042848757e-10,-0.0351378242001302,-0.1344475243998789,0.0641718759996183
task_mean,Hanzi,loudness_sma3_stddevNorm,1,ASUS_FX63VD_laptop,3,Huawei_P30_phone,1_vs_3,102,0.5645987242016594,moderate,0.7309441385145274,2.751748491744614e-18,0.7409118410413287,5.481165424464019e-19,0.3618287986803764,0.0770598025168075,0.4237304022969247,0.0850010974621562,0.0619016036165483,0.0598981321702473,10.437312963965832,9.77275693324385e-18,0.0619016036165483,-0.0554987354371365,0.1793019426702331
task_mean,Hanzi,loudness_sma3_stddevNorm,2,iPad_2021,3,Huawei_P30_phone,2_vs_3,102,0.3319681875607633,poor,0.5652491137066177,6.041788342671993e-10,0.6180174270996488,4.513878084481563e-12,0.3266909744802461,0.0786782767637788,0.4237304022969247,0.0850010974621562,0.0970394278166785,0.0765178393208014,12.80812669502481,6.928728555103709e-23,0.0970394278166785,-0.0529355372520922,0.2470143928854493
task_mean,Hanzi,loudness_sma3_stddevRisingSlope,1,ASUS_FX63VD_laptop,2,iPad_2021,1_vs_2,102,0.1971878302188094,poor,0.3599841587099416,0.000202201740635,0.4797315254083946,3.366121375767681e-07,3.7629935271779007,1.4379304859084132,2.200413854485248,1.0751061790195973,-1.5625796726926529,1.452748509952256,-10.863050977393389,1.1341102058509588e-18,-1.5625796726926529,-4.409966752199074,1.284807406813769
task_mean,Hanzi,loudness_sma3_stddevRisingSlope,1,ASUS_FX63VD_laptop,3,Huawei_P30_phone,1_vs_3,102,0.159406796827788,poor,0.5431390039489782,3.6791778546069157e-09,0.5718429638509254,3.434173410254729e-10,3.7629935271779007,1.4379304859084132,7.901914473717774,2.695768072689573,4.138920946539874,2.2636344028332656,18.466344426798624,3.783646016410919e-34,4.138920946539874,-0.297802483013327,8.575644376093074
task_mean,Hanzi,loudness_sma3_stddevRisingSlope,2,iPad_2021,3,Huawei_P30_phone,2_vs_3,102,0.0364535075881203,poor,0.2569784413041153,0.0091256742899344,0.4238879056380795,9.017354014393275e-06,2.200413854485248,1.0751061790195973,7.901914473717774,2.695768072689573,5.701500619232525,2.633144505998231,21.86827708423991,4.30524453086133e-40,5.701500619232525,0.5405373874759922,10.86246385098906
task_mean,Hanzi,mfcc1V_sma3nz_amean,1,ASUS_FX63VD_laptop,2,iPad_2021,1_vs_2,102,0.5136920559716921,moderate,0.8125166762601453,3.5570469159711507e-25,0.8014826039999774,4.6350323032605405e-24,32.88609907573628,4.081774019014461,37.4711156789136,4.439440802768397,4.585016603177314,2.63108702857428,17.59972107473529,1.5530140904494234e-32,4.585016603177314,-0.5719139728282743,9.7419471791829
task_mean,Hanzi,mfcc1V_sma3nz_amean,1,ASUS_FX63VD_laptop,3,Huawei_P30_phone,1_vs_3,102,0.4622920514214398,poor,0.527497370290753,1.2230386378050574e-08,0.5773391159789879,2.1239199193101757e-10,32.88609907573628,4.081774019014461,34.4147994335287,6.386099590750634,1.5287003577924247,5.47202019199318,2.8214656143614816,0.0057567440487289,1.5287003577924247,-9.196459218514208,12.253859934099058
task_mean,Hanzi,mfcc1V_sma3nz_amean,2,iPad_2021,3,Huawei_P30_phone,2_vs_3,102,0.4717586962167646,poor,0.5787481000547775,1.8750618284457479e-10,0.6180626629196329,4.493191679708443e-12,37.4711156789136,4.439440802768397,34.4147994335287,6.386099590750634,-3.0563162453848904,5.260709292755545,-5.867513161384507,5.6428156703077465e-08,-3.0563162453848904,-13.36730645918576,7.254673968415979
task_mean,Hanzi,mfcc1V_sma3nz_stddevNorm,1,ASUS_FX63VD_laptop,2,iPad_2021,1_vs_2,102,0.6925462085783836,moderate,0.8070906693202167,1.2833371778902723e-24,0.7841572849460846,1.9157998521077427e-22,0.1606050751224852,0.0707569237155552,0.1207392608988155,0.0675607585995023,-0.0398658142236697,0.0430648313421372,-9.34927584935936,2.434070663967358e-15,-0.0398658142236697,-0.1242728836542586,0.0445412552069192
task_mean,Hanzi,mfcc1V_sma3nz_stddevNorm,1,ASUS_FX63VD_laptop,3,Huawei_P30_phone,1_vs_3,102,0.1615586577645855,poor,0.5941709214308637,4.6063713983305194e-11,0.6860860272206547,1.7552122489432208e-15,0.1606050751224852,0.0707569237155552,0.2957039120590753,0.4754760202845404,0.13509883693659,0.4371548255200587,3.1211627806804527,0.0023492216529029,0.13509883693659,-0.721724621082725,0.9919222949559052
task_mean,Hanzi,mfcc1V_sma3nz_stddevNorm,2,iPad_2021,3,Huawei_P30_phone,2_vs_3,102,0.1438518752087374,poor,0.5807161557733617,1.573930125588479e-10,0.5979892678017087,3.216559726803245e-11,0.1207392608988155,0.0675607585995023,0.2957039120590753,0.4754760202845404,0.1749646511602598,0.4396960395001837,4.018813452221472,0.0001127952008894,0.1749646511602598,-0.6868395862601003,1.03676888858062
task_mean,Hanzi,mfcc1_sma3_amean,1,ASUS_FX63VD_laptop,2,iPad_2021,1_vs_2,102,0.5067492630734873,moderate,0.8104620601362028,5.810368469273267e-25,0.7940300026576045,2.4001554372989414e-23,31.938647921469265,4.310131202185446,36.77033203026403,4.51248541088431,4.831684108794763,2.7228197188330223,17.9217218017991,3.863117112421391e-33,4.831684108794763,-0.5050425401179615,10.168410757707488
task_mean,Hanzi,mfcc1_sma3_amean,1,ASUS_FX63VD_laptop,3,Huawei_P30_phone,1_vs_3,102,0.502376024911788,moderate,0.580092737974633,1.6638881815727457e-10,0.5673759266274999,5.042210123964143e-10,31.938647921469265,4.310131202185446,34.09630221160337,6.318778257713433,2.157654290134115,5.187177729347598,4.200981978157195,5.741467355698076e-05,2.157654290134115,-8.009214059387176,12.324522639655406
task_mean,Hanzi,mfcc1_sma3_amean,2,iPad_2021,3,Huawei_P30_phone,2_vs_3,102,0.5373963718310397,moderate,0.6332918339361373,9.169031747319473e-13,0.6416305251313251,3.698298092219066e-13,36.77033203026403,4.51248541088431,34.09630221160337,6.318778257713433,-2.674029818660649,4.916796030725356,-5.492677993987587,2.9673392952278264e-07,-2.674029818660649,-12.310950038882348,6.962890401561049
task_mean,Hanzi,mfcc1_sma3_stddevNorm,1,ASUS_FX63VD_laptop,2,iPad_2021,1_vs_2,102,0.703757853292639,moderate,0.8529112132420531,5.49639793835306e-30,0.8308406511696287,3.3633650901431424e-27,0.2043898328786396,0.1499997211380015,0.14265045625068,0.0993025427950408,-0.0617393766279596,0.0833791515198477,-7.478333945351389,2.8258098153530992e-11,-0.0617393766279596,-0.2251625136068613,0.101683760350942
task_mean,Hanzi,mfcc1_sma3_stddevNorm,1,ASUS_FX63VD_laptop,3,Huawei_P30_phone,1_vs_3,102,0.3826725460547373,poor,0.8716815207210393,9.665371401424491e-33,0.80195758010981,4.163996537876726e-24,0.2043898328786396,0.1499997211380015,0.3363037456380368,0.6232404635463856,0.1319139127593971,0.4979445111901963,2.675529468469871,0.0087058205592211,0.1319139127593971,-0.8440573291733876,1.1078851546921815
task_mean,Hanzi,mfcc1_sma3_stddevNorm,2,iPad_2021,3,Huawei_P30_phone,2_vs_3,102,0.2100280491342193,poor,0.7343381033781071,1.6015618031167611e-18,0.6932106688681433,6.808673102982192e-16,0.14265045625068,0.0993025427950408,0.3363037456380368,0.6232404635463856,0.1936532893873567,0.5544314527578034,3.527581890906969,0.0006325929518335,0.1936532893873567,-0.8930323580179379,1.2803389367926514
task_mean,Hanzi,mfcc2V_sma3nz_amean,1,ASUS_FX63VD_laptop,2,iPad_2021,1_vs_2,102,0.4699635957416805,poor,0.8027836497732388,3.4535323904445865e-24,0.7771796597135442,7.796368929698107e-22,11.085743690314592,7.984713767162991,1.135344734237116,8.78719610527748,-9.950398956077471,5.321527636267287,-18.884446396686855,6.520540063454533e-35,-9.950398956077471,-20.380593123161358,0.4797952110064081
task_mean,Hanzi,mfcc2V_sma3nz_amean,1,ASUS_FX63VD_laptop,3,Huawei_P30_phone,1_vs_3,102,0.5178423861698053,moderate,0.7626949571923405,1.2294170819495143e-20,0.7086247745277098,7.966703277391042e-17,11.085743690314592,7.984713767162991,3.055192550216578,8.538988846429476,-8.030551140098012,5.715487058583865,-14.190320101483092,8.634996004808449e-26,-8.030551140098012,-19.232905774922383,3.171803494726364
task_mean,Hanzi,mfcc2V_sma3nz_amean,2,iPad_2021,3,Huawei_P30_phone,2_vs_3,102,0.7674362418618684,good,0.784979453292792,1.6182351157644164e-22,0.7369197799277358,1.0551611775258684e-18,1.135344734237116,8.78719610527748,3.055192550216578,8.538988846429476,1.9198478159794623,5.685878220372231,3.4101174430568224,0.0009345709281389,1.9198478159794623,-9.224473495950113,13.064169127909036
task_mean,Hanzi,mfcc2V_sma3nz_stddevNorm,1,ASUS_FX63VD_laptop,2,iPad_2021,1_vs_2,102,-0.149037519170069,poor,-0.1906926336260711,0.0548804437141569,0.0542434026383792,0.5881777176606962,0.5225070243319238,3.887265008331783,-0.3498732619404801,1.9603532276470388,-0.8723802862724037,4.675481481328308,-1.8844281694887095,0.0623824521570985,-0.8723802862724037,-10.03632398967589,8.29156341713108
task_mean,Hanzi,mfcc2V_sma3nz_stddevNorm,1,ASUS_FX63VD_laptop,3,Huawei_P30_phone,1_vs_3,102,0.0201654663194112,poor,0.0202458155112208,0.8399375451669024,0.0244329972688873,0.8074195388048843,0.5225070243319238,3.887265008331783,-0.0752986062356545,4.178760590132471,-0.5978056305675782,5.649347333292373,-1.0687147668400314,0.287745834098761,-0.5978056305675782,-11.67052640382063,10.474915142685472
task_mean,Hanzi,mfcc2V_sma3nz_stddevNorm,2,iPad_2021,3,Huawei_P30_phone,2_vs_3,102,0.1730360495307135,poor,0.2239827988018616,0.0236313723867136,0.1343899666951275,0.1780891061802507,-0.3498732619404801,1.9603532276470388,-0.0752986062356545,4.178760590132471,0.2745746557048256,4.199447498764309,0.6603411739415557,0.5105381353840573,0.2745746557048256,-7.956342441873219,8.50549175328287
task_mean,Hanzi,mfcc2_sma3_amean,1,ASUS_FX63VD_laptop,2,iPad_2021,1_vs_2,102,0.4419128802399113,poor,0.8007836085588377,5.423981335667961e-24,0.7759017477989946,1.0026431355670716e-21,11.869992745263682,7.714702446971776,1.5227528853102603,8.583775836221507,-10.34723985995342,5.2096080483161655,-20.05947455064173,5.231853955909127e-37,-10.34723985995342,-20.558071634653103,-0.1364080852537341
task_mean,Hanzi,mfcc2_sma3_amean,1,ASUS_FX63VD_laptop,3,Huawei_P30_phone,1_vs_3,102,0.4793230938846321,poor,0.7416172864462072,4.876022151893992e-19,0.693097579318183,6.913266203625085e-16,11.869992745263682,7.714702446971776,3.5514656663727315,8.183545438034475,-8.318527078890948,5.7310631499752125,-14.659235662674762,9.372364195328479e-27,-8.318527078890948,-19.551410852842366,2.914356695060468
task_mean,Hanzi,mfcc2_sma3_amean,2,iPad_2021,3,Huawei_P30_phone,2_vs_3,102,0.7332476417650302,moderate,0.7537858929448275,6.094003810997642e-20,0.7153536027503379,2.9876344757783645e-17,1.5227528853102603,8.583775836221507,3.5514656663727315,8.183545438034475,2.028712781062472,5.895011332989653,3.47564976443696,0.0007525375593687,2.028712781062472,-9.525509431597248,13.582934993722192
task_mean,Hanzi,mfcc2_sma3_stddevNorm,1,ASUS_FX63VD_laptop,2,iPad_2021,1_vs_2,102,-0.0142610877647141,poor,-0.0157886741109089,0.8748489572612798,0.0893237810360133,0.3719674781849517,-0.7216422787624004,8.928304545518724,0.7378335552568983,5.763376215766748,1.4594758340192986,10.703084073866716,1.3771715975854133,0.1715037679073741,1.4594758340192986,-19.518568950759462,22.43752061879806
task_mean,Hanzi,mfcc2_sma3_stddevNorm,1,ASUS_FX63VD_laptop,3,Huawei_P30_phone,1_vs_3,102,0.0445627796148418,poor,0.0551861333696045,0.5816997617910673,0.1469768336056906,0.1404500768931013,-0.7216422787624004,8.928304545518724,-0.3898291603221037,4.471829291202364,0.3318131184402967,9.76243680046992,0.343269646379661,0.7321091032219376,0.3318131184402967,-18.802563010480743,19.46618924736134
task_mean,Hanzi,mfcc2_sma3_stddevNorm,2,iPad_2021,3,Huawei_P30_phone,2_vs_3,102,0.0051764529915641,poor,0.005419556020148,0.9568868510382036,0.0848228169475999,0.39663879901914,0.7378335552568983,5.763376215766748,-0.3898291603221037,4.471829291202364,-1.127662715579002,7.275603615682726,-1.5653457453685398,0.1206297775286658,-1.127662715579002,-15.387845802317145,13.132520371159142
task_mean,Hanzi,mfcc3V_sma3nz_amean,1,ASUS_FX63VD_laptop,2,iPad_2021,1_vs_2,102,0.6232904612003541,moderate,0.8160615000080413,1.503766572739146e-25,0.7754267716891621,1.100451843938518e-21,6.026179312562252,9.515147814114082,-1.724535283235464,10.233994561034644,-7.750714595797713,6.02825484473981,-12.985247364649638,2.908422675505791e-23,-7.750714595797713,-19.56609409148774,4.064664899892315
task_mean,Hanzi,mfcc3V_sma3nz_amean,1,ASUS_FX63VD_laptop,3,Huawei_P30_phone,1_vs_3,102,0.7264611157604329,moderate,0.7677867169165631,4.770269782076934e-21,0.7282571204007894,4.199547531161221e-18,6.026179312562252,9.515147814114082,9.158724893337704,11.193729982002802,3.132545580775452,7.230747506759587,4.3753649996919854,2.957170196402597e-05,3.132545580775452,-11.039719532473338,17.304810694024244
task_mean,Hanzi,mfcc3V_sma3nz_amean,2,iPad_2021,3,Huawei_P30_phone,2_vs_3,102,0.4548784626282919,poor,0.6904688448136838,9.83402009083114e-16,0.6076471153683044,1.26935874840927e-11,-1.724535283235464,10.233994561034644,9.158724893337704,11.193729982002802,10.883260176573168,8.475774186253153,12.968200601315209,3.161427269872271e-23,10.883260176573168,-5.729257228483011,27.495777581629344
task_mean,Hanzi,mfcc3V_sma3nz_stddevNorm,1,ASUS_FX63VD_laptop,2,iPad_2021,1_vs_2,102,0.0054657450489478,poor,0.0054507802914669,0.9566386989134548,-0.1019445748115645,0.3079373490106906,-0.3003614200502124,8.096927351119831,0.5682286676106587,7.742002472934117,0.8685900876608711,11.172083730830238,0.7852008713052685,0.4341738255165634,0.8685900876608711,-21.028694024766395,22.76587420008813
task_mean,Hanzi,mfcc3V_sma3nz_stddevNorm,1,ASUS_FX63VD_laptop,3,Huawei_P30_phone,1_vs_3,102,0.0634209831402012,poor,0.0642767166783882,0.5209857991959695,0.107372873209651,0.2827523864953403,-0.3003614200502124,8.096927351119831,1.3845928297355157,7.87158824904758,1.6849542497857284,10.923767382782792,1.557814549717193,0.1224052774894344,1.6849542497857284,-19.72562982046854,23.09553832004
task_mean,Hanzi,mfcc3V_sma3nz_stddevNorm,2,iPad_2021,3,Huawei_P30_phone,2_vs_3,102,0.0494627587150397,poor,0.0492789328232143,0.6228197419610138,0.0669433590989024,0.5038063748398708,0.5682286676106587,7.742002472934117,1.3845928297355157,7.87158824904758,0.8163641621248575,10.765417067077262,0.7658666483155813,0.4455418105451836,0.8163641621248575,-20.283853289346577,21.91658161359629
task_mean,Hanzi,mfcc3_sma3_amean,1,ASUS_FX63VD_laptop,2,iPad_2021,1_vs_2,102,0.6427973249626638,moderate,0.8392996583303319,3.2257659614473357e-28,0.7924693668681545,3.358012483706241e-23,6.666470671052018,9.33094220874692,-0.8602570172943904,9.944385841559296,-7.526727688346406,5.49538350362893,-13.83274222953922,4.775969726092931e-25,-7.526727688346406,-18.29767935545911,3.244223978766297
task_mean,Hanzi,mfcc3_sma3_amean,1,ASUS_FX63VD_laptop,3,Huawei_P30_phone,1_vs_3,102,0.7256611761669169,moderate,0.778211754475897,6.355151350400827e-22,0.7186558176091739,1.827155040957722e-17,6.666470671052018,9.33094220874692,10.269399889996194,10.74233940483293,3.6029292189441766,6.815749476616179,5.3387821198735175,5.777171752539605e-07,3.6029292189441766,-9.755939755223531,16.961798193111886
task_mean,Hanzi,mfcc3_sma3_amean,2,iPad_2021,3,Huawei_P30_phone,2_vs_3,102,0.4506942051380883,poor,0.7120514540897275,4.8515494557398096e-17,0.6254813373970177,2.094198525360571e-12,-0.8602570172943904,9.944385841559296,10.269399889996194,10.74233940483293,11.129656907290585,7.884002417787009,14.257228618279392,6.280196390059454e-26,11.129656907290585,-4.322987831571954,26.582301646153123
task_mean,Hanzi,mfcc3_sma3_stddevNorm,1,ASUS_FX63VD_laptop,2,iPad_2021,1_vs_2,102,0.0030686249316749,poor,0.0044578865790872,0.9645315337722986,0.1573471453370351,0.1142447341024319,0.746946971873303,6.899195160122597,-0.5339406303187091,17.41482533142387,-1.2808876021920113,18.70304307816655,-0.6916698320032486,0.4907316127965887,-1.2808876021920113,-37.93885203539845,35.37707683101443
task_mean,Hanzi,mfcc3_sma3_stddevNorm,1,ASUS_FX63VD_laptop,3,Huawei_P30_phone,1_vs_3,102,-0.0147344661836239,poor,-0.0177049054293359,0.8598062189676681,0.010839633363679,0.9138934716203836,0.746946971873303,6.899195160122597,2.062088261662572,12.93046917324766,1.3151412897892694,14.763293335728868,0.899682452202312,0.3704293253443999,1.3151412897892694,-27.62091364823931,30.25119622781785
task_mean,Hanzi,mfcc3_sma3_stddevNorm,2,iPad_2021,3,Huawei_P30_phone,2_vs_3,102,0.0025887671713302,poor,0.0027166543447459,0.978380961316259,0.0559171279777892,0.5766994711107268,-0.5339406303187091,17.41482533142387,2.062088261662572,12.93046917324766,2.5960288919812804,21.66217190856487,1.2103406216774213,0.2289731360011319,2.5960288919812804,-39.86182804880586,45.053885832768415
task_mean,Hanzi,mfcc4V_sma3nz_amean,1,ASUS_FX63VD_laptop,2,iPad_2021,1_vs_2,102,0.563202333187452,moderate,0.8026823135938905,3.533873176197902e-24,0.7429700708506031,3.8920064767674383e-19,-11.564461035090428,9.894901456756552,-21.268132754815756,11.40707555971404,-9.703671719725325,6.843238293727482,-14.32103870231135,4.6376394811312784e-26,-9.703671719725325,-23.11641877543119,3.70907533598054
task_mean,Hanzi,mfcc4V_sma3nz_amean,1,ASUS_FX63VD_laptop,3,Huawei_P30_phone,1_vs_3,102,0.3005019476531099,poor,0.730276743516353,3.0578360458718192e-18,0.7410588574562768,5.349314586064179e-19,-11.564461035090428,9.894901456756552,-28.354925200411287,9.94240568126454,-16.790464165320856,7.285089724199824,-23.277046978810574,2.2116856192610888e-42,-16.790464165320856,-31.06924002475251,-2.511688305889201
task_mean,Hanzi,mfcc4V_sma3nz_amean,2,iPad_2021,3,Huawei_P30_phone,2_vs_3,102,0.4851189161025647,poor,0.5951482849350985,4.2036992109486026e-11,0.5896093321496627,7.031131240385666e-11,-21.268132754815756,11.40707555971404,-28.354925200411287,9.94240568126454,-7.086792445595532,9.694162096574988,-7.383113113687919,4.5002093871982174e-11,-7.086792445595532,-26.087350154882504,11.913765263691442
task_mean,Hanzi,mfcc4V_sma3nz_stddevNorm,1,ASUS_FX63VD_laptop,2,iPad_2021,1_vs_2,102,0.0280127112736351,poor,0.0284845824828215,0.7762630008224747,-0.0063047424102775,0.9498535958343152,0.1333850997967167,6.615323584362021,-0.974557604062118,5.732158088404119,-1.1079427038588348,8.629013104031356,-1.2967500076940286,0.1976719715601059,-1.1079427038588348,-18.02080838776029,15.804922980042624
task_mean,Hanzi,mfcc4V_sma3nz_stddevNorm,1,ASUS_FX63VD_laptop,3,Huawei_P30_phone,1_vs_3,102,-0.0041790974686471,poor,-0.0045892982864678,0.9634866862739174,0.0845400930726996,0.3982202878751922,0.1333850997967167,6.615323584362021,-1.4094338073412211,10.105176020319917,-1.5428189071379377,12.103332954797352,-1.2873897817924542,0.2009007684431022,-1.5428189071379377,-25.26535149854075,22.179713684264872
task_mean,Hanzi,mfcc4V_sma3nz_stddevNorm,2,iPad_2021,3,Huawei_P30_phone,2_vs_3,102,-0.0025492363247694,poor,-0.0029450108621392,0.9765642031198064,0.0891202198460851,0.3730626119761426,-0.974557604062118,5.732158088404119,-1.4094338073412211,10.105176020319917,-0.4348762032791027,11.632428599304614,-0.377568134211974,0.706543698647177,-0.4348762032791027,-23.234436257916144,22.36468385135794
task_mean,Hanzi,mfcc4_sma3_amean,1,ASUS_FX63VD_laptop,2,iPad_2021,1_vs_2,102,0.5771412432553223,moderate,0.8314134125143722,2.8815488288825743e-27,0.7798824999575915,4.554270665061838e-22,-9.49738107602108,9.72846879987438,-19.258722141100797,11.39263602109465,-9.76134106507971,6.335561119582745,-15.560533697179736,1.4132526903435362e-28,-9.76134106507971,-22.17904085946189,2.65635872930247
task_mean,Hanzi,mfcc4_sma3_amean,1,ASUS_FX63VD_laptop,3,Huawei_P30_phone,1_vs_3,102,0.3033032337072145,poor,0.7498601897565066,1.2076125297144948e-19,0.7676122837869167,4.929480338565987e-21,-9.49738107602108,9.72846879987438,-26.33903561094892,9.885757035467616,-16.84165453492784,6.93817490767385,-24.515434593262277,2.568802466452637e-44,-16.84165453492784,-30.440477353968586,-3.242831715887096
task_mean,Hanzi,mfcc4_sma3_amean,2,iPad_2021,3,Huawei_P30_phone,2_vs_3,102,0.5035082790582974,moderate,0.6187112574884466,4.206462757658884e-12,0.6210595359935764,3.308863585451482e-12,-19.258722141100797,11.39263602109465,-26.33903561094892,9.885757035467616,-7.080313469848129,9.3891344214885,-7.616001395211283,1.43818597615704e-11,-7.080313469848129,-25.48301693596559,11.322389996269331
task_mean,Hanzi,mfcc4_sma3_stddevNorm,1,ASUS_FX63VD_laptop,2,iPad_2021,1_vs_2,102,-0.0045287196633529,poor,-0.0046158171929095,0.9632758432900816,0.0376531656592272,0.707121456085283,1.9495645079479529,11.41524200841574,1.1594422162530926,14.421836838445424,-0.7901222916948597,18.43412380358973,-0.4328843655334602,0.6660217715230297,-0.7901222916948597,-36.92100494673073,35.34076036334102
task_mean,Hanzi,mfcc4_sma3_stddevNorm,1,ASUS_FX63VD_laptop,3,Huawei_P30_phone,1_vs_3,102,-0.0630208744899648,poor,-0.1729354074450939,0.0821829844583964,-0.036669286574574,0.714439363634495,1.9495645079479529,11.41524200841574,-0.1829531993690392,2.2078407452651607,-2.132517707316992,11.995803666806427,-1.7954089375260929,0.0755791320957761,-2.132517707316992,-25.64429289425759,21.379257479623604
task_mean,Hanzi,mfcc4_sma3_stddevNorm,2,iPad_2021,3,Huawei_P30_phone,2_vs_3,102,-0.0084366722543808,poor,-0.0281603097995805,0.7787443469918156,-0.0385239551939203,0.7006668219140566,1.1594422162530926,14.421836838445424,-0.1829531993690392,2.2078407452651607,-1.3423954156221325,14.651185962291184,-0.9253536992980864,0.3569876786640122,-1.3423954156221325,-30.05871990171285,27.373929070468588
task_mean,Hanzi,shimmerLocaldB_sma3nz_amean,1,ASUS_FX63VD_laptop,2,iPad_2021,1_vs_2,102,0.3444678760538979,poor,0.6102536140038849,9.823285834901622e-12,0.511634087452149,3.892325429830741e-08,1.2020888392499745,0.1919934886171704,1.4757476049797984,0.2737496518083872,0.2736587657298244,0.2182951414192999,12.660923362493484,1.428777404942091e-22,0.2736587657298244,-0.1541997114520033,0.7015172429116523
task_mean,Hanzi,shimmerLocaldB_sma3nz_amean,1,ASUS_FX63VD_laptop,3,Huawei_P30_phone,1_vs_3,102,0.4021334584396299,poor,0.6255009820350678,2.089913177935131e-12,0.5431521450260388,3.6753712542407704e-09,1.2020888392499745,0.1919934886171704,1.4266088898222289,0.3501390592311773,0.2245200505722546,0.2745195433189923,8.260036178484025,5.89222312945728e-13,0.2245200505722546,-0.3135382543329702,0.7625783554774795
task_mean,Hanzi,shimmerLocaldB_sma3nz_amean,2,iPad_2021,3,Huawei_P30_phone,2_vs_3,102,0.775101003803624,good,0.8067581446410972,1.3864895169884016e-24,0.8025117189046147,3.6732564242907356e-24,1.4757476049797984,0.2737496518083872,1.4266088898222289,0.3501390592311773,-0.0491387151575697,0.2070748112063783,-2.39660581365464,0.0183871602150584,-0.0491387151575697,-0.4550053451220713,0.3567279148069318
task_mean,Hanzi,shimmerLocaldB_sma3nz_stddevNorm,1,ASUS_FX63VD_laptop,2,iPad_2021,1_vs_2,102,0.387377753806476,poor,0.5743871189862686,2.7523395619177104e-10,0.4724937942109459,5.330492945438705e-07,0.5782134832549272,0.0908763031464928,0.50495654405435,0.0670111746559339,-0.073256939200577,0.0758503629779904,-9.754189567164024,3.1231949252845836e-16,-0.073256939200577,-0.2219236506374384,0.0754097722362842
task_mean,Hanzi,shimmerLocaldB_sma3nz_stddevNorm,1,ASUS_FX63VD_laptop,3,Huawei_P30_phone,1_vs_3,102,0.3342917455359842,poor,0.3333477072741039,0.0006179174038264,0.2337052094701189,0.0180761697738677,0.5782134832549272,0.0908763031464928,0.585545287382763,0.0884342468661201,0.0073318041278358,0.103543078828494,0.7151380163113714,0.4761736263050126,0.0073318041278358,-0.1956126303760125,0.2102762386316842
task_mean,Hanzi,shimmerLocaldB_sma3nz_stddevNorm,2,iPad_2021,3,Huawei_P30_phone,2_vs_3,102,0.2238340880982501,poor,0.3536509434173971,0.0002660963290898,0.285330589026921,0.0036506898801099,0.50495654405435,0.0670111746559339,0.585545287382763,0.0884342468661201,0.0805887433284128,0.0901087344724353,9.032491866486902,1.2097305778424928e-14,0.0805887433284128,-0.0960243762375603,0.2572018628943861
task_mean,Hanzi,slopeUV0-500_sma3nz_amean,1,ASUS_FX63VD_laptop,2,iPad_2021,1_vs_2,102,0.0215665521176856,poor,0.0237291046639099,0.8128647644178512,0.0869910209039504,0.3846349603853013,0.0064096569266225,0.0108184299243209,0.0115684430982402,0.0127468191702995,0.0051587861716176,0.0165219644979813,3.1534498468733467,0.002125160488022,0.0051587861716176,-0.0272242642444258,0.0375418365876611
task_mean,Hanzi,slopeUV0-500_sma3nz_amean,1,ASUS_FX63VD_laptop,3,Huawei_P30_phone,1_vs_3,102,-0.0344375224542314,poor,-0.0529114090490361,0.5973860303966873,0.0803250921153046,0.4222386983148618,0.0064096569266225,0.0108184299243209,0.0191502009330047,0.0177972951261637,0.0127405440063821,0.0213109628408397,6.0378870758148135,2.6112828321200775e-08,0.0127405440063821,-0.0290289431616637,0.0545100311744281
task_mean,Hanzi,slopeUV0-500_sma3nz_amean,2,iPad_2021,3,Huawei_P30_phone,2_vs_3,102,0.4803873851469719,poor,0.5659469041657126,5.69451876631905e-10,0.4584166554548959,1.2652419630532096e-06,0.0115684430982402,0.0127468191702995,0.0191502009330047,0.0177972951261637,0.0075817578347645,0.01491458767262,5.134034032616245,1.3810659427018362e-06,0.0075817578347645,-0.0216508340035706,0.0368143496730997
task_mean,Hanzi,slopeUV500-1500_sma3nz_amean,1,ASUS_FX63VD_laptop,2,iPad_2021,1_vs_2,102,0.2619488079504776,poor,0.3281622611051916,0.0007593980872148,0.2032460348288322,0.0404794313605222,-0.0029794663992554,0.0038789069250972,-0.0015693727241607,0.0022669606707971,0.0014100936750947,0.0037965447277702,3.75110766666408,0.0002939119837638,0.0014100936750947,-0.006031133991335,0.0088513213415244
task_mean,Hanzi,slopeUV500-1500_sma3nz_amean,1,ASUS_FX63VD_laptop,3,Huawei_P30_phone,1_vs_3,102,0.364026262700222,poor,0.3651446943742262,0.000160976975353,0.1591502787260686,0.1101029636288823,-0.0029794663992554,0.0038789069250972,-0.0035080021804338,0.0038737575697859,-0.0005285357811783,0.0043679089284443,-1.222083568947793,0.2245204964055748,-0.0005285357811783,-0.0090896372809292,0.0080325657185724
task_mean,Hanzi,slopeUV500-1500_sma3nz_amean,2,iPad_2021,3,Huawei_P30_phone,2_vs_3,102,0.2979674408466406,poor,0.4033566516673851,2.6278914247567207e-05,0.3035767655302883,0.001923906973925,-0.0015693727241607,0.0022669606707971,-0.0035080021804338,0.0038737575697859,-0.001938629456273,0.0036139769817174,-5.417632117285805,4.111216121664064e-07,-0.001938629456273,-0.0090220243404393,0.0051447654278931
task_mean,Hanzi,slopeV0-500_sma3nz_amean,1,ASUS_FX63VD_laptop,2,iPad_2021,1_vs_2,102,0.2225300134301163,poor,0.7541473485008495,5.718400818240245e-20,0.784462626730977,1.7995411214484806e-22,0.0549496107090849,0.0301720686580332,0.1069181743465431,0.0194972577377604,0.0519685636374581,0.020080048425567,26.138222078578984,9.495338436796552e-47,0.0519685636374581,0.0126116687233466,0.0913254585515696
task_mean,Hanzi,slopeV0-500_sma3nz_amean,1,ASUS_FX63VD_laptop,3,Huawei_P30_phone,1_vs_3,102,0.1578738100449849,poor,0.5036425359747185,6.822494082266869e-08,0.5080152218534246,5.027528781474837e-08,0.0549496107090849,0.0301720686580332,0.0959236672241731,0.0145088941088018,0.0409740565150881,0.026075069485369,15.870242890476566,3.421921315297946e-29,0.0409740565150881,-0.010133079676235,0.0920811927064114
task_mean,Hanzi,slopeV0-500_sma3nz_amean,2,iPad_2021,3,Huawei_P30_phone,2_vs_3,102,0.5395814304202095,moderate,0.6766547559604239,5.903199798521044e-15,0.66879463503175,1.5684132557515994e-14,0.1069181743465431,0.0194972577377604,0.0959236672241731,0.0145088941088018,-0.0109945071223699,0.0144160305231242,-7.70247252176099,9.395392810606579e-12,-0.0109945071223699,-0.0392499269476935,0.0172609127029536
task_mean,Hanzi,slopeV0-500_sma3nz_stddevNorm,1,ASUS_FX63VD_laptop,2,iPad_2021,1_vs_2,102,-0.0475839671036533,poor,-0.3725816448881863,0.0001151052703344,0.182272082148249,0.0667190278021964,0.2825055976413783,1.2461945003077612,0.2070565184413948,0.079372513352206,-0.0754490791999835,1.2778918202705394,-0.5962933136341575,0.5523134112627264,-0.0754490791999835,-2.580117046930241,2.429218888530274
task_mean,Hanzi,slopeV0-500_sma3nz_stddevNorm,1,ASUS_FX63VD_laptop,3,Huawei_P30_phone,1_vs_3,102,0.0288420365246783,poor,0.224919360995719,0.0230392945069858,0.3613493845101243,0.0001904369740663,0.2825055976413783,1.2461945003077612,0.2823154057428103,0.0794623019986627,-0.000190191898568,1.2307597218748318,-0.0015606978232097,0.9987578222687764,-0.000190191898568,-2.4124792467732386,2.4120988629761024
task_mean,Hanzi,slopeV0-500_sma3nz_stddevNorm,2,iPad_2021,3,Huawei_P30_phone,2_vs_3,102,-0.0067937162579167,poor,-0.0097768989162847,0.922307727844726,0.5829144307920227,1.292590093005586e-10,0.2070565184413948,0.079372513352206,0.2823154057428103,0.0794623019986627,0.0752588873014155,0.1128608945362138,6.734640081311724,1.0215209128506035e-09,0.0752588873014155,-0.1459484659895635,0.2964662405923945
task_mean,Hanzi,slopeV500-1500_sma3nz_amean,1,ASUS_FX63VD_laptop,2,iPad_2021,1_vs_2,102,0.4699431378825834,poor,0.5012965983353764,8.022607734663752e-08,0.5245602230125925,1.5222340751786162e-08,-0.0295206754374093,0.0054110237985617,-0.0310613626119875,0.0072132097785317,-0.0015406871745781,0.0064944214070507,-2.3959297915638755,0.0184192297994202,-0.0015406871745781,-0.0142697531323976,0.0111883787832413
task_mean,Hanzi,slopeV500-1500_sma3nz_amean,1,ASUS_FX63VD_laptop,3,Huawei_P30_phone,1_vs_3,102,0.2916201770667754,poor,0.3117091571495376,0.0014268715769461,0.3693108888273179,0.0001335349621913,-0.0295206754374093,0.0054110237985617,-0.0316460490773892,0.0061104043118545,-0.0021253736399798,0.0067826101957455,-3.16474350631346,0.0020515993553631,-0.0021253736399798,-0.015419289623641,0.0111685423436813
task_mean,Hanzi,slopeV500-1500_sma3nz_amean,2,iPad_2021,3,Huawei_P30_phone,2_vs_3,102,0.5583030548435541,moderate,0.5657182548614118,5.806142235030689e-10,0.6011331572906006,2.3846417540305817e-11,-0.0310613626119875,0.0072132097785317,-0.0316460490773892,0.0061104043118545,-0.0005846864654017,0.006284796043209,-0.939576050538441,0.3496767044026828,-0.0005846864654017,-0.0129028867100913,0.0117335137792879
task_mean,Hanzi,slopeV500-1500_sma3nz_stddevNorm,1,ASUS_FX63VD_laptop,2,iPad_2021,1_vs_2,102,-0.0039382083252093,poor,-0.005043028449653,0.9598795876564212,0.2006152071517831,0.043202562063388,-0.423612822724514,0.6866662604178053,-0.2298119601062861,1.4164171470255,0.1938008626182278,1.5771993677669485,1.2409926158180138,0.2174832013567113,0.1938008626182278,-2.897509898204991,3.285111623441447
task_mean,Hanzi,slopeV500-1500_sma3nz_stddevNorm,1,ASUS_FX63VD_laptop,3,Huawei_P30_phone,1_vs_3,102,-0.0058439652567438,poor,-0.0911074471034882,0.3624557452879218,0.0985745062227524,0.3242866746190991,-0.423612822724514,0.6866662604178053,-2.602849481117912,21.37706861332624,-2.1792366583933984,21.450531215009494,-1.0260450509450965,0.307321463018089,-2.1792366583933984,-44.222277839812016,39.863804523025216
task_mean,Hanzi,slopeV500-1500_sma3nz_stddevNorm,2,iPad_2021,3,Huawei_P30_phone,2_vs_3,102,-0.0046106060453733,poor,-0.0350297555784475,0.726691246774302,0.2653363565939689,0.0070340064907959,-0.2298119601062861,1.4164171470255,-2.602849481117912,21.37706861332624,-2.373037521011626,21.473393332680946,-1.1161023221187931,0.2670266654559746,-2.373037521011626,-44.46088845306627,39.71481341104302
task_mean,Hanzi,spectralFluxUV_sma3nz_amean,1,ASUS_FX63VD_laptop,2,iPad_2021,1_vs_2,102,0.0413048614760816,poor,0.0745403580934658,0.4565261164986736,0.1751795454451008,0.0782271111907973,0.1117595632847197,0.1502586692975511,0.0322701773145144,0.0593236194972639,-0.0794893859702052,0.1573787492130196,-5.101091793955131,1.5863352955806326e-06,-0.0794893859702052,-0.3879517344277237,0.2289729624873132
task_mean,Hanzi,spectralFluxUV_sma3nz_amean,1,ASUS_FX63VD_laptop,3,Huawei_P30_phone,1_vs_3,102,0.1553239266603592,poor,0.2546711309090509,0.009791907831102,0.1655100249213387,0.0964216184954123,0.1117595632847197,0.1502586692975511,0.2749489860651853,0.3590771704220228,0.1631894227804655,0.3521829019769965,4.679762623363865,8.94159377347333e-06,0.1631894227804655,-0.5270890650944475,0.8534679106553786
task_mean,Hanzi,spectralFluxUV_sma3nz_amean,2,iPad_2021,3,Huawei_P30_phone,2_vs_3,102,0.0320861935623158,poor,0.1431784200943696,0.1511112102130548,0.2984983664587738,0.0023088990332369,0.0322701773145144,0.0593236194972639,0.2749489860651853,0.3590771704220228,0.2426788087506707,0.3554656132467894,6.8950011930172606,4.759167438646603e-10,0.2426788087506707,-0.4540337932130366,0.939391410714378
task_mean,Hanzi,spectralFluxV_sma3nz_amean,1,ASUS_FX63VD_laptop,2,iPad_2021,1_vs_2,102,0.0805264322124443,poor,0.2311520910545675,0.0194131550280965,0.4340320382695037,5.177477445740199e-06,1.0393865649705167,0.2559699020143977,0.5291584820897206,0.2710041487011038,-0.5102280828807961,0.3269469441377699,-15.76112312759286,5.632425200489621e-29,-0.5102280828807961,-1.151044093390825,0.1305879276292328
task_mean,Hanzi,spectralFluxV_sma3nz_amean,1,ASUS_FX63VD_laptop,3,Huawei_P30_phone,1_vs_3,102,0.0549819631763789,poor,0.549231736363691,2.265807006910533e-09,0.5517243329130171,1.852987361811999e-09,1.0393865649705167,0.2559699020143977,2.6931459025843414,0.6229650880624461,1.653759337613825,0.5276786550509087,31.652124711168877,3.0913392977814527e-54,1.653759337613825,0.6195091737140441,2.688009501513606
task_mean,Hanzi,spectralFluxV_sma3nz_amean,2,iPad_2021,3,Huawei_P30_phone,2_vs_3,102,0.0068163304460884,poor,0.1037671960717153,0.2993230719792851,0.5742178444000883,2.793334027946645e-10,0.5291584820897206,0.2710041487011038,2.6931459025843414,0.6229650880624461,2.163987420494621,0.6530631842848217,33.46567708264364,1.8073128239044332e-56,2.163987420494621,0.8839835792963702,3.443991261692871
task_mean,Hanzi,spectralFluxV_sma3nz_stddevNorm,1,ASUS_FX63VD_laptop,2,iPad_2021,1_vs_2,102,0.7385139596942436,moderate,0.7397505909858392,6.6397341101940635e-19,0.7266173219263673,5.422188710928653e-18,0.3751088455977915,0.0749361283980468,0.3750281153372375,0.0821860638748602,-8.073026055401e-05,0.0570802983870049,-0.014284011965258,0.9886315728373573,-8.073026055401e-05,-0.1119581150990837,0.1117966545779757
task_mean,Hanzi,spectralFluxV_sma3nz_stddevNorm,1,ASUS_FX63VD_laptop,3,Huawei_P30_phone,1_vs_3,102,0.6712085601827223,moderate,0.7148569789495238,3.2150155242345545e-17,0.75710626459562,3.38297683273957e-20,0.3751088455977915,0.0749361283980468,0.402002113454533,0.0719935446260702,0.0268932678567415,0.0555455214219141,4.889839622978102,3.814043408969668e-06,0.0268932678567415,-0.0819759541302102,0.1357624898436933
task_mean,Hanzi,spectralFluxV_sma3nz_stddevNorm,2,iPad_2021,3,Huawei_P30_phone,2_vs_3,102,0.644003025669761,moderate,0.687222956217486,1.5117760394300565e-15,0.6550994905315773,8.034349705262141e-14,0.3750281153372375,0.0821860638748602,0.402002113454533,0.0719935446260702,0.0269739981172955,0.0616863615096811,4.416276475477332,2.5249769756976803e-05,0.0269739981172955,-0.0939312704416796,0.1478792666762706
task_mean,Hanzi,spectralFlux_sma3_amean,1,ASUS_FX63VD_laptop,2,iPad_2021,1_vs_2,102,0.0786528345082624,poor,0.2331006530922521,0.0183853620608942,0.4396525889025224,3.77773822370192e-06,0.9553572308402718,0.2412931879183775,0.4786465280345656,0.2389012882366903,-0.4767107028057062,0.2973582613776845,-16.191048719649253,7.975225344916971e-30,-0.4767107028057062,-1.059532895105968,0.1061114894945555
task_mean,Hanzi,spectralFlux_sma3_amean,1,ASUS_FX63VD_laptop,3,Huawei_P30_phone,1_vs_3,102,0.0634817810947502,poor,0.5855048206410044,1.022961206129772e-10,0.574048210075148,2.835004247064252e-10,0.9553572308402718,0.2412931879183775,2.4144928662474943,0.5618733066297774,1.4591356354072225,0.4638566333626163,31.76961693682442,2.1994619725970997e-54,1.4591356354072225,0.5499766340164944,2.3682946367979505
task_mean,Hanzi,spectralFlux_sma3_amean,2,iPad_2021,3,Huawei_P30_phone,2_vs_3,102,0.0083691534961519,poor,0.1283427241397358,0.1986013153999435,0.5618232297244573,8.063463326320588e-10,0.4786465280345656,0.2389012882366903,2.4144928662474943,0.5618733066297774,1.9358463382129285,0.5816527926685964,33.6129902565964,1.2025188982832566e-56,1.9358463382129285,0.7958068645824794,3.075885811843377
task_mean,Hanzi,spectralFlux_sma3_stddevNorm,1,ASUS_FX63VD_laptop,2,iPad_2021,1_vs_2,102,0.7555167023507141,good,0.7580138725303258,2.875525365572743e-20,0.7508976483028086,1.0091793166233263e-19,0.4532464060733184,0.0801568663530444,0.4596529530090143,0.0863123285108052,0.0064065469356958,0.0581916165567823,1.111894740916382,0.2688230934040784,0.0064065469356958,-0.1076490215155974,0.1204621153869892
task_mean,Hanzi,spectralFlux_sma3_stddevNorm,1,ASUS_FX63VD_laptop,3,Huawei_P30_phone,1_vs_3,102,0.5800582108856114,moderate,0.699582320888907,2.8514389182065456e-16,0.7285963890506698,3.9823749552500536e-18,0.4532464060733184,0.0801568663530444,0.5077157709291575,0.09557340711625,0.0544693648558391,0.0695743357007048,7.906846882699304,3.4202160523938666e-12,0.0544693648558391,-0.0818963331175423,0.1908350628292206
task_mean,Hanzi,spectralFlux_sma3_stddevNorm,2,iPad_2021,3,Huawei_P30_phone,2_vs_3,102,0.5815213824119861,moderate,0.6640218098483861,2.7985516166207914e-14,0.6246444747273129,2.2848467162161045e-12,0.4596529530090143,0.0863123285108052,0.5077157709291575,0.09557340711625,0.0480628179201432,0.0750256322635179,6.46993103944984,3.555112942862683e-09,0.0480628179201432,-0.0989874213163519,0.1951130571566383
task_mean,STT,F0semitoneFrom27.5Hz_sma3nz_amean,1,ASUS_FX63VD_laptop,2,iPad_2021,1_vs_2,101,0.857545695860307,good,0.906863085758278,6.193090408772702e-39,0.889772859638905,1.6911444299341093e-35,30.523291701285267,4.661664979251576,31.786011553812124,3.9217590501670943,1.2627198525268637,1.988191460835312,6.38277435156244,5.4866617643594645e-09,1.2627198525268637,-2.6341354107103485,5.159575115764076
task_mean,STT,F0semitoneFrom27.5Hz_sma3nz_amean,1,ASUS_FX63VD_laptop,3,Huawei_P30_phone,1_vs_3,101,0.6747143434074271,moderate,0.7995402369630608,1.1984932660982353e-23,0.7751310425160163,1.8546190380017467e-21,30.523291701285267,4.661664979251576,32.825844802850725,3.63717203932915,2.302553101565459,2.801301056905734,8.260580284548006,6.23261922930089e-13,2.302553101565459,-3.187996969969779,7.793103173100697
task_mean,STT,F0semitoneFrom27.5Hz_sma3nz_amean,2,iPad_2021,3,Huawei_P30_phone,2_vs_3,101,0.8136856626683566,good,0.8455682857994545,9.774092945808995e-29,0.8056959813628422,3.0082758800822132e-24,31.786011553812124,3.9217590501670943,32.825844802850725,3.63717203932915,1.0398332490385953,2.118171951009116,4.933591351998283,3.223775612394072e-06,1.0398332490385953,-3.1117837749392723,5.1914502730164624
task_mean,STT,F0semitoneFrom27.5Hz_sma3nz_meanFallingSlope,1,ASUS_FX63VD_laptop,2,iPad_2021,1_vs_2,101,0.2064109880402364,poor,0.217487178829689,0.0289082644785736,0.3404892253931275,0.0004939974405335,41.70355072896484,44.49675666827196,48.55282729799755,61.60366827477985,6.849276569032723,67.69518072665436,1.0168283306810584,0.3116889518926586,6.849276569032723,-125.8332776552098,139.53183079327525
task_mean,STT,F0semitoneFrom27.5Hz_sma3nz_meanFallingSlope,1,ASUS_FX63VD_laptop,3,Huawei_P30_phone,1_vs_3,101,0.2094572552522145,poor,0.2231538288271332,0.0248891421683752,0.2775305765870705,0.0049564435167116,41.70355072896484,44.49675666827196,59.02488331296374,48.01165503163292,17.321332583998895,57.7200592268925,3.015888070678774,0.0032485777765218,17.321332583998895,-95.8099835007104,130.4526486687082
task_mean,STT,F0semitoneFrom27.5Hz_sma3nz_meanFallingSlope,2,iPad_2021,3,Huawei_P30_phone,2_vs_3,101,0.3790407181300217,poor,0.395519694166359,4.245898979120258e-05,0.4111124053581829,1.9493879086531943e-05,48.55282729799755,61.60366827477985,59.02488331296374,48.01165503163292,10.472056014966174,61.32274012030987,1.7162126193536626,0.0892194908930882,10.472056014966174,-109.72051462084116,130.66462665077353
task_mean,STT,F0semitoneFrom27.5Hz_sma3nz_meanRisingSlope,1,ASUS_FX63VD_laptop,2,iPad_2021,1_vs_2,101,0.1661820476773651,poor,0.1826616488692415,0.0675058487712336,0.2914967967384974,0.0031009012568694,56.15123659136852,39.61287011423255,74.66956085838312,47.37392773042522,18.518324267014588,55.92760057787172,3.3276388343525003,0.0012265013489765,18.518324267014588,-91.099772865614,128.13642139964315
task_mean,STT,F0semitoneFrom27.5Hz_sma3nz_meanRisingSlope,1,ASUS_FX63VD_laptop,3,Huawei_P30_phone,1_vs_3,101,0.1375414138150068,poor,0.1818564599065809,0.0687446125766313,0.2420966802562609,0.0147215179325462,56.15123659136852,39.61287011423255,80.72570354057717,77.55888930361822,24.574466949208624,80.41837226683708,3.071068579645182,0.0027471721054001,24.574466949208624,-133.04554269379207,182.1944765922093
task_mean,STT,F0semitoneFrom27.5Hz_sma3nz_meanRisingSlope,2,iPad_2021,3,Huawei_P30_phone,2_vs_3,101,0.3757324936983827,poor,0.4215811372978366,1.1305781717833092e-05,0.51537565521258,3.491678238059066e-08,74.66956085838312,47.37392773042522,80.72570354057717,77.55888930361822,6.056142682194039,71.84472944044371,0.8471530364696387,0.3989327541631168,6.056142682194039,-134.75952702107566,146.87181238546373
task_mean,STT,F0semitoneFrom27.5Hz_sma3nz_pctlrange0-2,1,ASUS_FX63VD_laptop,2,iPad_2021,1_vs_2,101,0.4551041279814743,poor,0.4629709737271494,1.0888544425753274e-06,0.4760629004076878,4.861260502070575e-07,4.86632059425673,2.451607251789817,5.365816916455173,2.6674568612372207,0.499496322198443,2.6590326180643893,1.887857966539664,0.0619441258624779,0.499496322198443,-4.71220760920776,5.711200253604646
task_mean,STT,F0semitoneFrom27.5Hz_sma3nz_pctlrange0-2,1,ASUS_FX63VD_laptop,3,Huawei_P30_phone,1_vs_3,101,0.2767067259177249,poor,0.3176341541298362,0.0012092024451284,0.3519394292370413,0.0003072544777779,4.86632059425673,2.451607251789817,5.787270033913908,3.915234697310246,0.9209494396571768,3.904067516784926,2.3707139495163307,0.0196707707451875,0.9209494396571768,-6.731022893241278,8.572921772555631
task_mean,STT,F0semitoneFrom27.5Hz_sma3nz_pctlrange0-2,2,iPad_2021,3,Huawei_P30_phone,2_vs_3,101,0.5247885097065278,moderate,0.565725175835893,7.071023503540374e-10,0.6122189866045428,1.0273983514129703e-11,5.365816916455173,2.6674568612372207,5.787270033913908,3.915234697310246,0.4214531174587338,3.2600365892510066,1.299234316743373,0.19685102061029,0.4214531174587338,-5.968218597473239,6.811124832390707
task_mean,STT,F0semitoneFrom27.5Hz_sma3nz_percentile20.0,1,ASUS_FX63VD_laptop,2,iPad_2021,1_vs_2,101,0.8802684649241407,good,0.9021083274958064,6.469160210173057e-38,0.8852999417588817,1.0826531682394991e-34,28.065561654837403,4.62578866877072,29.06369174771672,4.396123716062778,0.9981300928793212,2.00850837483398,4.994294976720807,2.5088101031929117e-06,0.9981300928793212,-2.938546321795279,4.934806507553922
task_mean,STT,F0semitoneFrom27.5Hz_sma3nz_percentile20.0,1,ASUS_FX63VD_laptop,3,Huawei_P30_phone,1_vs_3,101,0.7801031460084111,good,0.8482403289490945,4.411940650926005e-29,0.8316132789749563,4.939891008864108e-27,28.065561654837403,4.62578866877072,29.893956338554545,4.243309087890064,1.828394683717143,2.470620548982313,7.437459048596094,3.604682414828911e-11,1.828394683717143,-3.0140215922881914,6.670810959722477
task_mean,STT,F0semitoneFrom27.5Hz_sma3nz_percentile20.0,2,iPad_2021,3,Huawei_P30_phone,2_vs_3,101,0.837158191445849,good,0.8519176610600565,1.4394694217508093e-29,0.8417355853232381,2.980717858211271e-28,29.06369174771672,4.396123716062778,29.893956338554545,4.243309087890064,0.8302645908378223,2.355428049855512,3.5424796232059763,0.0006039983319447,0.8302645908378223,-3.786374386878981,5.446903568554626
task_mean,STT,F0semitoneFrom27.5Hz_sma3nz_percentile50.0,1,ASUS_FX63VD_laptop,2,iPad_2021,1_vs_2,101,0.8628152270834276,good,0.9039098165131162,2.698050788165338e-38,0.9145719277810131,1.041716491638689e-40,30.94880180801436,5.109961572987441,32.1341154391938,4.262404080724169,1.1853136311794408,2.214538477687071,5.379113835860756,4.933471067886259e-07,1.1853136311794408,-3.155181785087218,5.5258090474461
task_mean,STT,F0semitoneFrom27.5Hz_sma3nz_percentile50.0,1,ASUS_FX63VD_laptop,3,Huawei_P30_phone,1_vs_3,101,0.7688582742152934,good,0.8399235962145478,4.998048130910524e-28,0.8494001164822365,3.10897198634105e-29,30.94880180801436,5.109961572987441,32.532886481921736,3.964263761600011,1.5840846739073782,2.79249606799974,5.700940505709059,1.2101910347896329e-07,1.5840846739073782,-3.889207619372112,7.057376967186869
task_mean,STT,F0semitoneFrom27.5Hz_sma3nz_percentile50.0,2,iPad_2021,3,Huawei_P30_phone,2_vs_3,101,0.9048358942843752,excellent,0.9106494382082232,8.721064473804674e-40,0.894059405940594,2.643373160114885e-36,32.1341154391938,4.262404080724169,32.532886481921736,3.964263761600011,0.3987710427279375,1.7630805651972403,2.2730665063352427,0.0251611991345723,0.3987710427279375,-3.056866865058653,3.8544089505145287
task_mean,STT,F0semitoneFrom27.5Hz_sma3nz_percentile80.0,1,ASUS_FX63VD_laptop,2,iPad_2021,1_vs_2,101,0.7551254186597084,good,0.8208857401366151,7.954669788308674e-26,0.8412929528246942,3.383889109435024e-28,32.93188224647126,4.922677950574971,34.42950866495875,3.854667115499282,1.4976264184874906,2.8174696688637177,5.342012870283731,5.786335643529897e-07,1.4976264184874906,-4.024614132485397,7.019866969460377
task_mean,STT,F0semitoneFrom27.5Hz_sma3nz_percentile80.0,1,ASUS_FX63VD_laptop,3,Huawei_P30_phone,1_vs_3,101,0.4472878120663672,poor,0.5332757975405699,9.387175951818284e-09,0.6290972626674431,1.852331261310162e-12,32.93188224647126,4.922677950574971,35.68122637311224,4.180979553615167,2.7493441266409806,4.445446322652309,6.215476356469812,1.1876976594876798e-08,2.7493441266409806,-5.963730665757545,11.462418919039507
task_mean,STT,F0semitoneFrom27.5Hz_sma3nz_percentile80.0,2,iPad_2021,3,Huawei_P30_phone,2_vs_3,101,0.6178431084946693,moderate,0.6477418995880843,2.4631792433327563e-13,0.7623878858474081,2.0198673570625398e-20,34.42950866495875,3.854667115499282,35.68122637311224,4.180979553615167,1.2517177081534905,3.3853601376015603,3.715884505159147,0.0003338426694327,1.2517177081534905,-5.383588161545568,7.887023577852549
task_mean,STT,F0semitoneFrom27.5Hz_sma3nz_stddevFallingSlope,1,ASUS_FX63VD_laptop,2,iPad_2021,1_vs_2,101,0.0841163380646901,poor,0.0869175834554726,0.387436695030063,0.3442799109029298,0.0004229768236764,24.470461049002267,22.98418385874005,25.733572556750996,30.640866784299444,1.2631115077487236,36.67030248828377,0.346168771106727,0.7299431534575624,1.2631115077487236,-70.61068136928746,73.1369043847849
task_mean,STT,F0semitoneFrom27.5Hz_sma3nz_stddevFallingSlope,1,ASUS_FX63VD_laptop,3,Huawei_P30_phone,1_vs_3,101,0.2561586991587232,poor,0.2549858872919737,0.010071473108475,0.4299875362846896,7.203258470360315e-06,24.470461049002267,22.98418385874005,25.886074481987883,24.031940856313536,1.4156134329856196,28.70751923063785,0.4955753513494146,0.6212813764121916,1.4156134329856196,-54.85112425906456,57.68235112503581
task_mean,STT,F0semitoneFrom27.5Hz_sma3nz_stddevFallingSlope,2,iPad_2021,3,Huawei_P30_phone,2_vs_3,101,0.1474693248928563,poor,0.15056173741554,0.1328716534945244,0.4239092134823258,9.990924451225608e-06,25.733572556750996,30.640866784299444,25.886074481987883,24.031940856313536,0.152501925236896,35.981408640401746,0.0425949243935762,0.9661093753661508,0.152501925236896,-70.37105900995053,70.67606286042431
task_mean,STT,F0semitoneFrom27.5Hz_sma3nz_stddevNorm,1,ASUS_FX63VD_laptop,2,iPad_2021,1_vs_2,101,0.4621213129556162,poor,0.4645921921176835,9.871539958800094e-07,0.4975189283634245,1.203222496584391e-07,0.1001575052165065,0.0435336888358135,0.1056610377032867,0.0472252792780699,0.0055035324867801,0.0470649297565938,1.1751811222280597,0.2427128290619496,0.0055035324867801,-0.0867437298361437,0.0977507948097041
task_mean,STT,F0semitoneFrom27.5Hz_sma3nz_stddevNorm,1,ASUS_FX63VD_laptop,3,Huawei_P30_phone,1_vs_3,101,0.3712668919332002,poor,0.4075240485392852,2.339901687861699e-05,0.4578567268491554,1.4787099782800466e-06,0.1001575052165065,0.0435336888358135,0.116598394381446,0.0600868389358956,0.0164408891649394,0.0580827516463248,2.84471528164472,0.0053919066902329,0.0164408891649394,-0.0974013040618572,0.130283082391736
task_mean,STT,F0semitoneFrom27.5Hz_sma3nz_stddevNorm,2,iPad_2021,3,Huawei_P30_phone,2_vs_3,101,0.6359588912490872,moderate,0.6656116378442004,3.110908175503764e-14,0.6907396622015143,1.3181528834338309e-15,0.1056610377032867,0.0472252792780699,0.116598394381446,0.0600868389358956,0.0109373566781592,0.0454219376547718,2.4199556407032525,0.0173276942435454,0.0109373566781592,-0.0780896411251935,0.099964354481512
task_mean,STT,F0semitoneFrom27.5Hz_sma3nz_stddevRisingSlope,1,ASUS_FX63VD_laptop,2,iPad_2021,1_vs_2,101,0.3356143313925897,poor,0.3518236473833966,0.0003087613060138,0.4828827359993988,3.151148150094176e-07,21.702642397577133,19.34219479522175,25.90373188563652,25.377606638788414,4.2010894880593845,25.937464880656982,1.6277776961803765,0.1067188343895265,4.2010894880593845,-46.6363416780283,55.03852065414708
task_mean,STT,F0semitoneFrom27.5Hz_sma3nz_stddevRisingSlope,1,ASUS_FX63VD_laptop,3,Huawei_P30_phone,1_vs_3,101,0.0852921984560417,poor,0.1311243867976408,0.1912018023573597,0.3543516434250418,0.0002773627581124,21.702642397577133,19.34219479522175,31.53831460724364,50.71145386942207,9.835672209666503,51.85113194217407,1.906366913407042,0.0594736071624917,9.835672209666503,-91.79254639699468,111.46389081632768
task_mean,STT,F0semitoneFrom27.5Hz_sma3nz_stddevRisingSlope,2,iPad_2021,3,Huawei_P30_phone,2_vs_3,101,0.1927358733265438,poor,0.2412488919895068,0.0150840525191639,0.4169600605875566,1.44115716851403e-05,25.90373188563652,25.377606638788414,31.53831460724364,50.71145386942207,5.63458272160712,50.93850241414941,1.111670992379605,0.2689451801917571,5.63458272160712,-94.20488201012571,105.47404745333996
task_mean,STT,F1amplitudeLogRelF0_sma3nz_amean,1,ASUS_FX63VD_laptop,2,iPad_2021,1_vs_2,101,0.4100183915512433,poor,0.5111521581991615,4.7087965411710505e-08,0.4819336051252184,3.349014607152027e-07,-14.33661061702545,11.456863908918956,-5.938714933191638,12.386574186087577,8.39789568383381,11.815685402407164,7.142861732293897,1.5021848655150498e-10,8.39789568383381,-14.760847704884233,31.55663907255185
task_mean,STT,F1amplitudeLogRelF0_sma3nz_amean,1,ASUS_FX63VD_laptop,3,Huawei_P30_phone,1_vs_3,101,0.3542728273660769,poor,0.384604639784376,7.157583960009861e-05,0.3546418171228886,0.000273953758751,-14.33661061702545,11.456863908918956,-9.37750880962373,13.29526501003421,4.959101807401719,13.8150741669512,3.607534476802721,0.0004845957484352,4.959101807401719,-22.11844355982263,32.03664717462607
task_mean,STT,F1amplitudeLogRelF0_sma3nz_amean,2,iPad_2021,3,Huawei_P30_phone,2_vs_3,101,0.4585963110560633,poor,0.4738105449697372,5.59810973935071e-07,0.5829470005824112,1.5938825397905314e-10,-5.938714933191638,12.386574186087577,-9.37750880962373,13.29526501003421,-3.438793876432091,13.195999781745384,-2.618933867566617,0.0101925728894281,-3.438793876432091,-29.30295344865304,22.425365695788862
task_mean,STT,F1amplitudeLogRelF0_sma3nz_stddevNorm,1,ASUS_FX63VD_laptop,2,iPad_2021,1_vs_2,101,-0.0022968903318827,poor,-0.021818467505326,0.8285440117745804,-0.0602912055911473,0.5492247008226904,-2.99971441746789,9.945515367267006,-19.44368928340884,188.87166255079893,-16.443974865940948,189.3499061126849,-0.872775199694031,0.3848765048313671,-16.443974865940948,-387.5697908468034,354.6818411149215
task_mean,STT,F1amplitudeLogRelF0_sma3nz_stddevNorm,1,ASUS_FX63VD_laptop,3,Huawei_P30_phone,1_vs_3,101,-0.0120793722096006,poor,-0.0128095522601321,0.8988317970514238,-0.070762958648806,0.4819378755686233,-2.99971441746789,9.945515367267006,-1.0080197691135035,13.90554920270636,1.991694648354386,17.199437249738402,1.1637754887310705,0.2472842338276323,1.991694648354386,-31.719202361132883,35.70259165784165
task_mean,STT,F1amplitudeLogRelF0_sma3nz_stddevNorm,2,iPad_2021,3,Huawei_P30_phone,2_vs_3,101,0.0032285169758444,poor,0.0220358024657859,0.8268626512690399,0.303179965055329,0.0020570178586379,-19.44368928340884,188.87166255079893,-1.0080197691135035,13.90554920270636,18.43566951429533,189.0770243262065,0.979897934564007,0.3295012375667089,18.43566951429533,-352.1552981650694,389.02663719366006
task_mean,STT,F1bandwidth_sma3nz_amean,1,ASUS_FX63VD_laptop,2,iPad_2021,1_vs_2,101,0.3851587728944386,poor,0.6004289836905881,3.205115548297228e-11,0.6329877693651718,1.2295836979103746e-12,1207.0471198688474,72.62775894650379,1291.9080416269164,93.20941384817417,84.86092175806935,76.37715039705571,11.166189159043894,2.7976765289657954e-19,84.86092175806935,-64.83829302015984,234.56013653629856
task_mean,STT,F1bandwidth_sma3nz_amean,1,ASUS_FX63VD_laptop,3,Huawei_P30_phone,1_vs_3,101,0.4966347234839636,poor,0.5709052315862516,4.558104828852543e-10,0.6725917297612113,1.3333774168974262e-14,1207.0471198688474,72.62775894650379,1189.9585231699746,122.26348127467509,-17.088596698872763,100.42006769439746,-1.7101987212935303,0.0903300993492251,-17.088596698872763,-213.91192937989177,179.73473598214628
task_mean,STT,F1bandwidth_sma3nz_amean,2,iPad_2021,3,Huawei_P30_phone,2_vs_3,101,0.3725111101341121,poor,0.5543999543305438,1.7994424292136375e-09,0.6052999417588817,2.0144878431421647e-11,1291.9080416269164,93.20941384817417,1189.9585231699746,122.26348127467509,-101.94951845694212,104.88255723321926,-9.768831034956149,3.18115150999029e-16,-101.94951845694212,-307.51933063405187,103.62029372016764
task_mean,STT,F1bandwidth_sma3nz_stddevNorm,1,ASUS_FX63VD_laptop,2,iPad_2021,1_vs_2,101,0.2227939861901899,poor,0.2348929791803438,0.0180571283636936,0.2860454280722189,0.0037341619721396,0.1554291966257139,0.0285990169835433,0.1452273737685968,0.0309474528235981,-0.010201822857117,0.0368762347216283,-2.7803015030328297,0.0064899928543307,-0.010201822857117,-0.0824792429115085,0.0620755971972744
task_mean,STT,F1bandwidth_sma3nz_stddevNorm,1,ASUS_FX63VD_laptop,3,Huawei_P30_phone,1_vs_3,101,0.0406466972022253,poor,0.0602041710761889,0.5498024751225693,0.107909143855562,0.282771248886723,0.1554291966257139,0.0285990169835433,0.1821854387204048,0.0597358462141874,0.0267562420946909,0.0646573360995397,4.158799625247119,6.769476713856995e-05,0.0267562420946909,-0.0999721366604069,0.1534846208497888
task_mean,STT,F1bandwidth_sma3nz_stddevNorm,2,iPad_2021,3,Huawei_P30_phone,2_vs_3,101,0.2365710017857467,poor,0.3750058940209055,0.0001116147309174,0.2727198602213162,0.0057944283571609,0.1452273737685968,0.0309474528235981,0.1821854387204048,0.0597358462141874,0.0369580649518079,0.0560320457865341,6.628777349625875,1.7382944616900851e-09,0.0369580649518079,-0.0728647447897989,0.1467808746934149
task_mean,STT,F1frequency_sma3nz_amean,1,ASUS_FX63VD_laptop,2,iPad_2021,1_vs_2,101,0.3616796908666428,poor,0.4797715312316977,3.8447484530987213e-07,0.5067792661619103,6.390542602178848e-08,586.2787031367322,64.1331669074476,640.6306691545619,70.33856818975472,54.35196601782981,68.78985975745414,7.940567115102873,3.049762623742198e-12,54.35196601782981,-80.47615910678029,189.1800911424399
task_mean,STT,F1frequency_sma3nz_amean,1,ASUS_FX63VD_laptop,3,Huawei_P30_phone,1_vs_3,101,0.2000374251173655,poor,0.227772977784058,0.0219751711669548,0.354490390215492,0.0002757278882391,586.2787031367322,64.1331669074476,619.5068483436784,87.39893808723747,33.22814520694624,95.90737532141968,3.481887866613038,0.0007397629459525,33.22814520694624,-154.75031042303635,221.20660083692883
task_mean,STT,F1frequency_sma3nz_amean,2,iPad_2021,3,Huawei_P30_phone,2_vs_3,101,0.3457639322229086,poor,0.3642401733513371,0.0001807612135503,0.3320093185789167,0.0006941757849394,640.6306691545619,70.33856818975472,619.5068483436784,87.39893808723747,-21.123820810883576,90.04301108653777,-2.3576707312486187,0.0203366949884528,-21.123820810883576,-197.6081225404976,155.36048091873045
task_mean,STT,F1frequency_sma3nz_stddevNorm,1,ASUS_FX63VD_laptop,2,iPad_2021,1_vs_2,101,0.3070460777607612,poor,0.321182157529034,0.0010570488178845,0.3303086779266161,0.0007423313362231,0.281090948844483,0.0521676086769779,0.2646898108807466,0.0498406239520524,-0.0164011379637364,0.0594588720783074,-2.772158145941868,0.006642487468307,-0.0164011379637364,-0.132940527237219,0.1001382513097461
task_mean,STT,F1frequency_sma3nz_stddevNorm,1,ASUS_FX63VD_laptop,3,Huawei_P30_phone,1_vs_3,101,0.250854518847849,poor,0.2613669557651535,0.0082889194083046,0.3181129877693651,0.0011875666288997,0.281090948844483,0.0521676086769779,0.2975723817524272,0.0564783174394225,0.0164814329079441,0.0661143596326177,2.505300689639739,0.0138495249203602,0.0164814329079441,-0.1131027119719867,0.1460655777878749
task_mean,STT,F1frequency_sma3nz_stddevNorm,2,iPad_2021,3,Huawei_P30_phone,2_vs_3,101,0.2898815858264577,poor,0.3459250429878037,0.0003951817040079,0.4145486313337215,1.6334498293551352e-05,0.2646898108807466,0.0498406239520524,0.2975723817524272,0.0564783174394225,0.0328825708716805,0.0610441581306413,5.413552377212715,4.252655058174721e-07,0.0328825708716805,-0.0867639790643765,0.1525291208077376
task_mean,STT,F2amplitudeLogRelF0_sma3nz_amean,1,ASUS_FX63VD_laptop,2,iPad_2021,1_vs_2,101,0.4055220959735671,poor,0.4864950535706557,2.495032400053475e-07,0.4458707047175305,2.972214342099325e-06,-25.68898323941604,10.147195721809585,-19.089992674175537,10.510844981328209,6.598990565240495,10.472277611532734,6.332818596461051,6.915427186424357e-09,6.598990565240495,-13.926673553363663,27.124654683844653
task_mean,STT,F2amplitudeLogRelF0_sma3nz_amean,1,ASUS_FX63VD_laptop,3,Huawei_P30_phone,1_vs_3,101,0.2978420880132997,poor,0.3220156788263004,0.0010239340111104,0.3443797320908561,0.0004212403818008,-25.68898323941604,10.147195721809585,-21.37047322444131,11.55005163543685,4.318510014974725,12.684178728489927,3.4216238550454263,0.0009029624532091,4.318510014974725,-20.54248029286553,29.17950032281498
task_mean,STT,F2amplitudeLogRelF0_sma3nz_amean,2,iPad_2021,3,Huawei_P30_phone,2_vs_3,101,0.4713658609117969,poor,0.4811162852498685,3.528811322736393e-07,0.5731508444962142,3.759085555251802e-10,-19.089992674175537,10.510844981328209,-21.37047322444131,11.55005163543685,-2.280480550265768,11.272344431271998,-2.0331658623715523,0.0446853962066629,-2.280480550265768,-24.374275635558885,19.81331453502735
task_mean,STT,F2amplitudeLogRelF0_sma3nz_stddevNorm,1,ASUS_FX63VD_laptop,2,iPad_2021,1_vs_2,101,-0.0070327549102102,poor,-0.0114786007672317,0.909296177563034,0.1305299941758881,0.1932393132814984,-1.2456664865226983,2.8202310546852583,-0.3052597660132827,8.222985372172356,0.9404067205094157,8.72373690776488,1.0833626316691922,0.2812527381722706,0.9404067205094157,-16.158117618709753,18.038931059728583
task_mean,STT,F2amplitudeLogRelF0_sma3nz_stddevNorm,1,ASUS_FX63VD_laptop,3,Huawei_P30_phone,1_vs_3,101,0.018346341180731,poor,0.0186402515395089,0.8532160997046961,0.0891555037856726,0.3752855323277125,-1.2456664865226983,2.8202310546852583,-1.2117540194321297,3.539843408110641,0.0339124670905684,4.484642318028986,0.0759962672821047,0.9395739012342956,0.0339124670905684,-8.755986476246244,8.82381141042738
task_mean,STT,F2amplitudeLogRelF0_sma3nz_stddevNorm,2,iPad_2021,3,Huawei_P30_phone,2_vs_3,101,-0.0534658040688487,poor,-0.073594945970778,0.4645309204876701,0.1277111240535818,0.20311608092782,-0.3052597660132827,8.222985372172356,-1.2117540194321297,3.539843408110641,-0.9064942534188472,9.188710193375645,-0.9914508463536024,0.3238584429584019,-0.9064942534188472,-18.91636623243511,17.10337772559741
task_mean,STT,F2bandwidth_sma3nz_amean,1,ASUS_FX63VD_laptop,2,iPad_2021,1_vs_2,101,0.3266797490171391,poor,0.5120675983121638,4.41477728867317e-08,0.4177169481654047,1.3853261027024554e-05,876.2819501349776,102.08712906486964,988.689978176208,108.47776847714348,112.40802804123032,104.1525161298412,10.846465765853566,1.3911581753304825e-18,112.40802804123032,-91.73090357325842,316.5469596557191
task_mean,STT,F2bandwidth_sma3nz_amean,1,ASUS_FX63VD_laptop,3,Huawei_P30_phone,1_vs_3,101,0.5491758179905782,moderate,0.5797096220365063,2.1230725912832677e-10,0.5742224810716366,3.4270122731312036e-10,876.2819501349776,102.08712906486964,843.3122646573282,94.1713552989692,-32.969685477649634,90.2426542831688,-3.67166990986493,0.0003890097941829,-32.969685477649634,-209.8452878726605,143.9059169173612
task_mean,STT,F2bandwidth_sma3nz_amean,2,iPad_2021,3,Huawei_P30_phone,2_vs_3,101,0.1743940511564881,poor,0.3554113185011638,0.0002650998952099,0.3577285963890506,0.000240007686067,988.689978176208,108.47776847714348,843.3122646573282,94.1713552989692,-145.37771351887997,115.64714802664828,-12.63349735707298,1.9417114374780661e-22,-145.37771351887997,-372.0461236511106,81.29069661335066
task_mean,STT,F2bandwidth_sma3nz_stddevNorm,1,ASUS_FX63VD_laptop,2,iPad_2021,1_vs_2,101,0.5376840370104488,moderate,0.613556284545953,9.00321200650508e-12,0.4860920209668025,2.561217965262067e-07,0.3199091562752936,0.0837670055514035,0.2734854855904667,0.0907384026578393,-0.0464236706848268,0.0769625123080643,-6.062069730661573,2.3939983645034465e-08,-0.0464236706848268,-0.1972701948086329,0.1044228534389793
task_mean,STT,F2bandwidth_sma3nz_stddevNorm,1,ASUS_FX63VD_laptop,3,Huawei_P30_phone,1_vs_3,101,0.4361443162062878,poor,0.4595471627802113,1.3371758979448625e-06,0.3634711706464764,0.000186974516805,0.3199091562752936,0.0837670055514035,0.3488909172004005,0.0851548699131654,0.028981760925107,0.0878191803277594,3.316622763857881,0.0012708487271395,0.028981760925107,-0.1431438325173014,0.2011073543675155
task_mean,STT,F2bandwidth_sma3nz_stddevNorm,2,iPad_2021,3,Huawei_P30_phone,2_vs_3,101,0.2811502811146972,poor,0.3834414314247811,7.559087414659834e-05,0.3415026208503203,0.0004740095027684,0.2734854855904667,0.0907384026578393,0.3488909172004005,0.0851548699131654,0.0754054316099338,0.0977713973584638,7.750888596368935,7.771296212477791e-12,0.0754054316099338,-0.1162265072126551,0.2670373704325229
task_mean,STT,F2frequency_sma3nz_amean,1,ASUS_FX63VD_laptop,2,iPad_2021,1_vs_2,101,0.4759916212539433,poor,0.5073682015195337,6.134564326326006e-08,0.541421083284799,5.032322926290761e-09,1624.814824625773,90.63884203712163,1659.0602301953825,102.81142167125648,34.24540556960969,96.58962503011776,3.5631369980171708,0.0005633594204887,34.24540556960969,-155.07025948942112,223.5610706286405
task_mean,STT,F2frequency_sma3nz_amean,1,ASUS_FX63VD_laptop,3,Huawei_P30_phone,1_vs_3,101,0.2191670886178265,poor,0.2415904342258343,0.0149370799756384,0.3175305765870704,0.0012139294439166,1624.814824625773,90.63884203712163,1659.794499532961,126.91731222395777,34.979674907187984,136.9856413102312,2.566264454595992,0.0117627077958465,34.979674907187984,-233.51218206086517,303.4715318752411
task_mean,STT,F2frequency_sma3nz_amean,2,iPad_2021,3,Huawei_P30_phone,2_vs_3,101,0.3998394951388772,poor,0.4063123825093728,2.487538883371465e-05,0.3248456610366918,0.0009184326554949,1659.0602301953825,102.81142167125648,1659.794499532961,126.91731222395777,0.7342693375782963,126.78571787020232,0.0582030503042884,0.953703037981538,0.7342693375782963,-247.76573768801828,249.23427636317487
task_mean,STT,F2frequency_sma3nz_stddevNorm,1,ASUS_FX63VD_laptop,2,iPad_2021,1_vs_2,101,0.2736557191761638,poor,0.3649759580750365,0.0001749957565887,0.3022597553873034,0.002125897488308,0.1536377897360209,0.0290947817207945,0.135934275877262,0.0199902265000301,-0.0177035138587589,0.028662993791964,-6.207241072884659,1.2334617560471874e-08,-0.0177035138587589,-0.0738829816910083,0.0384759539734905
task_mean,STT,F2frequency_sma3nz_stddevNorm,1,ASUS_FX63VD_laptop,3,Huawei_P30_phone,1_vs_3,101,-0.0331285331509719,poor,-0.0340638452313806,0.7352317629238404,0.1262783925451368,0.2082726053307784,0.1536377897360209,0.0290947817207945,0.1617796652122271,0.0298961302460777,0.0081418754762061,0.0424210307402467,1.9288742972691455,0.0565817030647665,0.0081418754762061,-0.0750033447746774,0.0912870957270897
task_mean,STT,F2frequency_sma3nz_stddevNorm,2,iPad_2021,3,Huawei_P30_phone,2_vs_3,101,0.1305380633495152,poor,0.2130842193097015,0.0323992457018261,0.2897262667443215,0.003295112648306,0.135934275877262,0.0199902265000301,0.1617796652122271,0.0298961302460777,0.025845389334965,0.0322288153418814,8.059338993397832,1.693955680992127e-12,0.025845389334965,-0.0373230887351225,0.0890138674050526
task_mean,STT,F3amplitudeLogRelF0_sma3nz_amean,1,ASUS_FX63VD_laptop,2,iPad_2021,1_vs_2,101,0.5419307521221186,moderate,0.5857526509546492,1.2400561015397867e-10,0.6200815375655212,4.684810232274894e-12,-32.762836884896096,11.301287750287573,-28.00878459126397,12.087841669472608,4.754052293632128,10.667605983398598,4.478758806958286,1.997413850173962e-05,4.754052293632128,-16.154455433829124,25.66256002109338
task_mean,STT,F3amplitudeLogRelF0_sma3nz_amean,1,ASUS_FX63VD_laptop,3,Huawei_P30_phone,1_vs_3,101,0.3703278659459841,poor,0.4147387413800181,1.6174566411026363e-05,0.5239953407105417,1.8725411253366572e-08,-32.762836884896096,11.301287750287573,-26.926136119023884,12.443553570336372,5.836700765872214,12.88073064337719,4.553943278433254,1.4878201467666493e-05,5.836700765872214,-19.40953129514708,31.082932826891508
task_mean,STT,F3amplitudeLogRelF0_sma3nz_amean,2,iPad_2021,3,Huawei_P30_phone,2_vs_3,101,0.5539055128466316,moderate,0.5538475650676294,1.88164484758105e-09,0.6440302853814792,3.721591527755931e-13,-28.00878459126397,12.087841669472608,-26.926136119023884,12.443553570336372,1.0826484722400864,11.590651291307951,0.9387291718083952,0.3501316632117851,1.0826484722400864,-21.635028058723496,23.80032500320367
task_mean,STT,F3amplitudeLogRelF0_sma3nz_stddevNorm,1,ASUS_FX63VD_laptop,2,iPad_2021,1_vs_2,101,0.0451856001282307,poor,0.5983220910061009,3.908677761383905e-11,0.3783576004659289,9.572488442301534e-05,-0.5919297941081044,0.3388378996554674,-1.4784569004800932,8.957644916346139,-0.8865271063719885,8.759119339649846,-1.0171670014199008,0.3115286424238568,-0.8865271063719885,-18.054401012085687,16.28134679934171
task_mean,STT,F3amplitudeLogRelF0_sma3nz_stddevNorm,1,ASUS_FX63VD_laptop,3,Huawei_P30_phone,1_vs_3,101,-0.013535936382384,poor,-0.0627193785690144,0.5332253429965171,0.211648223645894,0.0336120706324707,-0.5919297941081044,0.3388378996554674,-1.2956460194796895,2.9644130139855367,-0.7037162253715852,3.00475511259444,-2.3536894929991825,0.0205438965239764,-0.7037162253715852,-6.593036246056688,5.185603795313517
task_mean,STT,F3amplitudeLogRelF0_sma3nz_stddevNorm,2,iPad_2021,3,Huawei_P30_phone,2_vs_3,101,-0.0266254477531105,poor,-0.0441962689617606,0.6607681425413106,0.2540827023878858,0.010349182914189,-1.4784569004800932,8.957644916346139,-1.2956460194796895,2.9644130139855367,0.1828108810004033,9.558992440933284,0.1921987727884644,0.8479762683749262,0.1828108810004033,-18.55281430322884,18.91843606522964
task_mean,STT,F3bandwidth_sma3nz_amean,1,ASUS_FX63VD_laptop,2,iPad_2021,1_vs_2,101,0.3427172355406098,poor,0.5253191514040828,1.6990320861167427e-08,0.5141409435061153,3.812281715096256e-08,751.4124660024595,111.57618989308126,872.2293913661845,122.71937380125236,120.8169253637247,114.55724636652918,10.599024604229983,4.8291400573485944e-18,120.8169253637247,-103.71527751467248,345.3491282421219
task_mean,STT,F3bandwidth_sma3nz_amean,1,ASUS_FX63VD_laptop,3,Huawei_P30_phone,1_vs_3,101,0.5087766680303911,moderate,0.5396448892489194,5.7733418082030935e-09,0.5482236458940011,2.9515607116535007e-09,751.4124660024595,111.57618989308126,788.6078431027306,101.69161524941856,37.19537710027106,102.68601259449282,3.640309951605426,0.0004332658952903,37.19537710027106,-164.06920758493487,238.459961785477
task_mean,STT,F3bandwidth_sma3nz_amean,2,iPad_2021,3,Huawei_P30_phone,2_vs_3,101,0.3044396693135453,poor,0.3932429159026212,4.7417251305744006e-05,0.3740477577169481,0.000116588298137,872.2293913661845,122.71937380125236,788.6078431027306,101.69161524941856,-83.62154826345366,124.84492271769788,-6.731440422239411,1.0711138025998882e-09,-83.62154826345366,-328.3175967901415,161.0745002632342
task_mean,STT,F3bandwidth_sma3nz_stddevNorm,1,ASUS_FX63VD_laptop,2,iPad_2021,1_vs_2,101,0.3966145996013629,poor,0.5306474996923677,1.1438929381895733e-08,0.5061153174140943,6.691338140104178e-08,0.4579524856843783,0.1050725230213575,0.3706468100483814,0.1058836462916509,-0.087305675635997,0.1021967935186988,-8.585505972838133,1.2304028662821304e-13,-0.087305675635997,-0.2876113909326468,0.1130000396606527
task_mean,STT,F3bandwidth_sma3nz_stddevNorm,1,ASUS_FX63VD_laptop,3,Huawei_P30_phone,1_vs_3,101,0.4624389249461004,poor,0.4652622103462929,9.478102792113485e-07,0.4739895165987187,5.535885750681717e-07,0.4579524856843783,0.1050725230213575,0.4476681635945453,0.0940812611908727,-0.0102843220898331,0.1034067411621651,-0.999510831583826,0.3199597635410914,-0.0102843220898331,-0.2129615347676769,0.1923928905880106
task_mean,STT,F3bandwidth_sma3nz_stddevNorm,2,iPad_2021,3,Huawei_P30_phone,2_vs_3,101,0.3206650593115658,poor,0.4165122040190572,1.4751806788412394e-05,0.4210483401281304,1.1628757324448222e-05,0.3706468100483814,0.1058836462916509,0.4476681635945453,0.0940812611908727,0.0770213535461638,0.1084634432332931,7.13655218970337,1.5485406256774854e-10,0.0770213535461638,-0.1355669951910907,0.2896097022834184
task_mean,STT,F3frequency_sma3nz_amean,1,ASUS_FX63VD_laptop,2,iPad_2021,1_vs_2,101,0.5663037942965731,moderate,0.572238838119513,4.065855924007141e-10,0.5634245777518928,8.572854481025428e-10,2768.860965813378,123.01813966655928,2787.448451269687,114.63659612888006,18.587485456309302,110.15966530030605,1.6957378767996587,0.0930468958470339,18.587485456309302,-197.3254585322905,234.50042944490912
task_mean,STT,F3frequency_sma3nz_amean,1,ASUS_FX63VD_laptop,3,Huawei_P30_phone,1_vs_3,101,0.4965404412437604,poor,0.5438971305397807,4.149762610942273e-09,0.5300407687827606,1.1970155035024644e-08,2768.860965813378,123.01813966655928,2816.584245472888,105.30746894729278,47.72327965950892,110.14102744638376,4.354535597949701,3.228982032932236e-05,47.72327965950892,-168.15313413540326,263.5996934544211
task_mean,STT,F3frequency_sma3nz_amean,2,iPad_2021,3,Huawei_P30_phone,2_vs_3,101,0.3117810952264476,poor,0.3217621972920114,0.0010339030829931,0.3227606290040769,0.0009951410600683,2787.448451269687,114.63659612888006,2816.584245472888,105.30746894729278,29.135794203199616,128.3063829921013,2.282124248508798,0.0246005337493777,29.135794203199616,-222.3447164613189,280.61630486771816
task_mean,STT,F3frequency_sma3nz_stddevNorm,1,ASUS_FX63VD_laptop,2,iPad_2021,1_vs_2,101,0.3473088690520167,poor,0.3571135410576412,0.0002464445861647,0.3144903902154921,0.0013603862689594,0.0941418413379516,0.015824584771609,0.0899725367125886,0.015878751405611,-0.004169304625363,0.0179745673374673,-2.3311266482682558,0.0217538424514061,-0.004169304625363,-0.039399456606799,0.031060847356073
task_mean,STT,F3frequency_sma3nz_stddevNorm,1,ASUS_FX63VD_laptop,3,Huawei_P30_phone,1_vs_3,101,0.1144719873965784,poor,0.1140250628261675,0.2562155379224451,0.0973907979033197,0.3326010227852967,0.0941418413379516,0.015824584771609,0.0937542741039519,0.0143803190277791,-0.0003875672339996,0.020132446054625,-0.1934689151010103,0.8469841742622866,-0.0003875672339996,-0.0398471615010647,0.0390720270330655
task_mean,STT,F3frequency_sma3nz_stddevNorm,2,iPad_2021,3,Huawei_P30_phone,2_vs_3,101,0.3253175231411711,poor,0.3349466901279102,0.000617682741179,0.3683051834595224,0.000150975153798,0.0899725367125886,0.015878751405611,0.0937542741039519,0.0143803190277791,0.0037817373913634,0.0174918225151587,2.172786190919081,0.032158447882436,0.0037817373913634,-0.0305022347383477,0.0380657095210745
task_mean,STT,Gap_Before,1,ASUS_FX63VD_laptop,2,iPad_2021,1_vs_2,101,0.6081457963076401,moderate,0.6179592819468338,5.803404553324755e-12,0.7248456610366919,1.0402662529178028e-17,0.4744755425542554,0.1706464117602538,0.4409167396739674,0.1672942025302475,-0.033558802880288,0.1477306767739155,-2.282950314082347,0.024549951948683,-0.033558802880288,-0.3231109293571624,0.2559933235965864
task_mean,STT,Gap_Before,1,ASUS_FX63VD_laptop,3,Huawei_P30_phone,1_vs_3,101,0.6946280175812596,moderate,0.6946710073189077,7.807201990061105e-16,0.8455994338982677,9.68472577277999e-29,0.4744755425542554,0.1706464117602538,0.4660102760276028,0.1816361537880867,-0.0084652665266526,0.1380161561776145,-0.6164124407508766,0.5390230672985452,-0.0084652665266526,-0.2789769326347771,0.2620463995814717
task_mean,STT,Gap_Before,2,iPad_2021,3,Huawei_P30_phone,2_vs_3,101,0.6933345206474993,moderate,0.7007877085353772,3.398226228781205e-16,0.7578472855223908,4.5635347529049997e-20,0.4409167396739674,0.1672942025302475,0.4660102760276028,0.1816361537880867,0.0250935363536353,0.1356090895838542,1.859660882777109,0.0658731120870919,0.0250935363536353,-0.240700279230719,0.2908873519379896
task_mean,STT,HNRdBACF_sma3nz_amean,1,ASUS_FX63VD_laptop,2,iPad_2021,1_vs_2,101,0.8749139578532064,good,0.9230691359154964,7.190775188188199e-43,0.9167967384973792,2.981281252320209e-41,5.331911581897834,2.505896965450258,4.48548198623189,2.7116368711497305,-0.8464295956659444,1.0429918799939315,-8.15587572793748,1.0491316794277239e-12,-0.8464295956659444,-2.89069368045405,1.197834489122161
task_mean,STT,HNRdBACF_sma3nz_amean,1,ASUS_FX63VD_laptop,3,Huawei_P30_phone,1_vs_3,101,0.8591269181116287,good,0.8735485898332833,1.005891574010809e-32,0.8857309260337798,9.08380959931414e-35,5.331911581897834,2.505896965450258,5.030620670902942,2.924661387334937,-0.3012909109948919,1.4243816711571176,-2.125789907709975,0.0359834278282204,-0.3012909109948919,-3.0930789864628423,2.4904971644730587
task_mean,STT,HNRdBACF_sma3nz_amean,2,iPad_2021,3,Huawei_P30_phone,2_vs_3,101,0.877759431134589,good,0.8957858694464516,1.2237867202638548e-36,0.8915899825276645,7.77375712444931e-36,4.48548198623189,2.7116368711497305,5.030620670902942,2.924661387334937,0.5451386846710526,1.3032055510862408,4.203923143696747,5.717936366148827e-05,0.5451386846710526,-2.00914419545798,3.0994215648000845
task_mean,STT,HNRdBACF_sma3nz_stddevNorm,1,ASUS_FX63VD_laptop,2,iPad_2021,1_vs_2,101,0.0007429995556231,poor,0.0014405685628042,0.9885927663539364,0.2390681421083284,0.0160523731439229,1.120875373917554,2.3917047017625035,0.7566221295291595,8.693615259197317,-0.3642532443883947,9.013284164909868,-0.4061449449186122,0.6855039094538428,-0.3642532443883947,-18.03029020761173,17.301783718834947
task_mean,STT,HNRdBACF_sma3nz_stddevNorm,1,ASUS_FX63VD_laptop,3,Huawei_P30_phone,1_vs_3,101,-0.0019812297452722,poor,-0.0125328526814851,0.9010059353214334,0.140873616773442,0.1599743246641363,1.120875373917554,2.3917047017625035,2.895993601651333,30.2679207500852,1.7751182277337796,30.392134388046266,0.5869846840544931,0.5585368999732583,1.7751182277337796,-57.7934651728369,61.34370162830446
task_mean,STT,HNRdBACF_sma3nz_stddevNorm,2,iPad_2021,3,Huawei_P30_phone,2_vs_3,101,0.0124672270666122,poor,0.0233722457863944,0.816541023585557,0.0783692486895748,0.4359815661435056,0.7566221295291595,8.693615259197317,2.895993601651333,30.2679207500852,2.139371472122174,31.29577825818812,0.6870069510598238,0.4936684938154853,2.139371472122174,-59.20035391392655,63.47909685817089
task_mean,STT,MeanUnvoicedSegmentLength,1,ASUS_FX63VD_laptop,2,iPad_2021,1_vs_2,101,0.6352210489268352,moderate,0.6857422718349698,2.534923051513249e-15,0.2817550213033799,0.0043114603188212,0.0112293726301519,0.0252151670330018,0.0078915139137249,0.017353966484803,-0.003337858716427,0.0183528269160651,-1.8277873536529727,0.0705632396987273,-0.003337858716427,-0.0393093994719146,0.0326336820390606
task_mean,STT,MeanUnvoicedSegmentLength,1,ASUS_FX63VD_laptop,3,Huawei_P30_phone,1_vs_3,101,0.1859130644126177,poor,0.1846951804089922,0.0644576927328525,0.3673815006063478,0.0001573134147276,0.0112293726301519,0.0252151670330018,0.012371611868962,0.0260525672303337,0.0011422392388101,0.0327395945783342,0.3506262807298871,0.7266062674565066,0.0011422392388101,-0.063027366134725,0.0653118446123453
task_mean,STT,MeanUnvoicedSegmentLength,2,iPad_2021,3,Huawei_P30_phone,2_vs_3,101,0.0307107808818346,poor,0.033643054191629,0.7383836716657989,0.1539093592332686,0.1243696459453006,0.0078915139137249,0.017353966484803,0.012371611868962,0.0260525672303337,0.0044800979552371,0.0308135575304656,1.4611888671425033,0.147098750767081,0.0044800979552371,-0.0559144748044754,0.0648746707149498
task_mean,STT,MeanVoicedSegmentLengthSec,1,ASUS_FX63VD_laptop,2,iPad_2021,1_vs_2,101,0.7475314917397702,moderate,0.7614840889806334,2.3790750993542704e-20,0.7951508303785326,3.119605099539072e-23,0.3433020842769699,0.0875120604402776,0.3254687137188318,0.0921130050989985,-0.0178333705581381,0.0621813611136857,-2.8822649231974005,0.0048331386413473,-0.0178333705581381,-0.1397088383409622,0.1040420972246859
task_mean,STT,MeanVoicedSegmentLengthSec,1,ASUS_FX63VD_laptop,3,Huawei_P30_phone,1_vs_3,101,0.8306331028731682,good,0.8355896737795984,1.677164542442966e-27,0.8396919000875546,5.337070753574422e-28,0.3433020842769699,0.0875120604402776,0.3339369744324243,0.0827646176797849,-0.0093651098445455,0.0490321735991601,-1.91951900572952,0.0577689825050369,-0.0093651098445455,-0.1054681700988993,0.0867379504098083
task_mean,STT,MeanVoicedSegmentLengthSec,2,iPad_2021,3,Huawei_P30_phone,2_vs_3,101,0.7119143637217598,moderate,0.7173100755710065,3.222725933364699e-17,0.7969096723255662,2.132287603790817e-23,0.3254687137188318,0.0921130050989985,0.3339369744324243,0.0827646176797849,0.0084682607135926,0.0663149860335975,1.2833444141225174,0.2023375271172972,0.0084682607135926,-0.1215091119122586,0.1384456333394438
task_mean,STT,StddevUnvoicedSegmentLength,1,ASUS_FX63VD_laptop,2,iPad_2021,1_vs_2,101,0.9179904459298468,excellent,0.9190603524506338,8.049457993582739e-42,0.3344141621964863,0.000630949894104,0.0005563120215534,0.0027681400404241,0.0005275932577948,0.0029458056310582,-2.871876375868708e-05,0.0011625807472016,-0.2482580280654614,0.8044438665988963,-2.871876375868708e-05,-0.0023073770282739,0.0022499395007566
task_mean,STT,StddevUnvoicedSegmentLength,1,ASUS_FX63VD_laptop,3,Huawei_P30_phone,1_vs_3,101,0.0249054287484071,poor,0.0450413376983001,0.654692718160211,0.396034681967993,4.140676634694274e-05,0.0005563120215534,0.0027681400404241,0.0017480370158286,0.0091115602220775,0.0011917249942751,0.0094027154055403,1.2737477899192242,0.2057054079969892,0.0011917249942751,-0.0172375972005838,0.0196210471891341
task_mean,STT,StddevUnvoicedSegmentLength,2,iPad_2021,3,Huawei_P30_phone,2_vs_3,101,0.0099028137908903,poor,0.0170247750228754,0.8658128355312209,0.2499876905211333,0.0116941933411705,0.0005275932577948,0.0029458056310582,0.0017480370158286,0.0091115602220775,0.0012204437580338,0.0095280837751083,1.287279610497981,0.2009683464177433,0.0012204437580338,-0.0174546004411784,0.0198954879572461
task_mean,STT,StddevVoicedSegmentLengthSec,1,ASUS_FX63VD_laptop,2,iPad_2021,1_vs_2,101,0.5551955001457225,moderate,0.5828009911065709,1.6147348795069188e-10,0.3927022643540882,4.867156355859581e-05,0.01086372462966,0.0168636274297531,0.0068778055825048,0.0138146663701925,-0.0039859190471552,0.0142717210050471,-2.8068086985164893,0.0060154843823414,-0.0039859190471552,-0.0319584922170475,0.0239866541227371
task_mean,STT,StddevVoicedSegmentLengthSec,1,ASUS_FX63VD_laptop,3,Huawei_P30_phone,1_vs_3,101,0.4335335466751625,poor,0.4553890864432657,1.710993079085636e-06,0.3880379276526342,6.0853433532553215e-05,0.01086372462966,0.0168636274297531,0.0142623027460942,0.0224287272606139,0.0033985781164342,0.0210462913906123,1.6228648898238744,0.1077667770463406,0.0033985781164342,-0.037852153009166,0.0446493092420345
task_mean,STT,StddevVoicedSegmentLengthSec,2,iPad_2021,3,Huawei_P30_phone,2_vs_3,101,0.3733806450568481,poor,0.4484641059060456,2.561236641543706e-06,0.2999524319401876,0.002307854500712,0.0068778055825048,0.0138146663701925,0.0142623027460942,0.0224287272606139,0.0073844971635894,0.020395679617261,3.6386763967299496,0.000435697264304,0.0073844971635894,-0.0325910348862422,0.0473600292134212
task_mean,STT,VoicedSegmentsPerSec,1,ASUS_FX63VD_laptop,2,iPad_2021,1_vs_2,101,0.7599009838012181,good,0.8090971273406765,1.372034666166916e-24,0.7582877111240535,4.219953943924867e-20,3.1928156186636247,0.9173281924272226,3.5049932033410727,1.1155918986323503,0.3121775846774488,0.6557703208563228,4.784214530498213,5.932459274709216e-06,0.3121775846774488,-0.9731322442009438,1.5974874135558417
task_mean,STT,VoicedSegmentsPerSec,1,ASUS_FX63VD_laptop,3,Huawei_P30_phone,1_vs_3,101,0.7683898317601645,good,0.7811942956548974,5.6321423498347265e-22,0.7743506115317413,2.1562801244130312e-21,3.1928156186636247,0.9173281924272226,3.363463386933509,0.8809167322865507,0.1706477682698856,0.5957810754778605,2.8785554236657536,0.0048858725287548,0.1706477682698856,-0.9970831396667208,1.3383786762064922
task_mean,STT,VoicedSegmentsPerSec,2,iPad_2021,3,Huawei_P30_phone,2_vs_3,101,0.6629729511452684,moderate,0.6860611280506201,2.432280144898564e-15,0.7049155503785671,1.915456089078296e-16,3.5049932033410727,1.1155918986323503,3.363463386933509,0.8809167322865507,-0.1415298164075632,0.8198263530801067,-1.7349491709216915,0.0858307342228605,-0.1415298164075632,-1.7483894684445722,1.465329835629446
task_mean,STT,Word_Duration,1,ASUS_FX63VD_laptop,2,iPad_2021,1_vs_2,101,0.7529098821210299,good,0.7970269091347316,2.0786099369039986e-23,0.8280722189866044,1.2627247093011405e-26,0.4762289228922891,0.108539618319552,0.4435923042304231,0.0949207623361883,-0.0326366186618661,0.0660893340297879,-4.962887931324499,2.8569235972698046e-06,-0.0326366186618661,-0.1621717133602505,0.0968984760365181
task_mean,STT,Word_Duration,1,ASUS_FX63VD_laptop,3,Huawei_P30_phone,1_vs_3,101,0.7588001818037446,good,0.7598209070973011,3.209239972636197e-20,0.8923587652882935,5.571977406507105e-36,0.4762289228922891,0.108539618319552,0.4788622712271227,0.1179901593847527,0.0026333483348335,0.0790004504193478,0.3349958524499888,0.7383299007104345,0.0026333483348335,-0.1522075344870882,0.1574742311567552
task_mean,STT,Word_Duration,2,iPad_2021,3,Huawei_P30_phone,2_vs_3,101,0.6519954061856339,moderate,0.7016159542255856,3.0313467486729723e-16,0.7586255096097845,3.9736171347265704e-20,0.4435923042304231,0.0949207623361883,0.4788622712271227,0.1179901593847527,0.0352699669966996,0.0849460425798181,4.172752146102739,6.425946817091593e-05,0.0352699669966996,-0.1312242764597437,0.2017642104531432
task_mean,STT,alphaRatioUV_sma3nz_amean,1,ASUS_FX63VD_laptop,2,iPad_2021,1_vs_2,101,0.0196191342488177,poor,0.0230862370380463,0.8187473582578917,0.0244570443002667,0.8081857947632972,-1.5508120548183864,2.1476502050233117,-0.8094798651562518,1.392206016585698,0.7413321896621345,2.5323081590667003,2.9420970245515115,0.0040517019656775,0.7413321896621345,-4.221991802108597,5.704656181432867
task_mean,STT,alphaRatioUV_sma3nz_amean,1,ASUS_FX63VD_laptop,3,Huawei_P30_phone,1_vs_3,101,0.3751886598556431,poor,0.4250691136184498,9.390853477238622e-06,0.361262757829454,0.0002059337686135,-1.5508120548183864,2.1476502050233117,-0.3842725800416811,2.536304495313265,1.1665394747767053,2.532678092504672,4.628924877318158,1.1060002283469537e-05,1.1665394747767053,-3.797509586532452,6.130588536085862
task_mean,STT,alphaRatioUV_sma3nz_amean,2,iPad_2021,3,Huawei_P30_phone,2_vs_3,101,0.0933261006199131,poor,0.1120215834205412,0.2647199843914532,0.0997148774271246,0.3211371653736403,-0.8094798651562518,1.392206016585698,-0.3842725800416811,2.536304495313265,0.4252072851145707,2.753174274214345,1.55212852619559,0.1237906800170883,0.4252072851145707,-4.9710142923455445,5.8214288625746855
task_mean,STT,alphaRatioV_sma3nz_amean,1,ASUS_FX63VD_laptop,2,iPad_2021,1_vs_2,101,0.7587533499355946,good,0.7620689791848594,2.140136250813957e-20,0.6934420500873617,9.204358098765742e-16,-17.0545700307395,4.013260980673884,-17.51922165082421,4.079223948934227,-0.4646516200847154,2.791896126928082,-1.6725876525147656,0.0975344479585324,-0.4646516200847154,-5.9367680288637565,5.007464788694326
task_mean,STT,alphaRatioV_sma3nz_amean,1,ASUS_FX63VD_laptop,3,Huawei_P30_phone,1_vs_3,101,0.5740266953710564,moderate,0.6169905428584948,6.3958503120344026e-12,0.6268142108328479,2.34961000129274e-12,-17.0545700307395,4.013260980673884,-15.648553175653957,5.146526869908429,1.406016855085544,4.135930189248867,3.4164731676420046,0.0009183802797544,1.406016855085544,-6.700406315842236,9.512440026013325
task_mean,STT,alphaRatioV_sma3nz_amean,2,iPad_2021,3,Huawei_P30_phone,2_vs_3,101,0.6446128432003884,moderate,0.7138260469249105,5.369458326109901e-17,0.6923121723937099,1.0700733363681892e-15,-17.51922165082421,4.079223948934227,-15.648553175653957,5.146526869908429,1.87066847517026,3.626970279458761,5.183385596040349,1.1370162470379162e-06,1.87066847517026,-5.238193272568911,8.97953022290943
task_mean,STT,alphaRatioV_sma3nz_stddevNorm,1,ASUS_FX63VD_laptop,2,iPad_2021,1_vs_2,101,0.0193884569517204,poor,0.1232716314326015,0.2193965377565433,0.5448456610366919,3.8526697357647995e-09,0.5560829944981763,11.463701775647827,-0.5559080175080612,0.9068354214399686,-1.1119910120062375,11.387529202832424,-0.9813692824328722,0.3287790147785066,-1.1119910120062375,-23.431548249557785,21.207566225545317
task_mean,STT,alphaRatioV_sma3nz_stddevNorm,1,ASUS_FX63VD_laptop,3,Huawei_P30_phone,1_vs_3,101,0.0081403565510246,poor,0.027277618322202,0.7865642442316136,0.0898311007571345,0.3716633325944932,0.5560829944981763,11.463701775647827,-0.5568848091918398,1.7492982565918904,-1.1129678036900164,11.54913342981767,-0.9684872086176374,0.3351376706797041,-1.1129678036900164,-23.749269326132648,21.523333718752617
task_mean,STT,alphaRatioV_sma3nz_stddevNorm,2,iPad_2021,3,Huawei_P30_phone,2_vs_3,101,0.0581213999686861,poor,0.0704599225651673,0.4838209675477337,0.1243214909726266,0.2154656853108845,-0.5559080175080612,0.9068354214399686,-0.5568848091918398,1.7492982565918904,-0.0009767916837785,1.9128120950975949,-0.005132043526324,0.9959154638039884,-0.0009767916837785,-3.7500884980750646,3.7481349147075074
task_mean,STT,equivalentSoundLevel_dBp,1,ASUS_FX63VD_laptop,2,iPad_2021,1_vs_2,101,0.0490639192828111,poor,0.2436370085358685,0.0140821597030923,0.3355037856726849,0.0006040774876894,-23.771450441963072,1.4313308938076397,-30.15870809187853,4.3065092074473705,-6.387257649915458,4.19418088647864,-15.3048108031404,5.936259501353009e-28,-6.387257649915458,-14.607852187413592,1.8333368875826768
task_mean,STT,equivalentSoundLevel_dBp,1,ASUS_FX63VD_laptop,3,Huawei_P30_phone,1_vs_3,101,0.0370189778329809,poor,0.3736982006598807,0.0001184534771842,0.4070471753057658,2.396999145562788e-05,-23.771450441963072,1.4313308938076397,-16.10358693743482,2.2844472486043066,7.667863504528247,2.196262885980444,35.087363626708935,5.088113075880842e-58,7.667863504528247,3.363188248006578,11.972538761049917
task_mean,STT,equivalentSoundLevel_dBp,2,iPad_2021,3,Huawei_P30_phone,2_vs_3,101,0.0196629876199675,poor,0.220972826906483,0.0263757362786751,0.5403145020384391,5.482478569213064e-09,-30.15870809187853,4.3065092074473705,-16.10358693743482,2.2844472486043066,14.055121154443707,4.406456908703373,32.05573601842135,2.0579143181436807e-54,14.055121154443707,5.418465613385095,22.69177669550232
task_mean,STT,hammarbergIndexUV_sma3nz_amean,1,ASUS_FX63VD_laptop,2,iPad_2021,1_vs_2,101,0.073974337129688,poor,0.0782525076599931,0.4366675505185253,0.0901675900246918,0.3698672457746762,2.855690230896353,2.947675632718365,1.8628467495061685,2.678651869715582,-0.9928434813901836,3.824687656355541,-2.608828326839052,0.0104782846898067,-0.9928434813901836,-8.489231287847042,6.503544325066676
task_mean,STT,hammarbergIndexUV_sma3nz_amean,1,ASUS_FX63VD_laptop,3,Huawei_P30_phone,1_vs_3,101,0.3715340384852097,poor,0.3975389245201789,3.8471116595581095e-05,0.3093548375432893,0.0016446220145444,2.855690230896353,2.947675632718365,1.732247680889042,2.842808941412683,-1.1234425500073102,3.179285680828482,-3.5512561715140363,0.0005864051080651,-1.1234425500073102,-7.354842484431135,5.107957384416515
task_mean,STT,hammarbergIndexUV_sma3nz_amean,2,iPad_2021,3,Huawei_P30_phone,2_vs_3,101,0.0378218369420491,poor,0.0375700489035693,0.7091437687606473,0.0197921209053536,0.8442566228419399,1.8628467495061685,2.678651869715582,1.732247680889042,2.842808941412683,-0.1305990686171267,3.832043126699586,-0.3425077308476885,0.7326876941486669,-0.1305990686171267,-7.641403596948315,7.3802054597140625
task_mean,STT,hammarbergIndexV_sma3nz_amean,1,ASUS_FX63VD_laptop,2,iPad_2021,1_vs_2,101,0.6665658842078797,moderate,0.842685577754993,2.2672575051669123e-28,0.8194175888177052,1.1469082240467017e-25,26.862689392533028,5.357374676099942,30.96813984684544,6.121817147606369,4.10545045431241,3.302001366411036,12.495229969986022,3.824429048407287e-22,4.10545045431241,-2.3664722238532203,10.57737313247804
task_mean,STT,hammarbergIndexV_sma3nz_amean,1,ASUS_FX63VD_laptop,3,Huawei_P30_phone,1_vs_3,101,0.6968560713260464,moderate,0.7405160475942723,8.750851706148126e-19,0.7353756552125801,2.0095109322194217e-18,26.862689392533028,5.357374676099942,25.630503414108556,7.250563655295027,-1.2321859784244729,4.8726734550166535,-2.541380197046834,0.0125776905305371,-1.2321859784244729,-10.782625950257112,8.318253993408167
task_mean,STT,hammarbergIndexV_sma3nz_amean,2,iPad_2021,3,Huawei_P30_phone,2_vs_3,101,0.580175667365059,moderate,0.7733158824971771,2.6307539916325404e-21,0.7516132789749562,1.3577697241179514e-19,30.96813984684544,6.121817147606369,25.630503414108556,7.250563655295027,-5.337636432736882,4.625749071674586,-11.596517975487524,3.2602314339566005e-20,-5.337636432736882,-14.404104613219069,3.728831747745306
task_mean,STT,hammarbergIndexV_sma3nz_stddevNorm,1,ASUS_FX63VD_laptop,2,iPad_2021,1_vs_2,101,0.2400357149935621,poor,0.368792769508857,0.0001477256298983,0.6629935934769948,4.2497755075021495e-14,0.2735246207487668,0.1920219098928094,0.2051466484095482,0.0809967985335646,-0.0683779723392185,0.1787767025837014,-3.8438460230121754,0.0002130267911717,-0.0683779723392185,-0.4187803094032734,0.2820243647248363
task_mean,STT,hammarbergIndexV_sma3nz_stddevNorm,1,ASUS_FX63VD_laptop,3,Huawei_P30_phone,1_vs_3,101,0.0723015931247428,poor,0.1431574615433666,0.1532417510519413,0.4712754804892254,6.553985458375407e-07,0.2735246207487668,0.1920219098928094,0.4362804267916492,0.6729077361165097,0.1627558060428823,0.6728161835439616,2.431088382462145,0.0168337146021275,0.1627558060428823,-1.1559639137032822,1.481475525789047
task_mean,STT,hammarbergIndexV_sma3nz_stddevNorm,2,iPad_2021,3,Huawei_P30_phone,2_vs_3,101,0.0653377156978852,poor,0.3048319048196092,0.0019384058893986,0.5165288293535235,3.215627868547821e-08,0.2051466484095482,0.0809967985335646,0.4362804267916492,0.6729077361165097,0.2311337783821009,0.6527913671938831,3.558358522057368,0.0005725235590968,0.2311337783821009,-1.0483373013179098,1.510604858082112
task_mean,STT,jitterLocal_sma3nz_amean,1,ASUS_FX63VD_laptop,2,iPad_2021,1_vs_2,101,0.3947938067314711,poor,0.4791868643738602,3.9903339175313443e-07,0.4775189283634245,4.4349917710985763e-07,0.0388222874273989,0.0152518341033919,0.0489115198245619,0.0220051546835166,0.010089232397163,0.0198795591937283,5.100491903062927,1.611616217604255e-06,0.010089232397163,-0.0288747036225445,0.0490531684168705
task_mean,STT,jitterLocal_sma3nz_amean,1,ASUS_FX63VD_laptop,3,Huawei_P30_phone,1_vs_3,101,0.3146251305309507,poor,0.348695258660057,0.0003521469646269,0.372743156668608,0.0001236916318666,0.0388222874273989,0.0152518341033919,0.0448748085345099,0.0214956581966803,0.0060525211071109,0.0215880413684854,2.817628671467647,0.0058310814301297,0.0060525211071109,-0.0362600399751204,0.0483650821893424
task_mean,STT,jitterLocal_sma3nz_amean,2,iPad_2021,3,Huawei_P30_phone,2_vs_3,101,0.6822011045718659,moderate,0.6920571243283654,1.106979272028786e-15,0.7081654047757717,1.2112017170601212e-16,0.0489115198245619,0.0220051546835166,0.0448748085345099,0.0214956581966803,-0.004036711290052,0.0170758004214377,-2.3757859299213777,0.0194170852908185,-0.004036711290052,-0.03750528011607,0.0294318575359659
task_mean,STT,jitterLocal_sma3nz_stddevNorm,1,ASUS_FX63VD_laptop,2,iPad_2021,1_vs_2,101,0.3324474242640641,poor,0.3307756329887215,0.0007288135207475,0.3708444962143272,0.0001347496794485,1.0754407304938478,0.1968143971485748,1.0675305186080772,0.2049984461470297,-0.0079102118857706,0.2325271927677614,-0.3418810705210944,0.7331578263481073,-0.0079102118857706,-0.463663509710583,0.4478430859390417
task_mean,STT,jitterLocal_sma3nz_stddevNorm,1,ASUS_FX63VD_laptop,3,Huawei_P30_phone,1_vs_3,101,0.4247835404975704,poor,0.4614269439150415,1.1948803370303828e-06,0.4477111240535818,2.674665990246e-06,1.0754407304938478,0.1968143971485748,1.1472913771766042,0.1672260975188186,0.0718506466827564,0.1905965444018107,3.788578983554461,0.000258954740579,0.0718506466827564,-0.3017185803447925,0.4454198737103054
task_mean,STT,jitterLocal_sma3nz_stddevNorm,2,iPad_2021,3,Huawei_P30_phone,2_vs_3,101,0.2154435674429207,poor,0.2382482982991947,0.0164300835089401,0.2462085032032615,0.0130684868824272,1.0675305186080772,0.2049984461470297,1.1472913771766042,0.1672260975188186,0.079760858568527,0.2316335636982205,3.46058099374512,0.0007939947102423,0.079760858568527,-0.3742409262799852,0.5337626434170394
task_mean,STT,logRelF0-H1-A3_sma3nz_amean,1,ASUS_FX63VD_laptop,2,iPad_2021,1_vs_2,101,0.750986745042647,good,0.7942711838159647,3.7682916150438337e-23,0.782970297029703,3.944020328653418e-22,22.914661065917475,6.397600100972219,24.90078635161764,7.831129697689137,1.9861252857001557,4.761219795530758,4.192268566972274,5.973403174901732e-05,1.9861252857001557,-7.34586551354013,11.318116084940442
task_mean,STT,logRelF0-H1-A3_sma3nz_amean,1,ASUS_FX63VD_laptop,3,Huawei_P30_phone,1_vs_3,101,0.6470048974886444,moderate,0.685303808601814,2.682949097105081e-15,0.6811648223645893,4.562216509791971e-15,22.914661065917475,6.397600100972219,21.33851200863428,8.47492238156311,-1.576149057283193,6.200032004706634,-2.554841970818591,0.0121307124855295,-1.576149057283193,-13.728211786508195,10.575913671941809
task_mean,STT,logRelF0-H1-A3_sma3nz_amean,2,iPad_2021,3,Huawei_P30_phone,2_vs_3,101,0.7074465763701788,moderate,0.7756955160589587,1.6624622825807788e-21,0.7795923121723937,7.744877400757709e-22,24.90078635161764,7.831129697689137,21.33851200863428,8.47492238156311,-3.5622743429833488,5.494346736037147,-6.515863631335761,2.9518649275805087e-09,-3.5622743429833488,-14.331193945616157,7.206645259649459
task_mean,STT,logRelF0-H1-A3_sma3nz_stddevNorm,1,ASUS_FX63VD_laptop,2,iPad_2021,1_vs_2,101,0.0052492076988506,poor,0.0053553609561477,0.9576114663167952,0.1574839836924869,0.1157591670568788,0.83726178899885,3.4386813031608408,1.000347743043811,4.381151695097325,0.163085954044961,5.5549669789419145,0.2950500983924631,0.7685673064251133,0.163085954044961,-10.724649324681192,11.050821232771114
task_mean,STT,logRelF0-H1-A3_sma3nz_stddevNorm,1,ASUS_FX63VD_laptop,3,Huawei_P30_phone,1_vs_3,101,0.0701371876611234,poor,0.0863719784679787,0.390434572293676,0.0565055329062317,0.5746245217674455,0.83726178899885,3.4386813031608408,0.7153729957585694,1.738729475222638,-0.1218887932402806,3.716837921799144,-0.3295724046746683,0.7424124093085291,-0.1218887932402806,-7.406891119966603,7.163113533486041
task_mean,STT,logRelF0-H1-A3_sma3nz_stddevNorm,2,iPad_2021,3,Huawei_P30_phone,2_vs_3,101,0.2513750309453653,poor,0.3652006925374007,0.0001732690274764,0.0815958066394874,0.4172655105978606,1.000347743043811,4.381151695097325,0.7153729957585694,1.738729475222638,-0.2849747472852417,4.080899082116275,-0.7017965178133841,0.4844362382179795,-0.2849747472852417,-8.283536948233142,7.713587453662657
task_mean,STT,logRelF0-H1-H2_sma3nz_amean,1,ASUS_FX63VD_laptop,2,iPad_2021,1_vs_2,101,0.5423808972586034,moderate,0.5930624824197669,6.374889186886762e-11,0.5466394874781595,3.34561033863433e-09,5.647672973058652,4.846060602094615,3.474999197584605,5.033679759691151,-2.172673775474045,4.45964971609622,-4.896147141327227,3.7599092899228622e-06,-2.172673775474045,-10.913587219022638,6.568239668074547
task_mean,STT,logRelF0-H1-H2_sma3nz_amean,1,ASUS_FX63VD_laptop,3,Huawei_P30_phone,1_vs_3,101,0.5460690939391696,moderate,0.5731686365665668,3.753327973083207e-10,0.5449039021549213,3.8351081413120185e-09,5.647672973058652,4.846060602094615,4.552996125435773,3.9205882029745975,-1.0946768476228796,4.132261563250934,-2.662311181307615,0.0090444777154624,-1.0946768476228796,-9.19390951159471,7.004555816348949
task_mean,STT,logRelF0-H1-H2_sma3nz_amean,2,iPad_2021,3,Huawei_P30_phone,2_vs_3,101,0.6062035289844466,moderate,0.640735585137787,5.343032171556471e-13,0.6001281304601048,3.297532314713952e-11,3.474999197584605,5.033679759691151,4.552996125435773,3.9205882029745975,1.0779969278511663,3.926719857291524,2.758978342887766,0.0068962372779815,1.0779969278511663,-6.618373992440221,8.774367848142553
task_mean,STT,logRelF0-H1-H2_sma3nz_stddevNorm,1,ASUS_FX63VD_laptop,2,iPad_2021,1_vs_2,101,-0.0909404523550274,poor,-0.103550083832717,0.3027822654323657,0.0146884100174723,0.8840894467256922,0.763564438439372,9.99573675612872,1.0426181207002192,5.814479337340194,0.279053682260847,12.07309347297486,0.2322896616857114,0.8167877696400585,0.279053682260847,-23.38420952476988,23.94231688929157
task_mean,STT,logRelF0-H1-H2_sma3nz_stddevNorm,1,ASUS_FX63VD_laptop,3,Huawei_P30_phone,1_vs_3,101,0.0183504617639546,poor,0.0325675162396193,0.7464595119435797,-0.0126150262085032,0.9003601882592964,0.763564438439372,9.99573675612872,-2.082511920932884,32.502412208603126,-2.846076359372255,33.6921373826174,-0.8489432740666837,0.3979405555651054,-2.846076359372255,-68.88266562930237,63.19051291055785
task_mean,STT,logRelF0-H1-H2_sma3nz_stddevNorm,2,iPad_2021,3,Huawei_P30_phone,2_vs_3,101,-0.0406911839657228,poor,-0.1172118442764317,0.2430768055267995,0.0697495631916132,0.4882505645074337,1.0426181207002192,5.814479337340194,-2.082511920932884,32.502412208603126,-3.125130041633102,33.682598435078106,-0.9324449323224606,0.3533524915608439,-3.125130041633102,-69.14302297438618,62.89276289111999
task_mean,STT,loudnessPeaksPerSec,1,ASUS_FX63VD_laptop,2,iPad_2021,1_vs_2,101,0.3985065593081086,poor,0.5443277772288563,4.0122546556542095e-09,0.5660920209668026,6.856231965828391e-10,3.502961443491441,0.9225386106473842,4.364647350108067,1.1899768342426502,0.8616859066166251,1.0353727583663632,8.363979171746394,3.7228474300584423e-13,0.8616859066166251,-1.167644699781447,2.891016513014697
task_mean,STT,loudnessPeaksPerSec,1,ASUS_FX63VD_laptop,3,Huawei_P30_phone,1_vs_3,101,0.6373404077491106,moderate,0.6885107061398034,1.7674199591876664e-15,0.6775305765870704,7.219988370327141e-15,3.502961443491441,0.9225386106473842,3.871744479838521,0.8906601653052478,0.3687830363470789,0.7161690089381595,5.175068454808656,1.1776707069664017e-06,0.3687830363470789,-1.0349082211717135,1.7724742938658715
task_mean,STT,loudnessPeaksPerSec,2,iPad_2021,3,Huawei_P30_phone,2_vs_3,101,0.576996327485554,moderate,0.6653624588907916,3.2050896467142314e-14,0.7007221898660454,3.429019816776879e-16,4.364647350108067,1.1899768342426502,3.871744479838521,0.8906601653052478,-0.492902870269546,0.893829781980708,-5.542008824683959,2.4341555176546224e-07,-0.492902870269546,-2.244809242951733,1.2590035024126416
task_mean,STT,loudness_sma3_amean,1,ASUS_FX63VD_laptop,2,iPad_2021,1_vs_2,101,0.1613286471306315,poor,0.39473804334777,4.410388484402031e-05,0.5983576004659289,3.895672854244489e-11,1.1586600388323784,0.2416617148061261,0.6948763688263033,0.3136355351608482,-0.4637836700060753,0.3113363432989695,-14.970845193592464,2.7757348874531027e-27,-0.4637836700060753,-1.0740029028720557,0.1464355628599049
task_mean,STT,loudness_sma3_amean,1,ASUS_FX63VD_laptop,3,Huawei_P30_phone,1_vs_3,101,0.1534490130826706,poor,0.7369835089815978,1.5526243642072008e-18,0.7646592894583576,1.3343564639366611e-20,1.1586600388323784,0.2416617148061261,2.076112887670196,0.4911550791796114,0.9174528488378176,0.3531056085597531,26.111981219077183,1.8800910732794023e-46,0.9174528488378176,0.2253658560607015,1.609539841614934
task_mean,STT,loudness_sma3_amean,2,iPad_2021,3,Huawei_P30_phone,2_vs_3,101,0.0366610335204378,poor,0.2671292767441511,0.0069243934188151,0.6312405358182877,1.4790731543471256e-12,0.6948763688263033,0.3136355351608482,2.076112887670196,0.4911550791796114,1.381236518843893,0.5072488578664811,27.36576929146084,3.055294375937577e-48,1.381236518843893,0.3870287574255904,2.3754442802621965
task_mean,STT,loudness_sma3_meanFallingSlope,1,ASUS_FX63VD_laptop,2,iPad_2021,1_vs_2,101,0.2886360772264126,poor,0.3977381819040486,3.809717763436817e-05,0.4252300524170064,9.31032213723194e-06,3.491205795223538,2.359008573758088,2.060222487438769,1.5174650785370172,-1.4309833077847691,2.24054558779778,-6.418617116053546,4.6452481341820726e-09,-1.4309833077847691,-5.822452659868418,2.960486044298879
task_mean,STT,loudness_sma3_meanFallingSlope,1,ASUS_FX63VD_laptop,3,Huawei_P30_phone,1_vs_3,101,0.3626470678678845,poor,0.5424676036870743,4.6393338477132525e-09,0.5870122306348281,1.1070331975537977e-10,3.491205795223538,2.359008573758088,5.810551432732907,4.821316829627546,2.319345637509367,4.058383514137698,5.743453051728422,1.00231577559237e-07,2.319345637509367,-5.63508605020052,10.273777325219257
task_mean,STT,loudness_sma3_meanFallingSlope,2,iPad_2021,3,Huawei_P30_phone,2_vs_3,101,0.1371538901239221,poor,0.3694340833746509,0.0001435502793883,0.3304251601630751,0.0007389380122203,2.060222487438769,1.5174650785370172,5.810551432732907,4.821316829627546,3.750328945294136,4.487995520274693,8.398034104140255,3.141044815298748e-13,3.750328945294136,-5.046142274444263,12.546800165032534
task_mean,STT,loudness_sma3_meanRisingSlope,1,ASUS_FX63VD_laptop,2,iPad_2021,1_vs_2,101,0.3329688942168178,poor,0.4983942020868296,1.1342741334311138e-07,0.5802912055911473,2.0169618502933878e-10,7.054290974088533,2.793199389166541,4.2641379111187225,2.7772821990902155,-2.790153062969812,2.789743762974176,-10.051350098491342,7.640759892457425e-17,-2.790153062969812,-8.258050838399196,2.677744712459573
task_mean,STT,loudness_sma3_meanRisingSlope,1,ASUS_FX63VD_laptop,3,Huawei_P30_phone,1_vs_3,101,0.216238971933264,poor,0.6693567541279495,1.980188202232916e-14,0.6303552708211997,1.6234821046283373e-12,7.054290974088533,2.793199389166541,14.17452502990588,4.599772341257122,7.120234055817348,3.429281037727067,20.866609025914624,3.237677112479755e-38,7.120234055817348,0.3988432218722968,13.8416248897624
task_mean,STT,loudness_sma3_meanRisingSlope,2,iPad_2021,3,Huawei_P30_phone,2_vs_3,101,0.0555001492379804,poor,0.2755939088895325,0.0052798573681995,0.4637041351193943,1.0416907109866637e-06,4.2641379111187225,2.7772821990902155,14.17452502990588,4.599772341257122,9.910387118787158,4.672242671161371,21.316991627109267,5.641555719657613e-39,9.910387118787158,0.7527914833108706,19.067982754263447
task_mean,STT,loudness_sma3_pctlrange0-2,1,ASUS_FX63VD_laptop,2,iPad_2021,1_vs_2,101,0.3110110723641306,poor,0.5732141043488768,3.738652901378832e-10,0.7450786255096097,4.1152311507676244e-19,0.9491246715027076,0.3357481728170637,0.5250023523789875,0.3167847060657695,-0.4241223191237203,0.3019029839038976,-14.118365112587098,1.5123372797570623e-25,-0.4241223191237203,-1.0158521675753596,0.1676075293279189
task_mean,STT,loudness_sma3_pctlrange0-2,1,ASUS_FX63VD_laptop,3,Huawei_P30_phone,1_vs_3,101,0.2434465197420155,poor,0.8025388212370556,6.149627896165022e-24,0.8331391962725684,3.274514997470817e-27,0.9491246715027076,0.3357481728170637,1.8493969317544068,0.5563264234149305,0.900272260251699,0.3498865048870176,25.85874023234058,4.399076640624614e-46,0.900272260251699,0.2144947106731445,1.5860498098302536
task_mean,STT,loudness_sma3_pctlrange0-2,2,iPad_2021,3,Huawei_P30_phone,2_vs_3,101,0.0666637615865349,poor,0.4087607286466075,2.197711040891259e-05,0.6371345369831101,7.89397938700117e-13,0.5250023523789875,0.3167847060657695,1.8493969317544068,0.5563264234149305,1.3243945793754193,0.5155338699223533,25.817897858028918,5.048407618475687e-46,1.3243945793754193,0.3139481943276068,2.334840964423232
task_mean,STT,loudness_sma3_percentile20.0,1,ASUS_FX63VD_laptop,2,iPad_2021,1_vs_2,101,0.1560920080112769,poor,0.3180869745768159,0.0011887329117011,0.4634944670937682,1.0549770328286343e-06,0.6796641033400994,0.1659123566917288,0.4317820295977621,0.177668555644885,-0.2478820737423372,0.2008488641128594,-12.403276567280855,6.008438901555414e-22,-0.2478820737423372,-0.6415458474035417,0.1457816999188672
task_mean,STT,loudness_sma3_percentile20.0,1,ASUS_FX63VD_laptop,3,Huawei_P30_phone,1_vs_3,101,0.2191849088792331,poor,0.6590324155989784,6.773284300832389e-14,0.6923937099592311,1.0585284279866932e-15,0.6796641033400994,0.1659123566917288,1.1357472141800593,0.3797081408882688,0.45608311083996,0.2977740333515102,15.39280804725092,3.962763830189465e-28,0.45608311083996,-0.127553994529,1.03972021620892
task_mean,STT,loudness_sma3_percentile20.0,2,iPad_2021,3,Huawei_P30_phone,2_vs_3,101,0.0509790021883043,poor,0.2531144643636934,0.0106543261840776,0.5048107163657541,7.322158214796311e-08,0.4317820295977621,0.177668555644885,1.1357472141800593,0.3797081408882688,0.7039651845822974,0.3762885491561066,18.801429282176937,1.3340979722883895e-34,0.7039651845822974,-0.0335603717636715,1.4414907409282662
task_mean,STT,loudness_sma3_percentile50.0,1,ASUS_FX63VD_laptop,2,iPad_2021,1_vs_2,101,0.1676539517246665,poor,0.3813619893496111,8.329547920776355e-05,0.5418054746651135,4.884408325115852e-09,1.154906982284273,0.2585789758673971,0.6920878171668178,0.3312779884941639,-0.4628191651174553,0.3335747214392917,-13.94372758353015,3.4664079044211286e-25,-0.4628191651174553,-1.116625619138467,0.1909872889035563
task_mean,STT,loudness_sma3_percentile50.0,1,ASUS_FX63VD_laptop,3,Huawei_P30_phone,1_vs_3,101,0.1600634565863636,poor,0.7129036615642825,6.138704601419229e-17,0.7264997087944088,8.075627459464125e-18,1.154906982284273,0.2585789758673971,2.136065392773414,0.6049540873256283,0.9811584104891412,0.4580346759421891,21.52788971653554,2.5095510667359196e-39,0.9811584104891412,0.0834104456424503,1.878906375335832
task_mean,STT,loudness_sma3_percentile50.0,2,iPad_2021,3,Huawei_P30_phone,2_vs_3,101,0.0428150420012898,poor,0.2731550562223039,0.0057137565387944,0.6194408852649971,4.998471570793188e-12,0.6920878171668178,0.3312779884941639,2.136065392773414,0.6049540873256283,1.443977575606597,0.6051691094806949,23.97973526273801,2.9434287696218377e-43,1.443977575606597,0.2578461210244347,2.630109030188758
task_mean,STT,loudness_sma3_percentile80.0,1,ASUS_FX63VD_laptop,2,iPad_2021,1_vs_2,101,0.2024670231023722,poor,0.46667129511069,8.698644054519446e-07,0.6784158415841584,6.4600590217554495e-15,1.628788775718636,0.3792981695312692,0.9567843827135366,0.4610038953674025,-0.6720043930050993,0.4395330888921144,-15.365306360827326,4.495800647314032e-28,-0.6720043930050993,-1.5334892472336437,0.1894804612234449
task_mean,STT,loudness_sma3_percentile80.0,1,ASUS_FX63VD_laptop,3,Huawei_P30_phone,1_vs_3,101,0.1644137008414063,poor,0.7785275569547186,9.55706573228213e-22,0.7919510774606872,6.175076822048351e-23,1.628788775718636,0.3792981695312692,2.985144144668169,0.6805904528196848,1.356355368949533,0.4529037495248152,30.0973501992071,6.258243136286437e-52,1.356355368949533,0.4686640198808951,2.2440467180181707
task_mean,STT,loudness_sma3_percentile80.0,2,iPad_2021,3,Huawei_P30_phone,2_vs_3,101,0.0405433301738542,poor,0.3091713412516035,0.0016557076065231,0.6694467093768199,1.9586619219281046e-14,0.9567843827135366,0.4610038953674025,2.985144144668169,0.6805904528196848,2.0283597619546323,0.6940604732138453,29.37029856798909,5.643666950483863e-51,2.0283597619546323,0.6680012344554955,3.3887182894537693
task_mean,STT,loudness_sma3_stddevFallingSlope,1,ASUS_FX63VD_laptop,2,iPad_2021,1_vs_2,101,0.498841001731988,poor,0.6246969062184348,2.924303344288563e-12,0.3666713260646724,0.0001623533055273,1.120046495686473,1.351243770961338,0.8545928955860048,0.7030708562041854,-0.2654536001004681,1.0645276436269675,-2.506065183144565,0.0138214223775755,-0.2654536001004681,-2.3519277816093247,1.821020581408388
task_mean,STT,loudness_sma3_stddevFallingSlope,1,ASUS_FX63VD_laptop,3,Huawei_P30_phone,1_vs_3,101,0.3766481832184501,poor,0.6233993246481098,3.3412161370869093e-12,0.5743872891622402,3.378512805984732e-10,1.120046495686473,1.351243770961338,2.8993725330913938,2.048292250446064,1.7793260374049211,1.6032915219656532,11.153308752869734,2.984111438514836e-19,1.7793260374049211,-1.363125345647759,4.921777420457602
task_mean,STT,loudness_sma3_stddevFallingSlope,2,iPad_2021,3,Huawei_P30_phone,2_vs_3,101,0.1582839393722751,poor,0.4857212228395753,2.6235819094970485e-07,0.4141272947535178,1.669425622601837e-05,0.8545928955860048,0.7030708562041854,2.8993725330913938,2.048292250446064,2.044779637505389,1.8140674643403851,11.328013667342823,1.2449443670964338e-19,2.044779637505389,-1.5107925926017658,5.600351867612545
task_mean,STT,loudness_sma3_stddevNorm,1,ASUS_FX63VD_laptop,2,iPad_2021,1_vs_2,101,0.6509129481653689,moderate,0.7338766838562517,2.551515424098521e-18,0.7210832847990681,1.8379714636778402e-17,0.4044635794410975,0.0801351208108951,0.3624290522801937,0.0869475748454145,-0.0420345271609038,0.0612769687757496,-6.893973024443939,4.951292941330227e-10,-0.0420345271609038,-0.1621373859613733,0.0780683316395655
task_mean,STT,loudness_sma3_stddevNorm,1,ASUS_FX63VD_laptop,3,Huawei_P30_phone,1_vs_3,101,0.4546090520687996,poor,0.5880539171372293,1.0074998751835317e-10,0.6310075713453698,1.515824726489894e-12,0.4044635794410975,0.0801351208108951,0.4707354178734317,0.1019987048172938,0.0662718384323342,0.084924943415793,7.84249840670628,4.9493916700235424e-12,0.0662718384323342,-0.1001810506626201,0.2327247275272885
task_mean,STT,loudness_sma3_stddevNorm,2,iPad_2021,3,Huawei_P30_phone,2_vs_3,101,0.2520958399582749,poor,0.4205588895190515,1.1933080300533046e-05,0.4320908561444379,6.422787857661227e-06,0.3624290522801937,0.0869475748454145,0.4707354178734317,0.1019987048172938,0.108306365593238,0.1024896573802986,10.620247262109816,4.3398208737260885e-18,0.108306365593238,-0.0925733628721472,0.3091860940586234
task_mean,STT,loudness_sma3_stddevRisingSlope,1,ASUS_FX63VD_laptop,2,iPad_2021,1_vs_2,101,0.2585038947097806,poor,0.4846169154028769,2.8179816172041586e-07,0.5313570180547466,1.0846306331239672e-08,4.260557458962039,1.5717238107916072,2.5130899754216416,1.163738448108027,-1.7474674835403967,1.43241094965414,-12.26032994635685,1.2145175366152865e-21,-1.7474674835403967,-4.554992944862511,1.0600579777817176
task_mean,STT,loudness_sma3_stddevRisingSlope,1,ASUS_FX63VD_laptop,3,Huawei_P30_phone,1_vs_3,101,0.1769033427271663,poor,0.5492599121665622,2.7183003930548863e-09,0.5707979033197438,4.6001190612165216e-10,4.260557458962039,1.5717238107916072,8.498885586385903,3.024237027591196,4.238328127423864,2.5287880741273887,16.84390675434763,5.812538629780136e-31,4.238328127423864,-0.7180964978658171,9.194752752713546
task_mean,STT,loudness_sma3_stddevRisingSlope,2,iPad_2021,3,Huawei_P30_phone,2_vs_3,101,0.0457376139836049,poor,0.3005080455466188,0.0022627990450525,0.369668025626092,0.0001420546071224,2.5130899754216416,1.163738448108027,8.498885586385903,3.024237027591196,5.985795610964263,2.8956982196533354,20.77443739660272,4.6430979528054595e-38,5.985795610964263,0.3102271004437256,11.6613641214848
task_mean,STT,mfcc1V_sma3nz_amean,1,ASUS_FX63VD_laptop,2,iPad_2021,1_vs_2,101,0.500074755607331,moderate,0.7939543534734783,4.032717171367777e-23,0.7808503203261502,6.032201926122907e-22,32.120230963559415,3.89028874866575,36.78526552457704,5.016991433056817,4.665034561017618,3.0516338949608675,15.363250874842754,4.538424424003641e-28,4.665034561017618,-1.316167873105682,10.646236995140915
task_mean,STT,mfcc1V_sma3nz_amean,1,ASUS_FX63VD_laptop,3,Huawei_P30_phone,1_vs_3,101,0.4843447522896369,poor,0.5821585340436015,1.7096463521855708e-10,0.6404659289458358,5.502480014358314e-13,32.120230963559415,3.89028874866575,33.870330138175014,6.665402358296299,1.7500991746155856,5.419483179765134,3.2453793924820697,0.0015959588169623,1.7500991746155856,-8.872087857724075,12.372286206955248
task_mean,STT,mfcc1V_sma3nz_amean,2,iPad_2021,3,Huawei_P30_phone,2_vs_3,101,0.5435279553839015,moderate,0.632466794245076,1.299373185926582e-12,0.6774140943506116,7.326208686772063e-15,36.78526552457704,5.016991433056817,33.870330138175014,6.665402358296299,-2.9149353864020324,5.22475600350715,-5.606910266676589,1.831877570425896e-07,-2.9149353864020324,-13.155457153276046,7.325586380471982
task_mean,STT,mfcc1V_sma3nz_stddevNorm,1,ASUS_FX63VD_laptop,2,iPad_2021,1_vs_2,101,0.6958355433592027,moderate,0.7843315041406645,2.994727678884802e-22,0.676039603960396,8.699735945604242e-15,0.1839922650363633,0.0930051620112237,0.1390006075862633,0.0861111209379386,-0.0449916574500999,0.0591777858433812,-7.64071441534262,1.3349593155990064e-11,-0.0449916574500999,-0.1609801177031272,0.0709968028029273
task_mean,STT,mfcc1V_sma3nz_stddevNorm,1,ASUS_FX63VD_laptop,3,Huawei_P30_phone,1_vs_3,101,0.2166265539083399,poor,0.5265297396928068,1.553907242813471e-08,0.5584391380314502,1.294800057528866e-09,0.1839922650363633,0.0930051620112237,0.3327454791676466,0.3724200738778686,0.1487532141312833,0.3329742657632277,4.489690207243806,1.9140212055604897e-05,0.1487532141312833,-0.503876346764643,0.8013827750272096
task_mean,STT,mfcc1V_sma3nz_stddevNorm,2,iPad_2021,3,Huawei_P30_phone,2_vs_3,101,0.175469964351201,poor,0.4993319950008603,1.0645841163262126e-07,0.5012463599301106,9.347779872424517e-08,0.1390006075862633,0.0861111209379386,0.3327454791676466,0.3724200738778686,0.1937448715813832,0.3377649652361842,5.764694571745803,9.120220671220083e-08,0.1937448715813832,-0.4682744602815378,0.8557642034443043
task_mean,STT,mfcc1_sma3_amean,1,ASUS_FX63VD_laptop,2,iPad_2021,1_vs_2,101,0.4947501963883822,poor,0.7898145937904931,9.677632934881112e-23,0.7929761211415258,4.9683540981434213e-23,30.865003606486,4.391581367791461,35.965555697566856,5.024773769102597,5.100552091080853,3.110808645108928,16.47800297681625,2.9377262184093545e-30,5.100552091080853,-0.9966328533326464,11.197737035494352
task_mean,STT,mfcc1_sma3_amean,1,ASUS_FX63VD_laptop,3,Huawei_P30_phone,1_vs_3,101,0.5561467922352311,moderate,0.6684091098773318,2.2213362292427006e-14,0.6754455445544554,9.367766878300164e-15,30.865003606486,4.391581367791461,33.4674799048754,6.708287416126488,2.602476298389393,4.990436408385918,5.240937057484278,8.909420652732734e-07,2.602476298389393,-7.178779062047005,12.383731658825791
task_mean,STT,mfcc1_sma3_amean,2,iPad_2021,3,Huawei_P30_phone,2_vs_3,101,0.5935801110361285,moderate,0.6713016168855351,1.5620914902882236e-14,0.700442632498544,3.563479911161279e-16,35.965555697566856,5.024773769102597,33.4674799048754,6.708287416126488,-2.4980757926914587,4.999350253066317,-5.021722771530949,2.238882768297555e-06,-2.4980757926914587,-12.29680228870144,7.300650703318523
task_mean,STT,mfcc1_sma3_stddevNorm,1,ASUS_FX63VD_laptop,2,iPad_2021,1_vs_2,101,0.4352507040904889,poor,0.7136222011381572,5.530958079552643e-17,0.6946301688992428,7.850133606709582e-16,0.2632367687622117,0.2786259021862781,0.1642630361660447,0.107941064639367,-0.0989737325961669,0.2153114940538009,-4.619696253192189,1.1472874328570455e-05,-0.0989737325961669,-0.5209842609416169,0.3230367957492829
task_mean,STT,mfcc1_sma3_stddevNorm,1,ASUS_FX63VD_laptop,3,Huawei_P30_phone,1_vs_3,101,0.5074481498534388,moderate,0.5488656725573201,2.804879658901883e-09,0.5737798485730926,3.560604306155823e-10,0.2632367687622117,0.2786259021862781,0.3599843315673142,0.3709173592340226,0.0967475628051025,0.3190057015248324,3.0479109564196163,0.002948159238459,0.0967475628051025,-0.528503612183569,0.7219987377937741
task_mean,STT,mfcc1_sma3_stddevNorm,2,iPad_2021,3,Huawei_P30_phone,2_vs_3,101,0.296773023413091,poor,0.6916114271032129,1.1744558317635298e-15,0.5135818287711124,3.966532979792582e-08,0.1642630361660447,0.107941064639367,0.3599843315673142,0.3709173592340226,0.1957212954012695,0.3063504047580724,6.420669418539715,4.6011307960072815e-09,0.1957212954012695,-0.4047254979245523,0.7961680887270914
task_mean,STT,mfcc2V_sma3nz_amean,1,ASUS_FX63VD_laptop,2,iPad_2021,1_vs_2,101,0.5071159721977905,moderate,0.7738708450622213,2.364890034575391e-21,0.7853348864298194,2.4414927509396064e-22,9.780134904741445,8.09956214459677,1.301985137738289,8.4108584329543,-8.478149767003158,5.55937701971504,-15.326240755656496,5.3793725805585925e-28,-8.478149767003158,-19.37452872564464,2.41822919163832
task_mean,STT,mfcc2V_sma3nz_amean,1,ASUS_FX63VD_laptop,3,Huawei_P30_phone,1_vs_3,101,0.6085590574672111,moderate,0.7758651013580631,1.6086201710858085e-21,0.760990099009901,2.6009296760673102e-20,9.780134904741445,8.09956214459677,3.450630382276114,9.182289565748752,-6.329504522465332,5.874628103903224,-10.828044272595656,1.5260788196290908e-18,-6.329504522465332,-17.843775606115653,5.184766561184987
task_mean,STT,mfcc2V_sma3nz_amean,2,iPad_2021,3,Huawei_P30_phone,2_vs_3,101,0.7498447656793632,moderate,0.773435018138346,2.5713340499030308e-21,0.7307396622015143,4.1839944235431764e-18,1.301985137738289,8.4108584329543,3.450630382276114,9.182289565748752,2.148645244537825,5.965799020943862,3.619568373944592,0.0004651144315252,2.148645244537825,-9.544320836512146,13.841611325587795
task_mean,STT,mfcc2V_sma3nz_stddevNorm,1,ASUS_FX63VD_laptop,2,iPad_2021,1_vs_2,101,-0.0016547971290115,poor,-0.0033312866855355,0.9736248418651527,-0.0083634245777518,0.9338462866371926,-0.4387112082542864,16.92555866053912,0.584198059724311,4.467470980500243,1.0229092679785972,17.51960672223165,0.5867774932317223,0.5586755164433113,1.0229092679785972,-33.31551990759544,35.36133844355263
task_mean,STT,mfcc2V_sma3nz_stddevNorm,1,ASUS_FX63VD_laptop,3,Huawei_P30_phone,1_vs_3,101,-0.0282609114964757,poor,-0.0510533418484205,0.6121378893005972,0.1118462434478742,0.265473285514874,-0.4387112082542864,16.92555866053912,0.142266678998452,5.0562824397018105,0.580977887252738,17.91030037238884,0.3259998651118575,0.745105676298421,0.580977887252738,-34.52321084262939,35.68516661713486
task_mean,STT,mfcc2V_sma3nz_stddevNorm,2,iPad_2021,3,Huawei_P30_phone,2_vs_3,101,0.0711097068317141,poor,0.0713035627880214,0.4785882865227143,0.1045777518928363,0.2979830609906498,0.584198059724311,4.467470980500243,0.142266678998452,5.0562824397018105,-0.4419313807258589,6.504073026703506,-0.6828575557393674,0.4962757884839869,-0.4419313807258589,-13.18991451306473,12.306051751613014
task_mean,STT,mfcc2_sma3_amean,1,ASUS_FX63VD_laptop,2,iPad_2021,1_vs_2,101,0.4627842019668273,poor,0.774563147546445,2.0696975075901663e-21,0.789015725101922,1.1432740856152908e-22,10.615794333976597,7.649892869209324,1.4199906526281705,8.206580997674562,-9.195803681348426,5.349346862376974,-17.276255515188648,8.759099849665077e-32,-9.195803681348426,-19.680523531607296,1.2889161689104434
task_mean,STT,mfcc2_sma3_amean,1,ASUS_FX63VD_laptop,3,Huawei_P30_phone,1_vs_3,101,0.5426757854410308,moderate,0.7453122005625772,3.957614882651364e-19,0.7261619103086778,8.505495117438178e-18,10.615794333976597,7.649892869209324,3.612888905486487,8.72576257833257,-7.00290542849011,5.929494252546155,-11.86919584458271,8.40464103176789e-21,-7.00290542849011,-18.62471416348057,4.618903306500353
task_mean,STT,mfcc2_sma3_amean,2,iPad_2021,3,Huawei_P30_phone,2_vs_3,101,0.7477162724428864,moderate,0.7725316745850954,3.0566082866849916e-21,0.7366453115899825,1.6394470224288446e-18,1.4199906526281705,8.206580997674562,3.612888905486487,8.72576257833257,2.1928982528583165,5.731226863834353,3.8453118703200495,0.0002119213161463,2.1928982528583165,-9.040306400257014,13.426102905973648
task_mean,STT,mfcc2_sma3_stddevNorm,1,ASUS_FX63VD_laptop,2,iPad_2021,1_vs_2,101,-0.1977811396171348,poor,-0.5723253897662641,4.035739760218922e-10,0.0732090856144438,0.4668821674718117,-3.596330601018197,21.3523927349108,0.1086063696197246,3.8767974835130654,3.7049369706379207,23.784599416846888,1.5654733168484718,0.1206311071046424,3.7049369706379207,-42.91287788638198,50.32275182765783
task_mean,STT,mfcc2_sma3_stddevNorm,1,ASUS_FX63VD_laptop,3,Huawei_P30_phone,1_vs_3,101,0.0215562025529625,poor,0.0259426228064808,0.7967787580256572,0.0184624344787419,0.8546008903543927,-3.596330601018197,21.3523927349108,0.9275248587090144,11.922217702733288,4.52385545972721,24.1837886559435,1.8799446747155424,0.0630263770693722,4.52385545972721,-42.876370305922045,51.92408122537646
task_mean,STT,mfcc2_sma3_stddevNorm,2,iPad_2021,3,Huawei_P30_phone,2_vs_3,101,-0.0248204579393756,poor,-0.0419522816631986,0.6770070612072236,0.2230634828188701,0.0249492731285067,0.1086063696197246,3.8767974835130654,0.9275248587090144,11.922217702733288,0.8189184890892895,12.690425705058704,0.6485226855630951,0.5181334217036595,0.8189184890892895,-24.054315892825773,25.69215287100435
task_mean,STT,mfcc3V_sma3nz_amean,1,ASUS_FX63VD_laptop,2,iPad_2021,1_vs_2,101,0.6011931197687721,moderate,0.7555791213655174,6.811248381267538e-20,0.7395690157251018,1.0214164576867085e-18,6.282084893256435,9.803749552775578,-0.9528325967013044,10.3585430017264,-7.23491748995774,7.067597067045933,-10.287799405284757,2.3173734715573614e-17,-7.23491748995774,-21.08740774136777,6.617572761452288
task_mean,STT,mfcc3V_sma3nz_amean,1,ASUS_FX63VD_laptop,3,Huawei_P30_phone,1_vs_3,101,0.6145716953511975,moderate,0.6366402789600984,8.325077824290784e-13,0.6596854979615608,6.275278615468487e-14,6.282084893256435,9.803749552775578,9.00311724106135,10.782410497590066,2.721032347804913,8.81917648568746,3.100747184373224,0.0025081544001115,2.721032347804913,-14.564553564142509,20.006618259752337
task_mean,STT,mfcc3V_sma3nz_amean,2,iPad_2021,3,Huawei_P30_phone,2_vs_3,101,0.4494283700589208,poor,0.6476441607397984,2.490275595092717e-13,0.5993826441467676,3.5377282395236396e-11,-0.9528325967013044,10.3585430017264,9.00311724106135,10.782410497590066,9.955949837762653,8.881945467350118,11.265106043201657,1.7051782312856916e-19,9.955949837762653,-7.452663278243577,27.36456295376888
task_mean,STT,mfcc3V_sma3nz_stddevNorm,1,ASUS_FX63VD_laptop,2,iPad_2021,1_vs_2,101,0.1593336557063351,poor,0.1992749904075732,0.0457333461833289,0.063843913803145,0.5258951737767912,-0.1311790501214703,5.525105815506372,-0.1281962551059189,2.7221320281097845,0.0029827950155513,5.651776573590323,0.005303946205104,0.9957786496542592,0.0029827950155513,-11.074499289221482,11.080464879252585
task_mean,STT,mfcc3V_sma3nz_stddevNorm,1,ASUS_FX63VD_laptop,3,Huawei_P30_phone,1_vs_3,101,-0.0033853989930913,poor,-0.0132049259738999,0.8957264901074634,0.0782877111240536,0.436460626262051,-0.1311790501214703,5.525105815506372,-3.70738674705002,42.51249727310623,-3.5762076969285497,42.94231624360329,-0.8369469952562428,0.4046180401481867,-3.5762076969285497,-87.74314753439099,80.59073214053389
task_mean,STT,mfcc3V_sma3nz_stddevNorm,2,iPad_2021,3,Huawei_P30_phone,2_vs_3,101,0.0137597222555445,poor,0.1075938240134769,0.2841884411529539,0.168351776354106,0.0923965936713877,-0.1281962551059189,2.7221320281097845,-3.70738674705002,42.51249727310623,-3.579190491944101,42.30626332039992,-0.8502386276925551,0.3972235773218711,-3.579190491944101,-86.49946659992794,79.34108561603973
task_mean,STT,mfcc3_sma3_amean,1,ASUS_FX63VD_laptop,2,iPad_2021,1_vs_2,101,0.6217019601165934,moderate,0.7830668669877061,3.8679767861385754e-22,0.7738031450203844,2.395865192577718e-21,6.736402467965106,9.401379512364633,-0.3274110836940471,10.30436810421008,-7.063813551659153,6.545708694302099,-10.845341722395675,1.3990372447526854e-18,-7.063813551659153,-19.893402592491267,5.7657754891729605
task_mean,STT,mfcc3_sma3_amean,1,ASUS_FX63VD_laptop,3,Huawei_P30_phone,1_vs_3,101,0.6265105441045891,moderate,0.6629446944650736,4.2744827086993174e-14,0.7013046010483401,3.164516568919418e-16,6.736402467965106,9.401379512364633,10.067856339030213,10.316889585367315,3.331453871065107,8.137700252788065,4.114270125670356,7.98781619724559e-05,3.331453871065107,-12.6184386243995,19.281346366529714
task_mean,STT,mfcc3_sma3_amean,2,iPad_2021,3,Huawei_P30_phone,2_vs_3,101,0.4566595348697398,poor,0.6873401100090945,2.059578591614629e-15,0.6413395457192778,5.001944941769034e-13,-0.3274110836940471,10.30436810421008,10.067856339030213,10.316889585367315,10.395267422724258,8.153360949500897,12.813261340167193,8.065260953216745e-23,10.395267422724258,-5.5853200382975,26.375854883746012
task_mean,STT,mfcc3_sma3_stddevNorm,1,ASUS_FX63VD_laptop,2,iPad_2021,1_vs_2,101,0.0580805804484661,poor,0.3403854170515918,0.0004960880302786,0.1292603377984857,0.1976440605245601,1.1194720312732995,5.906812415199265,-7.408366115762349,68.3004808416191,-8.527838147035649,66.52215574574704,-1.2883483966202882,0.2005976690914327,-8.527838147035649,-138.91126340869985,121.85558711462856
task_mean,STT,mfcc3_sma3_stddevNorm,1,ASUS_FX63VD_laptop,3,Huawei_P30_phone,1_vs_3,101,0.007428548681898,poor,0.0098232289935841,0.9223327122660404,-0.0950378567268491,0.344468977137128,1.1194720312732995,5.906812415199265,-0.9090593903320188,12.70318648159378,-2.0285314216053183,13.95661853913982,-1.4607039967093245,0.1472315818034169,-2.0285314216053183,-29.383503758319367,25.32644091510873
task_mean,STT,mfcc3_sma3_stddevNorm,2,iPad_2021,3,Huawei_P30_phone,2_vs_3,101,-0.0105035175226851,poor,-0.0291770031994044,0.7720939094720756,0.2357251019219569,0.0176411788137447,-7.408366115762349,68.3004808416191,-0.9090593903320188,12.70318648159378,6.499306725430331,69.83520985208705,0.9353050467297666,0.3518842612091676,6.499306725430331,-130.37770458466028,143.37631803552094
task_mean,STT,mfcc4V_sma3nz_amean,1,ASUS_FX63VD_laptop,2,iPad_2021,1_vs_2,101,0.5314502182846081,moderate,0.727143499691876,7.314041776228478e-18,0.7236808386721023,1.241965576686482e-17,-12.236896798028722,11.070597966571189,-22.250895345993825,12.434578507477726,-10.013998547965103,8.773957086780406,-11.470245281774451,6.118586862114711e-20,-10.013998547965103,-27.2109544380547,7.182957342124494
task_mean,STT,mfcc4V_sma3nz_amean,1,ASUS_FX63VD_laptop,3,Huawei_P30_phone,1_vs_3,101,0.3155872016419687,poor,0.7217277215520913,1.6683429387479058e-17,0.648013977868375,2.389243174782957e-13,-12.236896798028722,11.070597966571189,-28.6503089367998,9.517918012724053,-16.413412138771076,7.813666414045338,-21.110800202109576,1.251764461457637e-38,-16.413412138771076,-31.728198310299938,-1.0986259672422136
task_mean,STT,mfcc4V_sma3nz_amean,2,iPad_2021,3,Huawei_P30_phone,2_vs_3,101,0.5071834264559791,moderate,0.6110265003425757,1.1551656911240502e-11,0.6177285963890506,5.939484121663936e-12,-22.250895345993825,12.434578507477726,-28.6503089367998,9.517918012724053,-6.39941359080597,10.028855676229666,-6.412826419283871,4.7719924866370905e-09,-6.39941359080597,-26.05597071621612,13.257143534604175
task_mean,STT,mfcc4V_sma3nz_stddevNorm,1,ASUS_FX63VD_laptop,2,iPad_2021,1_vs_2,101,0.0083653755151863,poor,0.0276828676213058,0.783470597335602,0.2147350029120559,0.0310508340209827,-0.8053753416270042,7.790900816361838,-0.5099908972223668,1.1946929027781747,0.2953844444046373,7.8492099685815635,0.378200728297877,0.7060831376768799,0.2953844444046373,-15.089067094015226,15.679835982824502
task_mean,STT,mfcc4V_sma3nz_stddevNorm,1,ASUS_FX63VD_laptop,3,Huawei_P30_phone,1_vs_3,101,-0.0280656949569306,poor,-0.0577526416307509,0.566196880210956,0.0536284216656959,0.5942870120146089,-0.8053753416270042,7.790900816361838,-0.462466556850699,2.001064124074749,0.3429087847763051,8.15494519694592,0.4225890613810868,0.6735023939561444,0.3429087847763051,-15.6407838012377,16.32660137079031
task_mean,STT,mfcc4V_sma3nz_stddevNorm,2,iPad_2021,3,Huawei_P30_phone,2_vs_3,101,0.1961740183008099,poor,0.2211684767010806,0.0262393642254203,0.2896796738497379,0.003300367628467,-0.5099908972223668,1.1946929027781747,-0.462466556850699,2.001064124074749,0.0475243403716679,2.091428406437093,0.2283672289431737,0.8198270974861891,0.0475243403716679,-4.051675336245034,4.14672401698837
task_mean,STT,mfcc4_sma3_amean,1,ASUS_FX63VD_laptop,2,iPad_2021,1_vs_2,101,0.5415578056110703,moderate,0.7474631806895532,2.75659401700684e-19,0.750215492137449,1.7261674347738048e-19,-10.052243678261153,10.876604303931458,-20.05677519028712,12.245528041547203,-10.004531512025968,8.31532262904923,-12.09144874213277,2.795619541534414e-21,-10.004531512025968,-26.30256386496246,6.293500840910525
task_mean,STT,mfcc4_sma3_amean,1,ASUS_FX63VD_laptop,3,Huawei_P30_phone,1_vs_3,101,0.3265804182424611,poor,0.7466524825888453,3.1604846973261863e-19,0.6886429819452534,1.7370513235294144e-15,-10.052243678261153,10.876604303931458,-26.542770681456545,9.74508806643738,-16.490527003195393,7.41530123121883,-22.34942858573649,1.1227520451179863e-40,-16.490527003195393,-31.0245174163843,-1.9565365900064864
task_mean,STT,mfcc4_sma3_amean,2,iPad_2021,3,Huawei_P30_phone,2_vs_3,101,0.5295638901950195,moderate,0.6347262063923281,1.021939894288382e-12,0.6168782760629004,6.468167798095029e-12,-20.05677519028712,12.245528041547203,-26.542770681456545,9.74508806643738,-6.485995491169428,9.665980685348035,-6.743593856359607,1.011273603928576e-09,-6.485995491169428,-25.43131763445157,12.45932665211272
task_mean,STT,mfcc4_sma3_stddevNorm,1,ASUS_FX63VD_laptop,2,iPad_2021,1_vs_2,101,-0.00106315974966,poor,-0.0017955873312467,0.985781791771266,0.0116948165404775,0.9075951149771576,-0.8467998454067641,7.175078651966438,-0.174073985196089,2.3467695232733017,0.6727258602106753,7.553115249699598,0.8951023516419581,0.3728818522596516,0.6727258602106753,-14.131380029200535,15.476831749621889
task_mean,STT,mfcc4_sma3_stddevNorm,1,ASUS_FX63VD_laptop,3,Huawei_P30_phone,1_vs_3,101,-0.0057222694171226,poor,-0.0084613337162235,0.933073617572283,0.1167152009318578,0.2450931327298022,-0.8467998454067641,7.175078651966438,-2.2903204972085933,18.542613994144325,-1.4435206518018289,19.938950795951627,-0.7275810625939885,0.4685701614965957,-1.4435206518018289,-40.52386421186701,37.63682290826336
task_mean,STT,mfcc4_sma3_stddevNorm,2,iPad_2021,3,Huawei_P30_phone,2_vs_3,101,-0.0999556609358274,poor,-0.4019901960067449,3.088328389526383e-05,0.0282003494467093,0.7795250758982706,-0.174073985196089,2.3467695232733017,-2.2903204972085933,18.542613994144325,-2.116246512012504,19.60411338911227,-1.0848750875501674,0.2805855139483802,-2.116246512012504,-40.54030875467255,36.30781573064755
task_mean,STT,shimmerLocaldB_sma3nz_amean,1,ASUS_FX63VD_laptop,2,iPad_2021,1_vs_2,101,0.3655287819656387,poor,0.5995607664220964,3.478849666211519e-11,0.6507047175305765,1.7645845638471538e-13,1.2444125980280352,0.1922921326970033,1.4918587551833815,0.2734706094759899,0.2474461571553466,0.2206924053147784,11.26818613802584,1.6791062357737713e-19,0.2474461571553466,-0.1851109572616191,0.6800032715723124
task_mean,STT,shimmerLocaldB_sma3nz_amean,1,ASUS_FX63VD_laptop,3,Huawei_P30_phone,1_vs_3,101,0.3284983043910084,poor,0.475341888084291,5.086478495974292e-07,0.4956435643564356,1.364633451921787e-07,1.2444125980280352,0.1922921326970033,1.440746096705142,0.3306899179804508,0.1963334986771067,0.2930511718972409,6.733046754907049,1.0630081072620091e-09,0.1963334986771067,-0.3780467982414855,0.7707137955956991
task_mean,STT,shimmerLocaldB_sma3nz_amean,2,iPad_2021,3,Huawei_P30_phone,2_vs_3,101,0.8018908485016976,good,0.8264678173904365,1.918373269649853e-26,0.7438439138031451,5.055290764381247e-19,1.4918587551833815,0.2734706094759899,1.440746096705142,0.3306899179804508,-0.0511126584782399,0.1861731958263026,-2.7591289825115024,0.0068932877588934,-0.0511126584782399,-0.4160121222977931,0.3137868053413133
task_mean,STT,shimmerLocaldB_sma3nz_stddevNorm,1,ASUS_FX63VD_laptop,2,iPad_2021,1_vs_2,101,0.2399259061776442,poor,0.3599073128068062,0.0002184350168675,0.2536633663366336,0.010480384924114,0.6059116309692542,0.0845461849093558,0.5225417785711624,0.0812910918314158,-0.0833698523980919,0.093856911487013,-8.926957363901385,2.2179843251879043e-14,-0.0833698523980919,-0.2673293989126375,0.1005896941164535
task_mean,STT,shimmerLocaldB_sma3nz_stddevNorm,1,ASUS_FX63VD_laptop,3,Huawei_P30_phone,1_vs_3,101,0.1232000687127069,poor,0.1226038488786628,0.2219230554124226,0.1501805474665113,0.1338672045813322,0.6059116309692542,0.0845461849093558,0.6064012948821526,0.0774301301464296,0.0004896639128982,0.1074162433959913,0.0458130098874966,0.9635506528570896,0.0004896639128982,-0.2100461731432449,0.2110255009690413
task_mean,STT,shimmerLocaldB_sma3nz_stddevNorm,2,iPad_2021,3,Huawei_P30_phone,2_vs_3,101,0.1270642373795737,poor,0.1971847079378593,0.0481020178160189,0.2216074548631333,0.0259355692558821,0.5225417785711624,0.0812910918314158,0.6064012948821526,0.0774301301464296,0.0838595163109901,0.1006049490463768,8.377099899770403,3.486954957266505e-13,0.0838595163109901,-0.1133261838199083,0.2810452164418887
task_mean,STT,slopeUV0-500_sma3nz_amean,1,ASUS_FX63VD_laptop,2,iPad_2021,1_vs_2,101,0.2098000305711531,poor,0.2175962911730747,0.0288259702570152,0.1235609783239189,0.2183081484829257,0.0103582456325931,0.0148772283003661,0.0136493548128575,0.0186492740383542,0.0032911091802643,0.0211750649684296,1.561989914387458,0.121449608952489,0.0032911091802643,-0.0382120181578577,0.0447942365183864
task_mean,STT,slopeUV0-500_sma3nz_amean,1,ASUS_FX63VD_laptop,3,Huawei_P30_phone,1_vs_3,101,0.1596827287322495,poor,0.2357696401151401,0.0176191507939445,0.2736798333195884,0.0056178068056813,0.0103582456325931,0.0148772283003661,0.026622444560451,0.0236166722554769,0.0162641989278578,0.0247669842649136,6.599639849317325,1.993435325110568e-09,0.0162641989278578,-0.0322790902313729,0.0648074880870886
task_mean,STT,slopeUV0-500_sma3nz_amean,2,iPad_2021,3,Huawei_P30_phone,2_vs_3,101,0.3358571139213333,poor,0.4073711963127043,2.3580628854291192e-05,0.2780913670866244,0.0048661483556453,0.0136493548128575,0.0186492740383542,0.026622444560451,0.0236166722554769,0.0129730897475934,0.0233816712077789,5.576074405732687,2.0971767882557802e-07,0.0129730897475934,-0.0328549858196532,0.0588011653148401
task_mean,STT,slopeUV500-1500_sma3nz_amean,1,ASUS_FX63VD_laptop,2,iPad_2021,1_vs_2,101,0.1026860880250074,poor,0.1427471037401646,0.1544355450966164,0.1872037096724005,0.060852662198446,-0.0036812069922186,0.0050452288091654,-0.0016868963963481,0.0025371963886162,0.0019943105958705,0.0053138651828972,3.771750458195599,0.0002747165657701,0.0019943105958705,-0.0084208651626081,0.0124094863543492
task_mean,STT,slopeUV500-1500_sma3nz_amean,1,ASUS_FX63VD_laptop,3,Huawei_P30_phone,1_vs_3,101,0.3673950637588375,poor,0.3743860597123338,0.000114809175623,0.3960317116427544,4.141276484419484e-05,-0.0036812069922186,0.0050452288091654,-0.0048097438945463,0.0050091812052579,-0.0011285369023277,0.0056234253491875,-2.016858906800837,0.0463908400430772,-0.0011285369023277,-0.0121504505867353,0.0098933767820799
task_mean,STT,slopeUV500-1500_sma3nz_amean,2,iPad_2021,3,Huawei_P30_phone,2_vs_3,101,0.1702454039764869,poor,0.2748624643187118,0.0054068052392036,0.1331261498213146,0.184454539131379,-0.0016868963963481,0.0025371963886162,-0.0048097438945463,0.0050091812052579,-0.0031228474981982,0.0049540544773309,-6.335059310354901,6.844112880420197e-09,-0.0031228474981982,-0.0128327942737669,0.0065870992773704
task_mean,STT,slopeV0-500_sma3nz_amean,1,ASUS_FX63VD_laptop,2,iPad_2021,1_vs_2,101,0.2483268729494555,poor,0.7442456635595932,4.728560907533432e-19,0.7108095515433895,8.303191905134296e-17,0.0573029989563879,0.030057738584326,0.1074017531014816,0.0214852868403007,0.0500987541450936,0.0200952429078504,25.054996858714887,6.808947628672486e-45,0.0500987541450936,0.0107120780457067,0.0894854302444805
task_mean,STT,slopeV0-500_sma3nz_amean,1,ASUS_FX63VD_laptop,3,Huawei_P30_phone,1_vs_3,101,0.1619193197579285,poor,0.5059134215001633,6.785450786805876e-08,0.492090856144438,1.728588243992388e-07,0.0573029989563879,0.030057738584326,0.0981211624526832,0.0148132483765858,0.0408181634962953,0.0259303161308217,15.819994794924414,5.647807547975035e-29,0.0408181634962953,-0.0100052561201153,0.0916415831127059
task_mean,STT,slopeV0-500_sma3nz_amean,2,iPad_2021,3,Huawei_P30_phone,2_vs_3,101,0.5746285685081584,moderate,0.6904090120802483,1.3769973006888477e-15,0.6843564356435642,3.0319429250284506e-15,0.1074017531014816,0.0214852868403007,0.0981211624526832,0.0148132483765858,-0.0092805906487983,0.0155428832366502,-6.000738749103682,3.1619008722267134e-08,-0.0092805906487983,-0.0397446417926328,0.0211834604950361
task_mean,STT,slopeV0-500_sma3nz_stddevNorm,1,ASUS_FX63VD_laptop,2,iPad_2021,1_vs_2,101,0.0053581063759914,poor,0.2006114295291656,0.0442702497779198,0.4170646476412347,1.4333185545198322e-05,0.4945995071732235,5.765308175147775,0.2179829385902436,0.0764248460691117,-0.2766165685829799,5.750463910698904,-0.4834326677240778,0.6298454025576228,-0.2766165685829799,-11.547525833552832,10.994292696386871
task_mean,STT,slopeV0-500_sma3nz_stddevNorm,1,ASUS_FX63VD_laptop,3,Huawei_P30_phone,1_vs_3,101,-0.0001834644272343,poor,-0.0057131321051346,0.9547825445831412,0.3146651135701805,0.0013515530390701,0.4945995071732235,5.765308175147775,0.2909532778111487,0.0917920035756049,-0.2036462293620748,5.766563188794341,-0.3549114453087283,0.7234033538984767,-0.2036462293620748,-11.506110079398985,11.098817620674833
task_mean,STT,slopeV0-500_sma3nz_stddevNorm,2,iPad_2021,3,Huawei_P30_phone,2_vs_3,101,0.109231575196292,poor,0.1515888077997121,0.1302173563151349,0.5547117064647641,1.754582220284614e-09,0.2179829385902436,0.0764248460691117,0.2909532778111487,0.0917920035756049,0.072970339220905,0.1101802183590897,6.655848428354429,1.530315196333966e-09,0.072970339220905,-0.1429828887629107,0.2889235672047208
task_mean,STT,slopeV500-1500_sma3nz_amean,1,ASUS_FX63VD_laptop,2,iPad_2021,1_vs_2,101,0.3474554056621,poor,0.4006462118546658,3.3012216297484374e-05,0.3777635410599883,9.837824859185322e-05,-0.0288303235738215,0.0051751458759659,-0.0315635137554745,0.0073287748610707,-0.002733190181653,0.0070782818699296,-3.880634012495892,0.0001868787027035,-0.002733190181653,-0.0166066226467151,0.011140242283409
task_mean,STT,slopeV500-1500_sma3nz_amean,1,ASUS_FX63VD_laptop,3,Huawei_P30_phone,1_vs_3,101,0.1856143394277767,poor,0.2262298745899446,0.0229143031896337,0.2858008153756551,0.0037651147525957,-0.0288303235738215,0.0051751458759659,-0.0324872892516772,0.0059760007711195,-0.0036569656778557,0.0069643121773226,-5.277197414100888,7.635043033096779e-07,-0.0036569656778557,-0.017307017545408,0.0099930861896965
task_mean,STT,slopeV500-1500_sma3nz_amean,2,iPad_2021,3,Huawei_P30_phone,2_vs_3,101,0.5484690590005611,moderate,0.5627832704174299,9.043315476323224e-10,0.6059638905066977,1.8897702981938908e-11,-0.0315635137554745,0.0073287748610707,-0.0324872892516772,0.0059760007711195,-0.0009237754962026,0.0063346155192369,-1.4655710059249984,0.1459024722660391,-0.0009237754962026,-0.013339621913907,0.0114920709215017
task_mean,STT,slopeV500-1500_sma3nz_stddevNorm,1,ASUS_FX63VD_laptop,2,iPad_2021,1_vs_2,101,0.0021783169790008,poor,0.0024800070790196,0.9803632001506905,0.0771228887594641,0.4433368760569011,-0.4980020900745832,1.0058835583192254,-0.4500624198389418,1.7255266931394193,0.0479396702356414,1.9951529038062847,0.2414790978007796,0.8096782819213564,0.0479396702356414,-3.862560021224677,3.95843936169596
task_mean,STT,slopeV500-1500_sma3nz_stddevNorm,1,ASUS_FX63VD_laptop,3,Huawei_P30_phone,1_vs_3,101,-0.0563566370528497,poor,-0.0564554532488078,0.5749641643043676,0.187361677344205,0.0606312655202424,-0.4980020900745832,1.0058835583192254,-0.645666036719171,1.0739102175904591,-0.1476639466445878,1.5123010554421228,-0.9812889385758504,0.3288184252909527,-0.1476639466445878,-3.1117740153111484,2.816446122021973
task_mean,STT,slopeV500-1500_sma3nz_stddevNorm,2,iPad_2021,3,Huawei_P30_phone,2_vs_3,101,-0.0015274181599814,poor,-0.0017012991280038,0.98652833322276,0.1262085032032615,0.2085265119299242,-0.4500624198389418,1.7255266931394193,-0.645666036719171,1.0739102175904591,-0.1956036168802292,2.0339692095619646,-0.9664807173315269,0.3361352756193388,-0.1956036168802292,-4.18218326762168,3.790976033861221
task_mean,STT,spectralFluxUV_sma3nz_amean,1,ASUS_FX63VD_laptop,2,iPad_2021,1_vs_2,101,0.0707652282906964,poor,0.1807277735452836,0.0705119679457399,0.2815855295802286,0.0043358197502917,0.1313657976607318,0.1711851586039022,0.0285553653680621,0.0479030208501039,-0.1028104322926696,0.169218849393906,-6.105892226520538,1.9610095607972568e-08,-0.1028104322926696,-0.4344793771047255,0.2288585125193862
task_mean,STT,spectralFluxUV_sma3nz_amean,1,ASUS_FX63VD_laptop,3,Huawei_P30_phone,1_vs_3,101,0.2197496209928983,poor,0.3684831993827179,0.0001497811613405,0.36756129664401,0.0001560606620217,0.1313657976607318,0.1711851586039022,0.3213883596326373,0.4231308634217652,0.1900225619719054,0.3936532298947781,4.851231916818875,4.518083403006073e-06,0.1900225619719054,-0.5815377686218597,0.9615828925656706
task_mean,STT,spectralFluxUV_sma3nz_amean,2,iPad_2021,3,Huawei_P30_phone,2_vs_3,101,0.0703441672466105,poor,0.4606640043460725,1.250811278849714e-06,0.2854369251075828,0.0038115856016663,0.0285553653680621,0.0479030208501039,0.3213883596326373,0.4231308634217652,0.2928329942645751,0.4033110491965128,7.296936634843955,7.134876860942855e-11,0.2928329942645751,-0.4976566621605898,1.0833226506897402
task_mean,STT,spectralFluxV_sma3nz_amean,1,ASUS_FX63VD_laptop,2,iPad_2021,1_vs_2,101,0.0858140045346357,poor,0.2188755503866633,0.0278758560990388,0.5498078043098428,2.602221653110156e-09,0.998894111737378,0.2244874774194509,0.5478866830353614,0.2984774097628824,-0.4510074287020165,0.3318917352795227,-13.656768400211703,1.364688741313496e-24,-0.4510074287020165,-1.101515229849881,0.1995003724458479
task_mean,STT,spectralFluxV_sma3nz_amean,1,ASUS_FX63VD_laptop,3,Huawei_P30_phone,1_vs_3,101,0.0509596242774326,poor,0.5742582526026159,3.4164289577955765e-10,0.5698311007571345,4.995730248472198e-10,0.998894111737378,0.2244874774194509,2.6444025773938407,0.6207608198215087,1.6455084656564634,0.5250612986481583,31.49566623159255,1.0247259061265166e-53,1.6455084656564634,0.6163883203060732,2.6746286110068533
task_mean,STT,spectralFluxV_sma3nz_amean,2,iPad_2021,3,Huawei_P30_phone,2_vs_3,101,0.0033362409512157,poor,0.0438025144875309,0.6636065147367396,0.5728829353523587,3.846814925622874e-10,0.5478866830353614,0.2984774097628824,2.6444025773938407,0.6207608198215087,2.0965158943584803,0.6769054807235632,31.126537716142785,2.990041143187108e-53,2.0965158943584803,0.7697811521402966,3.423250636576664
task_mean,STT,spectralFluxV_sma3nz_stddevNorm,1,ASUS_FX63VD_laptop,2,iPad_2021,1_vs_2,101,0.6466592031493094,moderate,0.6611714399501736,5.2706489679360945e-14,0.6294700058241117,1.7814615896491837e-12,0.398415040605665,0.0656648481083545,0.3998111938464768,0.0823972439239394,0.0013961532408117,0.0628212255730493,0.2233507272453236,0.8237181740540843,0.0013961532408117,-0.1217334488823648,0.1245257553639884
task_mean,STT,spectralFluxV_sma3nz_stddevNorm,1,ASUS_FX63VD_laptop,3,Huawei_P30_phone,1_vs_3,101,0.3993339488191867,poor,0.4753157930597341,5.094812542382388e-07,0.6152125800815376,7.638408245239287e-12,0.398415040605665,0.0656648481083545,0.4391138705090494,0.0926856702372193,0.0406988299033842,0.0843610150244265,4.848426472058651,4.5700800959954695e-06,0.0406988299033842,-0.1246487595444917,0.2060464193512602
task_mean,STT,spectralFluxV_sma3nz_stddevNorm,2,iPad_2021,3,Huawei_P30_phone,2_vs_3,101,0.4944094879196916,poor,0.5455780999857563,3.6373188487586973e-09,0.6165637740244613,6.674981592665536e-12,0.3998111938464768,0.0823972439239394,0.4391138705090494,0.0926856702372193,0.0393026766625724,0.0839448128528689,4.705317679703237,8.152761995687937e-06,0.0393026766625724,-0.1252291565290507,0.2038345098541956
task_mean,STT,spectralFlux_sma3_amean,1,ASUS_FX63VD_laptop,2,iPad_2021,1_vs_2,101,0.0797661917608322,poor,0.2146510756810156,0.0311182254114265,0.5223412929528246,2.1132098635785043e-08,0.9017633199499344,0.1986586165301131,0.4885463562025612,0.2581733907119511,-0.413216963747373,0.2900009286249795,-14.319882042752242,5.832577536052951e-26,-0.413216963747373,-0.9816187838523328,0.1551848563575867
task_mean,STT,spectralFlux_sma3_amean,1,ASUS_FX63VD_laptop,3,Huawei_P30_phone,1_vs_3,101,0.0514448725069817,poor,0.5589173115155054,1.2449581646498354e-09,0.559662201514269,1.170965005174125e-09,0.9017633199499344,0.1986586165301131,2.335678765254093,0.5567626854226875,1.4339154453041594,0.4751957990621755,30.325756046141848,3.1638735077661333e-52,1.4339154453041594,0.5025316791422954,2.365299211466024
task_mean,STT,spectralFlux_sma3_amean,2,iPad_2021,3,Huawei_P30_phone,2_vs_3,101,0.0039297294765226,poor,0.0517382484862621,0.6073672248567564,0.5445195107746068,3.952447638758969e-09,0.4885463562025612,0.2581733907119511,2.335678765254093,0.5567626854226875,1.847132409051532,0.6014684865301724,30.86354710585168,6.453165545525913e-53,1.847132409051532,0.6682541754523943,3.02601064265067
task_mean,STT,spectralFlux_sma3_stddevNorm,1,ASUS_FX63VD_laptop,2,iPad_2021,1_vs_2,101,0.7043998815927003,moderate,0.7243187532689658,1.1272189728744817e-17,0.6700407687827606,1.8220875006489864e-14,0.4824114822423516,0.0787902937014509,0.4883972801370928,0.1001980074650239,0.0059857978947413,0.0693620453201632,0.8672830228354118,0.3878633345028364,0.0059857978947413,-0.1299638109327786,0.1419354067222613
task_mean,STT,spectralFlux_sma3_stddevNorm,1,ASUS_FX63VD_laptop,3,Huawei_P30_phone,1_vs_3,101,0.3173565389740661,poor,0.4199355777865919,1.2331472872665854e-05,0.5783692486895748,2.388458106897036e-10,0.4824114822423516,0.0787902937014509,0.5503105380933117,0.1173899677406976,0.06789905585096,0.1105449545848255,6.172846772215856,1.4441361601722413e-08,0.06789905585096,-0.1487690551352981,0.2845671668372182
task_mean,STT,spectralFlux_sma3_stddevNorm,2,iPad_2021,3,Huawei_P30_phone,2_vs_3,101,0.415029289107763,poor,0.4857067029314217,2.626053132079926e-07,0.5892603377984856,9.029775358021164e-11,0.4883972801370928,0.1001980074650239,0.5503105380933117,0.1173899677406976,0.0619132579562186,0.1113285532459861,5.58904722657756,1.9812619298098665e-07,0.0619132579562186,-0.1562907064059141,0.2801172223183515
