Device_ID,Device_Name,Task,Feature,N,Mean,SD,Median,Q1,Q3,IQR,Min,Max
1,ASUS_FX63VD_laptop,Dots,F0semitoneFrom27.5Hz_sma3nz_amean,1208,30.532528925415697,5.270298377904321,31.774805068969727,25.90635585784912,34.89139366149902,8.985037803649902,14.66722583770752,41.76467514038086
2,iPad_2021,Dots,F0semitoneFrom27.5Hz_sma3nz_amean,1207,31.72958791996688,5.405407884985447,33.099124908447266,27.959339141845703,35.56465148925781,7.605312347412109,0.0,55.93328475952149
3,Huawei_P30_phone,Dots,F0semitoneFrom27.5Hz_sma3nz_amean,1204,32.626931876439194,5.211983903310011,33.60298538208008,29.78585052490234,35.921335220336914,6.135484695434574,0.0,55.06515884399414
1,ASUS_FX63VD_laptop,Dots,F0semitoneFrom27.5Hz_sma3nz_meanFallingSlope,1208,34.860665841583184,102.04616579555632,10.755421161651611,0.0,36.06468963623047,36.06468963623047,-342.4178161621094,1090.4461669921875
2,iPad_2021,Dots,F0semitoneFrom27.5Hz_sma3nz_meanFallingSlope,1207,38.187973752247466,92.7869664325084,11.823936462402344,0.0,58.95954322814941,58.95954322814941,-392.60296630859375,820.1046142578125
3,Huawei_P30_phone,Dots,F0semitoneFrom27.5Hz_sma3nz_meanFallingSlope,1204,43.98261472647175,108.9180925494296,13.001838207244877,0.0,62.99283599853516,62.99283599853516,-444.0046081542969,960.3499145507812
1,ASUS_FX63VD_laptop,Dots,F0semitoneFrom27.5Hz_sma3nz_meanRisingSlope,1208,45.02898086425817,85.89204214247881,17.017525672912598,6.461151719093323,44.55488109588624,38.09372937679292,-234.5342712402344,1111.7781982421875
2,iPad_2021,Dots,F0semitoneFrom27.5Hz_sma3nz_meanRisingSlope,1207,65.8499571996569,97.96508078367992,26.42029571533203,7.386327505111694,99.14374542236328,91.7574179172516,-337.51287841796875,1018.65771484375
3,Huawei_P30_phone,Dots,F0semitoneFrom27.5Hz_sma3nz_meanRisingSlope,1204,69.33636024873704,133.81736971015215,23.2822790145874,6.769716739654541,100.38760948181152,93.61789274215698,-465.9041137695313,1803.48291015625
1,ASUS_FX63VD_laptop,Dots,F0semitoneFrom27.5Hz_sma3nz_pctlrange0-2,1208,3.966574543359264,5.165619380400471,1.8623533248901367,0.9758706092834472,4.144600868225098,3.1687302589416504,0.0,26.251766204833984
2,iPad_2021,Dots,F0semitoneFrom27.5Hz_sma3nz_pctlrange0-2,1207,4.484558027246913,5.287579147008857,2.1020565032958984,0.8119850158691406,6.538606643676758,5.726621627807617,0.0,30.858970642089844
3,Huawei_P30_phone,Dots,F0semitoneFrom27.5Hz_sma3nz_pctlrange0-2,1204,4.6446722060739,5.914110779501528,2.201970100402832,0.8361234664916992,6.095308780670166,5.259185314178467,0.0,40.2445068359375
1,ASUS_FX63VD_laptop,Dots,F0semitoneFrom27.5Hz_sma3nz_percentile20.0,1208,28.528638281569577,6.178414631800085,29.589454650878903,23.205930709838867,34.1315393447876,10.92560863494873,13.032480239868164,41.24715423583984
2,iPad_2021,Dots,F0semitoneFrom27.5Hz_sma3nz_percentile20.0,1207,29.446061164362924,6.183044849918644,31.235530853271484,23.97789192199707,34.551265716552734,10.573373794555664,0.0,55.92142105102539
3,Huawei_P30_phone,Dots,F0semitoneFrom27.5Hz_sma3nz_percentile20.0,1204,30.30518335203,5.9031532737089,32.13301467895508,25.221014499664307,34.72999000549317,9.508975505828865,0.0,52.34405517578125
1,ASUS_FX63VD_laptop,Dots,F0semitoneFrom27.5Hz_sma3nz_percentile50.0,1208,30.800590684082334,5.57602252353232,32.523176193237305,25.7153377532959,35.26563262939453,9.550294876098633,14.3900785446167,42.352169036865234
2,iPad_2021,Dots,F0semitoneFrom27.5Hz_sma3nz_percentile50.0,1207,31.9457335009887,5.918982373637089,33.48207092285156,27.41793632507324,35.95070838928223,8.532772064208984,0.0,56.19970703125
3,Huawei_P30_phone,Dots,F0semitoneFrom27.5Hz_sma3nz_percentile50.0,1204,32.54532126334814,5.553392817200476,33.76800346374512,29.555652141571045,36.07743263244628,6.521780490875237,0.0,61.11504364013672
1,ASUS_FX63VD_laptop,Dots,F0semitoneFrom27.5Hz_sma3nz_percentile80.0,1208,32.49521282650777,5.742733044254701,33.822898864746094,27.37863254547119,36.54930782318115,9.17067527770996,14.912782669067385,59.3009147644043
2,iPad_2021,Dots,F0semitoneFrom27.5Hz_sma3nz_percentile80.0,1207,33.93061919160984,5.898104081353172,35.231788635253906,31.10055160522461,37.56745338439941,6.466901779174805,0.0,59.18350982666016
3,Huawei_P30_phone,Dots,F0semitoneFrom27.5Hz_sma3nz_percentile80.0,1204,34.94985556048016,6.3277375549855455,35.65434455871582,32.46061420440674,38.01626586914063,5.555651664733887,0.0,61.78472137451172
1,ASUS_FX63VD_laptop,Dots,F0semitoneFrom27.5Hz_sma3nz_stddevFallingSlope,1208,15.732917646057164,54.09633218506054,0.0,0.0,8.452289342880249,8.452289342880249,0.0,997.52587890625
2,iPad_2021,Dots,F0semitoneFrom27.5Hz_sma3nz_stddevFallingSlope,1207,16.189162923069016,38.66174575055727,0.0,0.0,10.90697193145752,10.90697193145752,0.0,545.326904296875
3,Huawei_P30_phone,Dots,F0semitoneFrom27.5Hz_sma3nz_stddevFallingSlope,1204,16.310120803053394,46.32815087979515,0.0,0.0,9.73614239692688,9.73614239692688,0.0,895.9842529296875
1,ASUS_FX63VD_laptop,Dots,F0semitoneFrom27.5Hz_sma3nz_stddevNorm,1208,0.0805607054652929,0.0874617435768844,0.0422912798821925,0.0202996958978474,0.1162064131349324,0.095906717237085,0.0,0.4517746865749359
2,iPad_2021,Dots,F0semitoneFrom27.5Hz_sma3nz_stddevNorm,1207,0.0860724949111849,0.0838292697741528,0.0503748655319213,0.0218866607174276,0.1406033486127852,0.1187166878953576,0.0,0.420845091342926
3,Huawei_P30_phone,Dots,F0semitoneFrom27.5Hz_sma3nz_stddevNorm,1204,0.0923528698383423,0.0939806483477106,0.0533137172460555,0.0210955459624528,0.15111331269145,0.1300177667289971,0.0,0.5315868258476257
1,ASUS_FX63VD_laptop,Dots,F0semitoneFrom27.5Hz_sma3nz_stddevRisingSlope,1208,11.71458335764188,32.92768574045327,0.0,0.0,4.456156849861145,4.456156849861145,0.0,532.5651245117188
2,iPad_2021,Dots,F0semitoneFrom27.5Hz_sma3nz_stddevRisingSlope,1207,16.815164641045072,49.014856290326335,0.0,0.0,13.155776023864746,13.155776023864746,0.0,1202.0040283203125
3,Huawei_P30_phone,Dots,F0semitoneFrom27.5Hz_sma3nz_stddevRisingSlope,1204,18.39343163688647,61.712029384000566,0.0,0.0,9.980619668960571,9.980619668960571,0.0,1630.656982421875
1,ASUS_FX63VD_laptop,Dots,F1amplitudeLogRelF0_sma3nz_amean,1208,-12.006457680706411,16.13448386498705,-9.180369853973389,-17.02398109436035,-3.103022396564484,13.920958697795868,-137.6298065185547,26.09970664978028
2,iPad_2021,Dots,F1amplitudeLogRelF0_sma3nz_amean,1207,-4.4079865222957295,23.11936012250549,-1.1782896518707275,-11.489819049835203,8.820239543914795,20.31005859375,-201.0,45.95479965209961
3,Huawei_P30_phone,Dots,F1amplitudeLogRelF0_sma3nz_amean,1204,-9.6204808821296,26.67798909727183,-5.614123344421387,-16.888339519500732,3.308866798877716,20.19720631837845,-201.0,37.87914657592773
1,ASUS_FX63VD_laptop,Dots,F1amplitudeLogRelF0_sma3nz_stddevNorm,1208,-5.620170367506197,112.35074723774818,-0.8049241602420807,-1.603547662496567,-0.3788363486528396,1.2247113138437271,-3651.672119140625,217.9365692138672
2,iPad_2021,Dots,F1amplitudeLogRelF0_sma3nz_stddevNorm,1207,1.3338472536165504,30.333583049966677,-0.1478987485170364,-1.2421411275863647,0.9576862156391144,2.199827343225479,-255.2375030517578,854.6768798828125
3,Huawei_P30_phone,Dots,F1amplitudeLogRelF0_sma3nz_stddevNorm,1204,5.88168767263395,211.4953781106044,-0.6199246644973755,-1.6092326641082764,0.6037534177303314,2.212986081838608,-101.64144134521484,7313.36376953125
1,ASUS_FX63VD_laptop,Dots,F1bandwidth_sma3nz_amean,1208,1223.5970389258782,147.76454234111114,1225.6553344726562,1132.198699951172,1327.4664916992188,195.26779174804688,532.2598266601562,1683.1441650390625
2,iPad_2021,Dots,F1bandwidth_sma3nz_amean,1207,1308.7984681338835,173.8027041454236,1318.18408203125,1220.0143432617188,1417.8967895507812,197.8824462890625,0.0,2046.32177734375
3,Huawei_P30_phone,Dots,F1bandwidth_sma3nz_amean,1204,1189.4271573925334,228.1122136623132,1209.1322021484375,1070.3166809082031,1336.0135192871094,265.69683837890625,0.0,1851.5916748046875
1,ASUS_FX63VD_laptop,Dots,F1bandwidth_sma3nz_stddevNorm,1208,0.1421660609452349,0.066455742269182,0.1325655207037925,0.0987201780080795,0.1721598394215106,0.0734396614134311,0.0094154831022024,0.7106813192367554
2,iPad_2021,Dots,F1bandwidth_sma3nz_stddevNorm,1207,0.1270747448887919,0.059576546033704,0.1206174343824386,0.0899230688810348,0.1523159444332122,0.0623928755521774,0.0,0.5446479916572571
3,Huawei_P30_phone,Dots,F1bandwidth_sma3nz_stddevNorm,1204,0.1696843681155016,0.113909932717709,0.1481647491455077,0.1081096399575471,0.1972651705145835,0.0891555305570363,0.0,1.2192604541778564
1,ASUS_FX63VD_laptop,Dots,F1frequency_sma3nz_amean,1208,592.6522596750827,135.1126798461292,593.91552734375,485.56204986572266,695.9751739501953,210.41312408447263,257.2220153808594,1111.0347900390625
2,iPad_2021,Dots,F1frequency_sma3nz_amean,1207,641.2853571299985,144.46860152354125,651.1150512695312,538.0115356445312,742.3368530273438,204.3253173828125,0.0,1176.7381591796875
3,Huawei_P30_phone,Dots,F1frequency_sma3nz_amean,1204,625.5690802387224,153.94245493449165,620.4616394042969,526.0483551025391,716.9747772216797,190.92642211914065,0.0,1275.529052734375
1,ASUS_FX63VD_laptop,Dots,F1frequency_sma3nz_stddevNorm,1208,0.2595059500232575,0.1226450560391553,0.2629888355731964,0.1742486618459224,0.3430311530828476,0.1687824912369251,0.0002941276179626,0.7194008827209473
2,iPad_2021,Dots,F1frequency_sma3nz_stddevNorm,1207,0.2497135951459969,0.1170185385838614,0.2473742961883545,0.1673881560564041,0.3260986804962158,0.1587105244398117,0.0,0.6483110785484314
3,Huawei_P30_phone,Dots,F1frequency_sma3nz_stddevNorm,1204,0.2732583630421478,0.1201499262387464,0.2735180407762527,0.1923226490616798,0.3499146625399589,0.1575920134782791,0.0,0.6958193778991699
1,ASUS_FX63VD_laptop,Dots,F2amplitudeLogRelF0_sma3nz_amean,1208,-23.38342290194952,16.496459529386424,-22.663360595703125,-32.77511787414551,-11.932589292526243,20.842528581619263,-140.85467529296875,14.432071685791016
2,iPad_2021,Dots,F2amplitudeLogRelF0_sma3nz_amean,1207,-17.160058278903325,21.824148330643883,-15.20249843597412,-28.103449821472168,-3.2963367700576782,24.80711305141449,-201.0,31.748199462890625
3,Huawei_P30_phone,Dots,F2amplitudeLogRelF0_sma3nz_amean,1204,-20.90890276313069,24.456231267934506,-17.98652458190918,-32.41792297363281,-6.468916654586792,25.94900631904602,-201.0,30.066829681396484
1,ASUS_FX63VD_laptop,Dots,F2amplitudeLogRelF0_sma3nz_stddevNorm,1208,-0.3243545619585854,8.960509822172826,-0.532724916934967,-0.966378852725029,-0.2523796260356903,0.7139992266893387,-73.0400619506836,214.46389770507807
2,iPad_2021,Dots,F2amplitudeLogRelF0_sma3nz_stddevNorm,1207,7.04402124589539,237.92490120869897,-0.5199379920959473,-1.0841662287712095,-0.1233811154961585,0.9607851132750512,-64.07176208496094,8242.3740234375
3,Huawei_P30_phone,Dots,F2amplitudeLogRelF0_sma3nz_stddevNorm,1204,0.34760110313885,32.31150172657142,-0.615118145942688,-1.1485792696475985,-0.2308662831783294,0.917712986469269,-223.502670288086,820.1080322265625
1,ASUS_FX63VD_laptop,Dots,F2bandwidth_sma3nz_amean,1208,883.7809331780238,231.88640516175371,912.6121826171876,735.7389068603516,1033.3641052246094,297.6251983642578,179.558349609375,1659.648681640625
2,iPad_2021,Dots,F2bandwidth_sma3nz_amean,1207,1021.2450478592488,240.703695145102,1049.56591796875,884.1010437011719,1175.8545532226562,291.7535095214844,0.0,2210.630615234375
3,Huawei_P30_phone,Dots,F2bandwidth_sma3nz_amean,1204,860.5981029497825,253.64615580723932,898.2012023925781,714.5454559326172,1020.9671630859376,306.4217071533203,0.0,1933.505126953125
1,ASUS_FX63VD_laptop,Dots,F2bandwidth_sma3nz_stddevNorm,1208,0.2900055563104314,0.1847673859076434,0.2448841556906699,0.1616800501942634,0.3628086894750595,0.201128639280796,0.003033138345927,1.3075494766235352
2,iPad_2021,Dots,F2bandwidth_sma3nz_stddevNorm,1207,0.2375041098255192,0.1585778590688811,0.1928042620420456,0.1324487254023551,0.3001237064599991,0.1676749810576439,0.0,1.273066163063049
3,Huawei_P30_phone,Dots,F2bandwidth_sma3nz_stddevNorm,1204,0.3219035972440399,0.2147064513162494,0.265444204211235,0.1704523563385009,0.4210458323359489,0.2505934759974479,0.0,1.542598843574524
1,ASUS_FX63VD_laptop,Dots,F2frequency_sma3nz_amean,1208,1637.2762023723678,219.2628455261368,1633.6084594726562,1479.7502136230469,1772.251220703125,292.5010070800781,1080.4287109375,2446.17919921875
2,iPad_2021,Dots,F2frequency_sma3nz_amean,1207,1648.24287178147,215.69867828364565,1637.9991455078125,1494.7391357421875,1796.76416015625,302.0250244140625,0.0,2454.15771484375
3,Huawei_P30_phone,Dots,F2frequency_sma3nz_amean,1204,1657.847224948414,255.39159704943543,1643.8392333984375,1494.5701599121094,1816.4460144042969,321.8758544921875,0.0,2382.126953125
1,ASUS_FX63VD_laptop,Dots,F2frequency_sma3nz_stddevNorm,1208,0.1420500538007753,0.0848823839454167,0.126368187367916,0.07121660746634,0.2068622484803199,0.1356456410139798,0.003822082420811,0.3946468234062195
2,iPad_2021,Dots,F2frequency_sma3nz_stddevNorm,1207,0.125491941493165,0.0647323079944434,0.1190082728862762,0.0767759718000888,0.1702668368816375,0.0934908650815487,0.0,0.3540304005146026
3,Huawei_P30_phone,Dots,F2frequency_sma3nz_stddevNorm,1204,0.1488356227995989,0.0783023406594132,0.1390477046370506,0.0892298147082328,0.2016393579542636,0.1124095432460308,0.0,0.3786078989505768
1,ASUS_FX63VD_laptop,Dots,F3amplitudeLogRelF0_sma3nz_amean,1208,-30.94086878189188,15.539449301776392,-30.415995597839355,-39.12645149230957,-20.99437713623047,18.1320743560791,-142.27403259277344,10.0867919921875
2,iPad_2021,Dots,F3amplitudeLogRelF0_sma3nz_amean,1207,-26.92184423506507,20.142044595281654,-25.76718521118164,-37.17795181274414,-14.005587100982666,23.172364711761475,-201.0,20.28958320617676
3,Huawei_P30_phone,Dots,F3amplitudeLogRelF0_sma3nz_amean,1204,-26.846471495060037,24.072386483182285,-24.73583698272705,-36.613833427429206,-12.481996297836304,24.131837129592903,-201.0,26.36052894592285
1,ASUS_FX63VD_laptop,Dots,F3amplitudeLogRelF0_sma3nz_stddevNorm,1208,-0.5005328983164066,1.336426837033437,-0.3180219084024429,-0.629122793674469,-0.1662005335092544,0.4629222601652146,-35.11913299560547,11.767369270324709
2,iPad_2021,Dots,F3amplitudeLogRelF0_sma3nz_stddevNorm,1207,-0.5577203161148748,4.235585339702133,-0.3598216474056244,-0.8012546896934509,-0.1615539714694023,0.6397007182240486,-58.28928756713867,112.0967788696289
3,Huawei_P30_phone,Dots,F3amplitudeLogRelF0_sma3nz_stddevNorm,1204,-0.568317359931801,8.944589712468305,-0.4612259715795516,-1.0098898112773895,-0.213427048176527,0.7964627631008625,-161.33506774902344,150.39627075195312
1,ASUS_FX63VD_laptop,Dots,F3bandwidth_sma3nz_amean,1208,765.4308801802579,245.7794969936909,755.1634216308594,607.5077362060547,919.4840850830078,311.9763488769531,117.31352996826172,2186.637939453125
2,iPad_2021,Dots,F3bandwidth_sma3nz_amean,1207,903.8736997097112,242.86243770471015,904.1149291992188,749.0542907714844,1057.446044921875,308.3917541503906,0.0,1765.7425537109375
3,Huawei_P30_phone,Dots,F3bandwidth_sma3nz_amean,1204,785.3863856737004,249.388644167602,786.7389526367188,627.981689453125,936.6957397460938,308.71405029296875,0.0,2138.677978515625
1,ASUS_FX63VD_laptop,Dots,F3bandwidth_sma3nz_stddevNorm,1208,0.4156554692389369,0.2105400675488526,0.3754500001668929,0.2680805921554565,0.5314785838127136,0.2633979916572571,0.0084436973556876,1.233330011367798
2,iPad_2021,Dots,F3bandwidth_sma3nz_stddevNorm,1207,0.3215726257337361,0.1843587500865748,0.2846314311027527,0.195797137916088,0.4046387374401092,0.2088415995240212,0.0,1.3967080116271973
3,Huawei_P30_phone,Dots,F3bandwidth_sma3nz_stddevNorm,1204,0.4267376037213976,0.2212213255544078,0.3950973898172378,0.2667529135942458,0.561503529548645,0.2947506159543991,0.0,1.3501169681549072
1,ASUS_FX63VD_laptop,Dots,F3frequency_sma3nz_amean,1208,2784.172623792232,250.2363924837484,2791.5487060546875,2607.153564453125,2968.9625244140625,361.8089599609375,2099.28857421875,3760.56201171875
2,iPad_2021,Dots,F3frequency_sma3nz_amean,1207,2760.777671630657,256.9894541784205,2779.534423828125,2611.3067626953125,2934.6463623046875,323.339599609375,0.0,3438.84765625
3,Huawei_P30_phone,Dots,F3frequency_sma3nz_amean,1204,2808.3724200986944,281.36532080048994,2828.4306640625,2654.1676025390625,2990.8346557617188,336.66705322265625,0.0,3474.337646484375
1,ASUS_FX63VD_laptop,Dots,F3frequency_sma3nz_stddevNorm,1208,0.090737397160916,0.0399444118874653,0.0892430320382118,0.0627864878624677,0.1155489590018987,0.0527624711394309,0.003521337872371,0.2579075694084167
2,iPad_2021,Dots,F3frequency_sma3nz_stddevNorm,1207,0.0891971010058907,0.0401728394179413,0.0877399817109108,0.0600109826773404,0.1159645430743694,0.0559535603970289,0.0,0.2374561429023742
3,Huawei_P30_phone,Dots,F3frequency_sma3nz_stddevNorm,1204,0.0905075680967392,0.0399763191506154,0.0891940779983997,0.0626547951251267,0.1146759651601314,0.0520211700350046,0.0,0.2295592576265335
1,ASUS_FX63VD_laptop,Dots,Gap_Before,1212,0.3212871287128713,0.4821302116033766,0.1619999999999999,0.1099999999999997,0.282,0.1720000000000002,0.0270000000000001,4.812
2,iPad_2021,Dots,Gap_Before,1216,0.2750381578947368,0.322134185891115,0.1810999999999998,0.1157750000000001,0.3132999999999999,0.1975249999999997,0.0029999999999998,3.7724
3,Huawei_P30_phone,Dots,Gap_Before,1215,0.2797407407407407,0.3537558206870405,0.1679999999999997,0.1029999999999997,0.2950000000000001,0.1920000000000004,0.0,3.769
1,ASUS_FX63VD_laptop,Dots,HNRdBACF_sma3nz_amean,1208,5.660089235390469,3.305498715420529,5.72103476524353,3.504835069179535,8.106353998184204,4.601518929004669,-5.960917949676514,13.674724578857422
2,iPad_2021,Dots,HNRdBACF_sma3nz_amean,1207,4.657966501552545,4.014016527743521,4.963784217834473,2.2904382944107056,7.544257879257202,5.253819584846497,-8.152587890625,13.427621841430664
3,Huawei_P30_phone,Dots,HNRdBACF_sma3nz_amean,1204,5.099149707474659,4.17275626731163,5.825053453445435,2.7695520520210266,8.237855911254883,5.468303859233856,-9.87313461303711,12.810747146606444
1,ASUS_FX63VD_laptop,Dots,HNRdBACF_sma3nz_stddevNorm,1208,1.094272257619852,10.107577888007372,0.3938092589378357,0.204085100442171,0.8177739083766937,0.6136888079345226,-71.9396743774414,277.17071533203125
2,iPad_2021,Dots,HNRdBACF_sma3nz_stddevNorm,1207,65.85277051250607,1955.8125227599476,0.3818913996219635,0.174617201089859,0.8620350062847137,0.6874178051948547,-99.8057861328125,66879.6328125
3,Huawei_P30_phone,Dots,HNRdBACF_sma3nz_stddevNorm,1204,2.184465906981911,59.482087468861664,0.3818638622760772,0.1818921640515327,0.7384527027606964,0.5565605387091637,-190.9550323486328,2049.40966796875
1,ASUS_FX63VD_laptop,Dots,MeanUnvoicedSegmentLength,1208,0.0038658939379063,0.0226239793254434,0.0,0.0,0.0,0.0,0.0,0.3899999856948852
2,iPad_2021,Dots,MeanUnvoicedSegmentLength,1207,0.0045526097000089,0.0355950177504986,0.0,0.0,0.0,0.0,0.0,0.75
3,Huawei_P30_phone,Dots,MeanUnvoicedSegmentLength,1204,0.0109842188882199,0.1188653667693609,0.0,0.0,0.0,0.0,0.0,3.109999895095825
1,ASUS_FX63VD_laptop,Dots,MeanVoicedSegmentLengthSec,1208,0.26317397212696,0.113347911980117,0.25,0.1799999922513961,0.3299999833106994,0.1499999910593033,0.0,0.6800000071525574
2,iPad_2021,Dots,MeanVoicedSegmentLengthSec,1207,0.2412765746968609,0.1126409491383323,0.2299999892711639,0.1599999964237213,0.3100000023841858,0.1500000059604644,0.0,0.7199999690055847
3,Huawei_P30_phone,Dots,MeanVoicedSegmentLengthSec,1204,0.2553377567304676,0.1224851561546206,0.2399999946355819,0.1700000017881393,0.3299999833106994,0.1599999815225601,0.0,1.1100000143051147
1,ASUS_FX63VD_laptop,Dots,StddevUnvoicedSegmentLength,1208,0.0003496907182679,0.0064105777656254,0.0,0.0,0.0,0.0,0.0,0.1949999928474426
2,iPad_2021,Dots,StddevUnvoicedSegmentLength,1207,0.0001781275843107,0.003536905841544,0.0,0.0,0.0,0.0,0.0,0.089999996125698
3,Huawei_P30_phone,Dots,StddevUnvoicedSegmentLength,1204,0.0003014328205753,0.005361593884984,0.0,0.0,0.0,0.0,0.0,0.1613226532936096
1,ASUS_FX63VD_laptop,Dots,StddevVoicedSegmentLengthSec,1208,0.0040136575490692,0.0223472992649637,0.0,0.0,0.0,0.0,0.0,0.2750000059604645
2,iPad_2021,Dots,StddevVoicedSegmentLengthSec,1207,0.0026835034737963,0.0197606764379633,0.0,0.0,0.0,0.0,0.0,0.3799588680267334
3,Huawei_P30_phone,Dots,StddevVoicedSegmentLengthSec,1204,0.0050429498871163,0.0228954643507481,0.0,0.0,0.0,0.0,0.0,0.199999988079071
1,ASUS_FX63VD_laptop,Dots,VoicedSegmentsPerSec,1208,4.314517111079582,2.320713553842099,3.7037038803100586,2.857142925262451,5.000000476837158,2.142857551574707,0.0,25.0
2,iPad_2021,Dots,VoicedSegmentsPerSec,1207,4.654305650364197,2.8277316241640738,4.0,3.030303239822388,5.555555820465088,2.5252525806427,0.0,25.0
3,Huawei_P30_phone,Dots,VoicedSegmentsPerSec,1204,4.470698751261662,2.5973710230939444,3.846153974533081,2.857142925262451,5.263157844543457,2.406014919281006,0.0,25.0
1,ASUS_FX63VD_laptop,Dots,Word_Duration,1212,0.3665907590759076,0.1283992117162933,0.3520000000000002,0.2789999999999999,0.4439999999999999,0.1649999999999999,0.0410000000000003,1.5960000000000003
2,iPad_2021,Dots,Word_Duration,1216,0.3430238486842105,0.1354145312831086,0.3303000000000002,0.2643000000000002,0.410025,0.1457249999999998,0.0005999999999999,2.3626999999999985
3,Huawei_P30_phone,Dots,Word_Duration,1215,0.3698117695473251,0.177084303683166,0.3529999999999997,0.2755000000000002,0.433,0.1574999999999998,0.0009999999999998,3.181
1,ASUS_FX63VD_laptop,Dots,alphaRatioUV_sma3nz_amean,1208,-1.2668399085592947,4.796977020694485,0.0,0.0,0.0,0.0,-34.217918395996094,7.132081985473633
2,iPad_2021,Dots,alphaRatioUV_sma3nz_amean,1207,-0.6265999539365626,3.595582441592946,0.0,0.0,0.0,0.0,-34.150150299072266,15.439530372619627
3,Huawei_P30_phone,Dots,alphaRatioUV_sma3nz_amean,1204,-0.2914900387957556,6.254225645783433,0.0,0.0,0.0,0.0,-35.98476791381836,33.47843170166016
1,ASUS_FX63VD_laptop,Dots,alphaRatioV_sma3nz_amean,1208,-17.828356153535232,8.328078145013714,-17.79148292541504,-24.43981027603149,-11.477025747299194,12.962784528732296,-37.38783645629883,4.282741069793701
2,iPad_2021,Dots,alphaRatioV_sma3nz_amean,1207,-17.21283219886794,9.50803766934056,-16.91130828857422,-25.249832153320312,-9.925806522369385,15.324025630950928,-40.82796859741211,11.609990119934082
3,Huawei_P30_phone,Dots,alphaRatioV_sma3nz_amean,1204,-15.909812753401276,9.856344593949844,-15.015324115753174,-22.525298595428467,-8.951805114746094,13.573493480682371,-41.17232131958008,11.82408332824707
1,ASUS_FX63VD_laptop,Dots,alphaRatioV_sma3nz_stddevNorm,1208,-0.5541998170661611,2.3739404430795896,-0.3073817789554595,-0.5255132168531418,-0.164646778255701,0.3608664385974408,-72.32530975341797,9.236120223999023
2,iPad_2021,Dots,alphaRatioV_sma3nz_stddevNorm,1207,-0.3086878949870427,2.116644577250546,-0.2716379165649414,-0.6128385961055756,-0.1230184808373451,0.4898201152682304,-12.422626495361328,47.736141204833984
3,Huawei_P30_phone,Dots,alphaRatioV_sma3nz_stddevNorm,1204,-0.7104528582008227,5.447222014262079,-0.3809523284435272,-0.7031039148569107,-0.1937201842665672,0.5093837305903435,-139.9943084716797,48.93155670166016
1,ASUS_FX63VD_laptop,Dots,equivalentSoundLevel_dBp,1208,-22.82824401192318,4.784666166490612,-23.184850692749023,-25.91625833511353,-19.77814483642578,6.138113498687748,-47.79085922241211,-9.72347927093506
2,iPad_2021,Dots,equivalentSoundLevel_dBp,1207,-31.328189207486307,6.106726660686365,-31.206438064575195,-35.00250053405762,-27.848243713378903,7.154256820678711,-57.7484245300293,-10.391646385192873
3,Huawei_P30_phone,Dots,equivalentSoundLevel_dBp,1204,-16.69486373128289,5.362779555135768,-15.684377193450928,-18.944517612457275,-13.455267190933228,5.489250421524048,-70.36997985839844,-8.006418228149414
1,ASUS_FX63VD_laptop,Dots,hammarbergIndexUV_sma3nz_amean,1208,2.1148791101249245,7.200119938535362,0.0,0.0,0.0,0.0,-5.871662616729736,49.05644226074219
2,iPad_2021,Dots,hammarbergIndexUV_sma3nz_amean,1207,1.2431368347945644,5.401975711218565,0.0,0.0,0.0,0.0,-13.269286155700684,45.14018630981445
3,Huawei_P30_phone,Dots,hammarbergIndexUV_sma3nz_amean,1204,1.178748681547238,7.881317303692205,0.0,0.0,0.0,0.0,-32.184051513671875,52.69570159912109
1,ASUS_FX63VD_laptop,Dots,hammarbergIndexV_sma3nz_amean,1208,27.77949285250626,8.370185196437918,28.06792640686035,21.91427421569824,33.77968215942383,11.865407943725586,2.795994997024536,47.72558975219727
2,iPad_2021,Dots,hammarbergIndexV_sma3nz_amean,1207,31.77098679667232,9.217163768630725,32.85271453857422,25.728991508483887,38.78769302368164,13.058701515197754,-1.461966633796692,52.6388053894043
3,Huawei_P30_phone,Dots,hammarbergIndexV_sma3nz_amean,1204,25.78462113046468,11.051751596039889,25.25143241882324,18.098713397979736,32.869967460632324,14.771254062652588,-9.788780212402344,54.579586029052734
1,ASUS_FX63VD_laptop,Dots,hammarbergIndexV_sma3nz_stddevNorm,1208,0.2381647798213074,0.1598535740406383,0.197974182665348,0.1317514553666114,0.3017327189445495,0.1699812635779381,0.0023136662784963,1.5309807062149048
2,iPad_2021,Dots,hammarbergIndexV_sma3nz_stddevNorm,1207,0.1713965330774453,0.4173435988363239,0.137496680021286,0.0852474085986613,0.226941630244255,0.1416942216455936,-12.48743724822998,4.358151912689209
3,Huawei_P30_phone,Dots,hammarbergIndexV_sma3nz_stddevNorm,1204,0.3057619417782415,1.9396610848493607,0.2508065849542618,0.1657433360815047,0.3786794841289519,0.2129361480474472,-57.33068084716797,27.23144149780273
1,ASUS_FX63VD_laptop,Dots,jitterLocal_sma3nz_amean,1208,0.034818732984586,0.0337495006623876,0.0219020089134573,0.0136395180597901,0.0436199624091386,0.0299804443493484,0.0036992887035012,0.2597298622131347
2,iPad_2021,Dots,jitterLocal_sma3nz_amean,1207,0.0460136310481361,0.0446521142588272,0.0297200474888086,0.0159946726635097,0.0609330777078866,0.0449384050443768,0.0,0.3710783421993255
3,Huawei_P30_phone,Dots,jitterLocal_sma3nz_amean,1204,0.0430384289996003,0.0432554021570384,0.0273682558909058,0.0129149653948842,0.0600222125649451,0.0471072471700608,0.0,0.3509871661663055
1,ASUS_FX63VD_laptop,Dots,jitterLocal_sma3nz_stddevNorm,1208,0.9441188600836384,0.4547780996926128,0.8635563850402832,0.6040244251489639,1.218183934688568,0.6141595095396042,0.0,2.8182859420776367
2,iPad_2021,Dots,jitterLocal_sma3nz_stddevNorm,1207,0.9352844236059812,0.4526849065836488,0.9020969271659852,0.6050789058208466,1.2225990891456604,0.6175201833248138,0.0,3.0071442127227783
3,Huawei_P30_phone,Dots,jitterLocal_sma3nz_stddevNorm,1204,1.02500405681762,0.4934093328518135,0.9625224769115448,0.6675763577222824,1.3252713084220886,0.6576949506998062,0.0,3.022555112838745
1,ASUS_FX63VD_laptop,Dots,logRelF0-H1-A3_sma3nz_amean,1208,24.013788464164595,11.307887741149669,24.63148784637451,16.260982990264893,31.8864278793335,15.625444889068609,-17.434555053710938,52.55410003662109
2,iPad_2021,Dots,logRelF0-H1-A3_sma3nz_amean,1207,25.2778990802038,13.162482947668448,25.94425201416016,16.83650779724121,35.115556716918945,18.27904891967773,-29.725078582763672,65.49476623535156
3,Huawei_P30_phone,Dots,logRelF0-H1-A3_sma3nz_amean,1204,21.49223438990672,14.963290665745395,20.63599300384521,11.038589715957642,31.197773933410645,20.159184217453003,-30.41653633117676,62.34343338012695
1,ASUS_FX63VD_laptop,Dots,logRelF0-H1-A3_sma3nz_stddevNorm,1208,0.481213349761096,6.132913006803374,0.2879043966531753,0.1704693883657455,0.5107873976230621,0.3403180092573166,-142.31443786621094,125.93190002441406
2,iPad_2021,Dots,logRelF0-H1-A3_sma3nz_stddevNorm,1207,0.5942861408685035,4.099028001875418,0.2629463970661163,0.151257649064064,0.5183535218238831,0.367095872759819,-35.17958450317383,117.78688049316406
3,Huawei_P30_phone,Dots,logRelF0-H1-A3_sma3nz_stddevNorm,1204,-3.882130006115119,163.71200974163304,0.3847992569208144,0.2156791053712368,0.7539475858211517,0.5382684804499149,-5485.89208984375,1079.090087890625
1,ASUS_FX63VD_laptop,Dots,logRelF0-H1-H2_sma3nz_amean,1208,6.105352143406643,9.115465989189582,5.231017112731934,-0.1961906217038631,12.632592678070068,12.82878329977393,-22.06057548522949,36.54853820800781
2,iPad_2021,Dots,logRelF0-H1-H2_sma3nz_amean,1207,3.894399649916524,10.755765103601291,3.2108426094055176,-3.2168179750442505,10.524529457092283,13.741347432136536,-52.3095703125,38.9100341796875
3,Huawei_P30_phone,Dots,logRelF0-H1-H2_sma3nz_amean,1204,4.768157179241511,9.628257211089306,3.7218583822250366,-1.8125500679016116,10.667458534240724,12.480008602142334,-37.43058013916016,32.67637634277344
1,ASUS_FX63VD_laptop,Dots,logRelF0-H1-H2_sma3nz_stddevNorm,1208,-0.7373833562962908,41.79597049499208,0.5117522180080414,-0.220211461186409,1.2983210384845734,1.5185324996709824,-1206.4486083984375,303.8924255371094
2,iPad_2021,Dots,logRelF0-H1-H2_sma3nz_stddevNorm,1207,0.0875114840042546,20.16748976333073,0.389870285987854,-0.9583317935466766,1.2695320248603823,2.2278638184070587,-250.4427795410156,383.4172668457031
3,Huawei_P30_phone,Dots,logRelF0-H1-H2_sma3nz_stddevNorm,1204,0.302233825971456,18.24764078602401,0.4825775474309921,-0.743148148059845,1.3429695069789889,2.0861176550388336,-386.9620361328125,190.845443725586
1,ASUS_FX63VD_laptop,Dots,loudnessPeaksPerSec,1208,4.205333615474354,2.397979011073799,3.5714285373687744,2.6315789222717285,5.263157844543457,2.6315789222717285,0.0,18.18181800842285
2,iPad_2021,Dots,loudnessPeaksPerSec,1207,5.200776136010367,2.9700096366415334,4.545454502105713,3.030303239822388,6.818181991577148,3.78787875175476,0.0,20.00000190734864
3,Huawei_P30_phone,Dots,loudnessPeaksPerSec,1204,4.695866202025912,2.6138016572045397,4.0,2.857142925262451,5.882352828979492,3.025209903717041,0.0,20.00000190734864
1,ASUS_FX63VD_laptop,Dots,loudness_sma3_amean,1208,1.2712262472174816,0.5710585683872437,1.1593415141105652,0.8527025878429413,1.553445816040039,0.7007432281970978,0.2606866955757141,3.961056709289551
2,iPad_2021,Dots,loudness_sma3_amean,1207,0.6563589431425709,0.3894489490612204,0.5579498410224915,0.4085802882909775,0.7790065705776215,0.370426282286644,0.1401819735765457,3.6531341075897217
3,Huawei_P30_phone,Dots,loudness_sma3_amean,1204,2.0926341427230213,0.8949851845670158,2.0049071311950684,1.4258033931255345,2.681236803531647,1.255433410406113,0.0402161665260791,4.834707736968994
1,ASUS_FX63VD_laptop,Dots,loudness_sma3_meanFallingSlope,1208,3.096774245697129,6.089381986442671,3.955933570861816,0.5306836366653442,6.310243129730225,5.77955949306488,-26.5152587890625,31.29254913330078
2,iPad_2021,Dots,loudness_sma3_meanFallingSlope,1207,1.8223358516441697,4.213490672861354,2.147468328475952,0.5566487312316895,3.640201807022095,3.0835530757904053,-30.92491340637207,30.544578552246094
3,Huawei_P30_phone,Dots,loudness_sma3_meanFallingSlope,1204,5.301342242456156,11.005549534531315,7.476048707962036,-0.3810116425156593,12.491170644760132,12.872182287275791,-36.736175537109375,39.97891998291016
1,ASUS_FX63VD_laptop,Dots,loudness_sma3_meanRisingSlope,1208,7.577956037410837,7.477169622734216,5.877131938934326,3.569604814052582,9.414265394210815,5.844660580158234,-12.559239387512209,81.44579315185547
2,iPad_2021,Dots,loudness_sma3_meanRisingSlope,1207,3.904441852528311,4.692813818455988,2.699687957763672,1.5824593305587769,4.583698749542236,3.0012394189834595,-4.0318708419799805,50.142879486083984
3,Huawei_P30_phone,Dots,loudness_sma3_meanRisingSlope,1204,14.286059516550706,12.009643363716496,11.98667049407959,7.238623976707458,18.61638641357422,11.37776243686676,-22.54425048828125,125.39116668701172
1,ASUS_FX63VD_laptop,Dots,loudness_sma3_pctlrange0-2,1208,0.8488503038784526,0.5510015158348491,0.726949006319046,0.4586967229843139,1.0987383127212524,0.6400415897369385,0.0265304446220397,4.0067458152771
2,iPad_2021,Dots,loudness_sma3_pctlrange0-2,1207,0.4151435575039799,0.3880471321395672,0.3021755814552307,0.1617038995027541,0.5365254282951355,0.3748215287923813,0.0061888098716735,3.401003837585449
3,Huawei_P30_phone,Dots,loudness_sma3_pctlrange0-2,1204,1.530605875633261,0.8910775536835918,1.382425844669342,0.8632947504520416,2.0687127113342285,1.205417960882187,0.002974446862936,4.988556861877441
1,ASUS_FX63VD_laptop,Dots,loudness_sma3_percentile20.0,1208,0.8452511629065043,0.4706053811799744,0.7359408438205719,0.5035719573497772,1.0736161172389986,0.5700441598892214,0.1126197353005409,3.082719326019287
2,iPad_2021,Dots,loudness_sma3_percentile20.0,1207,0.4472254334077819,0.2654766720109368,0.3834641873836517,0.2859809100627899,0.5228052139282227,0.2368243038654327,0.0946298241615295,3.1250953674316406
3,Huawei_P30_phone,Dots,loudness_sma3_percentile20.0,1204,1.3156832403215608,0.7810411779702859,1.160580575466156,0.7065952867269516,1.7917903065681458,1.0851950198411942,0.0386347323656082,4.539234638214111
1,ASUS_FX63VD_laptop,Dots,loudness_sma3_percentile50.0,1208,1.2838084754219512,0.6128490488088798,1.156258404254913,0.8419714719057083,1.572069764137268,0.7300982922315598,0.1681016981601715,4.078103542327881
2,iPad_2021,Dots,loudness_sma3_percentile50.0,1207,0.6596899613639295,0.4081451892372223,0.5555863380432129,0.4019414335489273,0.7893273532390594,0.3873859196901321,0.1224213764071464,3.837366104125977
3,Huawei_P30_phone,Dots,loudness_sma3_percentile50.0,1204,2.1661997279461684,1.0253128590514249,2.050926089286804,1.4364846050739288,2.810416340827942,1.373931735754013,0.0411744080483913,5.541646957397461
1,ASUS_FX63VD_laptop,Dots,loudness_sma3_percentile80.0,1208,1.6941014671858572,0.7737979422319796,1.552326321601868,1.116023600101471,2.0804951786994934,0.9644715785980223,0.290768951177597,5.005470275878906
2,iPad_2021,Dots,loudness_sma3_percentile80.0,1207,0.8623689905043564,0.5580340144750063,0.7093327641487122,0.5107477307319641,1.036119520664215,0.525371789932251,0.1463130265474319,4.548941612243652
3,Huawei_P30_phone,Dots,loudness_sma3_percentile80.0,1204,2.846289116335395,1.1744475338744231,2.717846512794494,1.9775168597698207,3.65123438835144,1.6737175285816193,0.0416091792285442,6.028780937194824
1,ASUS_FX63VD_laptop,Dots,loudness_sma3_stddevFallingSlope,1208,1.099461118092764,2.3968656575391982,0.0,0.0,1.3576195240020752,1.3576195240020752,0.0,31.960447311401367
2,iPad_2021,Dots,loudness_sma3_stddevFallingSlope,1207,0.6980877800134809,1.3508396476029505,0.0,0.0,1.020100712776184,1.020100712776184,0.0,14.619650840759276
3,Huawei_P30_phone,Dots,loudness_sma3_stddevFallingSlope,1204,2.9589777903204344,4.473982739736349,0.0,0.0,5.276207089424133,5.276207089424133,0.0,31.78250503540039
1,ASUS_FX63VD_laptop,Dots,loudness_sma3_stddevNorm,1208,0.3444289534309546,0.1443613712898678,0.336026057600975,0.2420630119740963,0.4350667521357536,0.1930037401616572,0.0357097573578357,1.095326542854309
2,iPad_2021,Dots,loudness_sma3_stddevNorm,1207,0.3045784388533805,0.140214395566278,0.2940521240234375,0.2033517286181449,0.387963905930519,0.1846121773123741,0.0215813145041465,1.154478669166565
3,Huawei_P30_phone,Dots,loudness_sma3_stddevNorm,1204,0.3989799239941907,0.1878718918200378,0.3758505880832672,0.2760190740227699,0.4931071475148201,0.2170880734920501,0.0360567085444927,1.71304452419281
1,ASUS_FX63VD_laptop,Dots,loudness_sma3_stddevRisingSlope,1208,4.19475717895544,4.228044022871956,3.43394386768341,0.942972257733345,5.963793635368347,5.020821377635002,0.0,46.72335052490234
2,iPad_2021,Dots,loudness_sma3_stddevRisingSlope,1207,2.2325537366626884,2.727204104896496,1.5062861442565918,0.5781652927398682,2.8143131732940674,2.236147880554199,0.0,36.73150634765625
3,Huawei_P30_phone,Dots,loudness_sma3_stddevRisingSlope,1204,7.969791234826725,7.073187819037588,6.90653657913208,1.9381459057331083,11.959065437316896,10.020919531583786,0.0,53.50457763671875
1,ASUS_FX63VD_laptop,Dots,mfcc1V_sma3nz_amean,1208,32.91680757494162,6.383266472773414,33.27720832824707,28.722801208496097,37.360663414001465,8.637862205505368,8.090227127075195,49.6491584777832
2,iPad_2021,Dots,mfcc1V_sma3nz_amean,1207,37.11737921115477,7.043896135849698,37.47046661376953,33.17370796203613,41.76692581176758,8.593217849731445,-6.100917816162109,56.13815307617188
3,Huawei_P30_phone,Dots,mfcc1V_sma3nz_amean,1204,35.027446336722456,9.984827693808068,35.34159278869629,28.62977409362793,41.989702224731445,13.359928131103516,-10.998425483703612,58.98323059082031
1,ASUS_FX63VD_laptop,Dots,mfcc1V_sma3nz_stddevNorm,1208,0.1462688876049198,0.1059414201675887,0.1198964230716227,0.0780905075371264,0.1834447979927062,0.1053542904555797,0.008529033511877,1.245276689529419
2,iPad_2021,Dots,mfcc1V_sma3nz_stddevNorm,1207,0.1043163166358656,0.113722348056783,0.0831384807825088,0.0553665813058614,0.1217736415565013,0.0664070602506399,-1.670732855796814,1.8735685348510744
3,Huawei_P30_phone,Dots,mfcc1V_sma3nz_stddevNorm,1204,0.2331429328154494,0.4758093232210374,0.1449549943208694,0.0956172887235879,0.2350351363420486,0.1394178476184607,-1.7226331233978271,13.43018627166748
1,ASUS_FX63VD_laptop,Dots,mfcc1_sma3_amean,1208,32.163934978428266,6.211283213210465,32.15849304199219,28.12074565887451,36.45897388458252,8.338228225708008,10.205351829528809,48.13764572143555
2,iPad_2021,Dots,mfcc1_sma3_amean,1207,36.5142642230956,6.859586510650383,36.99925994873047,32.65494537353516,41.09728813171387,8.442342758178711,-6.689539432525635,54.61766815185547
3,Huawei_P30_phone,Dots,mfcc1_sma3_amean,1204,34.775761319188234,9.654773024988524,35.0753288269043,28.4930739402771,41.67757415771485,13.184500217437744,-4.860671043395996,59.479469299316406
1,ASUS_FX63VD_laptop,Dots,mfcc1_sma3_stddevNorm,1208,0.1751735901709843,0.1307115384432311,0.143969602882862,0.0972716398537158,0.2144886925816535,0.1172170527279377,0.0203352458775043,1.5530484914779663
2,iPad_2021,Dots,mfcc1_sma3_stddevNorm,1207,0.1250910723756291,0.1838473101249781,0.0957626327872276,0.0695225074887275,0.1357055231928824,0.0661830157041549,-2.659308195114136,4.053027629852295
3,Huawei_P30_phone,Dots,mfcc1_sma3_stddevNorm,1204,0.6210755508105298,12.760715394996934,0.1652135848999023,0.1098062600940465,0.2545175701379776,0.144711310043931,-6.859665870666504,442.7885437011719
1,ASUS_FX63VD_laptop,Dots,mfcc2V_sma3nz_amean,1208,10.935513852306006,13.776048423442322,12.41231107711792,2.3233883380889893,21.24147129058838,18.91808295249939,-38.86991500854492,38.91893768310547
2,iPad_2021,Dots,mfcc2V_sma3nz_amean,1207,0.363872411432649,15.090572941575706,1.938535213470459,-8.674217700958252,11.475708484649658,20.14992618560791,-54.15512466430664,34.49458312988281
3,Huawei_P30_phone,Dots,mfcc2V_sma3nz_amean,1204,2.478734595198308,17.906205312379587,3.294481873512268,-9.288568973541258,16.0543475151062,25.34291648864746,-65.11298370361328,51.63536071777344
1,ASUS_FX63VD_laptop,Dots,mfcc2V_sma3nz_stddevNorm,1208,0.1174631764378324,20.051863372562533,0.2654598504304886,0.0832344926893711,0.6738012582063675,0.5905667655169964,-420.91455078125,270.2543640136719
2,iPad_2021,Dots,mfcc2V_sma3nz_stddevNorm,1207,2.607155489563238,91.09722813054826,0.1412411630153656,-0.7160098254680634,0.4771804511547088,1.1931902766227722,-86.57675170898438,3153.109130859375
3,Huawei_P30_phone,Dots,mfcc2V_sma3nz_stddevNorm,1204,-0.724400945983988,26.3029200586316,0.1742451861500739,-0.7716630399227142,0.6640584915876389,1.435721531510353,-863.8558959960938,161.08578491210938
1,ASUS_FX63VD_laptop,Dots,mfcc2_sma3_amean,1208,11.482062996648844,13.058218734005347,12.694504737854004,3.287298798561096,21.49601984024048,18.208721041679382,-32.93657302856445,38.51028823852539
2,iPad_2021,Dots,mfcc2_sma3_amean,1207,0.7287492811743111,14.403467309365404,2.42551589012146,-7.816819190979004,11.33602809906006,19.152847290039062,-51.07114410400391,31.89728355407715
3,Huawei_P30_phone,Dots,mfcc2_sma3_amean,1204,2.7026863498033094,17.355950282672957,3.304512143135071,-9.033656120300291,15.391393661499023,24.42504978179932,-63.19928741455078,50.38801574707031
1,ASUS_FX63VD_laptop,Dots,mfcc2_sma3_stddevNorm,1208,0.575679894182091,15.715470084085704,0.3072202205657959,0.1264736726880073,0.7293500155210495,0.6028763428330421,-266.0815734863281,259.4237670898437
2,iPad_2021,Dots,mfcc2_sma3_stddevNorm,1207,-0.5207342503479718,30.10394019792874,0.1803175956010818,-0.7640415132045746,0.5355199575424194,1.299561470746994,-879.7973022460938,269.5335388183594
3,Huawei_P30_phone,Dots,mfcc2_sma3_stddevNorm,1204,-0.970588604644238,29.62364083228633,0.1994147598743438,-0.8662518113851547,0.7199513912200928,1.5862032026052475,-868.8417358398438,185.3023223876953
1,ASUS_FX63VD_laptop,Dots,mfcc3V_sma3nz_amean,1208,6.009828271636499,20.6512662660795,3.312987923622132,-9.002670288085938,21.056161880493164,30.0588321685791,-47.35263442993164,71.58419036865234
2,iPad_2021,Dots,mfcc3V_sma3nz_amean,1207,-2.6441472006194733,23.138501831561754,-7.474359035491943,-20.19767665863037,13.658439636230469,33.85611629486084,-47.26387023925781,68.5411376953125
3,Huawei_P30_phone,Dots,mfcc3V_sma3nz_amean,1204,10.021342016566248,26.973272476448752,3.533909678459167,-9.688720226287842,29.503005504608154,39.191725730896,-59.00112533569336,92.11222839355467
1,ASUS_FX63VD_laptop,Dots,mfcc3V_sma3nz_stddevNorm,1208,-0.3606443711315954,23.49398236781264,0.1565443947911262,-0.6070864051580429,0.5458430200815201,1.152929425239563,-759.079833984375,115.41462707519533
2,iPad_2021,Dots,mfcc3V_sma3nz_stddevNorm,1207,-0.3141410282991252,10.076299447956249,-0.234915554523468,-0.6061690747737885,0.253181591629982,0.8593506664037704,-194.56573486328125,251.56021118164065
3,Huawei_P30_phone,Dots,mfcc3V_sma3nz_stddevNorm,1204,0.3458654348834408,49.87223668662386,0.156668685376644,-0.6305297911167145,0.5796998739242554,1.2102296650409698,-721.0734252929688,1468.1864013671875
1,ASUS_FX63VD_laptop,Dots,mfcc3_sma3_amean,1208,6.798808047897953,19.720016169067,4.041935443878174,-7.197364568710327,21.193052768707275,28.390417337417603,-45.377742767333984,66.79945373535156
2,iPad_2021,Dots,mfcc3_sma3_amean,1207,-1.6840580478711815,21.93817168259315,-5.6466827392578125,-18.228574752807617,13.732211112976074,31.96078586578369,-45.789817810058594,65.5400161743164
3,Huawei_P30_phone,Dots,mfcc3_sma3_amean,1204,11.012007729383186,26.12346511775708,5.392515897750855,-8.178778648376465,29.88796138763428,38.06674003601074,-56.7293815612793,89.16552734375
1,ASUS_FX63VD_laptop,Dots,mfcc3_sma3_stddevNorm,1208,2.5938682799498918,106.30633643519396,0.2142679244279861,-0.6838050931692123,0.6195174306631088,1.3033225238323212,-204.016342163086,3667.845703125
2,iPad_2021,Dots,mfcc3_sma3_stddevNorm,1207,-0.3349882791400598,6.882815612000738,-0.2673884034156799,-0.7001572847366333,0.3438308835029602,1.0439881682395935,-145.9285888671875,89.80937194824219
3,Huawei_P30_phone,Dots,mfcc3_sma3_stddevNorm,1204,-2.3894891760550268,80.85351985905125,0.1980256065726279,-0.7294095754623413,0.6959182620048523,1.4253278374671936,-2792.86572265625,91.35404205322266
1,ASUS_FX63VD_laptop,Dots,mfcc4V_sma3nz_amean,1208,-10.514950888833518,21.24132797364203,-10.7227463722229,-25.35386657714844,3.2139596939086914,28.56782627105713,-73.92127990722656,55.53456115722656
2,iPad_2021,Dots,mfcc4V_sma3nz_amean,1207,-18.37943394724033,21.16620105368381,-18.303298950195312,-33.308176040649414,-4.663676261901856,28.64449977874756,-92.69552612304688,45.39005279541016
3,Huawei_P30_phone,Dots,mfcc4V_sma3nz_amean,1204,-27.11055278526217,24.979025675274592,-27.26388168334961,-45.03764343261719,-10.766429901123049,34.27121353149414,-107.61416625976562,48.94644165039063
1,ASUS_FX63VD_laptop,Dots,mfcc4V_sma3nz_stddevNorm,1208,-1.4030853326999837,18.23929606856792,-0.3273264914751053,-0.7626245468854904,0.2625831812620162,1.0252077281475067,-479.88916015625,52.39066696166992
2,iPad_2021,Dots,mfcc4V_sma3nz_stddevNorm,1207,-0.088401998049875,10.72512545000618,-0.2995297908782959,-0.5636025667190552,-0.1288201808929442,0.4347823858261109,-165.70640563964844,306.1270446777344
3,Huawei_P30_phone,Dots,mfcc4V_sma3nz_stddevNorm,1204,-0.9135545192029564,14.66472150698788,-0.342673197388649,-0.6093785017728806,-0.1704251766204834,0.4389533251523971,-482.6352844238281,28.742794036865234
1,ASUS_FX63VD_laptop,Dots,mfcc4_sma3_amean,1208,-8.270629626951667,19.71342508002393,-7.968868732452393,-21.71218824386597,4.735377669334412,26.447565913200386,-68.04898071289062,48.97480010986328
2,iPad_2021,Dots,mfcc4_sma3_amean,1207,-16.22840941671742,19.80140600354647,-15.83033561706543,-29.550053596496586,-3.799423336982727,25.75063025951385,-91.086669921875,45.28231048583984
3,Huawei_P30_phone,Dots,mfcc4_sma3_amean,1204,-24.65573292897946,23.201529984269698,-24.463043212890625,-41.00868511199951,-10.032215356826782,30.97646975517273,-91.84870147705078,45.38925552368164
1,ASUS_FX63VD_laptop,Dots,mfcc4_sma3_stddevNorm,1208,-0.6101436128728832,13.906751488522374,-0.3929199427366256,-0.9209388494491576,0.4585221931338309,1.3794610425829887,-223.8651733398437,307.24566650390625
2,iPad_2021,Dots,mfcc4_sma3_stddevNorm,1207,-0.104631529573132,7.669380129568102,-0.3892177641391754,-0.7306404411792755,-0.1739589348435401,0.5566815063357353,-43.52214050292969,202.0789794921875
3,Huawei_P30_phone,Dots,mfcc4_sma3_stddevNorm,1204,-0.7190712418568095,12.302837675104492,-0.425811693072319,-0.7742667943239212,-0.2280955463647841,0.546171247959137,-367.5277099609375,176.2215118408203
1,ASUS_FX63VD_laptop,Dots,shimmerLocaldB_sma3nz_amean,1208,1.2233477925005931,0.3942821351704556,1.176787555217743,0.973501518368721,1.403793841600418,0.4302923232316971,0.1735094636678695,3.829066038131714
2,iPad_2021,Dots,shimmerLocaldB_sma3nz_amean,1207,1.492953616875751,0.5719354661102806,1.4212151765823364,1.1423189640045166,1.7070781588554382,0.5647591948509216,0.0,4.794782161712647
3,Huawei_P30_phone,Dots,shimmerLocaldB_sma3nz_amean,1204,1.4631569429588476,0.6630394463762002,1.3158010840415957,1.0376410782337189,1.669367611408234,0.631726533174515,0.0,5.133870124816895
1,ASUS_FX63VD_laptop,Dots,shimmerLocaldB_sma3nz_stddevNorm,1208,0.5658546667669387,0.1987104517418791,0.540623128414154,0.4218161106109618,0.6835005581378937,0.2616844475269318,0.0,1.272692322731018
2,iPad_2021,Dots,shimmerLocaldB_sma3nz_stddevNorm,1207,0.4917020920508284,0.1951120331859956,0.4686065316200256,0.3632244020700454,0.597142904996872,0.2339185029268264,0.0,1.6147284507751465
3,Huawei_P30_phone,Dots,shimmerLocaldB_sma3nz_stddevNorm,1204,0.5671328923465081,0.2195491620610322,0.5496027767658234,0.4194642454385757,0.6900250315666199,0.2705607861280441,0.0,1.5986135005950928
1,ASUS_FX63VD_laptop,Dots,slopeUV0-500_sma3nz_amean,1208,0.0052257612196686,0.0214449913899783,0.0,0.0,0.0,0.0,-0.0725432485342025,0.1513895094394683
2,iPad_2021,Dots,slopeUV0-500_sma3nz_amean,1207,0.0091278467176122,0.0325270123470647,0.0,0.0,0.0,0.0,0.0,0.2263935357332229
3,Huawei_P30_phone,Dots,slopeUV0-500_sma3nz_amean,1204,0.0172302982363032,0.0420014334021196,0.0,0.0,0.0,0.0,-0.0131271183490753,0.2077475041151046
1,ASUS_FX63VD_laptop,Dots,slopeUV500-1500_sma3nz_amean,1208,-0.0023953674538503,0.008676269828761,0.0,0.0,0.0,0.0,-0.0627916678786277,0.0131257139146327
2,iPad_2021,Dots,slopeUV500-1500_sma3nz_amean,1207,-0.0013766735683653,0.0073003137614058,0.0,0.0,0.0,0.0,-0.068906620144844,0.0192148257046937
3,Huawei_P30_phone,Dots,slopeUV500-1500_sma3nz_amean,1204,-0.003387503501526,0.0114721703845874,0.0,0.0,0.0,0.0,-0.0776804089546203,0.0307905115187168
1,ASUS_FX63VD_laptop,Dots,slopeV0-500_sma3nz_amean,1208,0.0533919978259423,0.0339722523923255,0.0560299232602119,0.0306629836559295,0.0780058726668357,0.0473428890109062,-0.0734457969665527,0.1387614607810974
2,iPad_2021,Dots,slopeV0-500_sma3nz_amean,1207,0.1081005238596883,0.0270897631348591,0.1098917946219444,0.0935853831470012,0.1251658126711845,0.0315804295241833,-0.0278453342616558,0.207267627120018
3,Huawei_P30_phone,Dots,slopeV0-500_sma3nz_amean,1204,0.0962854555028295,0.0234172863646399,0.0975490063428878,0.0817611515522002,0.1113458201289176,0.0295846685767173,0.0,0.1615371853113174
1,ASUS_FX63VD_laptop,Dots,slopeV0-500_sma3nz_stddevNorm,1208,0.5124937197908956,3.973002126249438,0.3473916500806808,0.2217687368392944,0.5916832238435745,0.3699144870042801,-67.51290893554688,64.03848266601562
2,iPad_2021,Dots,slopeV0-500_sma3nz_stddevNorm,1207,0.197548027231351,0.2407493454360083,0.1837537735700607,0.1341514587402343,0.2463243901729583,0.1121729314327239,-6.715127468109131,1.6827952861785889
3,Huawei_P30_phone,Dots,slopeV0-500_sma3nz_stddevNorm,1204,0.2822917273122681,0.146591141804646,0.2539538592100143,0.1904085017740725,0.3425304740667342,0.1521219722926617,0.0,1.5678470134735107
1,ASUS_FX63VD_laptop,Dots,slopeV500-1500_sma3nz_amean,1208,-0.0298147505262937,0.0158349726040343,-0.0294802226126193,-0.0414940286427735,-0.0180218508467077,0.0234721777960658,-0.078729011118412,0.0168915148824453
2,iPad_2021,Dots,slopeV500-1500_sma3nz_amean,1207,-0.0293039345592415,0.0196415571512864,-0.0290350969880819,-0.0440351907163858,-0.0153430560603737,0.028692134656012,-0.0757133364677429,0.0291366092860698
3,Huawei_P30_phone,Dots,slopeV500-1500_sma3nz_amean,1204,-0.032053896553848,0.0187324149181513,-0.0321640633046626,-0.0461683645844458,-0.0183396385982632,0.0278287259861826,-0.0802445486187934,0.0196229945868253
1,ASUS_FX63VD_laptop,Dots,slopeV500-1500_sma3nz_stddevNorm,1208,-0.3069986520267233,3.0405864008412355,-0.2840399742126465,-0.4682456329464912,-0.1813118457794189,0.2869337871670723,-35.536285400390625,79.6795654296875
2,iPad_2021,Dots,slopeV500-1500_sma3nz_stddevNorm,1207,2.5572711921327107,101.43873680456328,-0.2877161204814911,-0.4948539733886719,-0.1679752841591834,0.3268786892294884,-31.83101272583008,3521.45556640625
3,Huawei_P30_phone,Dots,slopeV500-1500_sma3nz_stddevNorm,1204,-0.2505539462289021,5.247993603065638,-0.3060498684644698,-0.5238480865955353,-0.1897639296948909,0.3340841569006443,-32.98295974731445,163.5622100830078
1,ASUS_FX63VD_laptop,Dots,spectralFluxUV_sma3nz_amean,1208,0.0819653882629651,0.3294584778966849,0.0,0.0,0.0,0.0,0.0,3.652766942977905
2,iPad_2021,Dots,spectralFluxUV_sma3nz_amean,1207,0.0299676824021581,0.1938927968213102,0.0,0.0,0.0,0.0,0.0,3.8228626251220703
3,Huawei_P30_phone,Dots,spectralFluxUV_sma3nz_amean,1204,0.2454109918078612,0.9654704424328489,0.0,0.0,0.0,0.0,0.0,10.1837158203125
1,ASUS_FX63VD_laptop,Dots,spectralFluxV_sma3nz_amean,1208,1.2382980374964756,0.7945796951872137,1.0071393847465515,0.7237583994865417,1.5039113461971283,0.7801529467105865,0.0885949060320854,6.505823135375977
2,iPad_2021,Dots,spectralFluxV_sma3nz_amean,1207,0.5171720153515558,0.4182421591331047,0.4241991341114044,0.264644369482994,0.6307884454727173,0.3661440759897232,0.0,3.931610822677612
3,Huawei_P30_phone,Dots,spectralFluxV_sma3nz_amean,1204,2.672450573356865,1.1992453280063455,2.5875518321990967,1.7978032231330872,3.4401329755783085,1.6423297524452214,0.0,6.7429633140563965
1,ASUS_FX63VD_laptop,Dots,spectralFluxV_sma3nz_stddevNorm,1208,0.359306744851838,0.1517395703725813,0.3397844284772873,0.2518677860498428,0.4493628218770026,0.1974950358271598,0.0,1.068269968032837
2,iPad_2021,Dots,spectralFluxV_sma3nz_stddevNorm,1207,0.3561753388096879,0.1586057657889241,0.338019847869873,0.2460196837782859,0.4447163939476013,0.1986967101693154,0.0,1.2772403955459597
3,Huawei_P30_phone,Dots,spectralFluxV_sma3nz_stddevNorm,1204,0.37651019245448,0.1754819062837865,0.3485839664936065,0.2576798498630523,0.4688814282417297,0.2112015783786773,0.0,1.3058589696884155
1,ASUS_FX63VD_laptop,Dots,spectralFlux_sma3_amean,1208,1.1289133998004115,0.7335773232342374,0.9127635955810548,0.6490111649036407,1.3723453879356384,0.7233342230319977,0.0744518041610717,6.118109703063965
2,iPad_2021,Dots,spectralFlux_sma3_amean,1207,0.4636593303197953,0.3595645551791955,0.3807670772075653,0.2389905527234077,0.5744167268276215,0.3354261741042137,0.0276589300483465,3.270358085632324
3,Huawei_P30_phone,Dots,spectralFlux_sma3_amean,1204,2.3838302706123837,1.0936483327915407,2.329092264175415,1.5646916329860685,3.0916181802749634,1.5269265472888949,0.0075399307534098,6.26173734664917
1,ASUS_FX63VD_laptop,Dots,spectralFlux_sma3_stddevNorm,1208,0.4385488229920927,0.1655739649612465,0.4067522138357162,0.3198794499039649,0.525008961558342,0.205129511654377,0.1546904891729354,1.6388494968414309
2,iPad_2021,Dots,spectralFlux_sma3_stddevNorm,1207,0.4438177585824028,0.1708407569673228,0.4169476330280304,0.3283353149890899,0.5246130526065826,0.1962777376174926,0.1659741252660751,1.92305326461792
3,Huawei_P30_phone,Dots,spectralFlux_sma3_stddevNorm,1204,0.4848547479094461,0.2288544730124055,0.440244197845459,0.3380453437566757,0.5706624537706375,0.2326171100139618,0.1438043117523193,2.898963451385498
1,ASUS_FX63VD_laptop,Hanzi,F0semitoneFrom27.5Hz_sma3nz_amean,1204,30.487951089377415,5.573959272550422,31.896448135375977,25.55434226989746,35.04503059387207,9.49068832397461,0.0,56.21145248413086
2,iPad_2021,Hanzi,F0semitoneFrom27.5Hz_sma3nz_amean,1200,31.728194080988565,5.286840292249117,33.19198799133301,27.975191116333008,35.642141342163086,7.666950225830078,0.0,49.34527206420898
3,Huawei_P30_phone,Hanzi,F0semitoneFrom27.5Hz_sma3nz_amean,1206,32.6951800650032,5.516489971921877,33.748395919799805,29.842796325683597,36.11247825622559,6.269681930541992,0.0,60.36518859863281
1,ASUS_FX63VD_laptop,Hanzi,F0semitoneFrom27.5Hz_sma3nz_meanFallingSlope,1204,35.46172723007324,126.1808479811052,12.623210430145264,0.0,43.01738262176514,43.01738262176514,-343.8309631347656,2449.944580078125
2,iPad_2021,Hanzi,F0semitoneFrom27.5Hz_sma3nz_meanFallingSlope,1200,37.11469272599555,95.05768320247648,12.139763355255129,0.0,58.35494899749756,58.35494899749756,-339.6170654296875,1164.983154296875
3,Huawei_P30_phone,Hanzi,F0semitoneFrom27.5Hz_sma3nz_meanFallingSlope,1206,58.75914806589039,207.36178982929408,15.003292083740234,0.2026280649006366,74.15330696105957,73.95067889615893,-1027.2415771484375,3894.1376953125
1,ASUS_FX63VD_laptop,Hanzi,F0semitoneFrom27.5Hz_sma3nz_meanRisingSlope,1204,51.33239629536719,114.30610765043564,18.970083236694336,8.253715753555298,57.06724262237549,48.81352686882019,-387.0182189941406,2495.865234375
2,iPad_2021,Hanzi,F0semitoneFrom27.5Hz_sma3nz_meanRisingSlope,1200,67.02445570568244,111.7190205959251,27.47145175933838,8.843461751937866,99.9900951385498,91.14663338661192,-139.61395263671875,2458.26904296875
3,Huawei_P30_phone,Hanzi,F0semitoneFrom27.5Hz_sma3nz_meanRisingSlope,1206,74.4694838866956,158.24025761740006,23.07346534729004,7.536248445510864,87.66287422180176,80.1266257762909,-117.45870971679688,3182.974609375
1,ASUS_FX63VD_laptop,Hanzi,F0semitoneFrom27.5Hz_sma3nz_pctlrange0-2,1204,4.115265359118135,5.139892160539271,2.1360855102539062,1.0791616439819336,4.251663684844971,3.172502040863037,0.0,28.23444557189941
2,iPad_2021,Hanzi,F0semitoneFrom27.5Hz_sma3nz_pctlrange0-2,1200,4.466316548188527,5.336544653580206,2.1528491973876958,0.9676733016967772,6.06144380569458,5.093770503997803,0.0,39.597164154052734
3,Huawei_P30_phone,Hanzi,F0semitoneFrom27.5Hz_sma3nz_pctlrange0-2,1206,4.881868136265187,6.370860801151698,2.261185646057129,0.9311647415161132,5.694823741912842,4.7636590003967285,0.0,40.34391021728516
1,ASUS_FX63VD_laptop,Hanzi,F0semitoneFrom27.5Hz_sma3nz_percentile20.0,1204,28.402032940094653,6.435194207664869,29.32425117492676,23.110168933868408,34.236599922180176,11.126430988311768,0.0,55.85397338867188
2,iPad_2021,Hanzi,F0semitoneFrom27.5Hz_sma3nz_percentile20.0,1200,29.511124408245088,6.205495299127354,31.425549507141117,24.29191637039185,34.666364669799805,10.37444829940796,0.0,41.90601348876953
3,Huawei_P30_phone,Hanzi,F0semitoneFrom27.5Hz_sma3nz_percentile20.0,1206,30.22619791410456,6.083013794310281,32.16295623779297,24.98264503479004,34.898348808288574,9.91570377349854,0.0,59.90418243408203
1,ASUS_FX63VD_laptop,Hanzi,F0semitoneFrom27.5Hz_sma3nz_percentile50.0,1204,30.77672776193714,5.954943807472968,32.84532928466797,25.40686511993408,35.56208610534668,10.155220985412598,0.0,56.27479934692383
2,iPad_2021,Hanzi,F0semitoneFrom27.5Hz_sma3nz_percentile50.0,1200,31.853883883953092,5.740436625508903,33.61914825439453,27.10316038131714,35.96468734741211,8.86152696609497,0.0,55.64043045043945
3,Huawei_P30_phone,Hanzi,F0semitoneFrom27.5Hz_sma3nz_percentile50.0,1206,32.43279710140197,5.978031792311374,33.86031150817871,28.641439914703373,36.11994647979736,7.478506565093991,0.0,61.09296798706055
1,ASUS_FX63VD_laptop,Hanzi,F0semitoneFrom27.5Hz_sma3nz_percentile80.0,1204,32.517298300796966,5.968146456013289,34.18682670593262,27.507092952728268,36.87766170501709,9.370568752288822,0.0,56.6032600402832
2,iPad_2021,Hanzi,F0semitoneFrom27.5Hz_sma3nz_percentile80.0,1200,33.97744095643361,5.784358670004423,35.39811134338379,31.077533245086677,37.582345962524414,6.504812717437741,0.0,59.626651763916016
3,Huawei_P30_phone,Hanzi,F0semitoneFrom27.5Hz_sma3nz_percentile80.0,1206,35.108066053532845,6.886195912899525,35.7490119934082,32.18025493621826,37.93972301483154,5.759468078613281,0.0,61.63094329833984
1,ASUS_FX63VD_laptop,Hanzi,F0semitoneFrom27.5Hz_sma3nz_stddevFallingSlope,1204,18.838356286755484,49.378732668688805,0.0,0.0,15.275649309158323,15.275649309158323,0.0,684.5403442382812
2,iPad_2021,Hanzi,F0semitoneFrom27.5Hz_sma3nz_stddevFallingSlope,1200,14.771905704981958,33.774538073098064,0.0,0.0,12.198089838027956,12.198089838027956,0.0,302.98736572265625
3,Huawei_P30_phone,Hanzi,F0semitoneFrom27.5Hz_sma3nz_stddevFallingSlope,1206,23.36804099679364,89.21447240686776,0.0,0.0,13.291130065917969,13.291130065917969,0.0,1867.81298828125
1,ASUS_FX63VD_laptop,Hanzi,F0semitoneFrom27.5Hz_sma3nz_stddevNorm,1204,0.0851636634059744,0.0895155156831193,0.047204753383994,0.0230945865623652,0.1175078060477971,0.0944132194854319,0.0,0.4667857885360718
2,iPad_2021,Hanzi,F0semitoneFrom27.5Hz_sma3nz_stddevNorm,1200,0.0890518299411511,0.0877129330030194,0.0514372773468494,0.0249095233157276,0.1420021243393421,0.1170926010236144,0.0,0.513759434223175
3,Huawei_P30_phone,Hanzi,F0semitoneFrom27.5Hz_sma3nz_stddevNorm,1206,0.1006045605289324,0.102889188090553,0.0555911213159561,0.0237977551296353,0.1576380804181098,0.1338403252884745,0.0,0.6220715045928955
1,ASUS_FX63VD_laptop,Hanzi,F0semitoneFrom27.5Hz_sma3nz_stddevRisingSlope,1204,17.062412877548983,54.04296563879219,0.0,0.0,9.452194929122925,9.452194929122925,0.0,1102.4012451171875
2,iPad_2021,Hanzi,F0semitoneFrom27.5Hz_sma3nz_stddevRisingSlope,1200,18.20950797552864,37.64149147186152,0.0,0.0,20.64366292953491,20.64366292953491,0.0,458.5338134765625
3,Huawei_P30_phone,Hanzi,F0semitoneFrom27.5Hz_sma3nz_stddevRisingSlope,1206,21.77054077521634,61.768369102220014,0.0,0.0,15.85232138633728,15.85232138633728,0.0,1041.7950439453125
1,ASUS_FX63VD_laptop,Hanzi,F1amplitudeLogRelF0_sma3nz_amean,1204,-13.770273536386467,19.3925417885667,-10.17099905014038,-17.984869480133057,-3.753395140171051,14.231474339962006,-201.0,23.822010040283203
2,iPad_2021,Hanzi,F1amplitudeLogRelF0_sma3nz_amean,1200,-5.707585318479687,22.309849914507826,-2.5226480960845947,-13.887864351272585,7.0603578090667725,20.948222160339355,-201.0,48.031341552734375
3,Huawei_P30_phone,Hanzi,F1amplitudeLogRelF0_sma3nz_amean,1206,-9.717534004462726,27.12405933985508,-5.39056921005249,-16.189056873321533,3.4510563611984253,19.64011323451996,-201.0,41.40030670166016
1,ASUS_FX63VD_laptop,Hanzi,F1amplitudeLogRelF0_sma3nz_stddevNorm,1204,-0.7381525357804791,15.703122526364172,-0.8212259411811829,-1.627606451511383,-0.3772529587149619,1.250353492796421,-215.3289031982422,296.5503234863281
2,iPad_2021,Hanzi,F1amplitudeLogRelF0_sma3nz_stddevNorm,1200,-0.5303521585837007,13.769729165453429,-0.3756094574928283,-1.4151529967784882,0.8799810856580734,2.2951340824365616,-245.42401123046875,226.956283569336
3,Huawei_P30_phone,Hanzi,F1amplitudeLogRelF0_sma3nz_stddevNorm,1206,0.8299611186613306,44.47968064013976,-0.6790048480033875,-1.698010951280594,0.6487165540456772,2.346727505326271,-793.5719604492188,969.3241577148438
1,ASUS_FX63VD_laptop,Hanzi,F1bandwidth_sma3nz_amean,1204,1224.417637517682,154.1595403008141,1225.7860717773438,1125.7156982421875,1318.7340393066406,193.01834106445312,0.0,1690.8927001953125
2,iPad_2021,Hanzi,F1bandwidth_sma3nz_amean,1200,1303.3591838582356,169.2933865770933,1312.610595703125,1196.4700622558594,1420.8800964355469,224.4100341796875,0.0,1844.83251953125
3,Huawei_P30_phone,Hanzi,F1bandwidth_sma3nz_amean,1206,1187.8133682832986,214.65399880190685,1214.4805297851562,1082.3177795410156,1323.0462341308594,240.72845458984372,0.0,1715.646728515625
1,ASUS_FX63VD_laptop,Hanzi,F1bandwidth_sma3nz_stddevNorm,1204,0.1457764713033303,0.0651917524018514,0.1407220140099525,0.1035945378243922,0.175170212984085,0.0715756751596927,0.0,0.5492125153541565
2,iPad_2021,Hanzi,F1bandwidth_sma3nz_stddevNorm,1200,0.1391147600930222,0.0704833230756305,0.127563290297985,0.0971926674246787,0.1635352000594139,0.0663425326347351,0.0,0.6264804601669312
3,Huawei_P30_phone,Hanzi,F1bandwidth_sma3nz_stddevNorm,1206,0.1788845636972529,0.1106645485900334,0.1534067094326019,0.1138984058052301,0.2116441950201987,0.0977457892149686,0.0,0.979727864265442
1,ASUS_FX63VD_laptop,Hanzi,F1frequency_sma3nz_amean,1204,582.93394389105,137.98477769738307,584.9073791503906,470.75379943847656,684.2244415283203,213.47064208984372,0.0,1165.2230224609375
2,iPad_2021,Hanzi,F1frequency_sma3nz_amean,1200,630.5301227442424,139.24483259648903,640.5863037109375,529.0054779052734,733.1157531738281,204.1102752685547,0.0,1215.228515625
3,Huawei_P30_phone,Hanzi,F1frequency_sma3nz_amean,1206,617.6120077104711,152.82991364319204,609.7129821777344,510.1293869018554,704.5426177978516,194.4132308959961,0.0,1308.7838134765625
1,ASUS_FX63VD_laptop,Hanzi,F1frequency_sma3nz_stddevNorm,1204,0.2662997547505374,0.1261097951654764,0.2670424729585647,0.1791573651134967,0.3484208658337593,0.1692635007202625,0.0,0.7265444993972778
2,iPad_2021,Hanzi,F1frequency_sma3nz_stddevNorm,1200,0.2596927512006368,0.1193750901546915,0.2584206163883209,0.1791820749640464,0.3279931768774985,0.1488111019134521,0.0,0.7452571392059326
3,Huawei_P30_phone,Hanzi,F1frequency_sma3nz_stddevNorm,1206,0.2892601989853701,0.1202791704480086,0.2903468608856201,0.2110395058989524,0.3629274666309356,0.1518879607319832,0.0,0.7037963271141052
1,ASUS_FX63VD_laptop,Hanzi,F2amplitudeLogRelF0_sma3nz_amean,1204,-25.17061969798068,19.123390637242096,-24.211672782897956,-33.827744483947754,-12.67917776107788,21.148566722869877,-201.0,13.650949478149414
2,iPad_2021,Hanzi,F2amplitudeLogRelF0_sma3nz_amean,1200,-18.10336073249559,21.63525100628884,-16.48414134979248,-30.190815925598145,-4.650570034980774,25.54024589061737,-201.0,39.71202087402344
3,Huawei_P30_phone,Hanzi,F2amplitudeLogRelF0_sma3nz_amean,1206,-21.161090302137445,24.31516341064773,-18.84562587738037,-31.907765865325928,-7.139267802238464,24.768498063087463,-201.0,40.29731369018555
1,ASUS_FX63VD_laptop,Hanzi,F2amplitudeLogRelF0_sma3nz_stddevNorm,1204,-1.6217760626927475,31.23495180688357,-0.5635614693164825,-1.0168096721172333,-0.2848446443676948,0.7319650277495384,-1062.5400390625,89.51387786865234
2,iPad_2021,Hanzi,F2amplitudeLogRelF0_sma3nz_stddevNorm,1200,6.752176344491697,308.3587243991239,-0.5323385894298553,-1.1766590476036072,-0.1507477462291717,1.0259113013744354,-1104.1527099609375,10605.7177734375
3,Huawei_P30_phone,Hanzi,F2amplitudeLogRelF0_sma3nz_stddevNorm,1206,-1.0515262156440746,14.44135679680656,-0.6472190320491791,-1.3024617433547974,-0.2715926021337509,1.0308691412210464,-345.1121826171875,213.955810546875
1,ASUS_FX63VD_laptop,Hanzi,F2bandwidth_sma3nz_amean,1204,879.6727155324232,233.29207859643992,907.4804077148438,729.7024841308594,1032.0147094726562,302.3122253417969,0.0,2534.135986328125
2,iPad_2021,Hanzi,F2bandwidth_sma3nz_amean,1200,1000.7393330637614,226.4466148146281,1023.9815063476562,863.9655151367188,1147.8284606933594,283.8629455566406,0.0,1774.980712890625
3,Huawei_P30_phone,Hanzi,F2bandwidth_sma3nz_amean,1206,851.7264480780606,238.6379922626708,890.6903076171875,722.6420135498047,1006.4481964111328,283.80618286132824,0.0,1639.8994140625
1,ASUS_FX63VD_laptop,Hanzi,F2bandwidth_sma3nz_stddevNorm,1204,0.2934724136357786,0.1924276923112068,0.2443141788244247,0.1676986292004585,0.3773773461580276,0.2096787169575691,0.0,1.768160104751587
2,iPad_2021,Hanzi,F2bandwidth_sma3nz_stddevNorm,1200,0.2540034350058219,0.1763580597240293,0.2059496119618415,0.1392225138843059,0.3215053007006645,0.1822827868163585,0.0,1.4733545780181885
3,Huawei_P30_phone,Hanzi,F2bandwidth_sma3nz_stddevNorm,1206,0.3350501901873234,0.2315143364396727,0.274920329451561,0.179196435958147,0.4405163526535034,0.2613199166953563,0.0,1.972072005271912
1,ASUS_FX63VD_laptop,Hanzi,F2frequency_sma3nz_amean,1204,1616.796086612334,225.9267288036718,1617.7511596679688,1464.2420959472656,1752.73046875,288.4883728027344,0.0,2357.364990234375
2,iPad_2021,Hanzi,F2frequency_sma3nz_amean,1200,1634.7662024943031,218.91344642177367,1624.0580444335938,1485.3342590332031,1779.556396484375,294.2221374511719,0.0,2332.2529296875
3,Huawei_P30_phone,Hanzi,F2frequency_sma3nz_amean,1206,1645.787744019162,250.5770414170504,1633.8226318359375,1466.3483276367188,1786.3085021972656,319.9601745605469,0.0,2409.61767578125
1,ASUS_FX63VD_laptop,Hanzi,F2frequency_sma3nz_stddevNorm,1204,0.1442938193880358,0.0843146150100798,0.1307466924190521,0.0734715070575475,0.2106301076710224,0.1371586006134748,0.0,0.3941585123538971
2,iPad_2021,Hanzi,F2frequency_sma3nz_stddevNorm,1200,0.1332993018743581,0.0667351793336209,0.1262810677289962,0.0830001942813395,0.1808391362428664,0.0978389419615268,0.0,0.3379212915897369
3,Huawei_P30_phone,Hanzi,F2frequency_sma3nz_stddevNorm,1206,0.157105452227878,0.0818563230453677,0.1473771408200264,0.0928508006036281,0.2183030135929584,0.1254522129893303,0.0,0.4176137745380401
1,ASUS_FX63VD_laptop,Hanzi,F3amplitudeLogRelF0_sma3nz_amean,1204,-32.9675859367642,17.763240166746673,-32.36553764343262,-40.61709213256836,-22.54209899902344,18.07499313354492,-201.0,8.262348175048828
2,iPad_2021,Hanzi,F3amplitudeLogRelF0_sma3nz_amean,1200,-28.02824074251112,20.056363739208287,-27.933013916015625,-37.99242210388184,-16.414377689361572,21.578044414520264,-201.0,28.15721702575684
3,Huawei_P30_phone,Hanzi,F3amplitudeLogRelF0_sma3nz_amean,1206,-27.37423224161513,23.70666812241656,-25.601366996765137,-37.12883949279785,-14.088000059127808,23.040839433670044,-201.0,24.58407592773437
1,ASUS_FX63VD_laptop,Hanzi,F3amplitudeLogRelF0_sma3nz_stddevNorm,1204,-0.5615491210297369,3.4737058709900124,-0.3394980877637863,-0.6694409400224686,-0.1724580861628055,0.496982853859663,-116.14948272705078,16.61097526550293
2,iPad_2021,Hanzi,F3amplitudeLogRelF0_sma3nz_stddevNorm,1200,0.0149378309949922,19.419718355968037,-0.3486500978469848,-0.846314013004303,-0.170073177665472,0.676240835338831,-48.06961441040039,618.2420043945312
3,Huawei_P30_phone,Hanzi,F3amplitudeLogRelF0_sma3nz_stddevNorm,1206,-0.5810837924124628,7.754135527113417,-0.4741947501897811,-1.017035573720932,-0.226936537772417,0.7900990359485149,-119.74332427978516,107.42698669433594
1,ASUS_FX63VD_laptop,Hanzi,F3bandwidth_sma3nz_amean,1204,753.109139838488,248.77112671466213,742.990478515625,584.467529296875,896.2776336669922,311.8101043701172,0.0,2111.324951171875
2,iPad_2021,Hanzi,F3bandwidth_sma3nz_amean,1200,879.9351417668661,245.22600669856573,871.9906921386719,727.0452117919922,1029.2106628417969,302.1654510498047,0.0,1771.7528076171875
3,Huawei_P30_phone,Hanzi,F3bandwidth_sma3nz_amean,1206,779.7852803067386,237.61194141425835,771.1603393554688,635.7785949707031,902.7553558349608,266.9767608642578,0.0,1881.83935546875
1,ASUS_FX63VD_laptop,Hanzi,F3bandwidth_sma3nz_stddevNorm,1204,0.4496715526217192,0.2272888288106846,0.4139207601547241,0.2859234288334846,0.5756436437368393,0.2897202149033547,0.0,1.731921672821045
2,iPad_2021,Hanzi,F3bandwidth_sma3nz_stddevNorm,1200,0.3591274851025082,0.2019828749891236,0.3168355226516723,0.21454419195652,0.461842231452465,0.2472980394959449,0.0,1.274773120880127
3,Huawei_P30_phone,Hanzi,F3bandwidth_sma3nz_stddevNorm,1206,0.4441200483526268,0.2377508041148282,0.4072316735982895,0.2757691591978073,0.5703527182340622,0.2945835590362549,0.0,1.8316959142684937
1,ASUS_FX63VD_laptop,Hanzi,F3frequency_sma3nz_amean,1204,2777.4042240789167,269.0062084769112,2785.267333984375,2593.4842529296875,2971.5314331054688,378.0471801757813,0.0,3462.779052734375
2,iPad_2021,Hanzi,F3frequency_sma3nz_amean,1200,2775.78792175293,248.50565623245615,2796.643798828125,2623.2784423828125,2940.4461669921875,317.167724609375,0.0,3642.882080078125
3,Huawei_P30_phone,Hanzi,F3frequency_sma3nz_amean,1206,2809.317883442488,275.2110239288741,2824.61328125,2651.7546997070312,2984.9806518554688,333.2259521484375,0.0,3519.05810546875
1,ASUS_FX63VD_laptop,Hanzi,F3frequency_sma3nz_stddevNorm,1204,0.0902383608149481,0.0394558843526919,0.0870238915085792,0.0631348229944705,0.1168521381914615,0.0537173151969909,0.0,0.2472200542688369
2,iPad_2021,Hanzi,F3frequency_sma3nz_stddevNorm,1200,0.0890803368539005,0.0380991856064922,0.0858606137335299,0.0624204771593212,0.114736558869481,0.0523160817101597,0.0,0.2483611702919006
3,Huawei_P30_phone,Hanzi,F3frequency_sma3nz_stddevNorm,1206,0.092799537622769,0.0389639293263835,0.0909698605537414,0.0668186619877814,0.1168202906846999,0.0500016286969185,0.0,0.2353359460830688
1,ASUS_FX63VD_laptop,Hanzi,Gap_Before,1212,0.3679546204620462,0.4276177963698339,0.2005,0.1229999999999996,0.4199999999999999,0.2970000000000002,0.0099999999999997,2.952
2,iPad_2021,Hanzi,Gap_Before,1215,0.3349361316872428,0.3435650690078299,0.2155000000000004,0.1262500000000003,0.4245499999999995,0.2982999999999992,0.0020000000000006,3.5718
3,Huawei_P30_phone,Hanzi,Gap_Before,1218,0.3478653530377668,0.3939796656239283,0.197,0.1160000000000002,0.4267500000000011,0.3107500000000008,0.0030000000000001,3.988
1,ASUS_FX63VD_laptop,Hanzi,HNRdBACF_sma3nz_amean,1204,5.669706666944595,3.360215202118782,5.806793928146362,3.443647980690003,8.0804922580719,4.636844277381897,-6.289486885070801,13.218613624572754
2,iPad_2021,Hanzi,HNRdBACF_sma3nz_amean,1200,4.681360571724363,4.018600678402819,5.033292293548584,2.2213200926780705,7.762243390083313,5.540923297405243,-12.068644523620604,13.427751541137695
3,Huawei_P30_phone,Hanzi,HNRdBACF_sma3nz_amean,1206,5.175818288259388,4.029843934344451,5.748088121414185,2.6440539360046387,8.222472906112671,5.578418970108032,-12.016035079956056,13.395589828491213
1,ASUS_FX63VD_laptop,Hanzi,HNRdBACF_sma3nz_stddevNorm,1204,1.178344040198841,26.5186729106154,0.4187577366828918,0.2147391326725482,0.8625721782445908,0.6478330455720425,-238.9521331787109,879.5665283203125
2,iPad_2021,Hanzi,HNRdBACF_sma3nz_stddevNorm,1200,0.6063967004573594,17.238396399007247,0.421826884150505,0.1920292973518371,0.9267550110816956,0.7347257137298584,-186.4724578857422,511.6404113769531
3,Huawei_P30_phone,Hanzi,HNRdBACF_sma3nz_stddevNorm,1206,0.6799691678032551,15.289263469750592,0.4232319742441177,0.2187965027987957,0.7923933863639832,0.5735968835651875,-383.5589599609375,257.9711608886719
1,ASUS_FX63VD_laptop,Hanzi,MeanUnvoicedSegmentLength,1204,0.0063289034635175,0.027766298577331,0.0,0.0,0.0,0.0,0.0,0.4799999892711639
2,iPad_2021,Hanzi,MeanUnvoicedSegmentLength,1200,0.0050722220866009,0.0311000446555164,0.0,0.0,0.0,0.0,0.0,0.5099999904632568
3,Huawei_P30_phone,Hanzi,MeanUnvoicedSegmentLength,1206,0.0084328355937949,0.0504683835187093,0.0,0.0,0.0,0.0,0.0,0.949999988079071
1,ASUS_FX63VD_laptop,Hanzi,MeanVoicedSegmentLengthSec,1204,0.2913012107342259,0.1322140238525873,0.2800000011920929,0.199999988079071,0.3599999845027923,0.1599999964237213,0.0,1.0199999809265137
2,iPad_2021,Hanzi,MeanVoicedSegmentLengthSec,1200,0.2687236042569081,0.1221175197360137,0.25,0.1799999922513961,0.3400000035762787,0.1600000113248826,0.0,0.8199999928474426
3,Huawei_P30_phone,Hanzi,MeanVoicedSegmentLengthSec,1206,0.2842088095429871,0.1365840508134649,0.2699999809265136,0.1899999976158142,0.3599999845027923,0.1699999868869781,0.0,1.1999999284744265
1,ASUS_FX63VD_laptop,Hanzi,StddevUnvoicedSegmentLength,1204,0.0001861645578657,0.0036077720817974,0.0,0.0,0.0,0.0,0.0,0.1149999946355819
2,iPad_2021,Hanzi,StddevUnvoicedSegmentLength,1200,0.0002254613636371,0.0044156338253831,0.0,0.0,0.0,0.0,0.0,0.1149999946355819
3,Huawei_P30_phone,Hanzi,StddevUnvoicedSegmentLength,1206,0.0005773364513754,0.0083656751278625,0.0,0.0,0.0,0.0,0.0,0.2075786292552948
1,ASUS_FX63VD_laptop,Hanzi,StddevVoicedSegmentLengthSec,1204,0.0059996812814766,0.0282985459558693,0.0,0.0,0.0,0.0,0.0,0.375
2,iPad_2021,Hanzi,StddevVoicedSegmentLengthSec,1200,0.0038564295321702,0.0201502709565169,0.0,0.0,0.0,0.0,0.0,0.2299999892711639
3,Huawei_P30_phone,Hanzi,StddevVoicedSegmentLengthSec,1206,0.0071476647131466,0.0308417291474016,0.0,0.0,0.0,0.0,0.0,0.3499999940395355
1,ASUS_FX63VD_laptop,Hanzi,VoicedSegmentsPerSec,1204,3.882595275822668,2.0370597590142334,3.3333334922790527,2.5641026496887207,4.545454502105713,1.981351852416992,0.0,16.666667938232422
2,iPad_2021,Hanzi,VoicedSegmentsPerSec,1200,4.190214683612187,2.3116746461931665,3.7037038803100586,2.777777910232544,5.000000476837158,2.2222225666046143,0.0,33.333335876464844
3,Huawei_P30_phone,Hanzi,VoicedSegmentsPerSec,1206,3.958932447047969,2.409121455230652,3.4482760429382324,2.6315789222717285,4.651163101196289,2.0195841789245605,0.0,33.333335876464844
1,ASUS_FX63VD_laptop,Hanzi,Word_Duration,1212,0.4031776402640264,0.1531905902185374,0.3924999999999996,0.3057500000000001,0.4812499999999999,0.1754999999999997,0.0009999999999994,2.128
2,iPad_2021,Hanzi,Word_Duration,1215,0.3750153086419753,0.1435094428158442,0.3622000000000005,0.28535,0.4444999999999999,0.1591499999999999,0.0004999999999999,1.5285000000000002
3,Huawei_P30_phone,Hanzi,Word_Duration,1218,0.4021124794745485,0.1615590323850788,0.3850000000000001,0.3020000000000001,0.4757500000000001,0.17375,0.0009999999999998,1.4809999999999994
1,ASUS_FX63VD_laptop,Hanzi,alphaRatioUV_sma3nz_amean,1204,-1.3059956892780291,4.888810310066432,0.0,0.0,0.0,0.0,-35.909385681152344,13.985666275024414
2,iPad_2021,Hanzi,alphaRatioUV_sma3nz_amean,1200,-0.7052001566858962,3.607588087793143,0.0,0.0,0.0,0.0,-28.877182006835938,21.957807540893555
3,Huawei_P30_phone,Hanzi,alphaRatioUV_sma3nz_amean,1206,-0.1897069051318105,6.224226645671897,0.0,0.0,0.0,0.0,-39.70429229736328,36.559967041015625
1,ASUS_FX63VD_laptop,Hanzi,alphaRatioV_sma3nz_amean,1204,-17.836091303507924,8.079656799531547,-17.37440776824951,-24.02055072784424,-11.596097469329834,12.424453258514404,-39.4174690246582,4.125996112823486
2,iPad_2021,Hanzi,alphaRatioV_sma3nz_amean,1200,-17.515005484259067,9.15912389397935,-17.251384735107422,-24.98741245269776,-10.718859672546388,14.26855278015137,-40.77810287475586,6.913563251495361
3,Huawei_P30_phone,Hanzi,alphaRatioV_sma3nz_amean,1206,-15.4699870964335,9.626647985951468,-14.887909889221191,-21.794417381286618,-9.082611799240112,12.711805582046503,-40.68374252319336,15.981096267700195
1,ASUS_FX63VD_laptop,Hanzi,alphaRatioV_sma3nz_stddevNorm,1204,-0.1169617419004242,9.37666573824142,-0.305439680814743,-0.5201026648283005,-0.1741638965904712,0.3459387682378292,-15.19797134399414,321.8584289550781
2,iPad_2021,Hanzi,alphaRatioV_sma3nz_stddevNorm,1200,-0.523805580814369,5.965716380953808,-0.3045942336320876,-0.6043590307235718,-0.1513874791562557,0.452971551567316,-143.59149169921875,87.06761932373047
3,Huawei_P30_phone,Hanzi,alphaRatioV_sma3nz_stddevNorm,1206,-4.031815608404268,124.32209949848422,-0.3865581303834915,-0.7006251960992813,-0.211738422513008,0.4888867735862732,-4313.9638671875,98.74750518798828
1,ASUS_FX63VD_laptop,Hanzi,equivalentSoundLevel_dBp,1204,-23.432621156654484,3.548620789995151,-23.2189302444458,-25.46849203109741,-21.092588424682617,4.375903606414795,-42.31562423706055,-14.293900489807127
2,iPad_2021,Hanzi,equivalentSoundLevel_dBp,1200,-30.5241890557607,5.560989925381873,-30.31253814697266,-33.63825988769531,-27.18402528762817,6.454234600067139,-55.722267150878906,-10.43776035308838
3,Huawei_P30_phone,Hanzi,equivalentSoundLevel_dBp,1206,-16.105626019276986,4.222061167358177,-15.38374376296997,-17.925068855285645,-13.187203884124756,4.737864971160889,-49.4256477355957,-8.937204360961914
1,ASUS_FX63VD_laptop,Hanzi,hammarbergIndexUV_sma3nz_amean,1204,2.0757703886822214,6.754452463221563,0.0,0.0,0.0,0.0,-16.623130798339844,46.04203796386719
2,iPad_2021,Hanzi,hammarbergIndexUV_sma3nz_amean,1200,1.5578724310609202,5.769188081544296,0.0,0.0,0.0,0.0,-19.06204032897949,40.87830352783203
3,Huawei_P30_phone,Hanzi,hammarbergIndexUV_sma3nz_amean,1206,1.136237446138416,7.403320078494901,0.0,0.0,0.0,0.0,-39.76167297363281,51.24166870117188
1,ASUS_FX63VD_laptop,Hanzi,hammarbergIndexV_sma3nz_amean,1204,27.79113473686269,8.162936164687713,28.28710556030273,22.21280813217163,33.695963859558105,11.483155727386476,0.0,48.74929428100586
2,iPad_2021,Hanzi,hammarbergIndexV_sma3nz_amean,1200,31.395312546888988,9.148390694083837,31.526827812194824,25.71223211288452,38.20315074920654,12.490918636322023,0.0,54.0184440612793
3,Huawei_P30_phone,Hanzi,hammarbergIndexV_sma3nz_amean,1206,25.63444219242973,10.598659145198042,25.10816764831543,18.688422679901123,32.333940505981445,13.645517826080322,-5.488837718963623,55.092227935791016
1,ASUS_FX63VD_laptop,Hanzi,hammarbergIndexV_sma3nz_stddevNorm,1204,0.2399060525374239,0.1396258683763671,0.2122361734509467,0.1476296856999397,0.3040708824992179,0.1564411967992782,0.0,1.0518754720687866
2,iPad_2021,Hanzi,hammarbergIndexV_sma3nz_stddevNorm,1200,0.1916693696659058,0.1385860872353561,0.1554403379559516,0.0941786319017409,0.2494903579354285,0.1553117260336876,0.0,1.1539769172668457
3,Huawei_P30_phone,Hanzi,hammarbergIndexV_sma3nz_stddevNorm,1206,0.3460541181675595,0.9514560160889144,0.2608710527420044,0.1713174208998679,0.4107598066329956,0.2394423857331276,-18.25023460388184,9.153038024902344
1,ASUS_FX63VD_laptop,Hanzi,jitterLocal_sma3nz_amean,1204,0.0355315012166947,0.0352292650023391,0.022624778561294,0.0133048123680054,0.0450491989031433,0.0317443865351379,0.0,0.3496526479721069
2,iPad_2021,Hanzi,jitterLocal_sma3nz_amean,1200,0.0462146918815172,0.0445693075838364,0.0308040361851453,0.0159969143569469,0.0620401985943316,0.0460432842373847,0.0,0.409244179725647
3,Huawei_P30_phone,Hanzi,jitterLocal_sma3nz_amean,1206,0.0418516969579313,0.0393751113327649,0.028149340301752,0.0137483885046094,0.0583112807944416,0.0445628922898322,0.0,0.3218535780906677
1,ASUS_FX63VD_laptop,Hanzi,jitterLocal_sma3nz_stddevNorm,1204,0.9823050830510144,0.449099029123521,0.8974707722663879,0.651120588183403,1.26384299993515,0.6127224117517469,0.0,2.900989532470703
2,iPad_2021,Hanzi,jitterLocal_sma3nz_stddevNorm,1200,0.9765337176262938,0.4574202826887725,0.9180611073970796,0.6476782560348511,1.2578066885471344,0.6101284325122833,0.0,2.8180181980133057
3,Huawei_P30_phone,Hanzi,jitterLocal_sma3nz_stddevNorm,1206,1.0689160640619442,0.4950792619480601,1.0099477767944336,0.7126324027776718,1.366880536079407,0.6542481333017351,0.0,3.0574631690979004
1,ASUS_FX63VD_laptop,Hanzi,logRelF0-H1-A3_sma3nz_amean,1204,23.99616123948933,10.448407259594324,23.959449768066406,17.40932846069336,31.187681674957275,13.778353214263916,-14.371891975402832,52.58260345458984
2,iPad_2021,Hanzi,logRelF0-H1-A3_sma3nz_amean,1200,25.26979986385132,12.626640420281396,26.37044906616211,16.878302097320557,34.25917148590088,17.380869388580322,-18.737781524658203,58.9901123046875
3,Huawei_P30_phone,Hanzi,logRelF0-H1-A3_sma3nz_amean,1206,21.64365965152348,14.37893799880111,20.781128883361816,12.296751976013184,30.804871559143063,18.508119583129883,-45.43475341796875,64.2436752319336
1,ASUS_FX63VD_laptop,Hanzi,logRelF0-H1-A3_sma3nz_stddevNorm,1204,-0.6316664149950683,38.46300412679669,0.3066206276416778,0.185799941420555,0.5114283710718155,0.3256284296512604,-1332.9947509765625,33.37775421142578
2,iPad_2021,Hanzi,logRelF0-H1-A3_sma3nz_stddevNorm,1200,0.325498593163987,3.9402422537476736,0.2895306646823882,0.1613198518753051,0.5262639075517654,0.3649440556764603,-96.75240325927734,42.36560821533203
3,Huawei_P30_phone,Hanzi,logRelF0-H1-A3_sma3nz_stddevNorm,1206,0.5075712888733257,10.308176250415285,0.388507142663002,0.2196486517786979,0.7358147203922272,0.5161660686135292,-285.43768310546875,127.85291290283205
1,ASUS_FX63VD_laptop,Hanzi,logRelF0-H1-H2_sma3nz_amean,1204,5.957889093773206,8.524723529841795,5.549627304077148,0.0260621206834912,12.005489349365234,11.979427228681743,-18.61383628845215,32.273826599121094
2,iPad_2021,Hanzi,logRelF0-H1-H2_sma3nz_amean,1200,3.655021624138656,10.23640286909479,2.6298413276672363,-3.384369909763336,9.53622269630432,12.920592606067656,-44.56437301635742,38.89668655395508
3,Huawei_P30_phone,Hanzi,logRelF0-H1-H2_sma3nz_amean,1206,5.190281187201144,10.199097266923095,3.682036876678467,-1.6165333092212677,11.255946636199951,12.87247994542122,-40.11629104614258,94.91340637207033
1,ASUS_FX63VD_laptop,Hanzi,logRelF0-H1-H2_sma3nz_stddevNorm,1204,0.9090617486829576,74.21721466054494,0.5609988570213318,0.0,1.3489556312561035,1.3489556312561035,-1392.5213623046875,1233.754638671875
2,iPad_2021,Hanzi,logRelF0-H1-H2_sma3nz_stddevNorm,1200,2.3444877814486,62.03914515490205,0.3817315697669983,-1.1204224824905396,1.3007596135139463,2.421182096004486,-323.4908142089844,1898.6331787109373
3,Huawei_P30_phone,Hanzi,logRelF0-H1-H2_sma3nz_stddevNorm,1206,-0.0784847666764289,35.84517276221045,0.4853129535913467,-1.0378021597862244,1.4617505371570587,2.499552696943283,-778.2528076171875,836.5723266601562
1,ASUS_FX63VD_laptop,Hanzi,loudnessPeaksPerSec,1204,3.9606360443604745,2.2003397500656328,3.4482760429382324,2.4390244483947754,5.000000476837158,2.560976028442383,0.0,16.666667938232422
2,iPad_2021,Hanzi,loudnessPeaksPerSec,1200,4.774102167685826,2.646413857740764,4.255319118499756,2.857142925262451,6.060606479644775,3.203463554382324,0.0,18.18181800842285
3,Huawei_P30_phone,Hanzi,loudnessPeaksPerSec,1206,4.501557003403975,2.600721323326464,3.921568632125856,2.702702760696411,5.714285850524902,3.011583089828491,0.0,22.22222328186035
1,ASUS_FX63VD_laptop,Hanzi,loudness_sma3_amean,1204,1.1694214199468542,0.4166282675172906,1.0996464490890503,0.883285641670227,1.392785757780075,0.509500116109848,0.2879939675331116,3.216829776763916
2,iPad_2021,Hanzi,loudness_sma3_amean,1200,0.6714349884477755,0.3274306901265653,0.6013984084129333,0.446949116885662,0.8142717480659485,0.3673226311802864,0.1009628996253013,2.729158878326416
3,Huawei_P30_phone,Hanzi,loudness_sma3_amean,1206,2.113047961151817,0.797994918251396,2.0337013006210327,1.5334877967834473,2.6033700108528137,1.0698822140693665,0.104956142604351,5.344229698181152
1,ASUS_FX63VD_laptop,Hanzi,loudness_sma3_meanFallingSlope,1204,2.7567042133488933,5.458324991528922,3.666828274726868,0.6320136487483978,5.727203249931336,5.095189601182938,-37.77170181274414,29.030288696289062
2,iPad_2021,Hanzi,loudness_sma3_meanFallingSlope,1200,1.8695615994076555,3.696526951566839,2.260963559150696,0.560935765504837,3.7096667885780334,3.1487310230731964,-27.896240234375,20.480615615844727
3,Huawei_P30_phone,Hanzi,loudness_sma3_meanFallingSlope,1206,5.529275550861854,11.553273895616542,7.791874647140503,-0.1514635607600211,12.36022424697876,12.51168780773878,-38.95211791992188,56.56932830810547
1,ASUS_FX63VD_laptop,Hanzi,loudness_sma3_meanRisingSlope,1204,7.131538682960692,5.667093560576888,5.924896240234375,3.4802029728889465,9.60862112045288,6.128418147563934,-9.459243774414062,45.638938903808594
2,iPad_2021,Hanzi,loudness_sma3_meanRisingSlope,1200,4.013552784686908,3.9738356421280687,2.98853087425232,1.75764998793602,4.8540061712265015,3.0963561832904816,-6.877236843109131,36.9937744140625
3,Huawei_P30_phone,Hanzi,loudness_sma3_meanRisingSlope,1206,14.416837234863978,10.495498169277925,12.745289325714111,7.750784277915955,18.885436534881592,11.134652256965635,-16.403162002563477,98.72949981689452
1,ASUS_FX63VD_laptop,Hanzi,loudness_sma3_pctlrange0-2,1204,0.8266458179665562,0.4751941480327072,0.7326401472091675,0.4874595254659652,1.0530918240547182,0.565632298588753,0.0108665227890014,3.1548051834106445
2,iPad_2021,Hanzi,loudness_sma3_pctlrange0-2,1200,0.4480338431708515,0.34957548176713,0.345813900232315,0.2133221626281738,0.5821202844381332,0.3687981218099594,0.0125510096549987,2.5813193321228027
3,Huawei_P30_phone,Hanzi,loudness_sma3_pctlrange0-2,1206,1.662816616430088,0.8742296042391539,1.556609332561493,0.987143024802208,2.189986228942871,1.2028432041406631,0.0122403092682361,4.770164489746094
1,ASUS_FX63VD_laptop,Hanzi,loudness_sma3_percentile20.0,1204,0.7552292773196864,0.3511081636712277,0.6949160993099213,0.4968156144022941,0.9405124932527542,0.4436968788504601,0.1100616604089737,2.800159215927124
2,iPad_2021,Hanzi,loudness_sma3_percentile20.0,1200,0.4467302550685902,0.2254744188468888,0.4020518064498901,0.2925870046019554,0.5400562137365341,0.2474692091345787,0.066253550350666,2.1154873371124268
3,Huawei_P30_phone,Hanzi,loudness_sma3_percentile20.0,1206,1.2735033841250745,0.7268534075752062,1.1442909836769104,0.7519329190254211,1.66773322224617,0.9158003032207488,0.0232188180088996,4.650261878967285
1,ASUS_FX63VD_laptop,Hanzi,loudness_sma3_percentile50.0,1204,1.166540396594724,0.4481981522536415,1.1064545512199402,0.8711308389902115,1.3940966427326202,0.5229658037424088,0.1307132691144943,3.228910446166992
2,iPad_2021,Hanzi,loudness_sma3_percentile50.0,1200,0.6690375264920294,0.3405003669174578,0.5953349173069,0.4453841969370842,0.8183112889528275,0.3729270920157432,0.07014050334692,3.0022640228271484
3,Huawei_P30_phone,Hanzi,loudness_sma3_percentile50.0,1206,2.1710348301235074,0.9293181923647692,2.057661175727844,1.5243659019470217,2.733091175556183,1.2087252736091614,0.026691261678934,5.645120620727539
1,ASUS_FX63VD_laptop,Hanzi,loudness_sma3_percentile80.0,1204,1.5818750943456377,0.5883514547355606,1.4771255254745483,1.1664876341819763,1.891533315181732,0.7250456809997559,0.3986989855766296,4.090023994445801
2,iPad_2021,Hanzi,loudness_sma3_percentile80.0,1200,0.8947640983263652,0.4760842788974799,0.7774672508239746,0.5718540400266647,1.105930119752884,0.5340760797262192,0.1509483307600021,3.450343132019043
3,Huawei_P30_phone,Hanzi,loudness_sma3_percentile80.0,1206,2.9363200001227074,1.0596852596805613,2.8587677478790283,2.194167375564575,3.6004613637924194,1.4062939882278442,0.0354591272771358,6.226936340332031
1,ASUS_FX63VD_laptop,Hanzi,loudness_sma3_stddevFallingSlope,1204,1.1941474878362246,2.1688611630766386,0.0,0.0,1.597418487071991,1.597418487071991,0.0,15.002524375915527
2,iPad_2021,Hanzi,loudness_sma3_stddevFallingSlope,1200,0.825354132503271,1.4637273355062634,0.0249364674091339,0.0,1.1395796835422518,1.1395796835422518,0.0,12.030845642089844
3,Huawei_P30_phone,Hanzi,loudness_sma3_stddevFallingSlope,1206,3.238883068503976,4.973819028606932,0.0,0.0,5.684667706489563,5.684667706489563,0.0,48.54613494873047
1,ASUS_FX63VD_laptop,Hanzi,loudness_sma3_stddevNorm,1204,0.3623057832404587,0.1435684151828523,0.3513518273830413,0.2566650360822677,0.4573362246155738,0.200671188533306,0.014574690721929,1.260991096496582
2,iPad_2021,Hanzi,loudness_sma3_stddevNorm,1200,0.3272710599532972,0.1353866963439703,0.312002345919609,0.2335090041160583,0.4047632813453674,0.1712542772293091,0.0281006023287773,1.2398815155029297
3,Huawei_P30_phone,Hanzi,loudness_sma3_stddevNorm,1206,0.4245807732367397,0.1961590423939436,0.405633196234703,0.3064031600952148,0.5078500360250473,0.2014468759298324,0.02255798317492,2.873741626739502
1,ASUS_FX63VD_laptop,Hanzi,loudness_sma3_stddevRisingSlope,1204,3.754537173110583,3.2807775612316714,3.353310465812683,1.2011494636535645,5.4698604345321655,4.268710970878601,0.0,20.44084930419922
2,iPad_2021,Hanzi,loudness_sma3_stddevRisingSlope,1200,2.209614986728411,2.2962523489757865,1.6307404041290283,0.6845308393239975,3.0729299187660217,2.388399079442024,0.0,18.40056228637696
3,Huawei_P30_phone,Hanzi,loudness_sma3_stddevRisingSlope,1206,7.905803245221995,6.652718943178128,7.141844987869263,2.6782807111740112,11.926797389984127,9.248516678810118,0.0,42.1100959777832
1,ASUS_FX63VD_laptop,Hanzi,mfcc1V_sma3nz_amean,1204,32.88621110199298,6.631466561910564,32.7559928894043,28.466973781585693,37.565359115600586,9.098385334014893,0.0,50.407981872558594
2,iPad_2021,Hanzi,mfcc1V_sma3nz_amean,1200,37.503524221579234,6.942327856368512,37.73663711547852,33.20883369445801,42.34428787231445,9.135454177856444,0.0,55.86508941650391
3,Huawei_P30_phone,Hanzi,mfcc1V_sma3nz_amean,1206,34.38954673892823,10.063242509316948,34.35581588745117,28.390937328338623,41.035841941833496,12.644904613494871,-22.902244567871094,61.348854064941406
1,ASUS_FX63VD_laptop,Hanzi,mfcc1V_sma3nz_stddevNorm,1204,0.1599471861159311,0.119548200052059,0.1238050237298011,0.0820430722087621,0.1966643892228603,0.1146213170140982,0.0,0.9277295470237732
2,iPad_2021,Hanzi,mfcc1V_sma3nz_stddevNorm,1200,0.1204498048887277,0.1136016204946144,0.0881461352109909,0.0618033362552523,0.1342832036316394,0.0724798673763871,0.0,1.2098742723464966
3,Huawei_P30_phone,Hanzi,mfcc1V_sma3nz_stddevNorm,1206,0.2965174043322504,1.2580362745333875,0.1618475914001464,0.103224717080593,0.2842948138713836,0.1810700967907905,-10.273531913757324,39.89073944091797
1,ASUS_FX63VD_laptop,Hanzi,mfcc1_sma3_amean,1204,31.933331344016764,6.816846084931344,31.92788028717041,27.50742769241333,36.7528600692749,9.245432376861572,-4.249728679656982,49.633827209472656
2,iPad_2021,Hanzi,mfcc1_sma3_amean,1200,36.80027185440064,6.949123269205361,37.13336944580078,32.482797622680664,41.705862045288086,9.223064422607422,5.933073043823242,56.42684555053711
3,Huawei_P30_phone,Hanzi,mfcc1_sma3_amean,1206,34.071210682490964,10.04562365458014,34.14965629577637,28.211945056915283,40.82497787475586,12.613032817840576,-27.21340751647949,57.97230911254883
1,ASUS_FX63VD_laptop,Hanzi,mfcc1_sma3_stddevNorm,1204,0.2038582318417567,0.2180811189125455,0.1511590704321861,0.102673664689064,0.2155166864395141,0.1128430217504501,-1.2667850255966189,2.5569815635681152
2,iPad_2021,Hanzi,mfcc1_sma3_stddevNorm,1200,0.1425059011066332,0.1559201524578287,0.1010446175932884,0.073050582781434,0.1496215313673018,0.0765709485858678,0.0148562304675579,2.0303070545196533
3,Huawei_P30_phone,Hanzi,mfcc1_sma3_stddevNorm,1206,0.3374775945090041,1.6003794062390473,0.1747654005885123,0.116209615021944,0.3072792813181877,0.1910696662962437,-14.864883422851562,45.325828552246094
1,ASUS_FX63VD_laptop,Hanzi,mfcc2V_sma3nz_amean,1204,11.094235445106667,13.559492858084024,12.55338430404663,3.030708432197571,21.14861297607422,18.117904543876648,-50.527862548828125,36.70051193237305
2,iPad_2021,Hanzi,mfcc2V_sma3nz_amean,1200,1.1000669352710246,14.9192628911766,3.1101183891296387,-6.902858376502991,11.74521279335022,18.64807116985321,-59.48041534423828,36.37907409667969
3,Huawei_P30_phone,Hanzi,mfcc2V_sma3nz_amean,1206,3.0112524867879467,17.105846313464067,4.229039669036865,-7.213207006454468,15.2154860496521,22.428693056106567,-64.78306579589844,41.720027923583984
1,ASUS_FX63VD_laptop,Hanzi,mfcc2V_sma3nz_stddevNorm,1204,0.5284456012235255,13.61611027011316,0.2907625436782837,0.107031201943755,0.7581061720848083,0.6510749701410533,-233.940658569336,298.053466796875
2,iPad_2021,Hanzi,mfcc2V_sma3nz_stddevNorm,1200,-0.356252198924,6.24543958144925,0.1838779151439666,-0.7115589827299118,0.5916931480169296,1.3032521307468414,-106.19987487792967,44.45716094970703
3,Huawei_P30_phone,Hanzi,mfcc2V_sma3nz_stddevNorm,1206,-0.0867976457155487,14.169931397663843,0.2391038015484809,-0.7286350727081299,0.8413186222314835,1.5699536949396131,-375.7446594238281,122.8610610961914
1,ASUS_FX63VD_laptop,Hanzi,mfcc2_sma3_amean,1204,11.874705481782334,12.94446570793045,13.731249809265137,4.381983518600464,21.30566549301147,16.923681974411007,-48.5128288269043,55.37108612060547
2,iPad_2021,Hanzi,mfcc2_sma3_amean,1200,1.4925907138564314,14.293419191483569,3.3001480102539062,-6.060502648353577,11.766663074493408,17.827165722846985,-56.42728805541992,34.263572692871094
3,Huawei_P30_phone,Hanzi,mfcc2_sma3_amean,1206,3.514282545278692,16.54977079745918,5.03740930557251,-6.558361768722534,15.124372720718382,21.68273448944092,-63.11598587036133,42.60237503051758
1,ASUS_FX63VD_laptop,Hanzi,mfcc2_sma3_stddevNorm,1204,-0.7313352389063105,31.133068753099373,0.3171002864837646,0.1375975757837295,0.7746395617723465,0.6370419859886169,-1068.1170654296875,42.864540100097656
2,iPad_2021,Hanzi,mfcc2_sma3_stddevNorm,1200,0.7419510423392057,20.1787131096694,0.2315672785043716,-0.6998851150274277,0.6780291646718979,1.3779142796993256,-172.8353729248047,426.2915954589844
3,Huawei_P30_phone,Hanzi,mfcc2_sma3_stddevNorm,1206,-0.379094339851568,15.528887999888374,0.2903075367212295,-0.7517568320035934,0.9388074278831484,1.6905642598867416,-410.0569763183594,121.9701690673828
1,ASUS_FX63VD_laptop,Hanzi,mfcc3V_sma3nz_amean,1204,5.996160658675113,20.052054803380926,2.9842023849487305,-8.927465677261353,20.34277391433716,29.27023959159851,-46.04289245605469,64.05814361572266
2,iPad_2021,Hanzi,mfcc3V_sma3nz_amean,1200,-1.6520235974597746,22.994854142416937,-6.048346281051636,-18.612151622772213,14.104151010513306,32.71630263328552,-56.92875671386719,71.22089385986328
3,Huawei_P30_phone,Hanzi,mfcc3V_sma3nz_amean,1206,9.276085856155944,27.242977730422204,2.608414888381958,-10.997907876968384,27.851436614990234,38.84934449195862,-49.164737701416016,98.90855407714844
1,ASUS_FX63VD_laptop,Hanzi,mfcc3V_sma3nz_stddevNorm,1204,-0.3170028832985515,27.325589776543467,0.1695524677634239,-0.6293492466211319,0.5568486303091049,1.1861978769302368,-832.6973266601562,262.68231201171875
2,iPad_2021,Hanzi,mfcc3V_sma3nz_stddevNorm,1200,0.5737262335295479,26.84343537262724,-0.2246119454503058,-0.5709770023822784,0.301119215786457,0.8720962181687355,-290.4970703125,717.7713012695312
3,Huawei_P30_phone,Hanzi,mfcc3V_sma3nz_stddevNorm,1206,1.353874682668893,26.47184540464547,0.1518255174160003,-0.7430261820554733,0.5870804190635681,1.3301066011190414,-141.1200408935547,648.8861083984375
1,ASUS_FX63VD_laptop,Hanzi,mfcc3_sma3_amean,1204,6.643873424850949,19.523517200828092,3.6048505306243896,-7.735527038574219,21.423293113708496,29.158820152282715,-43.82333755493164,62.190059661865234
2,iPad_2021,Hanzi,mfcc3_sma3_amean,1200,-0.7905648744147038,22.18307872481872,-5.083561658859253,-17.462746143341064,14.475648641586304,31.938394784927368,-52.01892852783203,67.16947937011719
3,Huawei_P30_phone,Hanzi,mfcc3_sma3_amean,1206,10.384295929242992,26.6162971853507,3.873871445655823,-9.670326471328735,30.112143039703373,39.7824695110321,-41.64474105834961,92.49437713623048
1,ASUS_FX63VD_laptop,Hanzi,mfcc3_sma3_stddevNorm,1204,0.741785405361499,24.50181766122117,0.2084326669573783,-0.6936446577310562,0.6414619833230972,1.3351066410541534,-248.94094848632807,681.5272216796875
2,iPad_2021,Hanzi,mfcc3_sma3_stddevNorm,1200,-0.5488618710575004,61.2654110437669,-0.2672822326421737,-0.6912558972835541,0.3436765521764755,1.0349324494600296,-1587.9847412109375,890.7720947265625
3,Huawei_P30_phone,Hanzi,mfcc3_sma3_stddevNorm,1206,2.0762109712173986,45.01966937238233,0.1822576820850372,-0.7734188139438629,0.8112844228744507,1.5847032368183136,-193.0159912109375,1214.75390625
1,ASUS_FX63VD_laptop,Hanzi,mfcc4V_sma3nz_amean,1204,-11.61544791589092,21.53026510012091,-12.097262382507324,-28.43966293334961,3.6983478665351863,32.1380107998848,-72.2377700805664,46.70213317871094
2,iPad_2021,Hanzi,mfcc4V_sma3nz_amean,1200,-21.309049992620324,22.90548642019455,-21.314249992370605,-38.31617164611816,-4.592854499816895,33.72331714630126,-94.64483642578124,40.37895584106445
3,Huawei_P30_phone,Hanzi,mfcc4V_sma3nz_amean,1206,-28.371553752690268,25.68316065432634,-28.665602684021,-47.67013454437256,-9.776463747024536,37.89367079734802,-102.6885223388672,46.8152961730957
1,ASUS_FX63VD_laptop,Hanzi,mfcc4V_sma3nz_stddevNorm,1204,0.1286607371717444,23.520495253333586,-0.328971266746521,-0.7235577702522278,0.2511033415794372,0.974661111831665,-371.9635925292969,465.1976318359375
2,iPad_2021,Hanzi,mfcc4V_sma3nz_stddevNorm,1200,-0.9834229008822392,19.97315508046167,-0.2799968272447586,-0.5832628160715103,-0.1317897886037826,0.4514730274677276,-679.2711181640625,47.94303131103516
3,Huawei_P30_phone,Hanzi,mfcc4V_sma3nz_stddevNorm,1206,-1.428559326788389,34.983298954684074,-0.3285294473171234,-0.6374393850564957,-0.1794053204357623,0.4580340646207332,-1155.7557373046875,121.8472900390625
1,ASUS_FX63VD_laptop,Hanzi,mfcc4_sma3_amean,1204,-9.55189425961433,20.329278263656747,-10.302330017089844,-25.22642707824707,4.765486598014832,29.991913676261905,-70.91251373291016,48.28532409667969
2,iPad_2021,Hanzi,mfcc4_sma3_amean,1200,-19.293617272247797,21.786950503103245,-18.84538078308105,-34.792805671691895,-3.555309653282165,31.23749601840973,-92.20719146728516,39.9500846862793
3,Huawei_P30_phone,Hanzi,mfcc4_sma3_amean,1206,-26.352364230190545,24.1749890714222,-27.01917839050293,-44.20011138916016,-9.689158916473389,34.51095247268677,-99.70101928710938,45.08599090576172
1,ASUS_FX63VD_laptop,Hanzi,mfcc4_sma3_stddevNorm,1204,1.9530387362805608,40.97214617356469,-0.3960099220275878,-0.870404377579689,0.3669705092906952,1.2373748868703842,-228.11436462402344,1154.517822265625
2,iPad_2021,Hanzi,mfcc4_sma3_stddevNorm,1200,1.191922599747777,50.35561126428167,-0.3584502190351485,-0.7243665307760239,-0.1710632629692554,0.5533032678067684,-66.31182098388672,1719.05126953125
3,Huawei_P30_phone,Hanzi,mfcc4_sma3_stddevNorm,1206,-0.1881145211261006,7.829102640760579,-0.3917222023010253,-0.7186052650213242,-0.2140335105359554,0.5045717544853687,-140.9534149169922,127.16800689697266
1,ASUS_FX63VD_laptop,Hanzi,shimmerLocaldB_sma3nz_amean,1204,1.2027133690360376,0.3830900537760612,1.1542444825172424,0.9491466879844666,1.3977448344230652,0.4485981464385986,0.0,4.026050090789795
2,iPad_2021,Hanzi,shimmerLocaldB_sma3nz_amean,1200,1.4746950712303322,0.5460119160881178,1.37236088514328,1.1439257264137268,1.6812406480312347,0.5373149216175079,0.0,5.453395366668701
3,Huawei_P30_phone,Hanzi,shimmerLocaldB_sma3nz_amean,1206,1.42784011650639,0.6029835391047424,1.3034141063690186,1.047793447971344,1.637594133615494,0.58980068564415,0.0,5.201267242431641
1,ASUS_FX63VD_laptop,Hanzi,shimmerLocaldB_sma3nz_stddevNorm,1204,0.577976080966476,0.2083296409629313,0.5606380105018616,0.4336570203304291,0.6927994340658188,0.2591424137353897,0.0,1.4026247262954712
2,iPad_2021,Hanzi,shimmerLocaldB_sma3nz_stddevNorm,1200,0.5057683500181883,0.1750045118948452,0.4840332120656967,0.3936501070857047,0.611328512430191,0.2176784053444863,0.0,1.1831215620040894
3,Huawei_P30_phone,Hanzi,shimmerLocaldB_sma3nz_stddevNorm,1206,0.5860341579759892,0.2191273094616607,0.5717981457710266,0.4363258481025695,0.7126501202583313,0.2763242721557618,0.0,1.524442195892334
1,ASUS_FX63VD_laptop,Hanzi,slopeUV0-500_sma3nz_amean,1204,0.0063371899476053,0.0248422248799588,0.0,0.0,0.0,0.0,-0.0766693875193595,0.2106001228094101
2,iPad_2021,Hanzi,slopeUV0-500_sma3nz_amean,1200,0.0115605254172502,0.0345047203441521,0.0,0.0,0.0,0.0,0.0,0.1822372376918792
3,Huawei_P30_phone,Hanzi,slopeUV0-500_sma3nz_amean,1206,0.0192347581247443,0.0434052744694231,0.0,0.0,0.0,0.0,0.0,0.2172685116529464
1,ASUS_FX63VD_laptop,Hanzi,slopeUV500-1500_sma3nz_amean,1204,-0.0029572415926961,0.0092786616527024,0.0,0.0,0.0,0.0,-0.0673442631959915,0.0139980148524045
2,iPad_2021,Hanzi,slopeUV500-1500_sma3nz_amean,1200,-0.0015742379778142,0.0071931690817193,0.0,0.0,0.0,0.0,-0.0533523634076118,0.0211439132690429
3,Huawei_P30_phone,Hanzi,slopeUV500-1500_sma3nz_amean,1206,-0.0035181297776524,0.0117303375624374,0.0,0.0,0.0,0.0,-0.069213643670082,0.028794951736927
1,ASUS_FX63VD_laptop,Hanzi,slopeV0-500_sma3nz_amean,1204,0.0551772401201599,0.0351859630513947,0.0578619819134473,0.0330890687182545,0.0824864674359559,0.0493973987177014,-0.0734942033886909,0.1607156693935394
2,iPad_2021,Hanzi,slopeV0-500_sma3nz_amean,1200,0.1070042622832503,0.0255177861462591,0.1080582104623317,0.0925046000629662,0.1236578822135924,0.0311532821506262,-0.0185412857681512,0.1700056046247482
3,Huawei_P30_phone,Hanzi,slopeV0-500_sma3nz_amean,1206,0.0958722420108224,0.0226845326397119,0.0967927649617194,0.0819160789251327,0.1111175492405891,0.0292014703154563,-0.0034899793099611,0.1900006979703903
1,ASUS_FX63VD_laptop,Hanzi,slopeV0-500_sma3nz_stddevNorm,1204,0.2816562015544685,3.6819510454179736,0.3309434801340102,0.2187607288360595,0.5807431936264038,0.3619824647903443,-64.80329895019531,35.524383544921875
2,iPad_2021,Hanzi,slopeV0-500_sma3nz_stddevNorm,1200,0.2072786629386246,0.8582297475970949,0.1938007175922393,0.1462184451520442,0.2539786323904991,0.1077601872384548,-19.36008071899414,21.121376037597656
3,Huawei_P30_phone,Hanzi,slopeV0-500_sma3nz_stddevNorm,1206,0.2826203582005245,0.160796549513316,0.2565580159425735,0.1948250494897365,0.3387908786535263,0.1439658291637897,-1.9189614057540887,1.583964228630066
1,ASUS_FX63VD_laptop,Hanzi,slopeV500-1500_sma3nz_amean,1204,-0.0295505699957909,0.015888815900807,-0.0293342787772416,-0.0411076061427592,-0.0179832130670547,0.0231243930757045,-0.0742758587002754,0.0125350384041666
2,iPad_2021,Hanzi,slopeV500-1500_sma3nz_amean,1200,-0.0311489620465484,0.0200109397998684,-0.0306660514324903,-0.0474075796082615,-0.0166358049027621,0.0307717747054993,-0.0740746557712555,0.0269286911934614
3,Huawei_P30_phone,Hanzi,slopeV500-1500_sma3nz_amean,1206,-0.031637622050478,0.0191491082574732,-0.0320643410086631,-0.0461617009714244,-0.0185063602402806,0.0276553407311438,-0.0755872204899787,0.0267105754464864
1,ASUS_FX63VD_laptop,Hanzi,slopeV500-1500_sma3nz_stddevNorm,1204,-0.422618624720215,2.331168406933436,-0.3034241795539856,-0.4611509889364242,-0.1976097114384174,0.2635412774980068,-38.51607894897461,46.07748794555664
2,iPad_2021,Hanzi,slopeV500-1500_sma3nz_stddevNorm,1200,-0.2284587147319689,4.915358245159842,-0.2923465073108673,-0.4741689935326575,-0.1778647266328334,0.2963042668998241,-59.96025466918945,133.47686767578125
3,Huawei_P30_phone,Hanzi,slopeV500-1500_sma3nz_stddevNorm,1206,-2.638846566891344,75.18375712723694,-0.3191020935773849,-0.5107142776250839,-0.197514671832323,0.3131996057927608,-2607.50634765625,37.75901794433594
1,ASUS_FX63VD_laptop,Hanzi,spectralFluxUV_sma3nz_amean,1204,0.1098161559904681,0.3706701084260141,0.0,0.0,0.0,0.0,0.0,3.381779909133911
2,iPad_2021,Hanzi,spectralFluxUV_sma3nz_amean,1200,0.0324380657441603,0.1593584632569778,0.0,0.0,0.0,0.0,0.0,2.8097944259643555
3,Huawei_P30_phone,Hanzi,spectralFluxUV_sma3nz_amean,1206,0.2756528929736971,0.9184867330261156,0.0,0.0,0.0,0.0,0.0,8.399158477783203
1,ASUS_FX63VD_laptop,Hanzi,spectralFluxV_sma3nz_amean,1204,1.0390402671023955,0.426420881559248,0.988694965839386,0.7507933080196381,1.2635518312454224,0.5127585232257843,0.0,3.014681816101074
2,iPad_2021,Hanzi,spectralFluxV_sma3nz_amean,1200,0.5302893326617777,0.3537946440190056,0.4539175033569336,0.3017092496156692,0.6494349390268326,0.3477256894111634,0.0,3.378191947937012
3,Huawei_P30_phone,Hanzi,spectralFluxV_sma3nz_amean,1206,2.691458304364784,1.069318053349286,2.636294364929199,1.9742329418659208,3.3554121255874634,1.381179183721542,0.0,7.917210578918457
1,ASUS_FX63VD_laptop,Hanzi,spectralFluxV_sma3nz_stddevNorm,1204,0.3755078242528577,0.1472655864302745,0.3638834804296493,0.267562173306942,0.4614471867680549,0.1938850134611129,0.0,0.864698588848114
2,iPad_2021,Hanzi,spectralFluxV_sma3nz_stddevNorm,1200,0.375345518514514,0.1559266115174912,0.3644962906837463,0.2646884098649025,0.4613975584506988,0.1967091485857963,0.0,1.0336205959320068
3,Huawei_P30_phone,Hanzi,spectralFluxV_sma3nz_stddevNorm,1206,0.402418050303388,0.1714893264922914,0.3840301781892776,0.2783922404050826,0.4984936714172363,0.2201014310121536,0.0,1.2102535963058472
1,ASUS_FX63VD_laptop,Hanzi,spectralFlux_sma3_amean,1204,0.9544427359284852,0.3974494351131615,0.8953936696052551,0.6821128726005554,1.1603530049324036,0.4782401323318481,0.0954761654138565,2.763176202774048
2,iPad_2021,Hanzi,spectralFlux_sma3_amean,1200,0.4794955969974399,0.3104238063780913,0.4177546054124832,0.2751876786351203,0.5993800014257431,0.3241923227906227,0.0216223634779453,2.7232186794281006
3,Huawei_P30_phone,Hanzi,spectralFlux_sma3_amean,1206,2.4117189349720927,0.9710376728875236,2.3933602571487427,1.7464799284934995,2.995834469795227,1.2493545413017275,0.0184724368155002,6.238157749176025
1,ASUS_FX63VD_laptop,Hanzi,spectralFlux_sma3_stddevNorm,1204,0.453779847543699,0.1642958585147493,0.4246217906475067,0.3371680229902267,0.5441417992115021,0.2069737762212753,0.1508797705173492,1.6563971042633057
2,iPad_2021,Hanzi,spectralFlux_sma3_stddevNorm,1200,0.4600285040214658,0.1681377532828919,0.4277184456586838,0.3407712206244468,0.5438964366912842,0.2031252160668373,0.1591982394456863,1.5087751150131226
3,Huawei_P30_phone,Hanzi,spectralFlux_sma3_stddevNorm,1206,0.5085698414352996,0.2385969694636069,0.4718795567750931,0.36304472386837,0.5971349626779556,0.2340902388095855,0.1698707938194275,4.452186584472656
1,ASUS_FX63VD_laptop,STT,F0semitoneFrom27.5Hz_sma3nz_amean,1190,30.57101408934393,5.460825414527073,31.727859497070312,25.97132635116577,34.962018966674805,8.990692615509033,0.0,58.19214630126953
2,iPad_2021,STT,F0semitoneFrom27.5Hz_sma3nz_amean,996,31.54456519984816,5.163600107528854,32.920745849609375,27.600823879241943,35.39996719360352,7.799143314361572,13.927491188049316,55.64786148071289
3,Huawei_P30_phone,STT,F0semitoneFrom27.5Hz_sma3nz_amean,1041,32.52871111742472,4.960559405276075,33.628116607666016,29.23743438720703,35.91505432128906,6.677619934082031,0.0,48.7931022644043
1,ASUS_FX63VD_laptop,STT,F0semitoneFrom27.5Hz_sma3nz_meanFallingSlope,1190,40.84670607541461,103.3193115360047,15.638497352600098,1.325139403343201,55.28678798675537,53.96164858341217,-868.0324096679688,1331.0943603515625
2,iPad_2021,STT,F0semitoneFrom27.5Hz_sma3nz_meanFallingSlope,996,49.07744065165355,159.834978443436,17.964701652526855,0.1759896501898765,73.91268730163574,73.73669765144587,-357.9364318847656,3756.448486328125
3,Huawei_P30_phone,STT,F0semitoneFrom27.5Hz_sma3nz_meanFallingSlope,1041,59.51471668707634,122.95239649271215,18.98316192626953,2.867861747741699,82.38519287109375,79.51733112335205,-228.2096710205078,1310.572021484375
1,ASUS_FX63VD_laptop,STT,F0semitoneFrom27.5Hz_sma3nz_meanRisingSlope,1190,56.10058381440384,110.01623672456398,21.748519897460938,10.015071392059326,72.87878799438477,62.86371660232544,-192.9660797119141,2208.9990234375
2,iPad_2021,STT,F0semitoneFrom27.5Hz_sma3nz_meanRisingSlope,996,73.05771698129465,114.47257914851292,34.978694915771484,11.590245723724363,103.09351921081544,91.50327348709108,-457.9856872558594,1220.98876953125
3,Huawei_P30_phone,STT,F0semitoneFrom27.5Hz_sma3nz_meanRisingSlope,1041,81.27087294458484,165.72162952710372,27.592164993286133,9.253989219665527,106.24066162109376,96.98667240142824,-410.8360595703125,2163.754638671875
1,ASUS_FX63VD_laptop,STT,F0semitoneFrom27.5Hz_sma3nz_pctlrange0-2,1190,4.839153471714308,5.611522362465646,2.516965866088867,1.2730722427368164,5.286198616027832,4.013126373291016,0.0,32.270015716552734
2,iPad_2021,STT,F0semitoneFrom27.5Hz_sma3nz_pctlrange0-2,996,5.263170913520108,5.754111381223988,2.8817672729492188,1.2075433731079102,8.120123863220215,6.912580490112305,0.0,38.391746520996094
3,Huawei_P30_phone,STT,F0semitoneFrom27.5Hz_sma3nz_pctlrange0-2,1041,5.50831069268365,6.617959674929761,2.790596008300781,1.1632728576660156,7.604789733886719,6.441516876220703,0.0,38.38169097900391
1,ASUS_FX63VD_laptop,STT,F0semitoneFrom27.5Hz_sma3nz_percentile20.0,1190,28.12128882047509,6.4533795692604485,27.68014907836914,22.88948726654053,34.0891227722168,11.199635505676266,0.0,56.75349807739258
2,iPad_2021,STT,F0semitoneFrom27.5Hz_sma3nz_percentile20.0,996,28.886650361210467,6.17171510508003,29.878915786743164,23.64614200592041,34.23304462432861,10.586902618408203,13.2260103225708,55.11006164550781
3,Huawei_P30_phone,STT,F0semitoneFrom27.5Hz_sma3nz_percentile20.0,1041,29.753535126861077,5.78533233606741,31.424774169921875,24.541234970092773,34.47186279296875,9.930627822875977,0.0,47.52171325683594
1,ASUS_FX63VD_laptop,STT,F0semitoneFrom27.5Hz_sma3nz_percentile50.0,1190,31.02451520807603,5.882897511420687,33.00165557861328,25.873714447021484,35.59982681274414,9.726112365722656,0.0,57.17314529418945
2,iPad_2021,STT,F0semitoneFrom27.5Hz_sma3nz_percentile50.0,996,31.836576746170778,5.793082662554889,33.406538009643555,26.862562656402588,36.01491641998291,9.152353763580322,13.927491188049316,58.48515319824219
3,Huawei_P30_phone,STT,F0semitoneFrom27.5Hz_sma3nz_percentile50.0,1041,32.27212379668105,5.4540677625195455,33.65663528442383,27.908615112304688,36.02262496948242,8.114009857177734,0.0,55.14823532104492
1,ASUS_FX63VD_laptop,STT,F0semitoneFrom27.5Hz_sma3nz_percentile80.0,1190,32.96044228978518,5.924543634703931,34.667551040649414,28.20286226272583,37.07081604003906,8.867953777313232,0.0,60.60964584350586
2,iPad_2021,STT,F0semitoneFrom27.5Hz_sma3nz_percentile80.0,996,34.14982127568808,5.768371859062873,35.646860122680664,30.891380310058597,37.63369369506837,6.742313385009773,13.927491188049316,60.57428359985352
3,Huawei_P30_phone,STT,F0semitoneFrom27.5Hz_sma3nz_percentile80.0,1041,35.261845820460834,6.494712347939927,35.78586959838867,32.17439270019531,38.00038528442383,5.825992584228516,0.0,60.83029174804688
1,ASUS_FX63VD_laptop,STT,F0semitoneFrom27.5Hz_sma3nz_stddevFallingSlope,1190,24.63319479796816,60.25308203787471,3.820235729217529,0.0,24.679118156433105,24.679118156433105,0.0,1113.7557373046875
2,iPad_2021,STT,F0semitoneFrom27.5Hz_sma3nz_stddevFallingSlope,996,23.32011104820962,54.83834942187461,0.9444838762283324,0.0,25.353657722473145,25.353657722473145,0.0,869.6414184570312
3,Huawei_P30_phone,STT,F0semitoneFrom27.5Hz_sma3nz_stddevFallingSlope,1041,25.289991977020712,67.64449426421625,2.858196973800659,0.0,25.71565818786621,25.71565818786621,0.0,1330.1949462890625
1,ASUS_FX63VD_laptop,STT,F0semitoneFrom27.5Hz_sma3nz_stddevNorm,1190,0.0996083316025362,0.0946295907074079,0.056791640818119,0.0292600034736096,0.1550549007952213,0.1257948973216116,0.0,0.4265472590923309
2,iPad_2021,STT,F0semitoneFrom27.5Hz_sma3nz_stddevNorm,996,0.1039376245781425,0.0916228885314772,0.0705576613545417,0.0314727714285254,0.1641853488981723,0.1327125774696469,0.0,0.4711871445178985
3,Huawei_P30_phone,STT,F0semitoneFrom27.5Hz_sma3nz_stddevNorm,1041,0.1125783432436595,0.1036009443706495,0.071945808827877,0.0301351211965084,0.1743149012327194,0.1441797800362109,0.0,0.5086203813552856
1,ASUS_FX63VD_laptop,STT,F0semitoneFrom27.5Hz_sma3nz_stddevRisingSlope,1190,21.69406820172913,56.08198356644492,0.0,0.0,20.979239463806152,20.979239463806152,0.0,911.6196899414062
2,iPad_2021,STT,F0semitoneFrom27.5Hz_sma3nz_stddevRisingSlope,996,26.19111476538714,75.54342192926761,0.4923534244298935,0.0,29.23466491699219,29.23466491699219,0.0,1511.260009765625
3,Huawei_P30_phone,STT,F0semitoneFrom27.5Hz_sma3nz_stddevRisingSlope,1041,31.889782209647148,106.02386087731983,0.2069983482360839,0.0,29.28257942199707,29.28257942199707,0.0,1536.33349609375
1,ASUS_FX63VD_laptop,STT,F1amplitudeLogRelF0_sma3nz_amean,1190,-13.96237337414817,20.498044665507248,-9.819177627563477,-17.99819040298462,-3.872110068798065,14.126080334186554,-201.0,28.51019096374512
2,iPad_2021,STT,F1amplitudeLogRelF0_sma3nz_amean,996,-5.511848845549047,22.31280656060604,-2.4779088497161865,-12.834145307540894,7.416512608528137,20.25065791606903,-201.0,38.52692413330078
3,Huawei_P30_phone,STT,F1amplitudeLogRelF0_sma3nz_amean,1041,-8.418702992262618,24.757740049872023,-4.811119079589844,-15.41054916381836,4.683488368988037,20.0940375328064,-201.0,43.75864028930664
1,ASUS_FX63VD_laptop,STT,F1amplitudeLogRelF0_sma3nz_stddevNorm,1190,-2.9779317101604548,35.38933485847961,-0.9991457164287568,-1.864686131477356,-0.4516765549778938,1.413009576499462,-893.5932006835938,138.37933349609375
2,iPad_2021,STT,F1amplitudeLogRelF0_sma3nz_stddevNorm,996,-23.49865567139593,721.4095451048607,-0.4722314625978469,-1.6362459063529966,0.9596920609474184,2.595937967300415,-22741.201171875,709.7877807617188
3,Huawei_P30_phone,STT,F1amplitudeLogRelF0_sma3nz_stddevNorm,1041,-1.0426731342190338,51.76056832289124,-0.8031225800514221,-1.88849139213562,0.879289448261261,2.767780840396881,-883.4828491210938,930.0864868164062
1,ASUS_FX63VD_laptop,STT,F1bandwidth_sma3nz_amean,1190,1206.8204283642167,155.0249438489842,1210.3464965820312,1110.0628356933594,1301.6291809082031,191.56634521484372,0.0,1688.7891845703125
2,iPad_2021,STT,F1bandwidth_sma3nz_amean,996,1288.4158026760365,164.15891043239873,1291.3219604492188,1190.543426513672,1401.5998229980469,211.056396484375,567.8112182617188,1818.52685546875
3,Huawei_P30_phone,STT,F1bandwidth_sma3nz_amean,1041,1192.9389295184071,203.60010474861647,1209.6048583984375,1080.965576171875,1325.444580078125,244.47900390625,0.0,1780.917724609375
1,ASUS_FX63VD_laptop,STT,F1bandwidth_sma3nz_stddevNorm,1190,0.1554005921403524,0.0695100657180018,0.1436415016651153,0.111845402047038,0.1857539638876914,0.0739085618406534,0.0,0.6236262321472168
2,iPad_2021,STT,F1bandwidth_sma3nz_stddevNorm,996,0.1458716719281807,0.0728135239848512,0.13354904204607,0.1032331436872481,0.1696087978780269,0.0663756541907788,0.0,0.8035697937011719
3,Huawei_P30_phone,STT,F1bandwidth_sma3nz_stddevNorm,1041,0.1802165587803959,0.11252014263386,0.154921069741249,0.1196169108152389,0.2024819999933242,0.0828650891780853,0.0,1.2206987142562866
1,ASUS_FX63VD_laptop,STT,F1frequency_sma3nz_amean,1190,587.0232348786683,137.8032116270686,588.86572265625,480.45059967041016,693.3362426757812,212.8856430053711,0.0,1036.4197998046875
2,iPad_2021,STT,F1frequency_sma3nz_amean,996,637.7737300826842,137.6867016770383,653.7304077148438,535.6964111328125,738.2210998535156,202.52468872070312,328.7914123535156,1087.57421875
3,Huawei_P30_phone,STT,F1frequency_sma3nz_amean,1041,620.8915316153901,154.08849523180098,611.9063720703125,517.7761840820312,708.8075561523438,191.0313720703125,0.0,1215.4967041015625
1,ASUS_FX63VD_laptop,STT,F1frequency_sma3nz_stddevNorm,1190,0.2806725935695474,0.1248598127216481,0.2747812867164611,0.1958750262856483,0.3635558485984802,0.1676808223128319,0.0,0.7191383838653564
2,iPad_2021,STT,F1frequency_sma3nz_stddevNorm,996,0.2636666216267587,0.1196604436027491,0.2590856552124023,0.1798935197293757,0.340556189417839,0.1606626696884632,0.0,0.7258367538452148
3,Huawei_P30_phone,STT,F1frequency_sma3nz_stddevNorm,1041,0.2924393661585023,0.1159901448105487,0.2957130968570709,0.2119120508432388,0.3635691106319427,0.1516570597887039,0.0,0.7460746765136719
1,ASUS_FX63VD_laptop,STT,F2amplitudeLogRelF0_sma3nz_amean,1190,-25.405313330998315,19.56382137844263,-23.63617992401123,-33.4641695022583,-13.742324113845823,19.72184538841248,-201.0,18.33852195739746
2,iPad_2021,STT,F2amplitudeLogRelF0_sma3nz_amean,996,-18.75279297569512,21.12445897111711,-17.201407432556152,-30.105509281158447,-5.240890383720398,24.86461889743805,-201.0,25.36455726623535
3,Huawei_P30_phone,STT,F2amplitudeLogRelF0_sma3nz_amean,1041,-20.526820059628637,22.05003656360719,-19.08100318908692,-31.7535343170166,-6.024613380432129,25.728920936584476,-201.0,28.028120040893555
1,ASUS_FX63VD_laptop,STT,F2amplitudeLogRelF0_sma3nz_stddevNorm,1190,-1.2461184463800252,9.704608634056294,-0.6784132122993469,-1.142197698354721,-0.3549878001213074,0.7872098982334137,-323.4224853515625,24.199337005615234
2,iPad_2021,STT,F2amplitudeLogRelF0_sma3nz_stddevNorm,996,0.096605978524649,30.48434238438289,-0.5807496607303619,-1.2417040467262268,-0.2060591392219066,1.03564490750432,-163.50808715820312,906.6731567382812
3,Huawei_P30_phone,STT,F2amplitudeLogRelF0_sma3nz_stddevNorm,1041,-1.227057320009434,12.757250334629024,-0.7429154515266418,-1.461139678955078,-0.3082865178585052,1.1528531610965729,-306.29461669921875,156.3045196533203
1,ASUS_FX63VD_laptop,STT,F2bandwidth_sma3nz_amean,1190,877.047648383389,243.562423965337,898.4458618164062,733.5704040527344,1032.9723815917969,299.4019775390625,0.0,2302.429931640625
2,iPad_2021,STT,F2bandwidth_sma3nz_amean,996,988.4881445490212,227.73055746837588,1012.6234741210938,861.5499725341797,1136.5039672851562,274.95399475097656,108.4441375732422,1595.135498046875
3,Huawei_P30_phone,STT,F2bandwidth_sma3nz_amean,1041,847.1994751445612,243.24677236555831,892.7479858398438,713.4537963867188,1013.6611328125,300.20733642578125,0.0,1706.970947265625
1,ASUS_FX63VD_laptop,STT,F2bandwidth_sma3nz_stddevNorm,1190,0.3188111143934094,0.1910343574334022,0.2838421463966369,0.1855557262897491,0.402273528277874,0.2167178019881248,0.0,1.3228375911712646
2,iPad_2021,STT,F2bandwidth_sma3nz_stddevNorm,996,0.2705863837627731,0.1886622110179789,0.2194436267018318,0.1535423696041106,0.3364621922373771,0.1829198226332664,0.0,1.8720544576644893
3,Huawei_P30_phone,STT,F2bandwidth_sma3nz_stddevNorm,1041,0.3423029613680243,0.2150943477786796,0.2923801839351654,0.1937369257211685,0.4382076859474182,0.2444707602262497,0.0,1.4523441791534424
1,ASUS_FX63VD_laptop,STT,F2frequency_sma3nz_amean,1190,1625.7645222639835,218.18328249218573,1620.5036010742188,1491.8167114257812,1757.6884765625,265.87176513671875,0.0,2333.465576171875
2,iPad_2021,STT,F2frequency_sma3nz_amean,996,1656.5496920543503,208.0614048892738,1638.7307739257812,1501.0765991210938,1794.6672668457031,293.5906677246094,1131.2103271484375,2334.022216796875
3,Huawei_P30_phone,STT,F2frequency_sma3nz_amean,1041,1658.4136237035452,241.02738049316335,1642.95849609375,1495.4822998046875,1789.1292724609375,293.64697265625,0.0,2472.8837890625
1,ASUS_FX63VD_laptop,STT,F2frequency_sma3nz_stddevNorm,1190,0.1518295069616444,0.0833522735294441,0.1379343643784522,0.0796389169991015,0.2191416025161743,0.1395026855170727,0.0,0.3962776958942413
2,iPad_2021,STT,F2frequency_sma3nz_stddevNorm,996,0.135209994255198,0.0634547010188306,0.131255842745304,0.085691338405013,0.1794612556695937,0.0937699172645807,0.0,0.3658037781715393
3,Huawei_P30_phone,STT,F2frequency_sma3nz_stddevNorm,1041,0.1602040816798061,0.0786422785597488,0.1510280817747116,0.0993281751871109,0.2145367264747619,0.115208551287651,0.0,0.4047666192054748
1,ASUS_FX63VD_laptop,STT,F3amplitudeLogRelF0_sma3nz_amean,1190,-32.49491350740946,18.84179371790253,-30.402199745178223,-39.63969707489014,-21.702602863311764,17.937094211578373,-201.0,6.18500566482544
2,iPad_2021,STT,F3amplitudeLogRelF0_sma3nz_amean,996,-27.61536745424663,19.90801179486196,-27.06461811065674,-37.48435115814209,-14.769567966461182,22.714783191680908,-201.0,16.645387649536133
3,Huawei_P30_phone,STT,F3amplitudeLogRelF0_sma3nz_amean,1041,-26.38831490310093,21.69653374442237,-24.95650100708008,-36.92642211914063,-12.91254425048828,24.01387786865235,-201.0,23.563003540039062
1,ASUS_FX63VD_laptop,STT,F3amplitudeLogRelF0_sma3nz_stddevNorm,1190,-0.5848336051993009,0.9861729093802992,-0.4206329137086868,-0.8077668249607086,-0.2239969782531261,0.5837698467075825,-20.49526023864746,10.439190864562988
2,iPad_2021,STT,F3amplitudeLogRelF0_sma3nz_stddevNorm,996,-0.9397890970419932,11.583584806857887,-0.4399723857641219,-0.9673698097467424,-0.2050627581775188,0.7623070515692235,-340.1711120605469,63.80222702026367
3,Huawei_P30_phone,STT,F3amplitudeLogRelF0_sma3nz_stddevNorm,1041,-1.361485931732469,10.884238939482028,-0.583660364151001,-1.199263572692871,-0.2665806114673614,0.9326829612255096,-222.56890869140625,57.004878997802734
1,ASUS_FX63VD_laptop,STT,F3bandwidth_sma3nz_amean,1190,754.9612131327141,233.91240704768188,737.1270446777344,604.30859375,887.0303344726562,282.72174072265625,0.0,1664.0518798828125
2,iPad_2021,STT,F3bandwidth_sma3nz_amean,996,874.5370005412274,237.17407897333555,869.8222045898438,722.6074523925781,1022.9846496582032,300.3771972656251,212.351791381836,2095.317138671875
3,Huawei_P30_phone,STT,F3bandwidth_sma3nz_amean,1041,790.0123428505963,226.0751952615161,781.287841796875,648.9974975585938,919.0044555664062,270.0069580078125,0.0,1774.7794189453125
1,ASUS_FX63VD_laptop,STT,F3bandwidth_sma3nz_stddevNorm,1190,0.4558396428995648,0.2220435023579639,0.4221519380807876,0.2882236242294311,0.5876176208257675,0.2993939965963363,0.0,1.4623140096664429
2,iPad_2021,STT,F3bandwidth_sma3nz_stddevNorm,996,0.3726093870441309,0.2086334192423194,0.3240677863359451,0.2250504568219184,0.4768327176570892,0.2517822608351707,0.0,1.83211362361908
3,Huawei_P30_phone,STT,F3bandwidth_sma3nz_stddevNorm,1041,0.4424543557312844,0.2200899306195737,0.4127430915832519,0.2792436480522156,0.5641207695007324,0.2848771214485168,0.0,1.4572389125823977
1,ASUS_FX63VD_laptop,STT,F3frequency_sma3nz_amean,1190,2768.7747929933694,270.6945603346303,2793.77880859375,2598.3099975585938,2946.2623291015625,347.95233154296875,0.0,3471.6708984375
2,iPad_2021,STT,F3frequency_sma3nz_amean,996,2785.416187700019,224.26377015192028,2801.15283203125,2632.8491821289062,2949.3355102539062,316.486328125,2138.82177734375,3504.03515625
3,Huawei_P30_phone,STT,F3frequency_sma3nz_amean,1041,2811.1081484337474,238.7166061989629,2826.801513671875,2666.523193359375,2977.06787109375,310.544677734375,0.0,3448.543701171875
1,ASUS_FX63VD_laptop,STT,F3frequency_sma3nz_stddevNorm,1190,0.0940197398240419,0.0374924036549758,0.0915892645716667,0.0672068260610102,0.1204261984676122,0.0532193724066019,0.0,0.2708494067192077
2,iPad_2021,STT,F3frequency_sma3nz_stddevNorm,996,0.089525699993989,0.0359163020496298,0.0853733643889426,0.0643984153866767,0.1105372887104749,0.0461388733237981,0.0,0.2344536185264587
3,Huawei_P30_phone,STT,F3frequency_sma3nz_stddevNorm,1041,0.094021678941573,0.0363456611316733,0.0929790511727333,0.0690651908516883,0.1156663224101066,0.0466011315584183,0.0,0.2325517833232879
1,ASUS_FX63VD_laptop,STT,Gap_Before,1195,0.4684435146443514,0.554520737836877,0.266,0.1634999999999999,0.5260000000000002,0.3625000000000002,0.0069999999999996,7.162
2,iPad_2021,STT,Gap_Before,1005,0.4220591044776119,0.3798727669534925,0.2902999999999998,0.1756000000000002,0.5507,0.3750999999999997,0.0009999999999998,2.9632
3,Huawei_P30_phone,STT,Gap_Before,1050,0.4344304761904761,0.4445658215709119,0.2795000000000003,0.1602500000000001,0.5289999999999999,0.3687499999999997,0.0099999999999997,3.44
1,ASUS_FX63VD_laptop,STT,HNRdBACF_sma3nz_amean,1190,5.385347565139855,3.289884303319688,5.379303216934204,3.2815434932708736,7.743284583091736,4.461741089820862,-6.1781768798828125,13.284259796142578
2,iPad_2021,STT,HNRdBACF_sma3nz_amean,996,4.5393013182604856,3.729132609402437,4.719517707824707,2.1624777913093567,7.15368390083313,4.991206109523773,-7.477898120880127,13.117899894714355
3,Huawei_P30_phone,STT,HNRdBACF_sma3nz_amean,1041,5.075902300743332,3.807744229108365,5.4244794845581055,2.53110408782959,7.946787357330322,5.415683269500732,-7.181056022644043,13.264958381652832
1,ASUS_FX63VD_laptop,STT,HNRdBACF_sma3nz_stddevNorm,1190,1.115788217319348,7.939469791732853,0.5342732667922974,0.2585945278406143,1.0678781867027285,0.809283658862114,-46.8363037109375,163.61248779296875
2,iPad_2021,STT,HNRdBACF_sma3nz_stddevNorm,996,0.5940764137771893,32.777383666558805,0.5308015048503876,0.2397720851004123,1.0831885039806364,0.843416418880224,-497.5870971679688,845.8312377929688
3,Huawei_P30_phone,STT,HNRdBACF_sma3nz_stddevNorm,1041,3.205498083101856,112.66433626139168,0.5126515626907349,0.2575121223926544,0.9459050297737122,0.6883929073810577,-1586.6522216796875,3146.816162109375
1,ASUS_FX63VD_laptop,STT,MeanUnvoicedSegmentLength,1190,0.0103081229995904,0.0388045987475168,0.0,0.0,0.0,0.0,0.0,0.4799999892711639
2,iPad_2021,STT,MeanUnvoicedSegmentLength,996,0.007366130964449,0.0402457740066254,0.0,0.0,0.0,0.0,0.0,0.4699999988079071
3,Huawei_P30_phone,STT,MeanUnvoicedSegmentLength,1041,0.0105440279094933,0.0543006398689512,0.0,0.0,0.0,0.0,0.0,0.6800000071525574
1,ASUS_FX63VD_laptop,STT,MeanVoicedSegmentLengthSec,1190,0.3431022324920201,0.1428278707894867,0.3299999833106994,0.2399999946355819,0.429999977350235,0.1899999827146531,0.0,1.1699999570846558
2,iPad_2021,STT,MeanVoicedSegmentLengthSec,996,0.3174012637936536,0.1418013368440504,0.2999999821186065,0.2199999988079071,0.3899999856948852,0.1699999868869781,0.0,1.0099999904632568
3,Huawei_P30_phone,STT,MeanVoicedSegmentLengthSec,1041,0.3337658302523875,0.15051663346401,0.3199999928474426,0.2399999946355819,0.4099999964237213,0.1700000017881394,0.0,1.3899999856948853
1,ASUS_FX63VD_laptop,STT,StddevUnvoicedSegmentLength,1190,0.0005665967816158,0.0065286507674977,0.0,0.0,0.0,0.0,0.0,0.1195361390709877
2,iPad_2021,STT,StddevUnvoicedSegmentLength,996,0.0004345040130672,0.0066381944281319,0.0,0.0,0.0,0.0,0.0,0.1873202919960022
3,Huawei_P30_phone,STT,StddevUnvoicedSegmentLength,1041,0.0012700442586176,0.016661622847168,0.0,0.0,0.0,0.0,0.0,0.3831738829612732
1,ASUS_FX63VD_laptop,STT,StddevVoicedSegmentLengthSec,1190,0.0108238373507409,0.0419472904312661,0.0,0.0,0.0,0.0,0.0,0.4249999821186065
2,iPad_2021,STT,StddevVoicedSegmentLengthSec,996,0.0070267837788221,0.0363082380040423,0.0,0.0,0.0,0.0,0.0,0.5705162882804871
3,Huawei_P30_phone,STT,StddevVoicedSegmentLengthSec,1041,0.0119597987530396,0.0421805792232168,0.0,0.0,0.0,0.0,0.0,0.3050000071525574
1,ASUS_FX63VD_laptop,STT,VoicedSegmentsPerSec,1190,3.201575187324476,1.5568876179569964,2.857142925262451,2.222222328186035,3.846153974533081,1.623931646347046,0.0,16.666667938232422
2,iPad_2021,STT,VoicedSegmentsPerSec,996,3.591584381748395,2.044605472262951,3.1918506622314453,2.4390244483947754,4.1666669845581055,1.72764253616333,0.0,25.0
3,Huawei_P30_phone,STT,VoicedSegmentsPerSec,1041,3.3845390432391684,2.0293649809691914,3.030303239822388,2.3809523582458496,3.846153974533081,1.4652016162872314,0.0,33.333335876464844
1,ASUS_FX63VD_laptop,STT,Word_Duration,1195,0.4750075313807531,0.19087590339274,0.4530000000000012,0.363,0.5499999999999998,0.1869999999999998,0.0010000000000003,2.534
2,iPad_2021,STT,Word_Duration,1005,0.436805671641791,0.1788466856550394,0.4131,0.3349999999999999,0.5059000000000005,0.1709000000000005,0.0004999999999999,2.21
3,Huawei_P30_phone,STT,Word_Duration,1050,0.4686161904761905,0.2026049947879463,0.4360000000000003,0.3609999999999997,0.5337499999999992,0.1727499999999994,0.0010000000000003,2.228
1,ASUS_FX63VD_laptop,STT,alphaRatioUV_sma3nz_amean,1190,-1.5487984230287937,5.58273449463749,0.0,0.0,0.0,0.0,-39.42942810058594,13.60132884979248
2,iPad_2021,STT,alphaRatioUV_sma3nz_amean,996,-0.8217682751044294,3.828078371821807,0.0,0.0,0.0,0.0,-30.22687530517578,24.613319396972656
3,Huawei_P30_phone,STT,alphaRatioUV_sma3nz_amean,1041,-0.3988366647338088,7.1116216075826575,0.0,0.0,0.0,0.0,-40.17577362060547,35.78424072265625
1,ASUS_FX63VD_laptop,STT,alphaRatioV_sma3nz_amean,1190,-17.1203800069763,8.051589377311439,-16.744736671447754,-23.410225868225098,-11.251600503921509,12.158625364303589,-36.027618408203125,7.636349201202393
2,iPad_2021,STT,alphaRatioV_sma3nz_amean,996,-17.728578284779285,8.964902570722947,-17.0860595703125,-24.983814239501957,-10.769567966461182,14.214246273040771,-38.98618316650391,15.522847175598145
3,Huawei_P30_phone,STT,alphaRatioV_sma3nz_amean,1041,-15.792392712564178,9.21803569085716,-14.966520309448242,-21.552658081054688,-9.529315948486328,12.02334213256836,-43.76908874511719,16.702659606933594
1,ASUS_FX63VD_laptop,STT,alphaRatioV_sma3nz_stddevNorm,1190,0.5755892550229377,39.75397976777369,-0.3489359468221664,-0.5492218136787415,-0.1902891322970389,0.3589326813817025,-97.86597442626952,1366.824462890625
2,iPad_2021,STT,alphaRatioV_sma3nz_stddevNorm,996,-0.5698589363610409,3.02885801049865,-0.3191180676221847,-0.5708925426006317,-0.1577857472002506,0.4131067954003811,-82.76282501220703,12.277634620666504
3,Huawei_P30_phone,STT,alphaRatioV_sma3nz_stddevNorm,1041,-0.5416639484840872,6.414660011151342,-0.412223756313324,-0.6958246827125549,-0.2249798327684402,0.4708448499441147,-147.69049072265625,83.16758728027344
1,ASUS_FX63VD_laptop,STT,equivalentSoundLevel_dBp,1190,-23.79292523360052,3.268893930939256,-23.733549118041992,-25.488463878631592,-21.831645488739014,3.656818389892578,-50.5301399230957,-12.831232070922852
2,iPad_2021,STT,equivalentSoundLevel_dBp,996,-30.0354694573276,5.449009432581117,-29.81271743774414,-32.82411575317383,-27.1739149093628,5.650200843811032,-56.76451873779297,-10.831122398376465
3,Huawei_P30_phone,STT,equivalentSoundLevel_dBp,1041,-16.037757267067917,4.026804701520162,-15.301054000854492,-18.12028884887696,-13.25633430480957,4.863954544067386,-71.10617065429688,-8.278690338134766
1,ASUS_FX63VD_laptop,STT,hammarbergIndexUV_sma3nz_amean,1190,2.847123060917028,8.124368304490703,0.0,0.0,0.0,0.0,-12.03654956817627,47.00136566162109
2,iPad_2021,STT,hammarbergIndexUV_sma3nz_amean,996,1.7983497175197285,5.988530802046783,0.0,0.0,0.0,0.0,-13.41345500946045,37.543922424316406
3,Huawei_P30_phone,STT,hammarbergIndexUV_sma3nz_amean,1041,1.5691766451532514,8.513040779751783,0.0,0.0,0.0,0.0,-38.591270446777344,50.78184509277344
1,ASUS_FX63VD_laptop,STT,hammarbergIndexV_sma3nz_amean,1190,26.99327166839307,8.12557101883876,27.000027656555176,21.68781089782715,32.929293632507324,11.241482734680176,-5.9651288986206055,47.66381072998047
2,iPad_2021,STT,hammarbergIndexV_sma3nz_amean,996,31.009820922790283,9.069775901740394,31.3524866104126,24.876123428344727,38.41412544250488,13.53800201416015,-11.735758781433104,50.187530517578125
3,Huawei_P30_phone,STT,hammarbergIndexV_sma3nz_amean,1041,25.866967697308453,10.401059139058477,25.1830997467041,18.776487350463867,32.385826110839844,13.609338760375977,-12.930341720581056,54.9935302734375
1,ASUS_FX63VD_laptop,STT,hammarbergIndexV_sma3nz_stddevNorm,1190,0.272392917472963,0.6091723669939331,0.2290643528103828,0.1544035635888575,0.3293048217892647,0.1749012582004071,-2.119373321533203,20.484724044799805
2,iPad_2021,STT,hammarbergIndexV_sma3nz_stddevNorm,996,0.2057508991397244,0.1465405772556773,0.1710635945200919,0.1053462103009223,0.2671055197715759,0.1617593094706536,-0.7227880358695984,1.088979721069336
3,Huawei_P30_phone,STT,hammarbergIndexV_sma3nz_stddevNorm,1041,0.433721169960881,1.8577491366396155,0.2728470265865326,0.1806447207927703,0.4468765556812286,0.2662318348884582,-5.782907485961914,56.21452331542969
1,ASUS_FX63VD_laptop,STT,jitterLocal_sma3nz_amean,1190,0.0386036731719485,0.0367521368023738,0.0265368530526756,0.0147424438036978,0.0491580562666058,0.034415612462908,0.0,0.5042722225189209
2,iPad_2021,STT,jitterLocal_sma3nz_amean,996,0.0479118675327799,0.0425113900362072,0.0354115553200244,0.018296755850315,0.0666895676404237,0.0483928117901086,0.0,0.4620705246925354
3,Huawei_P30_phone,STT,jitterLocal_sma3nz_amean,1041,0.0441291886446666,0.0385911276868345,0.0322490967810153,0.0148953171446919,0.062043759971857,0.0471484428271651,0.0,0.3041058778762817
1,ASUS_FX63VD_laptop,STT,jitterLocal_sma3nz_stddevNorm,1190,1.0748634025579742,0.4750693478086882,0.9978328943252563,0.7272686213254929,1.3452521562576296,0.6179835349321368,0.0,3.0486176013946533
2,iPad_2021,STT,jitterLocal_sma3nz_stddevNorm,996,1.0578001358931564,0.4439080266552985,1.0164998769760132,0.7269336879253387,1.3496136963367462,0.6226800084114075,0.0,2.793495178222656
3,Huawei_P30_phone,STT,jitterLocal_sma3nz_stddevNorm,1041,1.1466258175663944,0.4751858400142789,1.091124176979065,0.8105983734130859,1.4178626537322998,0.6072642803192139,0.0,3.6392159461975098
1,ASUS_FX63VD_laptop,STT,logRelF0-H1-A3_sma3nz_amean,1190,22.98676893826449,10.87252607057467,23.51151466369629,16.25570821762085,30.18625402450561,13.930545806884766,-18.224796295166016,49.72703170776367
2,iPad_2021,STT,logRelF0-H1-A3_sma3nz_amean,996,25.47756364149412,13.674258719546108,26.132323265075684,16.608121395111084,34.71647262573242,18.108351230621334,-104.14361572265624,62.67367172241211
3,Huawei_P30_phone,STT,logRelF0-H1-A3_sma3nz_amean,1041,21.77278735311872,14.10066967913395,21.138437271118164,12.55579662322998,30.56326484680176,18.00746822357178,-28.94150161743164,63.30354690551758
1,ASUS_FX63VD_laptop,STT,logRelF0-H1-A3_sma3nz_stddevNorm,1190,0.8457710686538901,11.455598759432682,0.3359746783971786,0.207472875714302,0.5645574033260345,0.3570845276117325,-37.72086334228516,388.1259460449219
2,iPad_2021,STT,logRelF0-H1-A3_sma3nz_stddevNorm,996,0.7336987111882034,6.506525674064405,0.3025829344987869,0.175133679062128,0.5440142899751663,0.3688806109130383,-36.82573699951172,171.61361694335938
3,Huawei_P30_phone,STT,logRelF0-H1-A3_sma3nz_stddevNorm,1041,0.6470584136077832,5.393134334291156,0.424256682395935,0.2425221055746078,0.8014129996299744,0.5588908940553665,-67.656982421875,114.23259735107422
1,ASUS_FX63VD_laptop,STT,logRelF0-H1-H2_sma3nz_amean,1190,5.6090545785535095,8.314744760790983,5.30778956413269,-0.2215545065701007,11.57465672492981,11.79621123149991,-28.764833450317383,31.9524040222168
2,iPad_2021,STT,logRelF0-H1-H2_sma3nz_amean,996,3.990561930602978,10.601598465862969,3.0441393852233887,-2.682852804660797,10.090759992599486,12.773612797260284,-124.98504638671876,39.18603897094727
3,Huawei_P30_phone,STT,logRelF0-H1-H2_sma3nz_amean,1041,4.471936801153232,8.814818556275883,3.433962821960449,-1.8290613889694207,10.216560363769531,12.045621752738953,-44.066654205322266,33.629119873046875
1,ASUS_FX63VD_laptop,STT,logRelF0-H1-H2_sma3nz_stddevNorm,1190,0.7470206660977682,35.211093973237205,0.6477462351322174,-0.3369311839342117,1.4768714308738708,1.8138026148080824,-411.0282897949219,663.2588500976562
2,iPad_2021,STT,logRelF0-H1-H2_sma3nz_stddevNorm,996,1.102300900773306,18.644880154786577,0.4899854958057403,-1.0552413165569303,1.5221679508686066,2.577409267425537,-101.99722290039062,273.2744445800781
3,Huawei_P30_phone,STT,logRelF0-H1-H2_sma3nz_stddevNorm,1041,-2.5194609262358743,119.98376154787005,0.5303847789764404,-1.028076171875,1.6342655420303345,2.6623417139053345,-2540.52392578125,1518.5848388671875
1,ASUS_FX63VD_laptop,STT,loudnessPeaksPerSec,1190,3.51641549212592,1.9470050684328912,3.030303239822388,2.0833334922790527,4.545454502105713,2.46212100982666,0.0,14.285714149475098
2,iPad_2021,STT,loudnessPeaksPerSec,996,4.445864582097674,2.3881650903678406,4.0,2.6315789222717285,5.818414330482483,3.1868354082107544,0.0,16.666667938232422
3,Huawei_P30_phone,STT,loudnessPeaksPerSec,1041,3.87945591550281,1.997559587925872,3.409090995788574,2.4390244483947754,4.878048896789551,2.4390244483947754,0.0,12.820513725280762
1,ASUS_FX63VD_laptop,STT,loudness_sma3_amean,1190,1.1548642702713734,0.409380320861748,1.0737069249153135,0.8542823195457458,1.3763865530490875,0.5221042335033417,0.2261238098144531,3.2078170776367188
2,iPad_2021,STT,loudness_sma3_amean,996,0.7009994559378988,0.4022407706544842,0.607264518737793,0.457915149629116,0.8167430013418198,0.3588278517127037,0.1122242212295532,4.036608695983887
3,Huawei_P30_phone,STT,loudness_sma3_amean,1041,2.09433863952212,0.7691616708205914,1.9971985816955569,1.552892804145813,2.567448377609253,1.01455557346344,0.0499674044549465,4.754260063171387
1,ASUS_FX63VD_laptop,STT,loudness_sma3_meanFallingSlope,1190,3.400802354276681,5.182469305453041,3.977462291717529,2.196877181529999,5.94530177116394,3.7484245896339417,-26.837387084960938,23.99131202697754
2,iPad_2021,STT,loudness_sma3_meanFallingSlope,996,1.9868348403029648,3.58284211615674,2.274984121322632,0.988047018647194,3.5664219856262207,2.578374966979027,-16.358797073364258,19.768857955932617
3,Huawei_P30_phone,STT,loudness_sma3_meanFallingSlope,1041,5.725273064263416,10.5812133149274,8.372583389282227,0.921250820159912,12.14794635772705,11.22669553756714,-36.120025634765625,35.97732162475586
1,ASUS_FX63VD_laptop,STT,loudness_sma3_meanRisingSlope,1190,7.04924700577986,5.322034969715396,5.897832155227661,3.7279398441314697,9.159743785858154,5.431803941726685,-7.437607765197754,44.17806243896485
2,iPad_2021,STT,loudness_sma3_meanRisingSlope,996,4.298076220679595,4.161553696754423,3.29486620426178,2.043178260326385,5.231644511222839,3.188466250896454,-1.8839828968048096,40.1743049621582
3,Huawei_P30_phone,STT,loudness_sma3_meanRisingSlope,1041,14.059663076393884,10.203699786573964,12.334178924560549,7.883534908294678,18.419862747192383,10.536327838897703,-37.02059173583984,74.45992279052734
1,ASUS_FX63VD_laptop,STT,loudness_sma3_pctlrange0-2,1190,0.9375800237184811,0.5164576827081404,0.8487266600131989,0.5817361623048782,1.2018036842346191,0.6200675219297409,0.0322194397449493,2.943087339401245
2,iPad_2021,STT,loudness_sma3_pctlrange0-2,996,0.52289743883064,0.4248785350277093,0.3955369144678116,0.2383262440562248,0.6502948105335236,0.4119685664772987,0.0119462311267852,2.581704616546631
3,Huawei_P30_phone,STT,loudness_sma3_pctlrange0-2,1041,1.8316591042527837,0.8817595235814282,1.7573695182800293,1.173558473587036,2.364196300506592,1.190637826919556,0.0058583952486515,4.720930576324463
1,ASUS_FX63VD_laptop,STT,loudness_sma3_percentile20.0,1190,0.6811033456891524,0.3072002314767804,0.6129037141799927,0.4729425609111785,0.836541011929512,0.3635984510183335,0.1395889520645141,2.975274085998535
2,iPad_2021,STT,loudness_sma3_percentile20.0,996,0.4381586734250367,0.2520971906149807,0.3867187649011612,0.2905115857720375,0.5129458755254745,0.222434289753437,0.060047723352909,2.8038270473480225
3,Huawei_P30_phone,STT,loudness_sma3_percentile20.0,1041,1.163273761895245,0.6659885912639786,1.0119708776474,0.673021674156189,1.546208739280701,0.8731870651245119,0.0464033149182796,4.236876010894775
1,ASUS_FX63VD_laptop,STT,loudness_sma3_percentile50.0,1190,1.1535712146082846,0.4519686355083613,1.084939956665039,0.8330827057361603,1.3893280625343325,0.556245356798172,0.1553719490766525,3.5774025917053223
2,iPad_2021,STT,loudness_sma3_percentile50.0,996,0.7021342657177324,0.436924902032135,0.6033756732940674,0.4499641358852386,0.8285718262195587,0.37860769033432,0.095911830663681,4.860764026641846
3,Huawei_P30_phone,STT,loudness_sma3_percentile50.0,1041,2.16440101860737,0.946956165455561,2.030637264251709,1.5180139541625977,2.7274320125579834,1.2094180583953855,0.0495575256645679,5.327866077423096
1,ASUS_FX63VD_laptop,STT,loudness_sma3_percentile80.0,1190,1.618683369207282,0.6126148936617419,1.4898210167884829,1.1827216446399689,1.9313535094261165,0.7486318647861476,0.2411516159772873,3.86894154548645
2,iPad_2021,STT,loudness_sma3_percentile80.0,996,0.9610561126446628,0.5877775251847857,0.8068631291389465,0.6011054813861847,1.1344402432441711,0.5333347618579865,0.1313512772321701,5.0852370262146
3,Huawei_P30_phone,STT,loudness_sma3_percentile80.0,1041,2.994932864659343,1.0408326226366704,2.9074175357818604,2.245158195495605,3.6313865184783936,1.3862283229827883,0.0522617101669311,5.847530364990234
1,ASUS_FX63VD_laptop,STT,loudness_sma3_stddevFallingSlope,1190,1.1280707482531025,2.175580463043614,0.0,0.0,1.40816792845726,1.40816792845726,0.0,17.247333526611328
2,iPad_2021,STT,loudness_sma3_stddevFallingSlope,996,0.8975678903432226,1.553294425407704,0.2014339119195937,0.0,1.3001387417316437,1.3001387417316437,0.0,12.628588676452637
3,Huawei_P30_phone,STT,loudness_sma3_stddevFallingSlope,1041,2.8950961264965054,4.388368746299979,0.0,0.0,4.913382053375244,4.913382053375244,0.0,29.395109176635746
1,ASUS_FX63VD_laptop,STT,loudness_sma3_stddevNorm,1190,0.4021093317910152,0.1405295136459201,0.4025615155696868,0.3066848218441009,0.4911568090319633,0.1844719871878623,0.0346290543675422,1.1176908016204834
2,iPad_2021,STT,loudness_sma3_stddevNorm,996,0.3584497589318747,0.1407920974147623,0.350317507982254,0.2605162039399146,0.439383216202259,0.1788670122623443,0.0385243222117424,1.473235845565796
3,Huawei_P30_phone,STT,loudness_sma3_stddevNorm,1041,0.4604315516699059,0.1826818925735243,0.4459069669246673,0.3414413928985595,0.5515351295471191,0.2100937366485596,0.0645719394087791,1.6737308502197266
1,ASUS_FX63VD_laptop,STT,loudness_sma3_stddevRisingSlope,1190,4.267696098585715,3.398522409523416,3.721228718757629,1.896348088979721,5.8765504360198975,3.980202347040176,0.0,20.168195724487305
2,iPad_2021,STT,loudness_sma3_stddevRisingSlope,996,2.474043872353273,2.371823882764144,1.852967083454132,0.9261213988065718,3.3435459733009343,2.4174245744943623,0.0,16.437318801879883
3,Huawei_P30_phone,STT,loudness_sma3_stddevRisingSlope,1041,8.477074242047571,6.630342777134424,7.637777805328369,3.7055373191833496,12.326629638671877,8.621092319488527,0.0,34.5554084777832
1,ASUS_FX63VD_laptop,STT,mfcc1V_sma3nz_amean,1190,32.13056370070001,6.518997843156983,32.01451301574707,28.017233848571777,36.74755001068115,8.730316162109375,-12.06523323059082,51.88862991333008
2,iPad_2021,STT,mfcc1V_sma3nz_amean,996,37.08963947566637,7.140479998924782,37.38330841064453,32.92148780822754,42.04579162597656,9.124303817749023,1.6456633806228638,57.9106330871582
3,Huawei_P30_phone,STT,mfcc1V_sma3nz_amean,1041,34.35653232451703,9.585244912380874,34.32310485839844,28.46350860595703,40.87873077392578,12.41522216796875,-6.645345211029053,58.958003997802734
1,ASUS_FX63VD_laptop,STT,mfcc1V_sma3nz_stddevNorm,1190,0.1822675529476098,0.1474278946071922,0.1374710574746131,0.0943089090287685,0.2140913195908069,0.1197824105620384,-0.2156934291124344,2.160337209701538
2,iPad_2021,STT,mfcc1V_sma3nz_stddevNorm,996,0.1371821020262308,0.2084713370611886,0.0957402028143405,0.0644140802323817,0.1433025076985358,0.078888427466154,0.0,5.231697082519531
3,Huawei_P30_phone,STT,mfcc1V_sma3nz_stddevNorm,1041,0.3102470384454435,0.554227482919988,0.1699389368295669,0.1122582629323005,0.3045109510421753,0.1922526881098747,-5.01015043258667,8.324477195739746
1,ASUS_FX63VD_laptop,STT,mfcc1_sma3_amean,1190,30.93795067001792,6.832950225716748,31.245126724243164,27.150115489959717,35.53031539916992,8.380199909210209,-8.252340316772461,52.23285675048828
2,iPad_2021,STT,mfcc1_sma3_amean,996,36.28008287187561,7.170373216955525,36.72276306152344,32.00985860824585,41.2905216217041,9.280663013458252,3.348629236221313,58.07826232910156
3,Huawei_P30_phone,STT,mfcc1_sma3_amean,1041,33.96483849036247,9.585206626679764,34.331878662109375,28.22237014770508,40.648193359375,12.425823211669918,-12.227372169494627,57.42937850952149
1,ASUS_FX63VD_laptop,STT,mfcc1_sma3_stddevNorm,1190,0.2589435812586746,0.6216693799402815,0.1607908830046653,0.1154827922582625,0.2373708300292491,0.1218880377709865,-0.8753112554550171,19.22870635986328
2,iPad_2021,STT,mfcc1_sma3_stddevNorm,996,0.1604627068135812,0.2000022973453958,0.1106519959867,0.078669685870409,0.1533172838389873,0.0746475979685783,0.0180002003908157,2.943392276763916
3,Huawei_P30_phone,STT,mfcc1_sma3_stddevNorm,1041,0.3395858462649423,0.522754189638195,0.1846347153186798,0.1215359717607498,0.3175019323825836,0.1959659606218338,-3.3979597091674805,5.855181694030762
1,ASUS_FX63VD_laptop,STT,mfcc2V_sma3nz_amean,1190,9.929895462342069,13.743459540317732,11.898859024047852,0.997231125831604,20.04495096206665,19.047719836235046,-44.56672668457031,38.047061920166016
2,iPad_2021,STT,mfcc2V_sma3nz_amean,996,1.567717404501236,14.93435153902589,3.599917411804199,-7.132059931755066,12.02442479133606,19.156484723091125,-52.81221771240234,42.27010345458984
3,Huawei_P30_phone,STT,mfcc2V_sma3nz_amean,1041,3.2890967320521987,16.682679846797324,4.453919887542725,-7.035744667053223,15.296667098999023,22.33241176605225,-65.35215759277344,42.41130065917969
1,ASUS_FX63VD_laptop,STT,mfcc2V_sma3nz_stddevNorm,1190,-0.3789196331500068,59.20103488178163,0.3145191967487335,0.0969900023192166,0.7825402021408081,0.6855501998215914,-1403.6375732421875,1292.83740234375
2,iPad_2021,STT,mfcc2V_sma3nz_stddevNorm,996,0.8666697726229647,14.82790881522298,0.1943935379385948,-0.7687390595674515,0.5996434092521667,1.3683824688196182,-74.44995880126953,358.8330993652344
3,Huawei_P30_phone,STT,mfcc2V_sma3nz_stddevNorm,1041,0.0859334836593193,16.83275575511125,0.2484858036041259,-0.863493800163269,0.9196754097938538,1.7831692099571228,-362.1915588378906,238.5097198486328
1,ASUS_FX63VD_laptop,STT,mfcc2_sma3_amean,1190,10.71951518741851,12.979468066825754,12.457083225250244,3.0295369029045105,20.27957248687744,17.25003558397293,-41.43727111816406,36.31616973876953
2,iPad_2021,STT,mfcc2_sma3_amean,996,1.7145198155082313,14.20530776382977,3.582735061645508,-6.565543055534363,11.834782838821411,18.40032589435577,-46.85123825073242,40.1670150756836
3,Huawei_P30_phone,STT,mfcc2_sma3_amean,1041,3.5766806043997605,16.02255886451341,4.384653091430664,-5.969102382659912,15.21352767944336,21.18263006210327,-65.14810943603516,42.28031539916992
1,ASUS_FX63VD_laptop,STT,mfcc2_sma3_stddevNorm,1190,-3.733552553925757,74.45600681041985,0.3538231402635574,0.1316889263689517,0.8586955517530441,0.7270066253840923,-2022.6214599609373,120.7375259399414
2,iPad_2021,STT,mfcc2_sma3_stddevNorm,996,-0.0978411078176285,9.8813687941109,0.2311080694198608,-0.8256133645772934,0.6374884098768234,1.4631017744541168,-160.30252075195312,113.00331115722656
3,Huawei_P30_phone,STT,mfcc2_sma3_stddevNorm,1041,0.9818863669387088,44.09655658782192,0.2910138964653015,-0.8955948948860168,1.016127586364746,1.911722481250763,-259.4284973144531,1338.4508056640625
1,ASUS_FX63VD_laptop,STT,mfcc3V_sma3nz_amean,1190,6.152456276909206,20.689801299230357,2.899357557296753,-8.893885850906372,20.98652410507202,29.880409955978397,-46.38095474243164,59.8503303527832
2,iPad_2021,STT,mfcc3V_sma3nz_amean,996,-0.2032112903803228,23.066450921661485,-4.747257471084595,-18.049935340881348,16.523035049438477,34.572970390319824,-47.57016372680664,63.62409973144531
3,Huawei_P30_phone,STT,mfcc3V_sma3nz_amean,1041,8.79108705889974,26.611109406673563,2.5471997261047363,-10.819779396057127,28.399343490600582,39.21912288665771,-51.43720626831055,92.58547973632812
1,ASUS_FX63VD_laptop,STT,mfcc3V_sma3nz_stddevNorm,1190,-0.1495962761906015,19.560013813225265,0.1801642179489135,-0.6527131497859955,0.6852173209190369,1.3379304707050323,-477.3784790039063,213.5038909912109
2,iPad_2021,STT,mfcc3V_sma3nz_stddevNorm,996,-0.196301265915175,4.678220613395762,-0.2238459959626197,-0.6529947370290756,0.3267780095338821,0.9797727465629578,-43.90944290161133,88.03633880615234
3,Huawei_P30_phone,STT,mfcc3V_sma3nz_stddevNorm,1041,-4.333235346190596,157.80824291465365,0.149325743317604,-0.8763351440429688,0.7101110816001892,1.586446225643158,-5025.61376953125,688.1336669921875
1,ASUS_FX63VD_laptop,STT,mfcc3_sma3_amean,1190,6.649271522944464,19.870804697077485,3.6350141763687134,-8.154205560684204,20.51416015625,28.668365716934204,-43.11143112182617,58.8209114074707
2,iPad_2021,STT,mfcc3_sma3_amean,996,0.4583512501782704,22.21177967207256,-3.799627542495728,-16.504557609558105,16.12083101272583,32.625388622283936,-46.82689666748047,70.35607147216797
3,Huawei_P30_phone,STT,mfcc3_sma3_amean,1041,9.975631297575838,25.79542468062314,3.958218574523926,-9.33316135406494,28.86585807800293,38.19901943206787,-45.52521896362305,94.22772216796876
1,ASUS_FX63VD_laptop,STT,mfcc3_sma3_stddevNorm,1190,1.1265926032788864,21.367894735125468,0.2155890762805938,-0.6929226368665695,0.8268613517284393,1.5197839885950089,-224.8321533203125,579.082763671875
2,iPad_2021,STT,mfcc3_sma3_stddevNorm,996,-8.669263917189765,259.03997691244496,-0.248782455921173,-0.7124671339988708,0.3675025701522827,1.0799697041511536,-8147.1455078125,337.7537841796875
3,Huawei_P30_phone,STT,mfcc3_sma3_stddevNorm,1041,-1.0982799285863536,47.26436235642943,0.1961838006973266,-0.8940070271492004,0.8934529423713684,1.7874599695205688,-1476.439697265625,195.75997924804688
1,ASUS_FX63VD_laptop,STT,mfcc4V_sma3nz_amean,1190,-11.881698255366135,21.604256306559048,-12.146377563476562,-27.79258441925049,2.693314850330353,30.48589926958084,-71.17757415771484,48.92016220092773
2,iPad_2021,STT,mfcc4V_sma3nz_amean,996,-21.860504053435832,22.30923255516234,-23.46552562713623,-37.344032287597656,-7.8260780572891235,29.517954230308533,-95.76545715332033,49.27568054199219
3,Huawei_P30_phone,STT,mfcc4V_sma3nz_amean,1041,-28.133650752534155,24.423435963914255,-29.77576446533203,-45.48600387573242,-12.1817626953125,33.30424118041992,-84.63876342773438,43.74997329711914
1,ASUS_FX63VD_laptop,STT,mfcc4V_sma3nz_stddevNorm,1190,-0.7934230817560138,26.87748616566168,-0.3444912731647491,-0.833313912153244,0.2279158867895602,1.0612297989428043,-516.3616943359375,666.1593627929688
2,iPad_2021,STT,mfcc4V_sma3nz_stddevNorm,996,-0.5313630718476023,4.599529490622476,-0.3276098221540451,-0.5892952680587769,-0.1536155566573142,0.4356797114014626,-104.61881256103516,22.98862838745117
3,Huawei_P30_phone,STT,mfcc4V_sma3nz_stddevNorm,1041,-0.4274038648828649,6.84749041405009,-0.3658519387245178,-0.6650406718254089,-0.2120973020792007,0.4529433697462082,-108.05365753173828,119.88150787353516
1,ASUS_FX63VD_laptop,STT,mfcc4_sma3_amean,1190,-9.730041099364769,20.426272800352898,-9.467659950256348,-24.81858539581299,3.861358642578125,28.679944038391117,-68.40142059326172,44.46808242797852
2,iPad_2021,STT,mfcc4_sma3_amean,996,-19.658931116771747,21.21756102082188,-20.35274982452393,-33.64251708984375,-6.325157046318054,27.317360043525696,-94.0690689086914,48.58873748779297
3,Huawei_P30_phone,STT,mfcc4_sma3_amean,1041,-26.00691859161313,22.934288179303117,-27.820173263549805,-42.67905807495117,-11.067449569702148,31.611608505249023,-82.65603637695312,41.1270751953125
1,ASUS_FX63VD_laptop,STT,mfcc4_sma3_stddevNorm,1190,-0.8593222915312322,24.96862923908901,-0.4095640331506729,-0.9770132750272752,0.3256185501813888,1.302631825208664,-715.7152099609375,336.97271728515625
2,iPad_2021,STT,mfcc4_sma3_stddevNorm,996,-0.227015132503397,6.296397270911289,-0.3881363421678543,-0.7134873270988464,-0.2053174674510955,0.5081698596477509,-47.461421966552734,112.48963165283205
3,Huawei_P30_phone,STT,mfcc4_sma3_stddevNorm,1041,-2.4799127745854523,69.78145659575824,-0.4277769029140472,-0.7671099305152893,-0.2420698553323745,0.5250400751829148,-2238.576171875,88.89960479736328
1,ASUS_FX63VD_laptop,STT,shimmerLocaldB_sma3nz_amean,1190,1.2381488152161366,0.3670377915931487,1.20266854763031,1.002275675535202,1.427465885877609,0.425190210342407,0.0,4.501077651977539
2,iPad_2021,STT,shimmerLocaldB_sma3nz_amean,996,1.4905616517765934,0.5051512093213901,1.4158115983009338,1.1711891293525696,1.7076973021030426,0.536508172750473,0.0,4.5298380851745605
3,Huawei_P30_phone,STT,shimmerLocaldB_sma3nz_amean,1041,1.4340713564932748,0.5598904980576104,1.3244727849960327,1.084012508392334,1.6551941633224487,0.5711816549301147,0.0,4.774966239929199
1,ASUS_FX63VD_laptop,STT,shimmerLocaldB_sma3nz_stddevNorm,1190,0.6071392746407445,0.1919848067433644,0.5790916383266449,0.4844418093562126,0.7180840373039246,0.2336422279477119,0.0,1.5086742639541626
2,iPad_2021,STT,shimmerLocaldB_sma3nz_stddevNorm,996,0.5288139928251984,0.1828070991437291,0.5064978301525116,0.4074789807200432,0.6202716082334518,0.2127926275134086,0.0,1.4424608945846558
3,Huawei_P30_phone,STT,shimmerLocaldB_sma3nz_stddevNorm,1041,0.6100319064366314,0.2001514304383909,0.5847623348236084,0.4759927093982696,0.7251191735267639,0.2491264641284943,0.0,1.5090203285217283
1,ASUS_FX63VD_laptop,STT,slopeUV0-500_sma3nz_amean,1190,0.0096593533229266,0.0280230953315063,0.0,0.0,0.0,0.0,-0.0885454714298248,0.203907772898674
2,iPad_2021,STT,slopeUV0-500_sma3nz_amean,996,0.0131761337210607,0.0366804301418172,0.0,0.0,0.0,0.0,0.0,0.1959336996078491
3,Huawei_P30_phone,STT,slopeUV0-500_sma3nz_amean,1041,0.0244261923425685,0.0482241849895221,0.0,0.0,0.0,0.0,-0.0164781939238309,0.2489466816186905
1,ASUS_FX63VD_laptop,STT,slopeUV500-1500_sma3nz_amean,1190,-0.003474721843252,0.010336667693386,0.0,0.0,0.0,0.0,-0.0578320175409317,0.0219407305121421
2,iPad_2021,STT,slopeUV500-1500_sma3nz_amean,996,-0.0017380844418288,0.0073149318216367,0.0,0.0,0.0,0.0,-0.0590908154845237,0.0174959450960159
3,Huawei_P30_phone,STT,slopeUV500-1500_sma3nz_amean,1041,-0.0045883704970544,0.0126160994982823,0.0,0.0,0.0,0.0,-0.070273570716381,0.0313756167888641
1,ASUS_FX63VD_laptop,STT,slopeV0-500_sma3nz_amean,1190,0.0574297534929198,0.0346412503151728,0.0614947341382503,0.0353249441832303,0.0847888737916945,0.0494639296084642,-0.0681586191058158,0.1404056847095489
2,iPad_2021,STT,slopeV0-500_sma3nz_amean,996,0.1066501097871461,0.0266151612603473,0.1092292554676532,0.0933275409042835,0.1238527707755565,0.030525229871273,-0.0336429998278617,0.1767278462648391
3,Huawei_P30_phone,STT,slopeV0-500_sma3nz_amean,1041,0.0970249849852034,0.0218526803943798,0.0979222133755683,0.0836888253688812,0.1117261201143264,0.0280372947454451,0.0,0.1631788611412048
1,ASUS_FX63VD_laptop,STT,slopeV0-500_sma3nz_stddevNorm,1190,0.4933129218540021,21.076952938945908,0.3374044299125671,0.2185011580586433,0.5816571861505508,0.3631560280919075,-391.6517028808594,494.3343505859375
2,iPad_2021,STT,slopeV0-500_sma3nz_stddevNorm,996,0.2186846828694085,0.1678351699368582,0.1967389360070228,0.1513835750520229,0.2587484940886497,0.1073649190366267,-1.5137919187545776,1.6269112825393677
3,Huawei_P30_phone,STT,slopeV0-500_sma3nz_stddevNorm,1041,0.2938383604246876,0.1644654477448408,0.2614400684833526,0.2044624537229538,0.3449732065200805,0.1405107527971267,0.0,2.4339935779571533
1,ASUS_FX63VD_laptop,STT,slopeV500-1500_sma3nz_amean,1190,-0.0287745691873665,0.0156069013456129,-0.0287757022306322,-0.0402163015678524,-0.0167024112306535,0.0235138903371989,-0.0700026154518127,0.0110681243240833
2,iPad_2021,STT,slopeV500-1500_sma3nz_amean,996,-0.0317107673049375,0.0197347233610752,-0.0305349146947264,-0.046722832135856,-0.0179884773679077,0.0287343547679483,-0.0742040649056434,0.0291446335613727
3,Huawei_P30_phone,STT,slopeV500-1500_sma3nz_amean,1041,-0.0324697634732641,0.0179025004829953,-0.0327290296554565,-0.0451414249837398,-0.0190946049988269,0.0260468199849128,-0.0747538059949874,0.0182836949825286
1,ASUS_FX63VD_laptop,STT,slopeV500-1500_sma3nz_stddevNorm,1190,-0.4854912580186579,3.42001682582738,-0.3267980068922043,-0.5123857259750366,-0.2148346304893493,0.2975510954856873,-79.82573699951172,69.57994842529297
2,iPad_2021,STT,slopeV500-1500_sma3nz_stddevNorm,996,-0.3995038939744653,5.9109107666792,-0.3030674457550049,-0.5139652788639069,-0.1853001415729522,0.3286651372909546,-97.18107604980467,102.65467071533205
3,Huawei_P30_phone,STT,slopeV500-1500_sma3nz_stddevNorm,1041,-0.631641130074483,3.6201040887751295,-0.3318126201629638,-0.5295282006263733,-0.2153784483671188,0.3141497522592544,-97.11695861816406,14.165708541870115
1,ASUS_FX63VD_laptop,STT,spectralFluxUV_sma3nz_amean,1190,0.1311745382735834,0.3835127801237933,0.0,0.0,0.0,0.0,0.0,4.6841325759887695
2,iPad_2021,STT,spectralFluxUV_sma3nz_amean,996,0.0297986716780078,0.1601536767914777,0.0,0.0,0.0,0.0,0.0,3.8582100868225098
3,Huawei_P30_phone,STT,spectralFluxUV_sma3nz_amean,1041,0.2891914749220121,0.8550128532068183,0.0,0.0,0.0,0.0,0.0,7.785671234130859
1,ASUS_FX63VD_laptop,STT,spectralFluxV_sma3nz_amean,1190,0.9950948374361552,0.388785327839653,0.9394725859165192,0.7161533534526825,1.1996091306209564,0.4834557771682739,0.0,2.99866247177124
2,iPad_2021,STT,spectralFluxV_sma3nz_amean,996,0.5510253522799436,0.3834405405609991,0.4758030772209167,0.3186724632978439,0.6468295454978943,0.3281570822000504,0.0,3.563160896301269
3,Huawei_P30_phone,STT,spectralFluxV_sma3nz_amean,1041,2.631034204126206,0.967149730421792,2.594594955444336,1.948702454566956,3.278622627258301,1.3299201726913448,0.0,6.581009864807129
1,ASUS_FX63VD_laptop,STT,spectralFluxV_sma3nz_stddevNorm,1190,0.3982043269364272,0.1435730035426538,0.3864306807518005,0.2988083437085151,0.4819800555706024,0.1831717118620872,0.0,1.0871473550796509
2,iPad_2021,STT,spectralFluxV_sma3nz_stddevNorm,996,0.3948370747260719,0.1548434355199359,0.375556468963623,0.2865043208003044,0.4822487235069275,0.195744402706623,0.0,1.1037741899490356
3,Huawei_P30_phone,STT,spectralFluxV_sma3nz_stddevNorm,1041,0.4300562841468826,0.167625530044824,0.4075351059436798,0.3147484064102173,0.5210127234458923,0.206264317035675,0.0,1.3738517761230469
1,ASUS_FX63VD_laptop,STT,spectralFlux_sma3_amean,1190,0.9007760672728304,0.353267176145198,0.8555586636066437,0.6544540971517563,1.081662803888321,0.4272087067365646,0.0437031239271163,2.762493848800659
2,iPad_2021,STT,spectralFlux_sma3_amean,996,0.4917066831227736,0.3344451875441528,0.4272711724042892,0.2871279641985893,0.5863925516605377,0.2992645874619484,0.024289334192872,2.9777321815490723
3,Huawei_P30_phone,STT,spectralFlux_sma3_amean,1041,2.3319746456471315,0.8824146578190142,2.2979116439819336,1.7124884128570557,2.9278340339660645,1.2153456211090088,0.0064704027026891,6.128992080688477
1,ASUS_FX63VD_laptop,STT,spectralFlux_sma3_stddevNorm,1190,0.4797948248496576,0.157893279696007,0.460927739739418,0.3712722733616829,0.5690681636333466,0.1977958902716636,0.1542820781469345,1.6539674997329712
2,iPad_2021,STT,spectralFlux_sma3_stddevNorm,996,0.4813645968295963,0.1801042175057084,0.4551737904548644,0.3584736883640289,0.56912662088871,0.2106529325246811,0.1868119239807129,1.8957990407943728
3,Huawei_P30_phone,STT,spectralFlux_sma3_stddevNorm,1041,0.5362878507656277,0.2096451171017287,0.5136418342590332,0.3966937661170959,0.6212197542190552,0.2245259881019592,0.1629026532173156,2.0006494522094727
