Device_ID,Device_Name,Analysis_Level,Feature,N,ICC_3_1_consistency,ICC_Category,Pearson_r,Pearson_p,Spearman_rho,Spearman_p,Session1_mean,Session1_sd,Session2_mean,Session2_sd,Mean_difference_S2_minus_S1,SD_difference,Paired_t,Paired_t_p,SEM,MDC95,Bland_Altman_bias,Bland_Altman_lower_LOA,Bland_Altman_upper_LOA
1,ASUS_FX63VD_laptop,device_overall_mean,F0semitoneFrom27.5Hz_sma3nz_amean,51,0.9766084947455076,excellent,0.9766186374592306,2.24859314071979e-34,0.9464253393665156,1.0553217045902992e-25,30.483855087056625,4.685749055524789,30.448452524340013,4.707153330356193,-0.0354025627166115,1.0158159406134246,-0.2488884626825278,0.804466593844301,0.714077512703295,1.979321881979266,-0.0354025627166115,-2.026401806318924,1.9555966808857008
1,ASUS_FX63VD_laptop,device_overall_mean,F0semitoneFrom27.5Hz_sma3nz_meanFallingSlope,51,0.5316602547190655,moderate,0.5437950233787378,3.721029754931648e-05,0.4752941176470588,0.0004242374018421,38.20754099436571,28.37548110404773,35.80698143039215,35.12019835071796,-2.4005595639735584,30.89912058904761,-0.5548191659748334,0.5814919549947044,19.12041635882176,52.9990901804176,-2.4005595639735584,-62.96283591850688,58.16171679055976
1,ASUS_FX63VD_laptop,device_overall_mean,F0semitoneFrom27.5Hz_sma3nz_meanRisingSlope,51,0.4369383956768733,poor,0.4398712679851986,0.0012387246490691,0.464524886877828,0.0005948643499863,52.389652902877245,24.65395148485028,49.32821921791101,21.958122486134545,-3.0614336849662256,24.773451478265912,-0.8825177052578732,0.3817202262232055,14.848261123701182,41.15728002723896,-3.0614336849662256,-51.61739858236741,45.49453121243496
1,ASUS_FX63VD_laptop,device_overall_mean,F0semitoneFrom27.5Hz_sma3nz_pctlrange0-2,51,0.7096051606334725,moderate,0.729762079672021,1.237958713352344e-09,0.6834389140271493,3.2638362194835935e-08,4.367953228070851,1.8025563961259312,4.221007474671933,2.286442641165054,-0.1469457533989187,1.5689759792944404,-0.6688455365955286,0.5066705065566395,1.0257327193241943,2.8431860411546976,-0.1469457533989187,-3.2221386728160217,2.928247166018185
1,ASUS_FX63VD_laptop,device_overall_mean,F0semitoneFrom27.5Hz_sma3nz_percentile20.0,51,0.9502586048918132,excellent,0.950508851130916,1.5860382433604082e-26,0.9219909502262442,7.904419364731483e-22,28.25880824284888,4.570226521914651,28.326317639837796,4.676322510246678,0.0675093969889027,1.458318035126044,0.3305956007111069,0.7423313439668653,1.018282669668909,2.822535557079496,0.0675093969889027,-2.790793951858143,2.9258127458359486
1,ASUS_FX63VD_laptop,device_overall_mean,F0semitoneFrom27.5Hz_sma3nz_percentile50.0,51,0.9778235805703778,excellent,0.977843834249356,6.099429714411294e-35,0.9317647058823528,3.335316266904126e-23,30.820587521217355,5.044734733948131,30.76627511163385,5.01236959940049,-0.0543124095835079,1.0590242870092066,-0.3662505105692207,0.7157233790261257,0.744680016373949,2.064147694417144,-0.0543124095835079,-2.130000012121553,2.021375192954537
1,ASUS_FX63VD_laptop,device_overall_mean,F0semitoneFrom27.5Hz_sma3nz_percentile80.0,51,0.9711691211092408,excellent,0.9712512235920964,3.3430087779620877e-32,0.9598190045248868,1.0703113331787722e-28,32.62676147189367,4.899467861137554,32.54732511399029,4.963591503523004,-0.079436357903379,1.184226481196383,-0.4790376449089226,0.6340003112130571,0.8313171045516556,2.30429345082378,-0.079436357903379,-2.40052026104829,2.2416475452415314
1,ASUS_FX63VD_laptop,device_overall_mean,F0semitoneFrom27.5Hz_sma3nz_stddevFallingSlope,51,0.5828528088453854,moderate,0.5924737299775822,4.644890534606626e-06,0.5352941176470588,5.181283352859046e-05,20.51475050673424,13.153123741062862,18.720472223956776,15.76994080248656,-1.7942782827774597,13.263075644481988,-0.9661190421299494,0.3386345163191028,8.343235772513173,23.12626967978641,-1.7942782827774597,-27.78990654596215,24.201349980407237
1,ASUS_FX63VD_laptop,device_overall_mean,F0semitoneFrom27.5Hz_sma3nz_stddevNorm,51,0.7478446753744056,moderate,0.763996783772025,6.939641804718122e-11,0.7107692307692307,5.111988971895656e-09,0.0900263539393376,0.0330363057592965,0.0866473824836151,0.0406529888098977,-0.0033789714557224,0.0263045641648427,-0.9173572564027844,0.3633593657577872,0.0173881161562587,0.0481973989969077,-0.0033789714557224,-0.0549359172188142,0.0481779743073693
1,ASUS_FX63VD_laptop,device_overall_mean,F0semitoneFrom27.5Hz_sma3nz_stddevRisingSlope,51,0.5704435822081496,moderate,0.5709185231641218,1.2158604765368936e-05,0.5815384615384616,7.633242458000449e-06,17.11408913666015,12.039683946869037,16.490920676804603,11.558309358835256,-0.623168459855549,10.938569279957962,-0.4068459815067135,0.6858575091168593,6.853962053470243,18.998213540336003,-0.623168459855549,-22.062764248573156,20.81642732886205
1,ASUS_FX63VD_laptop,device_overall_mean,F1amplitudeLogRelF0_sma3nz_amean,51,0.3814475606684532,poor,0.3817711536482368,0.005703518399373,0.3678733031674208,0.0079108115563654,-14.544433209490222,6.179482023026362,-11.966376378312738,6.439314221554809,2.5780568311774834,7.019129250039996,2.6229761112413006,0.0115244518401251,4.124966689703555,11.433824320355397,2.5780568311774834,-11.179436498900907,16.335550161255874
1,ASUS_FX63VD_laptop,device_overall_mean,F1amplitudeLogRelF0_sma3nz_stddevNorm,51,-0.1405145453490076,poor,-0.2117391652290334,0.1358031627245671,-0.2129411764705882,0.1335444163379146,-1.8712051559159395,5.639790397808971,-4.321003646909027,14.85598494546634,-2.4497984909930874,16.970224053435064,-1.030926906603694,0.3075362759230684,7.866414854603986,21.804589526282907,-2.4497984909930874,-35.711437635725815,30.81184065373964
1,ASUS_FX63VD_laptop,device_overall_mean,F1bandwidth_sma3nz_amean,51,0.748654742789471,moderate,0.7504308176529038,2.2970174627257776e-10,0.7697737556561085,4.0678396819213726e-11,1211.3709173905766,62.55339695658778,1224.4547763085468,67.01314465633195,13.083858917970572,45.958974968378826,2.0330619230765423,0.0473723802354948,30.387318185958385,84.22934870534873,13.083858917970572,-76.99573202005192,103.16344985599306
1,ASUS_FX63VD_laptop,device_overall_mean,F1bandwidth_sma3nz_stddevNorm,51,0.708184716355487,moderate,0.7111289796412638,4.981732282620238e-09,0.6510407239819004,2.3075433191167653e-07,0.1502255084047967,0.0221363401599132,0.1450531024975346,0.0242490014978489,-0.005172405907262,0.0177365753652504,-2.0826098516432725,0.042422518259647,0.0115906339096777,0.0321275980762726,-0.005172405907262,-0.0399360936231528,0.0295912818086288
1,ASUS_FX63VD_laptop,device_overall_mean,F1frequency_sma3nz_amean,51,0.7305892845021954,moderate,0.7328188661267101,9.744473989511986e-10,0.7121266968325791,4.636643975547368e-09,591.9777436260058,62.45228796481466,581.9353249373635,57.76007112918225,-10.042418688642291,44.154212011962656,-1.6242440085890288,0.1106120279777453,29.042844403637208,80.50265751320995,-10.042418688642291,-96.58467423208909,76.49983685480451
1,ASUS_FX63VD_laptop,device_overall_mean,F1frequency_sma3nz_stddevNorm,51,0.5650976538139469,moderate,0.5669630729426387,1.4401422953602088e-05,0.6380090497737556,4.753251415855791e-07,0.2698003195018916,0.0444641863345566,0.2682258734616808,0.0482268110704178,-0.0015744460402107,0.0432589481663881,-0.2599183333704787,0.7959941002427756,0.0270593076251927,0.0750045740706676,-0.0015744460402107,-0.0863619844463315,0.0832130923659101
1,ASUS_FX63VD_laptop,device_overall_mean,F2amplitudeLogRelF0_sma3nz_amean,51,0.5606923259510811,moderate,0.5607189480492022,1.873098487811719e-05,0.6036199095022625,2.746560417351328e-06,-25.69937786624768,6.468215111050323,-23.66438640450339,6.4054898851766495,2.0349914617442897,6.033622088860094,2.4086271335379985,0.0197397593709145,3.7688318098468025,10.446668797185431,2.0349914617442897,-9.790907832421492,13.860890755910074
1,ASUS_FX63VD_laptop,device_overall_mean,F2amplitudeLogRelF0_sma3nz_stddevNorm,51,-0.0347521020550248,poor,-0.056217642096946,0.6951828075260287,0.0714027149321267,0.6185458939757789,-1.0060798486281135,1.5086590794180323,-1.1046060330111862,4.358878599657846,-0.0985261843830724,4.69204179852071,-0.1499598094652443,0.8813996181210544,2.304895865732221,6.388845386625319,-0.0985261843830724,-9.294928109483664,9.09787574071752
1,ASUS_FX63VD_laptop,device_overall_mean,F2bandwidth_sma3nz_amean,51,0.7186181001516267,moderate,0.719274878403772,2.7476402469250234e-09,0.7214479638009049,2.336120757546428e-09,876.070744980851,81.18029191118967,884.0190386487822,84.72604987991275,7.948293667930963,62.243675620591695,0.9119347434519278,0.3661791030554409,40.79950798092041,113.09046634854327,7.948293667930963,-114.04931054842876,129.94589788429067
1,ASUS_FX63VD_laptop,device_overall_mean,F2bandwidth_sma3nz_stddevNorm,51,0.7646028076579725,good,0.7790741645730727,1.665271654720934e-11,0.7819004524886878,1.2586365354097159e-11,0.2987891255314925,0.0626731894186741,0.3024754953196408,0.0761105852301641,0.0036863697881483,0.0478355226119516,0.5503430205365101,0.5845345716143322,0.0317719602372865,0.0880673806586686,0.0036863697881483,-0.0900712545312768,0.0974439941075734
1,ASUS_FX63VD_laptop,device_overall_mean,F2frequency_sma3nz_amean,51,0.6709882310389196,moderate,0.671116282785017,7.066041690281774e-08,0.6489592760180996,2.5958557750672106e-07,1634.5421100696285,79.94424872465454,1618.4090671309411,78.39758727734683,-16.13304293868734,64.22544357459407,-1.7938836241345872,0.078879749827162,41.5110589411287,115.06278498430576,-16.13304293868734,-142.0149123448917,109.74882646751703
1,ASUS_FX63VD_laptop,device_overall_mean,F2frequency_sma3nz_stddevNorm,51,0.4248161608033879,poor,0.4257050260489218,0.0018431364316353,0.3792760180995475,0.0060547308035869,0.1466019007388698,0.0191203440243608,0.1455150963651547,0.0203978790109785,-0.0010868043737151,0.0212037446833001,-0.3660360830899431,0.7158823785165654,0.0126549952574781,0.0350778572127899,-0.0010868043737151,-0.0426461439529834,0.040472535205553
1,ASUS_FX63VD_laptop,device_overall_mean,F3amplitudeLogRelF0_sma3nz_amean,51,0.6753503026274794,moderate,0.6755301704722139,5.380850354741032e-08,0.6531221719457013,2.049402035445292e-07,-33.03109916842154,7.491170984929287,-31.19637392727262,7.66607044616193,1.8347252411489257,6.10719212471938,2.145430948974464,0.0367990179741613,3.952431948389732,10.955582416908172,1.8347252411489257,-10.13537132330106,13.80482180559891
1,ASUS_FX63VD_laptop,device_overall_mean,F3amplitudeLogRelF0_sma3nz_stddevNorm,51,0.119371505716208,poor,0.1420307536401232,0.3201213837506287,0.5786425339366515,8.680442916960561e-06,-0.5532992007380565,0.2969566756040179,-0.5433708347120786,0.5447817380382948,0.0099283660259778,0.5822507293882785,0.1217735106341368,0.9035664953264082,0.3080116685026874,0.8537647867727061,0.0099283660259778,-1.131283063575048,1.1511397956270035
1,ASUS_FX63VD_laptop,device_overall_mean,F3bandwidth_sma3nz_amean,51,0.639262087126147,moderate,0.6397959171914742,4.3134804344080934e-07,0.6065158371040723,2.388246109035504e-06,754.2437038925173,90.6323305407413,763.8567640564769,94.41269622671444,9.613060163959624,78.60477410242784,0.8733691041556427,0.3866372739433443,50.320288873245,139.48072457466705,9.613060163959624,-144.45229707679894,163.6784174047182
1,ASUS_FX63VD_laptop,device_overall_mean,F3bandwidth_sma3nz_stddevNorm,51,0.605897399040734,moderate,0.6111233195126171,1.9065178646313763e-06,0.5858823529411764,6.279864489959422e-06,0.4465621745447647,0.0894899898765319,0.4317663382554708,0.0784829215566387,-0.0147958362892938,0.0747238676412706,-1.414051617452282,0.1635434690145698,0.047346539689563,0.1312379123784154,-0.0147958362892938,-0.1612546168661842,0.1316629442875965
1,ASUS_FX63VD_laptop,device_overall_mean,F3frequency_sma3nz_amean,51,0.794547168171931,good,0.8183998091993752,2.2299462186452866e-13,0.8259728506787329,8.619949144723512e-14,2786.150449987866,126.10420903769251,2764.568292604293,98.75926119659636,-21.582157383574,72.60185024323296,-2.122913283504192,0.0387347182106291,48.62897683710927,134.79264679203936,-21.582157383574,-163.88178386031058,120.7174690931626
1,ASUS_FX63VD_laptop,device_overall_mean,F3frequency_sma3nz_stddevNorm,51,0.5420828811161341,moderate,0.5477089520825269,3.185303556152193e-05,0.5589140271493211,2.0189733712607796e-05,0.0933306439409208,0.0151135872972106,0.0901910799291717,0.0130873323003692,-0.003139564011749,0.0135288180303755,-1.6572749841408196,0.1037263108328479,0.008400085715575,0.0232838496823628,-0.003139564011749,-0.029656047351285,0.0233769193277869
1,ASUS_FX63VD_laptop,device_overall_mean,Gap_Before,51,0.6533469308127203,moderate,0.6540700940620022,1.94102811602856e-07,0.6408144796380091,4.080114357738058e-07,0.390855385437003,0.1097966351488519,0.3790113538748833,0.1047507843906016,-0.0118440315621198,0.0893461613946373,-0.946692083755912,0.3483486590406435,0.0574417813622569,0.1592204946487728,-0.0118440315621198,-0.1869625078956091,0.1632744447713694
1,ASUS_FX63VD_laptop,device_overall_mean,HNRdBACF_sma3nz_amean,51,0.921678518161404,excellent,0.9217135019721056,8.594778650393311e-22,0.912941176470588,1.0461662812201388e-20,5.572795367088967,2.431308023046763,5.536712357818082,2.45258406140966,-0.0360830092708832,0.966486139427154,-0.2666196830791517,0.7908585229711256,0.6698938675237042,1.856851065893072,-0.0360830092708832,-1.9303958425481047,1.8582298240063384
1,ASUS_FX63VD_laptop,device_overall_mean,HNRdBACF_sma3nz_stddevNorm,51,-0.0156944765321572,poor,-0.0286012960562591,0.8420819777541128,0.2369230769230769,0.0941403402444279,1.3680799139565398,4.217283374562465,0.877397730009987,1.2604388748310302,-0.4906821839465527,4.43601768637011,-0.7899363676078546,0.4332953841152082,2.2005347665532984,6.099571178213047,-0.4906821839465527,-9.185276849231968,8.203912481338861
1,ASUS_FX63VD_laptop,device_overall_mean,MeanUnvoicedSegmentLength,51,0.4694274742346153,poor,0.5146955208820563,0.00011149738038,0.4671882911186571,0.0005477169349261,0.0080587523759862,0.0118786022153632,0.0055528945112623,0.0076831487113146,-0.0025058578647239,0.0103045874251766,-1.736644453062151,0.0886080671426861,0.0062456075358974,0.0173119408497506,-0.0025058578647239,-0.0227028492180701,0.0176911334886222
1,ASUS_FX63VD_laptop,device_overall_mean,MeanVoicedSegmentLengthSec,51,0.7009165326373602,moderate,0.7084280740240018,6.041281947218066e-09,0.7145701357466063,3.88416166236012e-09,0.3032681402984921,0.0620493016045385,0.2935877974733351,0.0718227021304577,-0.009680342825157,0.0519069188100971,-1.331835466916012,0.1889538577281612,0.0338482917381304,0.0938226779488814,-0.009680342825157,-0.1114179036929474,0.0920572180426334
1,ASUS_FX63VD_laptop,device_overall_mean,StddevUnvoicedSegmentLength,51,0.5553302651530424,moderate,0.5972998946978748,3.708739105417239e-06,0.3658069631267991,0.0082953858937454,0.0004334733771305,0.0013777765015096,0.0002944724073626,0.0009362208601194,-0.0001390009697679,0.0011107923360764,-0.8936553168902396,0.3757877628890865,0.0006926505613271,0.0019199294029157,-0.0001390009697679,-0.0023161539484776,0.0020381520089418
1,ASUS_FX63VD_laptop,device_overall_mean,StddevVoicedSegmentLengthSec,51,0.3975928605624043,poor,0.4034733441363071,0.0033261746876386,0.3586455882411368,0.0097563275008426,0.0086635292895055,0.0082507441283509,0.0051701227199899,0.0069484947572961,-0.0034934065695156,0.008372210031797,-2.979847960484399,0.0044429579406838,0.0049488063043056,0.0137173912264889,-0.0034934065695156,-0.0199029382318379,0.0129161250928066
1,ASUS_FX63VD_laptop,device_overall_mean,VoicedSegmentsPerSec,51,0.7216119305647802,moderate,0.7418841921156566,4.699075824215931e-10,0.7236199095022625,1.983384142441204e-09,3.735561496934764,0.7814484685378502,3.890822284253722,0.9899295022393766,0.155260787318958,0.6654398722061794,1.6662419051048496,0.1019188240843038,0.4365625281077006,1.2100895902246396,0.155260787318958,-1.1490013622051536,1.4595229368430696
1,ASUS_FX63VD_laptop,device_overall_mean,Word_Duration,51,0.7722188507161248,good,0.7814809415667885,1.3123829637570359e-11,0.7687782805429864,4.4649043299763926e-11,0.4248877740995388,0.0698323568623298,0.4032002645502646,0.0815180523193711,-0.0216875095492742,0.0512292657186071,-3.023267951764283,0.0039383879362513,0.0340994058025008,0.0945187306233307,-0.0216875095492742,-0.1220968703577441,0.0787218512591957
1,ASUS_FX63VD_laptop,device_overall_mean,alphaRatioUV_sma3nz_amean,51,0.3028011673573182,poor,0.3042112054094055,0.0299787199455527,0.1921249200584989,0.1768065757294843,-1.4479433393706354,1.4562202296276632,-1.2858397089575837,1.322304700224206,0.1621036304130517,1.6424095256018791,0.7048494644948778,0.4841744485751311,0.937325709001474,2.5981343108604884,0.1621036304130517,-3.0570190397666317,3.3812263005927345
1,ASUS_FX63VD_laptop,device_overall_mean,alphaRatioV_sma3nz_amean,51,0.8321581506863809,good,0.8322082860790384,3.805844652760536e-14,0.8302262443438913,4.9529589485395925e-14,-17.7938711362047,3.826321812611802,-17.418945758729134,3.8685545646650414,0.3749253774755609,2.2291706594051224,1.2011205772826066,0.2353634458934806,1.5086719021174608,4.181825159685626,0.3749253774755609,-3.994249114958479,4.744099869909601
1,ASUS_FX63VD_laptop,device_overall_mean,alphaRatioV_sma3nz_stddevNorm,51,-0.1042534924803155,poor,-0.78861153613613,6.365905163317148e-12,0.6694117647058824,7.840402914351756e-08,-0.4658909409950502,0.3628836417657067,0.3790702534770366,5.465876985465431,0.844961194472087,5.756377505952028,1.0482686184113468,0.2995557175860985,2.724029669765454,7.550625018446456,0.844961194472087,-10.437538717193888,12.12746110613806
1,ASUS_FX63VD_laptop,device_overall_mean,equivalentSoundLevel_dBp,51,0.3414407249338046,poor,0.3417400643153908,0.0141119601590172,0.2853393665158371,0.042394927171017,-23.263178958084826,1.4855029577172223,-23.476832827427994,1.5490221311771009,-0.2136538693431665,1.741679713784201,-0.876047303255505,0.3851937308476508,1.0086117918381294,2.7957292513663465,-0.2136538693431665,-3.627346108360201,3.2000383696738672
1,ASUS_FX63VD_laptop,device_overall_mean,hammarbergIndexUV_sma3nz_amean,51,0.3962247731924271,poor,0.39654631341016,0.0039662115844796,0.3337859329638232,0.0166790021862384,2.472163484156217,2.043310546935449,2.199957316437328,1.9626337484942515,-0.2722061677188895,2.201484377545329,-0.8830136994839316,0.3814547810972403,1.3006584954694422,3.605241413244993,-0.2722061677188895,-4.587115547707734,4.042703212269956
1,ASUS_FX63VD_laptop,device_overall_mean,hammarbergIndexV_sma3nz_amean,51,0.8521289555169576,good,0.8524416417451686,2.0901026631489447e-15,0.8583710407239818,8.22107840560249e-16,27.612786861156547,5.119442080900583,27.396267868518105,4.982619775477581,-0.2165189926384413,2.747112377384554,-0.5628655391301354,0.5760417756049022,1.869313062183564,5.181471454327906,-0.2165189926384413,-5.600859252312167,5.167821267035284
1,ASUS_FX63VD_laptop,device_overall_mean,hammarbergIndexV_sma3nz_stddevNorm,51,0.3850855161831863,poor,0.4473871476572948,0.0009962472261968,0.7444343891402715,3.8066105116641486e-10,0.2636372319171228,0.1117199297013337,0.2360490519152087,0.0637241165471282,-0.0275881800019141,0.1008562363039553,-1.95346386279636,0.0563714657698108,0.0593486788498223,0.1645061448151541,-0.0275881800019141,-0.2252664031576666,0.1700900431538383
1,ASUS_FX63VD_laptop,device_overall_mean,jitterLocal_sma3nz_amean,51,0.7170456657061985,moderate,0.7437502809477793,4.028857653865747e-10,0.7153846153846154,3.660035522747734e-09,0.0369787266309457,0.0112262992102245,0.0356482063296901,0.0147366676743776,-0.0013305203012556,0.009854425003045,-0.9642181559253398,0.3395770439499328,0.0064564265656039,0.0178963013865444,-0.0013305203012556,-0.0206451933072239,0.0179841527047126
1,ASUS_FX63VD_laptop,device_overall_mean,jitterLocal_sma3nz_stddevNorm,51,0.7350955611116362,moderate,0.743306763451017,4.1794332992015345e-10,0.7327601809954751,9.789652748997882e-10,1.0081394557633625,0.1435626065389727,0.9889743316191862,0.1666840054272599,-0.0191651241441764,0.1132242334790879,-1.2088080280539375,0.2324221264173032,0.0745711933218616,0.2067008021979205,-0.0191651241441764,-0.2410846217631888,0.2027543734748359
1,ASUS_FX63VD_laptop,device_overall_mean,logRelF0-H1-A3_sma3nz_amean,51,0.8699321556634907,good,0.8705795778073293,1.0462198031131561e-16,0.8221719457013574,1.396739997276125e-13,23.8809707699407,6.263995087513923,23.48352905554505,6.026944850708408,-0.3974417143956508,3.134987601729456,-0.9053629291255008,0.3696152806511315,2.1434766500754683,5.941414148366881,-0.3974417143956508,-6.542017413785384,5.747133984994083
1,ASUS_FX63VD_laptop,device_overall_mean,logRelF0-H1-A3_sma3nz_stddevNorm,51,0.0114553947731897,poor,0.0407213876757766,0.7766272206921477,0.3346606334841628,0.0163785484943465,0.0299526950842257,5.590753739850019,0.4389278796889329,0.8025771027346745,0.4089751846047071,5.615623096469883,0.5200966944773444,0.6052914748806323,2.823848047771014,7.827307446187569,0.4089751846047071,-10.597646084476263,11.415596453685676
1,ASUS_FX63VD_laptop,device_overall_mean,logRelF0-H1-H2_sma3nz_amean,51,0.6872098792313137,moderate,0.6874253637106994,2.52184071870871e-08,0.6755656108597284,5.3689914108632576e-08,6.0610780022050434,4.567785097251879,5.848054788279964,4.454819504364726,-0.2130232139250782,3.5684324375296144,-0.4263188563876217,0.6717053711668775,2.3175656093488843,6.42396412420409,-0.2130232139250782,-7.207150791483122,6.7811043636329655
1,ASUS_FX63VD_laptop,device_overall_mean,logRelF0-H1-H2_sma3nz_stddevNorm,51,0.14954830503258,poor,0.166496939249201,0.2429193655996626,0.2021719457013574,0.1548107738163741,0.7864707874255445,7.363134722341977,-0.1554873272174546,11.801104056631756,-0.9419581146429992,12.827584853369864,-0.5244109889197845,0.6023099996691574,6.876675216344508,19.061171215779108,-0.9419581146429992,-26.084024427247936,24.20010819796193
1,ASUS_FX63VD_laptop,device_overall_mean,loudnessPeaksPerSec,51,0.6363188845458342,moderate,0.6372982313835434,4.939559938460368e-07,0.6364705882352941,5.165073698416386e-07,3.857299977842629,0.7787780124641666,3.950671299724476,0.8232007768562883,0.0933713218818459,0.6833906774108264,0.9757297465982032,0.3338956949119355,0.4370921689304904,1.2115576796848002,0.0933713218818459,-1.2460744058433737,1.4328170496070656
1,ASUS_FX63VD_laptop,device_overall_mean,loudness_sma3_amean,51,0.6432946010772795,moderate,0.6446199035204416,3.308536889180362e-07,0.6370135746606335,5.016064040774281e-07,1.1911005623452984,0.2325306786560272,1.203041578189657,0.2180758979257515,0.0119410158443586,0.190397264980966,0.4478841123327519,0.6561714977131325,0.1220361292140198,0.3382668921066053,0.0119410158443586,-0.3612376235183347,0.3851196552070521
1,ASUS_FX63VD_laptop,device_overall_mean,loudness_sma3_meanFallingSlope,51,0.6369577995365203,moderate,0.6389789696108341,4.509600997927251e-07,0.4573755656108597,0.0007400463324055,3.236246885970732,1.8865337135590527,2.922048959859187,2.0429276369544387,-0.3141979261115442,1.6754839920696811,-1.3392082600266764,0.1865592708395975,1.071837701061486,2.970982530467747,-0.3141979261115442,-3.59814655056812,2.969750698345031
1,ASUS_FX63VD_laptop,device_overall_mean,loudness_sma3_meanRisingSlope,51,0.4958878842352241,poor,0.5129931986807394,0.0001185288160041,0.5208144796380091,8.925382398162597e-05,7.394871706396394,2.6681313526041905,7.0896328850802695,2.053346074222754,-0.3052388213161238,2.3904369845850835,-0.9119007152661842,0.366196842195746,1.4618298515330015,4.051985619762845,-0.3052388213161238,-4.990495311102888,4.38001766847064
1,ASUS_FX63VD_laptop,device_overall_mean,loudness_sma3_pctlrange0-2,51,0.756343892273388,good,0.7620261969193547,8.297932762312666e-11,0.7551131221719457,1.5329866545113162e-10,0.8852578324081408,0.2901994388119733,0.8522848097758159,0.2567404337870956,-0.032973022632325,0.1912600950353626,-1.2311741304841206,0.2240175854385913,0.1267357528348948,0.3512935841734786,-0.032973022632325,-0.4078428089016359,0.3418967636369858
1,ASUS_FX63VD_laptop,device_overall_mean,loudness_sma3_percentile20.0,51,0.6839929254538638,moderate,0.6872426394765431,2.552056999028853e-08,0.6926696832579186,1.78503816056886e-08,0.7461078716242259,0.157849242318228,0.774634038100353,0.1740044752803125,0.0285261664761273,0.1320669365851005,1.5425327602619991,0.1292501190873798,0.0856908083642737,0.2375228025845608,0.0285261664761273,-0.2303250292306697,0.2873773621829243
1,ASUS_FX63VD_laptop,device_overall_mean,loudness_sma3_percentile50.0,51,0.6950974816703352,moderate,0.6955922528798176,1.4677176095237444e-08,0.6294117647058823,7.51851658984266e-07,1.1876350849731483,0.2471215225379572,1.2120293353185911,0.2379717078228373,0.0243942503454424,0.1894383766270436,0.919611939311058,0.3621910485174506,0.1233205085727528,0.3418270100549759,0.0243942503454424,-0.346904967843563,0.395693468534448
1,ASUS_FX63VD_laptop,device_overall_mean,loudness_sma3_percentile80.0,51,0.6681395306947873,moderate,0.6732401621726977,6.201405500138163e-08,0.6494117647058824,2.5304532060455645e-07,1.631365703507262,0.3528216248700829,1.6269188479221128,0.311835774190962,-0.0044468555851489,0.27125937050609,-0.1170720879951835,0.9072719305616208,0.1751745219573319,0.4855590020791933,-0.0044468555851489,-0.5361152217770853,0.5272215106067875
1,ASUS_FX63VD_laptop,device_overall_mean,loudness_sma3_stddevFallingSlope,51,0.4661720643672724,poor,0.5163632638177407,0.000104980375088,0.6097737556561085,2.0373167849195964e-06,1.2047944356774571,1.0893946515077688,1.075140184355626,0.6877345430020573,-0.1296542513218308,0.9412895367531744,-0.983668170226306,0.3300148239728139,0.569883005049101,1.5796350984244925,-0.1296542513218308,-1.9745817433580524,1.7152732407143907
1,ASUS_FX63VD_laptop,device_overall_mean,loudness_sma3_stddevNorm,51,0.7952638458960335,good,0.7966681943462101,2.7168547428517842e-12,0.7744796380090497,2.6025184187978757e-11,0.3763422779215261,0.0667485579705971,0.3618814252555359,0.070834964815427,-0.0144608526659901,0.0440392762799424,-2.344978234279166,0.023038803503148,0.0295035530410716,0.0817796767037999,-0.0144608526659901,-0.1007778341746773,0.071856128842697
1,ASUS_FX63VD_laptop,device_overall_mean,loudness_sma3_stddevRisingSlope,51,0.492355901590867,poor,0.4929308582455793,0.0002379632243037,0.5174660633484163,0.0001008642515809,4.1747072701523535,1.2902000914539926,3.957095466930992,1.229336592587712,-0.2176118032213613,1.2697319175216637,-1.2239269537658035,0.2267160047239719,0.7755650765375,2.149756713494829,-0.2176118032213613,-2.706286361563821,2.271062755121099
1,ASUS_FX63VD_laptop,device_overall_mean,mfcc1V_sma3nz_amean,51,0.7954435925809906,good,0.7988920172927408,2.133419571453176e-12,0.7923981900452488,4.286249586252981e-12,32.743478230939665,3.5055275334192326,32.54474718245729,3.847496327146438,-0.1987310484823853,2.3541096454451376,-0.6028706275479679,0.5493196130389522,1.5771847668825394,4.3717331318793295,-0.1987310484823853,-4.812785953554855,4.415323856590084
1,ASUS_FX63VD_laptop,device_overall_mean,mfcc1V_sma3nz_stddevNorm,51,0.3991516893015299,poor,0.4481806158735437,0.0009733142685307,0.6114932126696833,1.8720570012331573e-06,0.1720661927442562,0.0654717753159399,0.1535209367062407,0.0400813296760029,-0.0185452560380154,0.0595049490563876,-2.225690817061087,0.0305730715521357,0.0351929354257051,0.0975498400943554,-0.0185452560380154,-0.1351749561885352,0.0980844441125043
1,ASUS_FX63VD_laptop,device_overall_mean,mfcc1_sma3_amean,51,0.7498769591029558,moderate,0.7498769959807048,2.4081454050768637e-10,0.7912217194570136,4.850937865245052e-12,31.671659158890144,3.734288597681868,31.678850706599512,3.7354599247338784,0.0071915477093705,2.641604760437241,0.019441940757413,0.9845659308030492,1.7471958894499475,4.8429799210459725,0.0071915477093705,-5.170353782747622,5.184736878166364
1,ASUS_FX63VD_laptop,device_overall_mean,mfcc1_sma3_stddevNorm,51,0.4022323361674052,poor,0.4942520386866271,0.0002275871506384,0.7084162895927602,6.046338431556902e-09,0.2332573575216365,0.1545144428807034,0.1917369487627824,0.0795304949532975,-0.0415204087588541,0.1343594859979823,-2.206878251079742,0.0319422992186948,0.079551491585151,0.2205054846811902,-0.0415204087588541,-0.3048650013148995,0.2218241837971913
1,ASUS_FX63VD_laptop,device_overall_mean,mfcc2V_sma3nz_amean,51,0.8675569278503809,good,0.8678100464462901,1.7000622419444082e-16,0.8572850678733032,9.783758374651873e-16,11.22665231411203,7.64179425631808,10.09129201048972,7.828633754207911,-1.13536030362231,3.9813799493070183,-2.0365035370057223,0.0470130601478432,2.720448782002109,7.54069930396755,-1.13536030362231,-8.938865004264066,6.668144397019447
1,ASUS_FX63VD_laptop,device_overall_mean,mfcc2V_sma3nz_stddevNorm,51,0.0095419361214951,poor,0.0097224734305214,0.9460144237374094,0.2623529411764706,0.0629065334975257,-0.4228047191025854,6.698796342181707,0.58095457193068,5.516293243166897,1.0037592910332658,8.636250557599329,0.8300216730154235,0.4104721254225316,4.338678004788797,12.026201863198626,1.0037592910332658,-15.923291801861415,17.93081038392795
1,ASUS_FX63VD_laptop,device_overall_mean,mfcc2_sma3_amean,51,0.8681329198970172,good,0.8683556189101197,1.5463511462420538e-16,0.8653393665158371,2.597708517431114e-16,11.958135838151492,7.239296199870128,10.767403074431344,7.40513868729795,-1.190732763720146,3.760569861289529,-2.261235164691906,0.0281271686991118,2.569967032438857,7.123585174968464,-1.190732763720146,-8.561449691847622,6.179984164407331
1,ASUS_FX63VD_laptop,device_overall_mean,mfcc2_sma3_stddevNorm,51,-0.0565052157813922,poor,-0.0654972771420017,0.6479304994193646,-0.0342986425339366,0.8111527541115782,-1.6888465613520165,9.52816903953525,-0.8763910429086983,5.459300990806585,0.812455518443318,11.287335158239344,0.5140356740538811,0.6094915272653277,5.481900859585513,15.1950539446927,0.812455518443318,-21.310721391705798,22.93563242859243
1,ASUS_FX63VD_laptop,device_overall_mean,mfcc3V_sma3nz_amean,51,0.9250547920688088,excellent,0.9299583455674968,6.194376191939606e-23,0.9360180995475114,7.241466007414401e-24,6.568839989179589,8.888508702835336,5.814923499035384,9.852036352851538,-0.7539164901442027,3.63255673087764,-1.4821628550759751,0.1445725492996177,2.520019825461364,6.98513858064842,-0.7539164901442027,-7.873727682664376,6.365894702375971
1,ASUS_FX63VD_laptop,device_overall_mean,mfcc3V_sma3nz_stddevNorm,51,-0.0624826504846959,poor,-0.0954641112985477,0.5051726106677366,0.0339366515837104,0.8131099456189715,0.1640646979332601,1.95382745402321,-0.7091182820698495,5.242079787511652,-0.87318298000311,5.7664852269264335,-1.0813820744040423,0.2847153522320834,2.7917134878299183,7.738234990427975,-0.87318298000311,-12.17549402477892,10.4291280647727
1,ASUS_FX63VD_laptop,device_overall_mean,mfcc3_sma3_amean,51,0.9180751230463629,excellent,0.9229210900995548,5.956197353269515e-22,0.9229864253393666,5.838191544511739e-22,7.190667048892041,8.597423074310313,6.49102307668299,9.527321868887382,-0.6996439722090503,3.673124426441113,-1.3602744619880514,0.1798445502811052,2.543539292123978,7.050331216167159,-0.6996439722090503,-7.898967848033632,6.499679903615531
1,ASUS_FX63VD_laptop,device_overall_mean,mfcc3_sma3_stddevNorm,51,0.0127725633713441,poor,0.0365681285201064,0.7989087350342277,0.265339366515837,0.0598616607534107,2.8441518299031827,14.710588921347018,0.1810388470317299,2.6525999270717704,-2.663112982871452,14.852065191071976,-1.2805243257168224,0.2062693161398698,7.473306857084159,20.714949749605964,-2.663112982871452,-31.77316075737253,26.446934791629623
1,ASUS_FX63VD_laptop,device_overall_mean,mfcc4V_sma3nz_amean,51,0.8626433514040052,good,0.8651127626252725,2.699577389995291e-16,0.8177375565610859,2.418144140516202e-13,-10.451975687353244,9.433056994870167,-11.970712028717529,10.17432472323546,-1.518736341364284,5.142088973578646,-2.109249166906538,0.039952297536168,3.508927899872718,9.726251913763106,-1.518736341364284,-11.597230729578431,8.559758046849861
1,ASUS_FX63VD_laptop,device_overall_mean,mfcc4V_sma3nz_stddevNorm,51,-0.0600894876214126,poor,-0.0602281177153548,0.674607285532041,0.0174660633484162,0.9031765446288552,-0.8254740065135485,4.043368533344516,-0.5386524486088049,3.777883259378064,0.2868215579047437,5.697477082019189,0.3595127453876413,0.7207255175768073,2.761823017252996,7.655382833031803,0.2868215579047437,-10.880233522852864,11.453876638662354
1,ASUS_FX63VD_laptop,device_overall_mean,mfcc4_sma3_amean,51,0.8675971629948079,good,0.8700166231760083,1.1557652503297587e-16,0.8010859728506786,1.6757458444716289e-12,-8.301959390459524,9.327180156495896,-9.79645199136807,10.050247481502488,-1.4944926009085442,4.9892115344987,-2.139178079056452,0.0373278398538221,3.409129704584293,9.449625429659696,-1.4944926009085442,-11.273347208525994,8.284362006708907
1,ASUS_FX63VD_laptop,device_overall_mean,mfcc4_sma3_stddevNorm,51,0.2091549185943743,poor,0.2734525090615488,0.0521840759921922,0.1364705882352941,0.3396226535999671,0.0642546017430399,6.30204777973831,0.2617545874769422,2.9316793130745475,0.197499985733902,6.181113224934913,0.2281841411781851,0.8204337208368453,3.3984248973004214,9.41995321771855,0.197499985733902,-11.917481935138529,12.312481906606331
1,ASUS_FX63VD_laptop,device_overall_mean,shimmerLocaldB_sma3nz_amean,51,0.7872264197521871,good,0.7891595823028865,6.014708137770406e-12,0.7530316742081449,1.8369166446713163e-10,1.2228536055966432,0.1677917198680325,1.2169362766294625,0.1799699627194314,-0.0059173289671807,0.1134989153856238,-0.3723223359772931,0.7112263738971387,0.0758667541144864,0.2102919134997857,-0.0059173289671807,-0.2283752031230035,0.216540545188642
1,ASUS_FX63VD_laptop,device_overall_mean,shimmerLocaldB_sma3nz_stddevNorm,51,0.7546786245368468,good,0.7605531583729518,9.473645338001072e-11,0.7296832579185519,1.2455697261756656e-09,0.5839066786612935,0.0760471037694827,0.5845836925847362,0.0861461399604313,0.0006770139234428,0.0569148645137009,0.0849487479361432,0.9326413737667932,0.0376959335720333,0.1044877969876142,0.0006770139234428,-0.110876120523411,0.1122301483702968
1,ASUS_FX63VD_laptop,device_overall_mean,slopeUV0-500_sma3nz_amean,51,0.6864189936988683,moderate,0.6916593892247481,1.9089824982261858e-08,0.4801086341532524,0.0003634140953873,0.0075859842662717,0.0089385720681045,0.0064620508520243,0.0079001943821018,-0.0011239334142473,0.0066802747759549,-1.2015209412022825,0.2352095944712386,0.0043375757597786,0.0120231465959076,-0.0011239334142473,-0.014217271975119,0.0119694051466243
1,ASUS_FX63VD_laptop,device_overall_mean,slopeUV500-1500_sma3nz_amean,51,0.7215986908804656,moderate,0.7233900897007172,2.0181826397509995e-09,0.5707173714811946,1.2264379334742188e-05,-0.0032364049771811,0.0030649782753193,-0.0026227609721372,0.0032886898371641,0.0006136440050439,0.0023719973627679,1.8475124852212736,0.0705932945277368,0.0015561453812089,0.0043134149301347,0.0006136440050439,-0.0040354708259812,0.0052627588360691
1,ASUS_FX63VD_laptop,device_overall_mean,slopeV0-500_sma3nz_amean,51,0.9275315796321156,excellent,0.9278967437666508,1.2308609974429736e-22,0.8904977375565611,2.211967807668825e-18,0.0545686003396004,0.0291415116814363,0.0553043991130123,0.0299707890819678,0.0007357987734118,0.0112533025462017,0.4669433045594234,0.6425688666768392,0.0078117934275299,0.0216531866548728,0.0007357987734118,-0.0213206742171436,0.0227922717639673
1,ASUS_FX63VD_laptop,device_overall_mean,slopeV0-500_sma3nz_stddevNorm,51,-0.2499089316999588,poor,-0.2965376544648765,0.0346021111092301,0.0978280542986425,0.494636491725888,0.4978316609552508,1.375942709713887,0.3379320606907473,2.511529007618358,-0.1598996002645034,3.20163997349213,-0.3566645720618122,0.7228437335825737,1.3864349412586765,3.843001590660892,-0.1598996002645034,-6.435113948309078,6.115314747780071
1,ASUS_FX63VD_laptop,device_overall_mean,slopeV500-1500_sma3nz_amean,51,0.7486033332655018,moderate,0.7635108329587037,7.253555317510868e-11,0.7104072398190044,5.246290003619031e-09,-0.0293957547895319,0.0044474932842559,-0.0292350273750489,0.0054280459688625,0.0001607274144829,0.0035184864895075,0.3262264415274973,0.7456145902398288,0.0023263311876438,0.0064482610676295,0.0001607274144829,-0.0067355061049517,0.0070569609339176
1,ASUS_FX63VD_laptop,device_overall_mean,slopeV500-1500_sma3nz_stddevNorm,51,-0.0554327464997285,poor,-0.0554388234425622,0.6992044083923715,0.2246153846153846,0.1130502466656421,-0.4656746461256423,0.4377725418142146,-0.3467493358559955,0.4443029182554966,0.1189253102696469,0.6407932466839904,1.3253831809681498,0.1910685691392739,0.3113897931816328,0.8631284706559557,0.1189253102696469,-1.1370294532309744,1.374880073770268
1,ASUS_FX63VD_laptop,device_overall_mean,spectralFluxUV_sma3nz_amean,51,0.5968752558298966,moderate,0.5984881670686092,3.5068266965674247e-06,0.5048315296269893,0.0001582084286304,0.1158071624195153,0.119358270921115,0.0980815767391781,0.1109002085168317,-0.0177255856803372,0.1034458716400394,-1.223693120694207,0.2268034663752419,0.065360996275518,0.1811714384707876,-0.0177255856803372,-0.2204794940948146,0.1850283227341402
1,ASUS_FX63VD_laptop,device_overall_mean,spectralFluxV_sma3nz_amean,51,0.3848165845533782,poor,0.3865077803056971,0.0050854936173324,0.3365610859728506,0.0157416008113255,1.1029305375207243,0.2576099545905083,1.0738564869580438,0.2345638813736716,-0.0290740505626803,0.2732633747373364,-0.7598173425940967,0.450931600427784,0.1607857514864245,0.4456753651613651,-0.0290740505626803,-0.5646702650478597,0.506522163922499
1,ASUS_FX63VD_laptop,device_overall_mean,spectralFluxV_sma3nz_stddevNorm,51,0.7022595965332273,moderate,0.7104968732134277,5.212729335337391e-09,0.7000000000000001,1.0877541114761886e-08,0.384487869142264,0.0599302981787184,0.3711316052680317,0.069839330286744,-0.0133562638742323,0.050215683756642,-1.8994623869469185,0.0632798520613572,0.0327583697473838,0.0908015683248461,-0.0133562638742323,-0.1117790040372507,0.085066476288786
1,ASUS_FX63VD_laptop,device_overall_mean,spectralFlux_sma3_amean,51,0.4025063583300404,poor,0.4029184702216938,0.0033738558236272,0.3648868778280542,0.0084717749139551,1.0043892608151488,0.2344924832687417,0.9805372198137448,0.2241186407400037,-0.0238520410014041,0.2507305828575126,-0.6793652443387745,0.5000395402462197,0.148466931955158,0.4115293395204196,-0.0238520410014041,-0.5152839834021289,0.4675799013993205
1,ASUS_FX63VD_laptop,device_overall_mean,spectralFlux_sma3_stddevNorm,51,0.7303960564744447,moderate,0.736854039477675,7.069043629742128e-10,0.7161990950226244,3.4481347201720913e-09,0.4650960743194654,0.0651663820082012,0.4499208992981606,0.0744274849941442,-0.0151751750213048,0.0513650978058035,-2.109845613746995,0.0398984592930098,0.0337839855050222,0.0936444301647481,-0.0151751750213048,-0.1158507667206797,0.08550041667807
2,iPad_2021,device_overall_mean,F0semitoneFrom27.5Hz_sma3nz_amean,51,0.934866646024695,excellent,0.9360762839039984,7.086633652000756e-24,0.9111312217194568,1.6954802703292022e-20,31.67401252157026,3.7536636888219377,31.84881318127091,3.9495339301411096,0.1748006597006424,1.3905868289204362,0.8976975580038641,0.3736492402883247,0.9671495520795802,2.6808017862522524,0.1748006597006424,-2.5507495249834125,2.9003508443846973
2,iPad_2021,device_overall_mean,F0semitoneFrom27.5Hz_sma3nz_meanFallingSlope,51,0.6540902503366166,moderate,0.6817426926730579,3.637975805179658e-08,0.5009954751131221,0.0001807531850551,42.73421904598017,36.87956203767462,39.1491501749503,27.602142764754884,-3.5850688710298697,27.09268725108157,-0.9449971690362552,0.3492047470300925,17.422147606522177,48.29172936438685,-3.5850688710298697,-56.686735883149744,49.51659814109001
2,iPad_2021,device_overall_mean,F0semitoneFrom27.5Hz_sma3nz_meanRisingSlope,51,0.4808387324964753,poor,0.484312041641412,0.0003168922646662,0.5007239819004524,0.0001824545850865,73.22360327435398,32.903017089899336,63.64642819288176,29.178771122971977,-9.577175081472216,31.686948052949013,-2.1584505480827643,0.0357189682743927,19.27987877181059,53.44109743840719,-9.577175081472216,-71.68359326525228,52.529243102307845
2,iPad_2021,device_overall_mean,F0semitoneFrom27.5Hz_sma3nz_pctlrange0-2,51,0.675850944637109,moderate,0.676090508382943,5.196197863454191e-08,0.652579185520362,2.1140045202047445e-07,4.836018963984225,2.2029693213476973,4.585913608896572,2.1450895218301893,-0.2501053550876531,1.750617518739126,-1.0202739740889872,0.3125099691489569,1.1331279936276402,3.1408705539259327,-0.2501053550876531,-3.68131569181634,3.1811049816410337
2,iPad_2021,device_overall_mean,F0semitoneFrom27.5Hz_sma3nz_percentile20.0,51,0.9264601584388484,excellent,0.9282872810412464,1.0824348310191351e-22,0.8762895927601809,3.708853757557868e-17,29.25850972603996,4.12812382493382,29.52446438418661,4.395654510277098,0.2659546581466543,1.6352806656047552,1.1614496498003417,0.2509738008313099,1.1348600870493637,3.145671671942197,0.2659546581466543,-2.939195446438666,3.4711047627319744
2,iPad_2021,device_overall_mean,F0semitoneFrom27.5Hz_sma3nz_percentile50.0,51,0.9353816672090598,excellent,0.9362636172863138,6.609348541468861e-24,0.9156561085972852,4.970058317001111e-21,31.85487024028173,4.015705764816991,32.08851025462908,4.193916308064023,0.2336400143473487,1.4760067403018808,1.1304307730763208,0.263688280476533,1.026695495280481,2.8458547199519155,0.2336400143473487,-2.659333196644337,3.1266132253390357
2,iPad_2021,device_overall_mean,F0semitoneFrom27.5Hz_sma3nz_percentile80.0,51,0.8826159661027558,good,0.883237154803587,9.779504817902977e-18,0.8672398190045248,1.8762337068654448e-16,34.094528690604726,3.655438524547452,34.110377993066514,3.795180488128393,0.0158493024617946,1.805336853204206,0.0626955900071195,0.9502588747915048,1.2385373867013878,3.433050484767297,0.0158493024617946,-3.522610929818449,3.554309534742038
2,iPad_2021,device_overall_mean,F0semitoneFrom27.5Hz_sma3nz_stddevFallingSlope,51,0.5778921882170103,moderate,0.5801819593980884,8.10827696393623e-06,0.6047963800904976,2.5953618952540245e-06,19.08162383476483,12.777475018085212,16.42489039333689,11.689525868864546,-2.6567334414279395,11.25139468178686,-1.686268437137505,0.097975200685862,7.066673509051206,19.587819614031257,-2.6567334414279395,-24.709467017730187,19.39600013487431
2,iPad_2021,device_overall_mean,F0semitoneFrom27.5Hz_sma3nz_stddevNorm,51,0.7361967263607679,moderate,0.7363587155585032,7.355423087645377e-10,0.7392760180995475,5.813967500613624e-10,0.0945276410702959,0.0367923482231841,0.0901274122556046,0.0375723108459133,-0.0044002288146913,0.0270094393727562,-1.1634421105765935,0.2501724252798762,0.0177944693166964,0.049323752492092,-0.0044002288146913,-0.0573387299852936,0.0485382723559109
2,iPad_2021,device_overall_mean,F0semitoneFrom27.5Hz_sma3nz_stddevRisingSlope,51,0.391502349255186,poor,0.4039300251468776,0.0032873784556101,0.4491402714932127,0.0009462115259463,21.45636473307425,14.842884524347491,18.525144542444355,11.544578381669757,-2.931220190629891,14.66825750667581,-1.4271019710525286,0.1597659813926649,8.651481866422364,23.980684260634032,-2.931220190629891,-31.68100490371448,25.818564522454697
2,iPad_2021,device_overall_mean,F1amplitudeLogRelF0_sma3nz_amean,51,0.722316740270802,moderate,0.7309578025072584,1.127747749305468e-09,0.7788235294117647,1.7067953041360914e-11,-5.852713595204827,7.934398484019603,-4.528421659031179,9.260276946383255,1.3242919361736465,6.426006373936388,1.4717284002454607,0.1473607987410146,4.216651102097828,11.687960545709124,1.3242919361736465,-11.270680556741674,13.919264429088964
2,iPad_2021,device_overall_mean,F1amplitudeLogRelF0_sma3nz_stddevNorm,51,-0.001669314883952,poor,-0.0207309945784957,0.8851893158966065,0.0576470588235294,0.6878233511124285,-12.068692210552662,91.3358390867808,-0.5104303351005754,3.6832826997556256,11.558261875452086,91.48634071762118,0.902238512267854,0.3712561505515115,45.70497453437861,126.68772591469292,11.558261875452086,-167.75496593108542,190.8714896819896
2,iPad_2021,device_overall_mean,F1bandwidth_sma3nz_amean,51,0.8019366722674318,good,0.8028370831711973,1.37901987430244e-12,0.7280542986425339,1.4131026233412624e-09,1295.809592742488,79.28715899510387,1306.9043401305678,83.13447030201002,11.094747388079824,51.12728181378688,1.5497077410317002,0.1275187542556047,34.31566902110703,95.11818168184942,11.094747388079824,-89.11472496694246,111.30421974310212
2,iPad_2021,device_overall_mean,F1bandwidth_sma3nz_stddevNorm,51,0.7530888134214943,good,0.7532098397285281,1.80882252980186e-10,0.5840723981900452,6.814199745184535e-06,0.1392025972586342,0.0241477479095819,0.1342779529510371,0.0237186904464481,-0.004924644307597,0.0168191461951438,-2.091009522759825,0.0416296360515989,0.0111346330506154,0.0308636281815669,-0.004924644307597,-0.0378901708500789,0.0280408822348847
2,iPad_2021,device_overall_mean,F1frequency_sma3nz_amean,51,0.6717464228715907,moderate,0.6723795369651397,6.539064223745468e-08,0.6200904977375565,1.2170700996479828e-06,638.5438873105367,62.92173087989746,635.3125764037811,60.24855848338198,-3.231310906755596,49.91119347930805,-0.4623446958953566,0.6458398581742641,32.266596672262025,89.43844290604964,-3.231310906755596,-101.05725012619938,94.5946283126882
2,iPad_2021,device_overall_mean,F1frequency_sma3nz_stddevNorm,51,0.6685137430065309,moderate,0.6704413780084123,7.363652051632961e-08,0.6647058823529411,1.0411604317997325e-07,0.2581701083021155,0.0464323067054319,0.2575144208062043,0.0430375689896831,-0.0006556874959112,0.0364507939728216,-0.128462094050183,0.8982986222554168,0.0235419206199409,0.0652548747130614,-0.0006556874959112,-0.0720992436826416,0.0707878686908192
2,iPad_2021,device_overall_mean,F2amplitudeLogRelF0_sma3nz_amean,51,0.7085134173307869,moderate,0.7085137137977006,6.004654899891833e-09,0.711764705882353,4.759159901958435e-09,-18.461338530104737,8.165600083385346,-17.478799268272468,8.173073442094005,0.9825392618322718,6.237508161035249,1.12492579335462,0.2659917737549571,4.076527046404146,11.299556479354738,0.9825392618322718,-11.242976733796816,13.20805525746136
2,iPad_2021,device_overall_mean,F2amplitudeLogRelF0_sma3nz_stddevNorm,51,0.0101050472090726,poor,0.0440477501059775,0.7589084968617518,0.1976470588235294,0.1644536091781817,10.363247497971273,51.86141856132853,-1.522644999444694,6.029195676911003,-11.885892497415965,51.94624146243462,-1.6340402729817107,0.1085321141433319,26.10402068046244,72.35665375440435,-11.885892497415965,-113.70052576378782,89.92874076895589
2,iPad_2021,device_overall_mean,F2bandwidth_sma3nz_amean,51,0.736891743650151,moderate,0.7402583991390111,5.367542489415193e-10,0.7183710407239818,2.9381596326036903e-09,1001.9240752053238,84.06603973585963,1007.2837396392022,92.4951607972027,5.359664433878249,64.11237463445588,0.5970089264947874,0.5531953751569063,42.24723033860806,117.10334799041682,5.359664433878249,-120.30058984965528,131.01991871741177
2,iPad_2021,device_overall_mean,F2bandwidth_sma3nz_stddevNorm,51,0.6819668115557034,moderate,0.6819731355562829,3.58488320123522e-08,0.6646153846153846,1.0468033203077317e-07,0.26053878420346,0.0637444163487285,0.2465423243533916,0.0640195265102092,-0.0139964598500683,0.0509483984361689,-1.9618814200306165,0.0553550744264525,0.0330376579052261,0.0915757156020824,-0.0139964598500683,-0.1138553207849596,0.0858624010848228
2,iPad_2021,device_overall_mean,F2frequency_sma3nz_amean,51,0.7152791412366158,moderate,0.7169118954881775,3.272224875666327e-09,0.6458823529411765,3.0842988144653577e-07,1654.4830547456727,77.80781661075244,1638.5365479897782,83.24570334043086,-15.946506755894704,60.80121824841822,-1.8730025476991117,0.0669200649583761,39.81527215452776,110.36230382619762,-15.946506755894704,-135.11689452279444,103.22388101100502
2,iPad_2021,device_overall_mean,F2frequency_sma3nz_stddevNorm,51,0.5632535007419776,moderate,0.5646048696765615,1.591439161361033e-05,0.6143891402714932,1.621617775470143e-06,0.1320333688919577,0.0173464503688831,0.130717453012628,0.0185903907956312,-0.0013159158793297,0.0168034958358959,-0.5592597613016438,0.5784810627159171,0.0105047168815314,0.0291175896421927,-0.0013159158793297,-0.0342507677176857,0.0316189359590262
2,iPad_2021,device_overall_mean,F3amplitudeLogRelF0_sma3nz_amean,51,0.7755132210711099,good,0.7755226108015348,2.3538297906514933e-11,0.7366515837104073,7.184800770330825e-10,-27.64520688144982,9.641521512537537,-27.45302872367489,9.59419287890547,0.1921781577749265,6.444511768375028,0.2129605171975515,0.8322236716691811,4.2936039390159495,11.901262927149205,0.1921781577749265,-12.439064908240129,12.82342122378998
2,iPad_2021,device_overall_mean,F3amplitudeLogRelF0_sma3nz_stddevNorm,51,0.0070843407029376,poor,0.0078439558266802,0.956433935771854,0.2178280542986425,0.1246506176398657,-0.2487095713696592,2.84440260036431,-0.7243044383378433,1.7973398403807668,-0.475594866968184,3.352738348323575,-1.0130306485544611,0.3159227830380559,1.682296679758818,4.6630884896822895,-0.475594866968184,-7.046962029682391,6.095772295746023
2,iPad_2021,device_overall_mean,F3bandwidth_sma3nz_amean,51,0.5946099186089491,moderate,0.6083414967741033,2.185226564762776e-06,0.589683257918552,5.281726354671515e-06,875.1134721513389,93.37404375653075,896.4528686614694,115.71302463527836,21.33939651013069,94.67022515744706,1.609732866188368,0.1137524691154248,59.773769554381815,165.68443613282267,21.33939651013069,-164.21424479846556,206.89303781872687
2,iPad_2021,device_overall_mean,F3bandwidth_sma3nz_stddevNorm,51,0.6903589000121672,moderate,0.6904406281195099,2.069265360940502e-08,0.6019004524886877,2.982316150308212e-06,0.356976801306625,0.0844477513026578,0.3435043931214085,0.085757212480864,-0.0134724081852164,0.0669729419528779,-1.436583730822711,0.157064333154478,0.043537034445077,0.1206785025723559,-0.0134724081852164,-0.1447393744128572,0.1177945580424243
2,iPad_2021,device_overall_mean,F3frequency_sma3nz_amean,51,0.5607561502052503,moderate,0.5631905410100785,1.6890831326851585e-05,0.5413574660633483,4.095304399437013e-05,2780.162950732043,93.99749050968292,2768.729816572873,103.1737538889105,-11.433134159170942,92.5020252862511,-0.882671585394828,0.38163786049201,57.78149486972546,160.162132449956,-11.433134159170942,-192.7371037202231,169.8708354018812
2,iPad_2021,device_overall_mean,F3frequency_sma3nz_stddevNorm,51,0.3270153634459626,poor,0.3280624577888376,0.0187630000414642,0.3117647058823529,0.0259419988713515,0.0883664369826229,0.011671455183266,0.0903192087020832,0.0126435784399019,0.0019527717194603,0.0141159226059842,0.9879325539725248,0.327942558595479,0.0081304998916135,0.0225365959025618,0.0019527717194603,-0.0257144365882687,0.0296199800271893
2,iPad_2021,device_overall_mean,Gap_Before,51,0.6542801689906322,moderate,0.6543336566816266,1.9118624764303493e-07,0.6472398190045249,2.8590809842792245e-07,0.34650393703332,0.10267947193481,0.3339248933103058,0.1013749028482681,-0.0125790437230142,0.0848402488623592,-1.0588410766351806,0.294760757800258,0.0545602648574641,0.1512333383950641,-0.0125790437230142,-0.1788659314932383,0.1537078440472099
2,iPad_2021,device_overall_mean,HNRdBACF_sma3nz_amean,51,0.8894164999574309,good,0.8914381932965854,1.810742015694874e-18,0.8690497737556561,1.3698633150966062e-16,4.636522338604011,2.6531435266953043,4.666489748428368,2.8381637248390708,0.0299674098243565,1.2919695737731762,0.1656464028208041,0.8691031944964602,0.8879451556290144,2.46125840019872,0.0299674098243565,-2.5022929547710686,2.562227774419782
2,iPad_2021,device_overall_mean,HNRdBACF_sma3nz_stddevNorm,51,0.0005296253500718,poor,0.0176039700249509,0.9024157469531972,0.1390950226244343,0.3303277585736989,0.7044493919714032,3.966767778489284,43.808641957677104,263.6394039144699,43.1041925657057,263.5994123851789,1.1677776645735187,0.2484350142770769,131.83460380530184,365.42687799542136,43.1041925657057,-473.5506557092449,559.7590408406563
2,iPad_2021,device_overall_mean,MeanUnvoicedSegmentLength,51,0.3742367086856282,poor,0.3826721861700926,0.0055811379640338,0.2346474523043001,0.0974376036771429,0.0056851418928328,0.009129127789314,0.0053519304648873,0.0073856886852421,-0.0003332114279454,0.0092890315414329,-0.2561736983700453,0.7988677859336865,0.005444665638457,0.0150918431774457,-0.0003332114279454,-0.0185397132491539,0.017873290393263
2,iPad_2021,device_overall_mean,MeanVoicedSegmentLengthSec,51,0.8064068268470863,good,0.8156627034327332,3.110383507623904e-13,0.7738461538461539,2.7655047724864602e-11,0.2812722590872117,0.0609645045843288,0.2659304745888307,0.0709275640969969,-0.0153417844983809,0.0411513671634286,-2.6624208018703266,0.0104076933447947,0.0276542608828231,0.0766537003638689,-0.0153417844983809,-0.0959984641387012,0.0653148951419392
2,iPad_2021,device_overall_mean,StddevUnvoicedSegmentLength,51,0.7271210243755332,moderate,0.7874633252574296,7.165739681961252e-12,0.5760531202989042,9.727827944369372e-06,0.0001764029574071,0.0006695690681598,0.0003481141609496,0.0010035205788243,0.0001717112035425,0.0006301917096679,1.9458575091757269,0.0573036308198969,0.0004140988986209,0.0011478235860434,0.0001717112035425,-0.0010634645474067,0.0014068869544917
2,iPad_2021,device_overall_mean,StddevVoicedSegmentLengthSec,51,0.2894706433905959,poor,0.2966189419629942,0.0345502087311872,0.4177845315663326,0.0022849710371413,0.005228391794056,0.0063929302465396,0.0035908435915918,0.0051213174023584,-0.0016375482024641,0.0069046873441049,-1.6936948341580296,0.09654508436332,0.003920304054572,0.0108665284387,-0.0016375482024641,-0.0151707353969099,0.0118956389919816
2,iPad_2021,device_overall_mean,VoicedSegmentsPerSec,51,0.7442580318642859,moderate,0.7570737862065211,1.2907182807309384e-10,0.7394570135746608,5.729167791618985e-10,4.0806994964067504,0.9247368858244376,4.267636047867017,1.1130079339682046,0.1869365514602654,0.7317817247794239,1.824306289330334,0.0740841679431087,0.4832333837102611,1.3394546018676066,0.1869365514602654,-1.2473556291074055,1.6212287320279364
2,iPad_2021,device_overall_mean,Word_Duration,51,0.7157843881919159,moderate,0.7233743484665901,2.020587064758319e-09,0.743257918552036,4.1963374588245614e-10,0.393972606240357,0.0650486166538615,0.3702493942463516,0.0752363238504599,-0.0237232119940054,0.0530227465334166,-3.1951875681046973,0.002421298034289,0.0347267052056477,0.0962575158575844,-0.0237232119940054,-0.1276477951995021,0.0802013712114911
2,iPad_2021,device_overall_mean,alphaRatioUV_sma3nz_amean,51,0.103396637255055,poor,0.1046582263558111,0.4648458120303559,0.0279112110311623,0.8458453125515922,-0.7811078553707734,0.8605096622394414,-0.6527471210383837,0.7361758067959799,0.1283607343323895,1.072302463070498,0.8548698047797886,0.3967009853831488,0.5631876671434525,1.5610765685896482,0.1283607343323895,-1.9733520932857864,2.2300735619505656
2,iPad_2021,device_overall_mean,alphaRatioV_sma3nz_amean,51,0.6686328709900629,moderate,0.6703202351834463,7.418300594228576e-08,0.5955656108597285,4.022863056865195e-06,-17.540728748244995,4.075049166330673,-17.36220481383812,3.795643825527207,0.1785239344068749,3.205724278088105,0.3976997987827373,0.6925443793553112,2.070506355613695,5.739150811413612,0.1785239344068749,-6.104695650645811,6.461743519459561
2,iPad_2021,device_overall_mean,alphaRatioV_sma3nz_stddevNorm,51,0.038980459232424,poor,0.0451325473049422,0.7531559830777866,0.2924886877828054,0.0372702483589188,-0.5150931017801914,0.5237270866870214,-0.3959611685539631,0.9120177610956142,0.1191319332262283,1.0309953828284837,0.825194941567057,0.4131807259245398,0.5254488120223937,1.4564697991380042,0.1191319332262283,-1.9016190171175995,2.139882883570056
2,iPad_2021,device_overall_mean,equivalentSoundLevel_dBp,51,0.8077722552719372,good,0.8206987597207807,1.678916734032607e-13,0.7787330316742082,1.722027992757585e-11,-30.721994961310564,3.789843476399304,-30.64772331207565,4.531202269674801,0.0742716492349111,2.589928752278257,0.2047954665989866,0.8385633472601992,1.7411239109089445,4.826149255215847,0.0742716492349111,-5.001988705230474,5.150532003700295
2,iPad_2021,device_overall_mean,hammarbergIndexUV_sma3nz_amean,51,0.0256340880728671,poor,0.0264455256353928,0.8538495494057035,-0.0096058063938415,0.946661294302981,1.6080481140771878,1.4535347923442938,1.4408348814291922,1.1309343041172584,-0.1672132326479956,1.817919336326257,-0.6568725627145406,0.5142750937261154,0.9205361257117812,2.5515959603265315,-0.1672132326479956,-3.7303351318474594,3.395908666551468
2,iPad_2021,device_overall_mean,hammarbergIndexV_sma3nz_amean,51,0.7817905903659724,good,0.7821907299784082,1.222675371742517e-11,0.7447058823529411,3.721662801212622e-10,31.039861838335128,5.967188257861148,31.834744919879054,5.779300680433403,0.7948830815439248,3.880479225064702,1.4628607207170088,0.1497635198527605,2.5899041860463954,7.178848145301181,0.7948830815439248,-6.810856199582891,8.40062236267074
2,iPad_2021,device_overall_mean,hammarbergIndexV_sma3nz_stddevNorm,51,0.5964896716502552,moderate,0.6002879249372072,3.2203641486816075e-06,0.7137556561085973,4.121171722846793e-09,0.1891708596973857,0.0803849596218015,0.187905718166445,0.071810870571421,-0.0012651415309407,0.0684704465200392,-0.1319535384152427,0.8955506071592211,0.0432569825175427,0.1199022382335437,-0.0012651415309407,-0.1354672167102176,0.132936933648336
2,iPad_2021,device_overall_mean,jitterLocal_sma3nz_amean,51,0.7470645148224244,moderate,0.7544410953066664,1.6254907914817758e-10,0.772579185520362,3.120917400810729e-11,0.0470850499372797,0.0178666103420523,0.0462078140168842,0.0205599796679843,-0.0008772359203955,0.0136989069806882,-0.45731513830143,0.6494254779368861,0.0090533725554662,0.025094668416187,-0.0008772359203955,-0.0277270936025445,0.0259726217617533
2,iPad_2021,device_overall_mean,jitterLocal_sma3nz_stddevNorm,51,0.5703429723712505,moderate,0.5744397920177813,1.043826451111357e-05,0.504524886877828,0.0001599115153916,1.0049180820390533,0.139951726382885,0.968339570682648,0.1577615703062519,-0.0365785113564052,0.1382356021881506,-1.8896927907100447,0.0646037906150633,0.0866138155484024,0.2400812479693673,-0.0365785113564052,-0.3075202916451804,0.2343632689323699
2,iPad_2021,device_overall_mean,logRelF0-H1-A3_sma3nz_amean,51,0.7965040445191581,good,0.8013252695032302,1.6318924034184448e-12,0.8011764705882353,1.6590313669889977e-12,25.371659705909572,6.791671740733236,25.096469169366685,7.581179567333372,-0.2751905365428904,4.591557745139296,-0.4280145497492238,0.670478570632425,3.077118026979312,8.52933601168269,-0.2751905365428904,-9.27464371701591,8.72426264393013
2,iPad_2021,device_overall_mean,logRelF0-H1-A3_sma3nz_stddevNorm,51,-0.187871359552927,poor,-0.2776309624404359,0.0485531248224485,0.0741176470588235,0.6052290125324,0.551027642161835,0.4620411491450193,0.5465170468508583,1.1855058557104792,-0.0045105953109767,1.3867415974908657,-0.0232286199835246,0.9815603655189088,0.6248531459411069,1.73200455522356,-0.0045105953109767,-2.722524126393073,2.71350293577112
2,iPad_2021,device_overall_mean,logRelF0-H1-H2_sma3nz_amean,51,0.53718006056131,moderate,0.5432751721978507,3.798105718502898e-05,0.4761085972850678,0.0004133411783354,4.048359531202077,3.7618526634585647,3.502583977357404,4.372834499899604,-0.5457755538446725,3.924220723720708,-0.9932206494579078,0.3253849289992128,2.4326845810492297,6.743057633891634,-0.5457755538446725,-8.23724817233726,7.145697064647916
2,iPad_2021,device_overall_mean,logRelF0-H1-H2_sma3nz_stddevNorm,51,-0.0690611938563584,poor,-0.0785891474990915,0.5835724189347624,0.0446153846153846,0.7558967830494645,1.1534663876945015,5.01528108061481,1.2970342779415336,8.431027942849406,0.1435678902470315,10.143046858623077,0.1010820345332855,0.919889597440047,4.893268010641671,13.563446930552695,0.1435678902470315,-19.7368039526542,20.023939733148257
2,iPad_2021,device_overall_mean,loudnessPeaksPerSec,51,0.6192161276466028,moderate,0.6192334939955285,1.2711821908245889e-06,0.5907692307692307,5.024835432327869e-06,4.735502636280292,0.9733969357620466,4.936342847492445,0.9661340067151276,0.2008402112121523,0.8462993994900782,1.694773734696276,0.0963387565163931,0.5384513218579928,1.4925109176166165,0.2008402112121523,-1.4579066117884008,1.8595870342127052
2,iPad_2021,device_overall_mean,loudness_sma3_amean,51,0.7823761466227771,good,0.8271661012690107,7.390184696938559e-14,0.885158371040724,6.664048608153489e-18,0.6666650796485201,0.2279108817462466,0.6786092232152983,0.3191736294986295,0.011944143566778,0.1829586053247417,0.4662160944601975,0.6430856584940203,0.122130047516628,0.3385272203597202,0.011944143566778,-0.3466547228697157,0.3705430100032718
2,iPad_2021,device_overall_mean,loudness_sma3_meanFallingSlope,51,0.6389438592742093,moderate,0.6401755744624043,4.225075796712472e-07,0.709683257918552,5.5249210184348e-09,1.8994274891102296,1.256376265608954,1.9014662781679992,1.3368472952973909,0.0020387890577697,1.1023546234400352,0.0132079694023715,0.9895144332704628,0.7056240441659254,1.9558900626641669,0.0020387890577697,-2.1585762728846998,2.1626538510002384
2,iPad_2021,device_overall_mean,loudness_sma3_meanRisingSlope,51,0.7931160757837935,good,0.8184120773989212,2.2265948172674922e-13,0.8342986425339365,2.8718666018951415e-14,4.047088582416473,2.119666011227185,4.04007272414391,2.726876105713957,-0.0070158582725626,1.570950244578034,-0.0318935942696037,0.974683882395966,1.0518084042070737,2.915464152085386,-0.0070158582725626,-3.086078337645509,3.0720466211003834
2,iPad_2021,device_overall_mean,loudness_sma3_pctlrange0-2,51,0.8189907902458294,good,0.8412013186838774,1.1015486948301742e-14,0.8425339366515838,9.107164221940686e-15,0.4627892004251916,0.232932119726861,0.4494298592777903,0.2938637240163702,-0.0133593411474013,0.1595377547762177,-0.5980075298820497,0.5525341228891274,0.1075842583253536,0.2982083497542687,-0.0133593411474013,-0.326053340508788,0.2993346582139853
2,iPad_2021,device_overall_mean,loudness_sma3_percentile20.0,51,0.73447182203538,moderate,0.7787911855734991,1.7122247391593706e-11,0.8120361990950226,4.793589962829892e-13,0.4344625885683382,0.1321494966310998,0.4524861144695348,0.1867191762293848,0.0180235259011965,0.1178746640083266,1.0919540796679708,0.2800870565230356,0.0776200818812558,0.2151518901176049,0.0180235259011965,-0.2130108155551236,0.2490578673575167
2,iPad_2021,device_overall_mean,loudness_sma3_percentile50.0,51,0.7364279785385109,moderate,0.785630750347358,8.642684940452442e-12,0.8974660633484163,4.79837945586857e-19,0.6645531265788536,0.2301093624971425,0.6807869928474288,0.3309931257133965,0.0162338662685751,0.2069595065157216,0.5601723546183581,0.5778632261843457,0.1363589887904073,0.3779678333457948,0.0162338662685751,-0.3894067665022392,0.4218744990393895
2,iPad_2021,device_overall_mean,loudness_sma3_percentile80.0,51,0.8111139640453742,good,0.8482591453301862,3.9403909095000026e-15,0.8919457013574661,1.6241197930448802e-18,0.8972517887520736,0.3388326570503302,0.9019159740896868,0.4580610255235349,0.0046641853376133,0.2476239012272729,0.1345142597339723,0.8935359558172774,0.1666231940551942,0.4618559304440084,0.0046641853376133,-0.4806786610678415,0.4900070317430682
2,iPad_2021,device_overall_mean,loudness_sma3_stddevFallingSlope,51,0.7188134534202159,moderate,0.7257470253659116,1.6870794632895695e-09,0.4011764705882352,0.0035274892302277,0.8033483645804875,0.5817822935711193,0.7809285955533022,0.5063930266034791,-0.0224197690271853,0.4089977403388151,-0.3914671405261823,0.6971153651415265,0.2681052294578934,0.7431497812193067,-0.0224197690271853,-0.8240553400912629,0.7792158020368922
2,iPad_2021,device_overall_mean,loudness_sma3_stddevNorm,51,0.7537373020239434,good,0.7543517658227874,1.6381770872223086e-10,0.7324886877828054,1.000124653694829e-09,0.3367641907313097,0.0724062072152108,0.3190433277667404,0.0753895041861593,-0.0177208629645692,0.0518721929512767,-2.439693935291248,0.0182892582569392,0.0343468475718923,0.0952046042154258,-0.0177208629645692,-0.1193903611490717,0.0839486352199331
2,iPad_2021,device_overall_mean,loudness_sma3_stddevRisingSlope,51,0.8646309789587531,good,0.871427017291825,8.997878649612801e-17,0.8404524886877828,1.2248939044688787e-14,2.330320346554878,1.013144861675463,2.2417895107540597,1.1483854745602504,-0.0885308358008187,0.5634486914811867,-1.12208376228297,0.2671865579402017,0.3846987956014927,1.0663306581697234,-0.0885308358008187,-1.1928902711039446,1.015828599502307
2,iPad_2021,device_overall_mean,mfcc1V_sma3nz_amean,51,0.6923943991289452,moderate,0.6948631069975788,1.541500629974499e-08,0.7552036199095022,1.520916911167751e-10,37.07644237452845,4.005887700164365,37.289027016065816,4.358748459170868,0.212584641537365,3.283335479592937,0.4623828457318497,0.6458126930232427,2.135679375772082,5.919801206670873,0.212584641537365,-6.222752898464792,6.647922181539522
2,iPad_2021,device_overall_mean,mfcc1V_sma3nz_stddevNorm,51,0.4802531846354055,poor,0.5154277482284858,0.000108591861276,0.5860633484162896,6.228623381941359e-06,0.1295267230698691,0.0572284565666894,0.1094658376305404,0.0391193825978024,-0.0200608854393286,0.0499760238067621,-2.866642174897845,0.0060561020259296,0.0304018285999546,0.0842695695209164,-0.0200608854393286,-0.1180138921005825,0.0778921212219251
2,iPad_2021,device_overall_mean,mfcc1_sma3_amean,51,0.7146365764752171,moderate,0.715672982485291,3.583646952476957e-09,0.7708597285067873,3.6728930818263394e-11,36.33897618302152,4.056041289063912,36.64184379421427,4.280446564629803,0.3028676111927599,3.1501016319715136,0.686615106860272,0.4954974345475009,2.062436623131048,5.716782654175116,0.3028676111927599,-5.871331587471406,6.477066809856927
2,iPad_2021,device_overall_mean,mfcc1_sma3_stddevNorm,51,0.7395555170254672,moderate,0.7733637559264173,2.8960527108347147e-11,0.6738461538461539,5.973537590406117e-08,0.1505631183927006,0.0770560028773096,0.1317176430415874,0.0570142450883958,-0.0188454753511131,0.0489186004428532,-2.751174649386461,0.0082484067506182,0.0322599117160278,0.0894199131527399,-0.0188454753511131,-0.1147259322191055,0.0770349815168792
2,iPad_2021,device_overall_mean,mfcc2V_sma3nz_amean,51,0.7553926286376759,good,0.756243501545576,1.3885226704777442e-10,0.641628959276018,3.902050104330283e-07,1.4930819161216935,8.423959024368585,0.4179163589038359,8.033503483243061,-1.075165557217858,5.757114152210146,-1.333692136842218,0.1883486471830209,3.813835704569721,10.571413229007886,-1.075165557217858,-12.359109295549745,10.20877818111403
2,iPad_2021,device_overall_mean,mfcc2V_sma3nz_stddevNorm,51,-0.0091788514873472,poor,-0.0408059885912226,0.7761751311488391,0.0872398190045248,0.5427007760740348,0.1898452505723173,1.5250501511721477,1.819347311847288,13.385939710478358,1.6295020612749704,13.534223491520727,0.859818249052033,0.393993173377116,6.735982992682168,18.671192268164635,1.6295020612749704,-24.897575982105657,28.1565801046556
2,iPad_2021,device_overall_mean,mfcc2_sma3_amean,51,0.7395955717660905,moderate,0.7402102711529012,5.388637180189128e-10,0.6346606334841628,5.69215804382702e-07,1.7399069036399797,8.164002304570229,0.7874798682614848,7.837865582731268,-0.9524270353784944,5.7752401461517335,-1.1777327581948251,0.2444786008149952,3.808589790244147,10.556872296362789,-0.9524270353784944,-12.271897721835892,10.367043651078903
2,iPad_2021,device_overall_mean,mfcc2_sma3_stddevNorm,51,0.039348368422528,poor,0.0436897867179414,0.7608095798609046,-0.0626244343891402,0.6624235370146447,0.0801800752803104,2.9808369812921898,0.1557638195950587,4.748076506753909,0.075583744314748,5.494808037658889,0.0982338048364346,0.922139398101165,2.8009354387631857,7.763796934267452,0.075583744314748,-10.694240009496674,10.845407498126171
2,iPad_2021,device_overall_mean,mfcc3V_sma3nz_amean,51,0.7887555373636335,good,0.7891000383586793,6.051955978901983e-12,0.7238009049773756,1.9563775041599896e-09,-0.2642622403685618,9.538057905832606,-3.162434528908152,9.824157113192198,-2.898172288539591,6.293324320882981,-3.288737226446934,0.0018471955154893,4.208483349220805,11.665320689799245,-2.898172288539591,-15.233087957470234,9.436743380391052
2,iPad_2021,device_overall_mean,mfcc3V_sma3nz_stddevNorm,51,-0.0210220132698534,poor,-0.0233567381789405,0.8707645605680194,0.0861538461538461,0.5477548297186988,-0.3973609851245689,2.287727547641166,0.369574052271156,3.649538524109903,0.7669350373957249,4.352338059459536,1.2584067698968049,0.2140892351132786,2.153173809261932,5.968293302281337,0.7669350373957249,-7.7636475591449665,9.297517633936415
2,iPad_2021,device_overall_mean,mfcc3_sma3_amean,51,0.7942840154166091,good,0.7942929280011527,3.505794699624007e-12,0.7316742081447963,1.0662222180849578e-09,0.3708553217668228,9.521299088810864,-2.091547847748381,9.566511098443035,-2.462403169515204,6.121760677714911,-2.8725520194418865,0.0059599479040493,4.10007636688783,11.364831865443623,-2.462403169515204,-14.46105409783643,9.536247758806022
2,iPad_2021,device_overall_mean,mfcc3_sma3_stddevNorm,51,0.0080094489816552,poor,0.0199357842864073,0.88956537777607,0.2965610859728507,0.0345871433868416,-5.312287261207489,32.617751731023965,-0.0146750606029107,6.840468965429079,5.297612200604577,33.19357724965016,1.1397541785946468,0.2598194202028021,16.66312163288843,46.18781670521853,5.297612200604577,-59.76179920870975,70.3570236099189
2,iPad_2021,device_overall_mean,mfcc4V_sma3nz_amean,51,0.723492925840242,moderate,0.7273780075081534,1.488718432039555e-09,0.7619909502262443,8.324376341456855e-11,-20.76529720115916,10.219807658497263,-20.37923676376022,11.335216818019497,0.3860604373989339,8.02541199272653,0.3435366290571919,0.7326351997639964,5.267955449409543,14.602027523363168,0.3860604373989339,-15.343747068345063,16.115867943142934
2,iPad_2021,device_overall_mean,mfcc4V_sma3nz_stddevNorm,51,-0.0202306685141405,poor,-0.041092490616419,0.7746446709621239,-0.0788235294117647,0.5824469658296394,-0.5986055161768772,3.1973474722535644,-0.3929757518705487,0.8415885907161175,0.2056297643063286,3.339528374767341,0.4397298300165178,0.6620276650676962,1.6527876641860382,4.581293671613094,0.2056297643063286,-6.33984585023766,6.751105378850317
2,iPad_2021,device_overall_mean,mfcc4_sma3_amean,51,0.7467045360382264,moderate,0.750064708469781,2.369922496014399e-10,0.7507692307692309,2.2315175369060567e-10,-18.573067193898297,10.200998675043412,-18.336347518083063,11.215743304044478,0.2367196758152312,7.630254984692649,0.2215544075333984,0.8255631589208429,5.042185041254379,13.976223879899909,0.2367196758152312,-14.71858009418236,15.192019445812823
2,iPad_2021,device_overall_mean,mfcc4_sma3_stddevNorm,51,-0.0164984113084587,poor,-0.0588687941964449,0.6815557568994834,0.0522171945701357,0.7159259443416108,1.0590368830258423,8.146387926406975,-0.3115035261508427,1.1648838956857122,-1.3705404091766855,8.296859218884189,-1.1796772709224574,0.2437111492860628,4.114066034876968,11.403609246722162,-1.3705404091766855,-17.632384478189692,14.891303659836325
2,iPad_2021,device_overall_mean,shimmerLocaldB_sma3nz_amean,51,0.805451129622223,good,0.8156499126478951,3.1151838798029244e-13,0.7701357466063349,3.931926840836249e-11,1.473681883998276,0.2394102304964002,1.4960947938732228,0.2806609906410825,0.0224129098749464,0.1627136672677029,0.9836923623875689,0.33000304327567,0.1093167990353158,0.3030107075902772,0.0224129098749464,-0.2965058779697512,0.3413316977196442
2,iPad_2021,device_overall_mean,shimmerLocaldB_sma3nz_stddevNorm,51,0.5895631551435494,moderate,0.6206243649211407,1.1844540762397403e-06,0.4818099547511312,0.0003438866474628,0.5094646159558458,0.0568041272678804,0.5035422102709921,0.0784772128039002,-0.0059224056848535,0.062065340532877,-0.6814501613951937,0.4987309931179325,0.0391253324422793,0.1084498885135659,-0.0059224056848535,-0.1275704731292924,0.1157256617595854
2,iPad_2021,device_overall_mean,slopeUV0-500_sma3nz_amean,51,0.2879622461777515,poor,0.3081250799841153,0.0278262603256876,0.3228819639741279,0.0208355753656488,0.0119999412839345,0.0107551375397832,0.0102942629703756,0.0074136048873595,-0.0017056783135589,0.0110226231453476,-1.105089000846414,0.274410457022937,0.0062547006649272,0.0173371457174914,-0.0017056783135589,-0.0233100196784402,0.0198986630513224
2,iPad_2021,device_overall_mean,slopeUV500-1500_sma3nz_amean,51,0.3081591985418975,poor,0.3310521668580421,0.0176484371587856,0.306026492377387,0.0289637506927085,-0.0017529180561856,0.0021397687445788,-0.0013343413509639,0.0014587585535123,0.0004185767052217,0.0021540404790031,1.3877341727485064,0.1713717018654576,0.0012318396088376,0.0034144851917136,0.0004185767052217,-0.0038033426336245,0.0046404960440679
2,iPad_2021,device_overall_mean,slopeV0-500_sma3nz_amean,51,0.7679826025074291,good,0.7736546232109326,2.816655755096563e-11,0.7865158371040724,7.896590051557716e-12,0.1068315214991499,0.0186701930675188,0.1081084670169317,0.021081387373433,0.0012769455177818,0.0135642924205812,0.6722956671555451,0.5044905242821891,0.0090179150871866,0.0249963853284315,0.0012769455177818,-0.0253090676265574,0.027862958662121
2,iPad_2021,device_overall_mean,slopeV0-500_sma3nz_stddevNorm,51,0.0308213983861633,poor,0.0315849196342021,0.8258521986309169,0.5814479638009049,7.664113523334398e-06,0.2232185258894196,0.0636938597518176,0.1912509400622444,0.0795366561117131,-0.0319675858271752,0.1003143521303334,-2.275788273261849,0.0271769206747079,0.0509242673666614,0.1411548675451384,-0.0319675858271752,-0.2285837160026287,0.1646485443482782
2,iPad_2021,device_overall_mean,slopeV500-1500_sma3nz_amean,51,0.3788062418381119,poor,0.3802260547201007,0.0059188406594903,0.3591855203619909,0.0096389203858145,-0.031273853595668,0.0062005859364261,-0.030019574004088,0.0067611814957535,0.0012542795915799,0.0072305040777699,1.2388275888246407,0.2211936527822423,0.0042451222367309,0.0117668785045883,0.0012542795915799,-0.0129175084008491,0.0154260675840091
2,iPad_2021,device_overall_mean,slopeV500-1500_sma3nz_stddevNorm,51,0.0007146666443931,poor,0.0082304734552542,0.9542894046390822,0.0537556561085972,0.7079236724753484,-0.3374000490085749,0.7624008132498958,2.11972297815617,17.527247094067842,2.4571230271647453,17.53755061466542,1.0005598058800724,0.3218574935986278,8.771908123315072,24.31448881433048,2.4571230271647453,-31.91647617757948,36.83072223190897
2,iPad_2021,device_overall_mean,spectralFluxUV_sma3nz_amean,51,0.3565098717808654,poor,0.3621812202605661,0.0090094310428891,0.3666109754059175,0.0081438642638131,0.0324277876502832,0.0423382992872521,0.0279810664341053,0.0354299489678811,-0.0044467212161778,0.0442858611157549,-0.7170672649677708,0.4766691537331687,0.0257897170523159,0.0714854485452937,-0.0044467212161778,-0.0912470090030576,0.0823535665707019
2,iPad_2021,device_overall_mean,spectralFluxV_sma3nz_amean,51,0.6950628834880469,moderate,0.7550225028174605,1.5451633321100775e-10,0.8034389140271493,1.2891007106545468e-12,0.5193030919862833,0.2229386014810956,0.5414861036499085,0.3367478117662642,0.0221830116636251,0.2230144834539744,0.7103502322888561,0.4807872256230077,0.1451763857790375,0.4024084108618459,0.0221830116636251,-0.4149253759061648,0.4592913992334151
2,iPad_2021,device_overall_mean,spectralFluxV_sma3nz_stddevNorm,51,0.6626055053231608,moderate,0.6628051361825404,1.1658803444386092e-07,0.6028054298642533,2.855987433819661e-06,0.3800295888500987,0.0728685314132009,0.3693106275338185,0.0746793358416645,-0.0107189613162802,0.0606065605460356,-1.263043049776596,0.2124320321116151,0.0390736740856396,0.108306698854369,-0.0107189613162802,-0.1295078199865101,0.1080698973539496
2,iPad_2021,device_overall_mean,spectralFlux_sma3_amean,51,0.6836359057121889,moderate,0.7371485128026902,6.90381294489301e-10,0.8113122171945701,5.220095950747458e-13,0.4660948399025518,0.1957827390005162,0.4862999373902089,0.2900742018573288,0.020205097487657,0.1968409303819588,0.7330449887624519,0.4669539790171348,0.1277054709378291,0.3539815056194613,0.020205097487657,-0.3656031260609823,0.4060133210362963
2,iPad_2021,device_overall_mean,spectralFlux_sma3_stddevNorm,51,0.7504711006743725,good,0.7504711885845452,2.2891092667445088e-10,0.7528506787330316,1.8658790838935392e-10,0.465158036585975,0.0807785277601157,0.4563128774626205,0.080817636031153,-0.0088451591233545,0.0570790172345477,-1.1066600982099064,0.2737369251393479,0.0377593025541351,0.1046634468445017,-0.0088451591233545,-0.1207200329030681,0.103029714656359
3,Huawei_P30_phone,device_overall_mean,F0semitoneFrom27.5Hz_sma3nz_amean,51,0.8694208675491543,good,0.8701376345730166,1.1313328357385974e-16,0.851764705882353,2.3190328031587068e-15,32.549617354942335,3.3212158276991177,32.863590609609986,3.4588426002135737,0.3139732546676446,1.7327854114530552,1.2939960781441446,0.2016120851972127,1.1845907316666635,3.283517986025549,0.3139732546676446,-3.082286151780344,3.710232661115633
3,Huawei_P30_phone,device_overall_mean,F0semitoneFrom27.5Hz_sma3nz_meanFallingSlope,51,0.6451261281517068,moderate,0.6451381043947005,3.2147105086841484e-07,0.7759276018099547,2.2634717955494497e-11,55.87061956014668,47.81230206874488,51.04870981754143,47.52185333080013,-4.821909742605269,40.15804421156845,-0.8574950297452262,0.3952630117868303,25.753849760311468,71.38602948412905,-4.821909742605269,-83.53167639727944,73.8878569120689
3,Huawei_P30_phone,device_overall_mean,F0semitoneFrom27.5Hz_sma3nz_meanRisingSlope,51,0.3159325845613828,poor,0.3771445885974495,0.0063695488483603,0.6595475113122171,1.4127232289427237e-07,79.40364938034355,58.29162478858466,71.07155752339881,31.58238060116412,-8.33209185694475,54.83359143840168,-1.085156673045198,0.2830567966697958,31.450931780756388,87.1775351762887,-8.33209185694475,-115.80593107621203,99.14174736232256
3,Huawei_P30_phone,device_overall_mean,F0semitoneFrom27.5Hz_sma3nz_pctlrange0-2,51,0.7360121505821693,moderate,0.7414842412396743,4.855813676309884e-10,0.7657013574660634,5.9371397622058e-11,5.206083395460954,3.12812076097858,4.781198275975666,2.769223683652696,-0.4248851194852874,2.1465262876386157,-1.4135800193227837,0.163681262986565,1.4141080549622873,3.919707548377861,-0.4248851194852874,-4.632076643256973,3.7823064042863983
3,Huawei_P30_phone,device_overall_mean,F0semitoneFrom27.5Hz_sma3nz_percentile20.0,51,0.9076099858315412,excellent,0.9078534209623176,3.961918156392099e-20,0.8937556561085972,1.0970251578083885e-18,29.92673708056668,4.044647047879704,30.458483313398894,3.952047601642051,0.5317462328322157,1.7188467102764402,2.2092881472297283,0.0317639281109509,1.187003351563916,3.2902054271934578,0.5317462328322157,-2.837193319309607,3.9006857849740384
3,Huawei_P30_phone,device_overall_mean,F0semitoneFrom27.5Hz_sma3nz_percentile50.0,51,0.9006196757341635,excellent,0.9011504714845516,2.044848470440941e-19,0.8876018099547511,4.0508944911366194e-18,32.32470895430472,3.595066920391172,32.69734980715526,3.720632286064053,0.3726408528505456,1.6310039356676886,1.631625725718388,0.1090417805310823,1.1242751818045695,3.1163318114970986,0.3726408528505456,-2.824126861058124,3.569408566759216
3,Huawei_P30_phone,device_overall_mean,F0semitoneFrom27.5Hz_sma3nz_percentile80.0,51,0.742886217077791,moderate,0.7438664424413782,3.99027579312129e-10,0.8135746606334842,3.9945526541733035e-13,35.13282047883255,3.285304552959257,35.23968159091801,3.4584640296363323,0.106861112085455,2.418763795402856,0.3155086847269714,0.7536886219378487,1.5966068250855936,4.425568330594449,0.106861112085455,-4.633915926904142,4.847638151075052
3,Huawei_P30_phone,device_overall_mean,F0semitoneFrom27.5Hz_sma3nz_stddevFallingSlope,51,0.4650214123458556,poor,0.4678623944725502,0.0005363317085804,0.6789140271493211,4.3527876549116754e-08,21.86128777013234,17.397248528808,21.21669132678088,19.429531713073278,-0.6445964433514529,19.07555763245433,-0.2413213523915942,0.8102929826194628,11.544343295279106,31.99928703947425,-0.6445964433514529,-38.03268940296195,36.74349651625904
3,Huawei_P30_phone,device_overall_mean,F0semitoneFrom27.5Hz_sma3nz_stddevNorm,51,0.81922317498349,good,0.8208816499184811,1.6411482348252462e-13,0.8377375565610861,1.7916629561678935e-14,0.1048604992697688,0.0520819983214049,0.0981429397144037,0.0488717322760034,-0.0067175595553651,0.0303667434396958,-1.5797864816944185,0.1204619567076084,0.0204791164009441,0.0567652145528798,-0.0067175595553651,-0.066236376697169,0.0528012575864387
3,Huawei_P30_phone,device_overall_mean,F0semitoneFrom27.5Hz_sma3nz_stddevRisingSlope,51,0.3618803981245392,poor,0.4867305777760127,0.0002926403298976,0.6343891402714932,5.775419531665238e-07,26.95901029104056,32.22516023318573,20.24667921129484,14.357593235302623,-6.712331079745716,28.18163537760545,-1.7009528138590515,0.0951640666434598,16.443932311534454,45.58025490368568,-6.712331079745716,-61.94833641985239,48.52367426036096
3,Huawei_P30_phone,device_overall_mean,F1amplitudeLogRelF0_sma3nz_amean,51,0.7528162983387912,good,0.7529200714648027,1.8547243757803643e-10,0.6970135746606334,1.333336705387962e-08,-9.269006395912117,9.868180703039515,-9.513349171993628,10.033397998172486,-0.2443427760815134,6.996766994344343,-0.2493946774028763,0.8040772226734562,4.631648756909504,12.838275356813018,-0.2443427760815134,-13.958006084996423,13.469320532833398
3,Huawei_P30_phone,device_overall_mean,F1amplitudeLogRelF0_sma3nz_stddevNorm,51,0.0345471095320448,poor,0.1228076385442037,0.3905965932166479,0.1133031674208144,0.4285701113874249,3.843466322595776,29.898958722514347,-0.1008679093614326,4.292114140253861,-3.944334231957208,29.67912112870353,-0.9490907932759396,0.347139440469154,15.093716079738137,41.83764645368608,-3.944334231957208,-62.11541164421614,54.226743180301725
3,Huawei_P30_phone,device_overall_mean,F1bandwidth_sma3nz_amean,51,0.8055913090191948,good,0.8197780733912725,1.8819312437753312e-13,0.8186425339366515,2.164521487789562e-13,1191.633602729001,105.71458185214304,1189.0994585376998,127.50306791137814,-2.534144191301241,73.02832913357251,-0.2478135483106061,0.8052935640855183,49.06492014942626,136.00102000366024,-2.534144191301241,-145.66966929310337,140.6013809105009
3,Huawei_P30_phone,device_overall_mean,F1bandwidth_sma3nz_stddevNorm,51,0.7838324020175833,good,0.8045001781486255,1.1439378343813698e-12,0.5985520361990949,3.49626853199006e-06,0.1752550903773074,0.0435019701194237,0.1770468356196236,0.0547045041487712,0.0017917452423162,0.032495840032013,0.3937617983587398,0.695431151211928,0.0217007526420817,0.060151417452266,0.0017917452423162,-0.0619001012204294,0.0654835917050618
3,Huawei_P30_phone,device_overall_mean,F1frequency_sma3nz_amean,51,0.6943155611541575,moderate,0.6946901410873914,1.5595078235909002e-08,0.5219909502262443,8.54740319989587e-05,615.8618594635028,75.56035716468958,625.4318897406898,78.08346222299258,9.570030277186948,60.07521221468608,1.1376353701304327,0.2606950715100075,39.09871350753717,108.37610459085042,9.570030277186948,-108.17738566359776,127.31744621797164
3,Huawei_P30_phone,device_overall_mean,F1frequency_sma3nz_stddevNorm,51,0.6695921805045265,moderate,0.6766459497137811,5.0190393817136765e-08,0.7181900452488686,2.9777782568786035e-09,0.2875869227871841,0.0431441286672613,0.2825766109370173,0.049877517597225,-0.0050103118501668,0.0379078348035452,-0.9438888733180992,0.3497652820287531,0.0244908684040169,0.0678852237724607,-0.0050103118501668,-0.0793096680651155,0.0692890443647817
3,Huawei_P30_phone,device_overall_mean,F2amplitudeLogRelF0_sma3nz_amean,51,0.7924712533795946,good,0.7924712533865488,4.253320689148115e-12,0.8186425339366515,2.164521487789562e-13,-21.08744830624596,8.700399937333527,-20.93548383365671,8.700436386804018,0.1519644725892433,5.605240557079789,0.1936122800843237,0.8472638903887149,3.752237847940912,10.40067268146304,0.1519644725892433,-10.834307019287142,11.138235964465627
3,Huawei_P30_phone,device_overall_mean,F2amplitudeLogRelF0_sma3nz_stddevNorm,51,0.1951604888740315,poor,0.305559054893002,0.0292223256362113,0.1322171945701357,0.3550280721589504,-0.9781445945136624,1.9876586545622843,-0.1231475728461459,5.506616724745289,0.8549970216675163,5.25211950395392,1.162559235801699,0.2505272935449853,2.8708976989399426,7.957722425572092,0.8549970216675163,-9.439157206082166,11.1491512494172
3,Huawei_P30_phone,device_overall_mean,F2bandwidth_sma3nz_amean,51,0.7051557829983169,moderate,0.7054894773242408,7.433392919428017e-09,0.6844343891402714,3.06141257117599e-08,852.97391688156,71.0584332307266,853.5279783032607,73.27838028833409,0.554061421700861,55.42552091800965,0.071389315292979,0.9433727042655222,36.187769801273056,100.30738029619192,0.554061421700861,-108.07995957759805,109.18808242099978
3,Huawei_P30_phone,device_overall_mean,F2bandwidth_sma3nz_stddevNorm,51,0.6513232539531829,moderate,0.652842774668267,2.082409363957806e-07,0.6712217194570135,7.020579206102507e-08,0.3388040137802971,0.0739402036675968,0.3287525612326121,0.069059069982236,-0.010051452547685,0.0597424712131502,-1.2015192461002009,0.2352102457086304,0.0383856797479609,0.1063996758449342,-0.010051452547685,-0.1271466961254594,0.1070437910300893
3,Huawei_P30_phone,device_overall_mean,F2frequency_sma3nz_amean,51,0.737379914179885,moderate,0.7389907911943939,5.950011125270907e-10,0.6847963800904977,2.9907729972892655e-08,1649.2645725455131,108.6360313127642,1656.9899856616655,116.05810429384006,7.725413116152332,81.46620971360306,0.6772192427250707,0.5013883833287707,53.69018660006098,148.82160451005095,7.725413116152332,-151.94835792250967,167.39918415481435
3,Huawei_P30_phone,device_overall_mean,F2frequency_sma3nz_stddevNorm,51,0.5877238555230353,moderate,0.5900406590902889,5.195867548845942e-06,0.5821719457013573,7.42034765348308e-06,0.1598954690933973,0.0217916633674823,0.1509110222359076,0.0238143932773502,-0.0089844468574896,0.0207266141447397,-3.095623035906866,0.0032148877758845,0.0130582762476086,0.0361956950863417,-0.0089844468574896,-0.0496086105811795,0.0316397168662001
3,Huawei_P30_phone,device_overall_mean,F3amplitudeLogRelF0_sma3nz_amean,51,0.8281035970800729,good,0.8322153092223451,3.8022704780653026e-14,0.8335746606334841,3.1674397299439296e-14,-27.188803860906745,9.868198014417382,-26.86680555854845,10.901796780688096,0.321998302358305,6.096658595337836,0.3771783829526887,0.7076372434393217,4.121566218221422,11.424398694293943,0.321998302358305,-11.627452544503852,12.271449149220462
3,Huawei_P30_phone,device_overall_mean,F3amplitudeLogRelF0_sma3nz_stddevNorm,51,-0.1933270161780705,poor,-0.2061868126739673,0.1466090127042351,0.0257013574660633,0.857919156739987,-0.985259266938282,1.1151662396490336,-0.6378479226578682,1.6028019596264456,0.347411344280414,2.132989127862836,1.163162633148677,0.2502847210587532,0.9578718321441642,2.6550852586255456,0.347411344280414,-3.833247346330744,4.528070034891572
3,Huawei_P30_phone,device_overall_mean,F3bandwidth_sma3nz_amean,51,0.4563247473824779,poor,0.458482580899023,0.000715661794118,0.4800904977375566,0.0003636275645016,780.0153341803428,90.26814900387733,789.207563779955,81.90610663260735,9.19222959961219,89.87410926449117,0.7304178068811175,0.4685436111300015,54.22926500396712,150.31585361042448,9.19222959961219,-166.96102455879048,185.3454837580149
3,Huawei_P30_phone,device_overall_mean,F3bandwidth_sma3nz_stddevNorm,51,0.599685607790852,moderate,0.6030580313083971,2.821624098132589e-06,0.5994570135746605,3.3498042156724373e-06,0.4467183590516261,0.0809381703755432,0.4308271413496472,0.0727975178707361,-0.0158912177019788,0.0688760633816091,-1.6476840906586672,0.1056885318647972,0.043556767333299,0.1207331993479266,-0.0158912177019788,-0.1508883019299328,0.119105866525975
3,Huawei_P30_phone,device_overall_mean,F3frequency_sma3nz_amean,51,0.3371242813672623,poor,0.3413238439335957,0.0142373713222706,0.2539366515837104,0.0721589588710579,2813.636450757612,90.09776740038797,2808.10496231946,76.95470381118085,-5.531488438150812,96.47037142426063,-0.4094804259707871,0.6839361021152707,55.77631814885194,154.6040661472723,-5.531488438150812,-194.6134164297017,183.55043955340005
3,Huawei_P30_phone,device_overall_mean,F3frequency_sma3nz_stddevNorm,51,0.6103026971526558,moderate,0.6103188382531493,1.983514177122256e-06,0.5666968325791855,1.4565325173642236e-05,0.0932369309993434,0.0121104648580816,0.0914294327938596,0.0120227061045367,-0.0018074982054838,0.0106528537101293,-1.2117052782681577,0.2313206010345229,0.0067591133194779,0.0187353062630037,-0.0018074982054838,-0.0226870914773374,0.0190720950663697
3,Huawei_P30_phone,device_overall_mean,Gap_Before,51,0.536917647901731,moderate,0.5402119156441807,4.282883644627541e-05,0.5394570135746606,4.410776410864236e-05,0.3600382211054356,0.1083753401118922,0.346961286697426,0.0970166320186171,-0.0130769344080096,0.0989830169795566,-0.9434748908374676,0.3499748098888154,0.0613558518248424,0.1700697444520265,-0.0130769344080096,-0.2070836476879407,0.1809297788719213
3,Huawei_P30_phone,device_overall_mean,HNRdBACF_sma3nz_amean,51,0.9558789709769616,excellent,0.9559117800928608,9.939584399909996e-28,0.9317647058823528,3.335316266904126e-23,5.086606428810219,2.999133459178133,5.213360682517881,3.024085480651442,0.1267542537076629,0.894623279218873,1.0118297297796726,0.3164910434578731,0.625577597514515,1.734012632534737,0.1267542537076629,-1.626707373561328,1.8802158809766536
3,Huawei_P30_phone,device_overall_mean,HNRdBACF_sma3nz_stddevNorm,51,0.0003923405229715,poor,0.0003924372008676,0.9978193191362889,0.3300452488687782,0.0180173640756209,1.7695450472422825,12.104485898619272,2.2804010088592648,12.37620105368163,0.5108559616169822,17.308129629713097,0.2107819484387919,0.8339141196714535,8.655762318530652,23.992549068546307,0.5108559616169822,-33.41307811262069,34.434790035854654
3,Huawei_P30_phone,device_overall_mean,MeanUnvoicedSegmentLength,51,0.0245310920115863,poor,0.0295576400965087,0.8368724070226994,0.2752262318200544,0.0506167675752579,0.0083616430173645,0.0107013287136836,0.0117992496807156,0.0200870713451449,0.0034376066633511,0.0224789134117859,1.0921089245769533,0.2800196608466792,0.0113764795405524,0.0315339924502863,0.0034376066633511,-0.0406210636237493,0.0474962769504515
3,Huawei_P30_phone,device_overall_mean,MeanVoicedSegmentLengthSec,51,0.7853917769806062,good,0.7950465588586123,3.234549571882912e-12,0.7852488687782805,8.984815416283564e-12,0.2943196855437321,0.0618949837115789,0.2862961253413458,0.0723907022942263,-0.0080235602023863,0.044122529760626,-1.2986490402592454,0.2000220275619595,0.029477942959399,0.0817086891791235,-0.0080235602023863,-0.0945037185332133,0.0784565981284406
3,Huawei_P30_phone,device_overall_mean,StddevUnvoicedSegmentLength,51,0.1472316175317949,poor,0.2591280582073068,0.06633255136844,0.2751382899242388,0.0506935644598841,0.0011057550407854,0.0026906987495633,0.0002863836861308,0.0008386639995506,-0.0008193713546545,0.002602637963327,-2.2482888392911664,0.028997173259454,0.0013938284295052,0.00386349529451,-0.0008193713546545,-0.0059205417627756,0.0042817990534664
3,Huawei_P30_phone,device_overall_mean,StddevVoicedSegmentLengthSec,51,0.519043930125611,moderate,0.54304178192039,3.833184519319464e-05,0.4994070520459562,0.0001909163450268,0.0096119723394851,0.0085368452499321,0.0063087283795786,0.0063057583367377,-0.0033032439599064,0.0073603697748615,-3.204985760668857,0.0023540788766679,0.0045358094804491,0.0125726224358395,-0.0033032439599064,-0.0177295687186351,0.0111230807988221
3,Huawei_P30_phone,device_overall_mean,VoicedSegmentsPerSec,51,0.7310853678021643,moderate,0.7374629583191881,6.73140455220912e-10,0.7409049773755656,5.091599594508026e-10,3.9009693247160966,0.8876173941753408,4.001065664711247,1.0128583969097913,0.1000963399951508,0.6983860291592786,1.0235468898124702,0.3109761168434573,0.459435754404676,1.2734909388396862,0.1000963399951508,-1.268740277157035,1.4689329571473368
3,Huawei_P30_phone,device_overall_mean,Word_Duration,51,0.7073585308867001,moderate,0.7218496908805084,2.2667140386456234e-09,0.6691402714932126,7.970851918935774e-08,0.4203269662767067,0.0621838737410167,0.4048195430105165,0.0761091598219634,-0.0155074232661901,0.0531672101312116,-2.0829596492520164,0.0423892385757698,0.0347357148333976,0.0962824892715859,-0.0155074232661901,-0.1197151551233649,0.0887003085909847
3,Huawei_P30_phone,device_overall_mean,alphaRatioUV_sma3nz_amean,51,0.3420476676567827,poor,0.3480972204510599,0.0123106943056997,0.2596380090497737,0.0657810946316976,-0.3859551552136414,1.512295965457089,-0.1978988154155727,1.824724242994828,0.1880563397980686,1.922366510544698,0.6986133413347427,0.4880305541280384,1.1134998610968958,3.086464146317024,0.1880563397980686,-3.5797820208695392,3.955894700465677
3,Huawei_P30_phone,device_overall_mean,alphaRatioV_sma3nz_amean,51,0.7724917459738672,good,0.7787966031085265,1.7113141791088128e-11,0.7090497737556561,5.780096306618439e-09,-15.894658480171444,4.556808325080965,-15.608142607889908,5.17737871018002,0.2865158722815347,3.28975855004046,0.6219704468934171,0.5367872750867777,2.189909357775539,6.0701190477024864,0.2865158722815347,-6.161410885797768,6.734442630360837
3,Huawei_P30_phone,device_overall_mean,alphaRatioV_sma3nz_stddevNorm,51,-0.032030877674422,poor,-0.2783219269997465,0.0479729972360041,0.3426244343891402,0.0138486233248872,-3.042869341701485,17.31282270829973,-0.5650702717331135,0.9995500033972092,2.477799069968372,17.617198132581894,1.0044176483298632,0.3200136387877488,8.666377346261397,24.021972424262607,2.477799069968372,-32.05190926989214,37.00750740982888
3,Huawei_P30_phone,device_overall_mean,equivalentSoundLevel_dBp,51,0.5458149565408195,moderate,0.5710271724195538,1.2101823406398893e-05,0.7308597285067874,1.1364265529412867e-09,-15.99709795881562,1.93562587147877,-16.584838374492026,2.6201188458334705,-0.5877404156764048,2.195372844776549,-1.9118875971804603,0.0616294649031853,1.3647623871142411,3.7829283354563343,-0.5877404156764048,-4.890671191438441,3.715190360085632
3,Huawei_P30_phone,device_overall_mean,hammarbergIndexUV_sma3nz_amean,51,0.0806811121056742,poor,0.0811905453828766,0.5711364898905389,0.1253393665158371,0.3808263883171671,1.473037544315269,1.6031600169267977,1.0914143737421746,1.793723137840546,-0.3816231705730947,2.306646391601026,-1.181513806903763,0.2429879159453541,1.1989465082935848,3.3233101686737623,-0.3816231705730947,-4.902650098111105,4.139403756964916
3,Huawei_P30_phone,device_overall_mean,hammarbergIndexV_sma3nz_amean,51,0.7735910504892091,good,0.7762258912879136,2.1990318912708328e-11,0.6876018099547511,2.4929818258310804e-08,25.8846144075915,6.4993687553257065,25.68058741597214,7.05838540418524,-0.2040269916193546,4.565500659082421,-0.319142251188147,0.7509481775187602,3.0400810235621463,8.42667467589995,-0.2040269916193546,-9.1524082834209,8.74435430018219
3,Huawei_P30_phone,device_overall_mean,hammarbergIndexV_sma3nz_stddevNorm,51,0.1486090645858656,poor,0.2827667314294207,0.044374713211292,0.412760180995475,0.0026117623322675,0.3470888783682665,0.1348633149545284,0.3681003588534713,0.4749272252368471,0.0210114804852047,0.4555451873095207,0.329389900811007,0.743236899190451,0.2441111332180245,0.6766415396334636,0.0210114804852047,-0.8718570866414559,0.9138800476118654
3,Huawei_P30_phone,device_overall_mean,jitterLocal_sma3nz_amean,51,0.84358037273238,good,0.8495017036280126,3.270391809004087e-15,0.8383710407239818,1.6405571284306157e-14,0.0439677663565318,0.0213613677710515,0.0419938313383355,0.0189758814123114,-0.0019739350181962,0.0113004313768963,-1.247449339311386,0.2180440287213547,0.0076717786630545,0.0212650855283199,-0.0019739350181962,-0.0241227805169131,0.0201749104805206
3,Huawei_P30_phone,device_overall_mean,jitterLocal_sma3nz_stddevNorm,51,0.6709313298945639,moderate,0.6709964526428158,7.118045486525371e-08,0.6543891402714932,1.9057751875529634e-07,1.0842772656841555,0.1512518302514451,1.074405746541878,0.1533739428917523,-0.0098715191422772,0.1235678392074468,-0.5705104814304724,0.5708866249261375,0.0798646803452294,0.2213735996336781,-0.0098715191422772,-0.2520644839888731,0.2323214457043186
3,Huawei_P30_phone,device_overall_mean,logRelF0-H1-A3_sma3nz_amean,51,0.8331549694957617,good,0.8478600318239741,4.18200476010101e-15,0.8028959276018099,1.3699720889459546e-12,21.728253055824307,7.247585117686706,21.574333936896487,8.743191070525972,-0.1539191189278247,4.6387660460610425,-0.2369600796187621,0.8136559468620024,3.1403066886561684,8.704486045852656,-0.1539191189278247,-9.245900569207468,8.93806233135182
3,Huawei_P30_phone,device_overall_mean,logRelF0-H1-A3_sma3nz_stddevNorm,51,0.3146996666914857,poor,0.6098811305342444,2.0266121307842453e-06,0.2243438914027149,0.1134978400858541,0.7970848211893051,5.959895659523847,-2.455035266806941,21.44386250225449,-3.252120087996246,18.42471426531337,-1.2605233663338256,0.2133314858394494,10.56292125485832,29.278923933923345,-3.252120087996246,-39.364560048010446,32.86031987201795
3,Huawei_P30_phone,device_overall_mean,logRelF0-H1-H2_sma3nz_amean,51,0.5578095951551717,moderate,0.5604345019975384,1.895422724633536e-05,0.4682352941176471,0.0005301258144827,4.558937663948933,3.1581863291843635,5.139660299122204,3.479792601234832,0.5807226351732703,3.124889405418425,1.3271474915987942,0.1904885485506759,1.9501222758851464,5.405463166851615,0.5807226351732703,-5.544060599446843,6.705505869793384
3,Huawei_P30_phone,device_overall_mean,logRelF0-H1-H2_sma3nz_stddevNorm,51,0.0232443608155174,poor,0.0237357468643486,0.8686857662634889,0.1705882352941176,0.2313695506840713,-0.3356458310589956,11.48686524924445,-0.8951471882687246,14.104089233084242,-0.5595013572097294,17.977276365113397,-0.2222605258458274,0.82501646437309,9.092505641257166,25.203139795886727,-0.5595013572097294,-35.79496303283199,34.675960318412535
3,Huawei_P30_phone,device_overall_mean,loudnessPeaksPerSec,51,0.5891596226447482,moderate,0.5908875842016867,4.997550000586275e-06,0.6568325791855203,1.654992013436666e-07,4.342795541256237,0.8512105595595311,4.398320940368204,0.7884660750658755,0.0555253991119666,0.7436995341183761,0.5331866507008869,0.5962665451503575,0.4687607870325725,1.2993386105590945,0.0555253991119666,-1.4021256877600503,1.5131764859839838
3,Huawei_P30_phone,device_overall_mean,loudness_sma3_amean,51,0.6500587619033554,moderate,0.6511237879097864,2.2966842709851698e-07,0.7646153846153845,6.558614761064177e-11,2.120643849274852,0.4621893601410193,2.0702584295318096,0.489414310709959,-0.0503854197430423,0.3982138276978583,-0.9035946115111811,0.3705433881160825,0.2557620157808039,0.708936138455905,-0.0503854197430423,-0.8308845220308447,0.7301136825447601
3,Huawei_P30_phone,device_overall_mean,loudness_sma3_meanFallingSlope,51,0.6292985796638132,moderate,0.6293560749633818,7.540539179423372e-07,0.6342986425339366,5.803425013239504e-07,5.668306995695339,3.1924685231407226,5.5154211295976605,3.235916016488198,-0.1528858660976781,2.7676355100567185,-0.3944968427038207,0.6948919761758711,1.7663600674846278,4.896100312403191,-0.1528858660976781,-5.577451465808847,5.27167973361349
3,Huawei_P30_phone,device_overall_mean,loudness_sma3_meanRisingSlope,51,0.4474706929148879,poor,0.4623841843241197,0.0006353779053232,0.5752036199095023,1.0096133919588868e-05,14.57956653657014,4.130844921999972,13.867642119125348,3.1931690048516974,-0.7119244174447937,3.880987486727183,-1.3100164046139455,0.1961771591100929,2.334625025016042,6.471250411929294,-0.7119244174447937,-8.318659891430071,6.894811056540484
3,Huawei_P30_phone,device_overall_mean,loudness_sma3_pctlrange0-2,51,0.7211761126801753,moderate,0.7323168183456913,1.0137419468407322e-09,0.7460633484162895,3.3231179062312847e-10,1.706705612886725,0.4543703364574087,1.6366493029870033,0.5415630469143043,-0.0700563098997216,0.3732830939080643,-1.3402753333369537,0.186214621128836,0.2448617677160515,0.6787221923089536,-0.0700563098997216,-0.8016911739595278,0.6615785541600845
3,Huawei_P30_phone,device_overall_mean,loudness_sma3_percentile20.0,51,0.6486888628171522,moderate,0.6490944491996989,2.576154168145907e-07,0.7040723981900452,8.207799146161534e-09,1.2575167785659116,0.34628881611734,1.2391462693376012,0.3587527551197542,-0.0183705092283104,0.2955381421492837,-0.4439077673554466,0.65902450249606,0.1897373782581908,0.5259251802988211,-0.0183705092283104,-0.5976252678409066,0.5608842493842856
3,Huawei_P30_phone,device_overall_mean,loudness_sma3_percentile50.0,51,0.6828822032553613,moderate,0.6830228435864741,3.3521103347561616e-08,0.7502262443438914,2.3374895458532437e-10,2.1811427118569875,0.5351523810724277,2.139568535494575,0.5461242727518948,-0.0415741763624123,0.4305806345036353,-0.6895317187454214,0.4936765717209278,0.2792874087250381,0.7741452007892142,-0.0415741763624123,-0.8855122199895376,0.8023638672647129
3,Huawei_P30_phone,device_overall_mean,loudness_sma3_percentile80.0,51,0.6569007203614875,moderate,0.6604142776544629,1.3426562611866774e-07,0.7880542986425338,6.742872277192367e-12,2.9642223891433988,0.6259155617844617,2.875795574119296,0.69408716870536,-0.0884268150241016,0.5474546404420858,-1.153508846228191,0.2541859547522729,0.3523436014161934,0.9766466354867952,-0.0884268150241016,-1.1614379102905898,0.9845842802423864
3,Huawei_P30_phone,device_overall_mean,loudness_sma3_stddevFallingSlope,51,0.4492154152519063,poor,0.4592582129283129,0.0006990100990968,0.3031674208144796,0.0305756183264699,3.130040366765782,1.5793127268126437,2.911763356916865,1.2788077144622276,-0.218277009848917,1.508147150183632,-1.0335925398543395,0.3063002211833862,0.9077791312359506,2.516235375704968,-0.218277009848917,-3.174245424208835,2.737691404511001
3,Huawei_P30_phone,device_overall_mean,loudness_sma3_stddevNorm,51,0.7522047186331763,good,0.7539790223753893,1.6921302696229512e-10,0.7584615384615384,1.1416403474222684e-10,0.4349172826557447,0.0660956431254375,0.4208404207868316,0.07079399547881,-0.014076861868913,0.0482122885143028,-2.085130256895049,0.0421832354630326,0.0319095128418403,0.0884486570261122,-0.014076861868913,-0.1085729473569466,0.0804192236191205
3,Huawei_P30_phone,device_overall_mean,loudness_sma3_stddevRisingSlope,51,0.5841086310427867,moderate,0.587798506887921,5.756672706479205e-06,0.6176470588235294,1.3773100019143228e-06,8.299115138187801,2.140816069058883,7.886958019928714,2.3953515759461514,-0.4121571182590871,2.071794566998351,-1.4206961482798812,0.1616115982730036,1.3037945890251392,3.613934221082095,-0.4121571182590871,-4.472874469575856,3.648560233057681
3,Huawei_P30_phone,device_overall_mean,mfcc1V_sma3nz_amean,51,0.718817013205496,moderate,0.7192456356191133,2.7536176291955923e-09,0.7491402714932126,2.563865726253428e-10,34.31236726939994,5.76037783072491,34.824975809312754,5.962769559855642,0.5126085399128136,4.396311529032272,0.8326883059747645,0.4089803716773642,2.8818626989029683,7.98811585482399,0.5126085399128136,-8.10416205699044,9.129379136816066
3,Huawei_P30_phone,device_overall_mean,mfcc1V_sma3nz_stddevNorm,51,0.2594045663742864,poor,0.3397322181757745,0.0147257683565632,0.5383710407239819,4.600918546748454e-05,0.3021188830096229,0.3610702556295883,0.2563737290236362,0.1675216483166844,-0.0457451539859866,0.34254402557852,-0.953704396367323,0.3448214131663776,0.1922069261728781,0.5327704178804277,-0.0457451539859866,-0.7171314441198858,0.6256411361479125
3,Huawei_P30_phone,device_overall_mean,mfcc1_sma3_amean,51,0.7490825652274123,moderate,0.7492926144810278,2.530904846444106e-10,0.7891402714932126,6.026764174142874e-12,33.98524193327843,5.778520772824689,34.53546575541196,5.916995230730391,0.5502238221335296,4.142859908043422,0.9484713779041714,0.3474514314236502,2.739525879760304,7.59357832111305,0.5502238221335296,-7.569781597631577,8.670229241898637
3,Huawei_P30_phone,device_overall_mean,mfcc1_sma3_stddevNorm,51,0.4079018821452219,poor,0.9480626158439296,5.027694947866362e-26,0.6277828054298643,8.188123581375252e-07,0.3515230896729596,0.4279259292249477,0.5216674965315419,1.8924425331287584,0.1701444068585823,1.492959909440625,0.813869211365963,0.4195790235043243,0.8857360984295513,2.455135206041704,0.1701444068585823,-2.7560570156450424,3.0963458293622077
3,Huawei_P30_phone,device_overall_mean,mfcc2V_sma3nz_amean,51,0.8566969148267926,good,0.8591438682454682,7.257090148616573e-16,0.8381900452488689,1.6824452212207374e-14,4.2820666829298375,8.139597969587141,1.770814035091685,8.778487196145628,-2.5112526478381527,4.531828136086888,-3.957328149255536,0.0002396815387647,3.0875496042197947,8.558250868583139,-2.5112526478381527,-11.393635794568452,6.371130498892149
3,Huawei_P30_phone,device_overall_mean,mfcc2V_sma3nz_stddevNorm,51,-0.0729912208695898,poor,-0.080455413605323,0.5746383593156873,-0.1806334841628959,0.2046318594836196,0.1562241697508998,2.6015827961821394,-0.6309260381063219,4.073874046877572,-0.7871502078572219,5.007005044701559,-1.122702458203742,0.2669261361960393,2.4104046520527547,6.681300821490805,-0.7871502078572219,-10.600880095472275,9.026579679757834
3,Huawei_P30_phone,device_overall_mean,mfcc2_sma3_amean,51,0.8548682129111189,good,0.8572291957489104,9.871365726300504e-16,0.8431674208144796,8.314572446281827e-15,4.5401800452571175,7.733899214310424,2.1534635447925146,8.33044699639138,-2.386716500464603,4.330405530793118,-3.936020528813728,0.000256472558704,2.948866436768089,8.17384074066834,-2.386716500464603,-10.874311340819114,6.100878339889908
3,Huawei_P30_phone,device_overall_mean,mfcc2_sma3_stddevNorm,51,-0.0743451341754895,poor,-0.092773599388384,0.5173021178101954,-0.1961085972850678,0.1678299758031052,-0.5653300390418764,3.314257764934901,0.2126442746831158,6.609736575866035,0.7779743137249923,7.664045137304992,0.7249236899282471,0.4718778978609673,3.686825667683439,10.219359368232594,0.7779743137249923,-14.243554155392792,15.799502782842778
3,Huawei_P30_phone,device_overall_mean,mfcc3V_sma3nz_amean,51,0.7928882469163654,good,0.7997870867717587,1.9339678265324147e-12,0.7535746606334841,1.752558121054999e-10,8.618204235447392,9.373603698035131,10.075248503115454,10.694376342112,1.4570442676680606,6.471867237218072,1.6077859717102032,0.114179259057114,4.332875538286696,12.010118246626552,1.4570442676680606,-11.22781551727936,14.14190405261548
3,Huawei_P30_phone,device_overall_mean,mfcc3V_sma3nz_stddevNorm,51,-0.0401152670248188,poor,-0.0897964995834926,0.5308917995020201,0.0289592760180995,0.840131127372195,0.0348802641421069,5.003767506960691,-1.3694902729557248,21.221669385965928,-1.4043705370978312,22.23662780219992,-0.4510221498983866,0.6539236128874282,10.893024322497178,30.193922954985588,-1.4043705370978312,-44.98816102940967,42.179419955214
3,Huawei_P30_phone,device_overall_mean,mfcc3_sma3_amean,51,0.7775981521085862,good,0.7903528217688797,5.312545046779251e-12,0.7590045248868779,1.0878697415030787e-10,9.630027765291652,8.745993630193542,11.207702717001215,10.480028409294512,1.577674951709565,6.437287353698457,1.7502485335947346,0.0862099395285444,4.291308090354726,11.89489915933404,1.577674951709565,-11.03940826153941,14.19475816495854
3,Huawei_P30_phone,device_overall_mean,mfcc3_sma3_stddevNorm,51,-0.0094761193539271,poor,-0.0121246078193808,0.932703842981248,0.2295022624434388,0.1052220299700806,-0.5692739857044212,6.036490347384835,-0.2756903854320951,12.541860604248573,0.2935836002723261,13.984754650831256,0.1499208474861679,0.881430197685599,6.959168163600509,19.289829999605857,0.2935836002723261,-27.116535515356933,27.70370271590159
3,Huawei_P30_phone,device_overall_mean,mfcc4V_sma3nz_amean,51,0.6671998387376178,moderate,0.6696417941826395,7.731445716616669e-08,0.6495927601809954,2.504726281065013e-07,-28.492113466490714,8.805964292962964,-27.437888582165684,9.592295730699238,1.054224884325034,7.511900228137441,1.0022326349324815,0.3210570898004637,4.849686276108174,13.442644525656624,1.054224884325034,-13.66909956282435,15.777549331474418
3,Huawei_P30_phone,device_overall_mean,mfcc4V_sma3nz_stddevNorm,51,0.0649802592938121,poor,0.0888646158635756,0.535181374883349,0.1614479638009049,0.2577059703421751,-1.0150644163074538,2.063231303910645,-0.7787844356291634,4.746306979745308,0.2362799806782902,5.00438798786664,0.3371794063934724,0.7373930083441577,2.582211174192628,7.157524204370955,0.2362799806782902,-9.572320475540325,10.044880436896904
3,Huawei_P30_phone,device_overall_mean,mfcc4_sma3_amean,51,0.6639566665893121,moderate,0.6663751142461238,9.420527362873233e-08,0.6604524886877828,1.3396435828933724e-07,-26.43962770840389,8.679654788954958,-25.08444243278424,9.452770055125864,1.3551852756196583,7.439314686749537,1.3009207246590482,0.1992491598604076,4.798151320761767,13.299796917393753,1.3551852756196583,-13.225871510409432,15.93624206164875
3,Huawei_P30_phone,device_overall_mean,mfcc4_sma3_stddevNorm,51,-0.0030140508095375,poor,-0.0095083024048061,0.947201939835973,-0.0599095022624434,0.676233571809856,-0.607421209387125,1.439656581147979,-1.4666421944867971,8.849032121380995,-0.8592209850996725,8.978877651145591,-0.6833888830870204,0.4975158865290161,4.482668021472467,12.42532182670176,-0.8592209850996725,-18.457821181345032,16.73937921114569
3,Huawei_P30_phone,device_overall_mean,shimmerLocaldB_sma3nz_amean,51,0.8935765845994271,good,0.898012487913636,4.236926942752306e-19,0.8852488687782806,6.543629009134229e-18,1.4325106525350957,0.3304151438250507,1.4471667286162564,0.3650192804460721,0.0146560760811609,0.1606189440599962,0.6516374453177446,0.5176192735509942,0.1105116868623531,0.3063227676684781,0.0146560760811609,-0.3001570542764316,0.3294692064387535
3,Huawei_P30_phone,device_overall_mean,shimmerLocaldB_sma3nz_stddevNorm,51,0.6904604637617662,moderate,0.6986963948970828,1.1891973118495928e-08,0.6467873303167421,2.9323864565760065e-07,0.5940095332282944,0.0644821405493615,0.580253015437903,0.0752405387439837,-0.0137565177903915,0.0551307088148273,-1.7819685133385414,0.0808275836474042,0.0358398422612983,0.0993429743585114,-0.0137565177903915,-0.1218127070674532,0.09429967148667
3,Huawei_P30_phone,device_overall_mean,slopeUV0-500_sma3nz_amean,51,0.6272363135283747,moderate,0.6276302031927369,8.25362197692518e-07,0.6367420814479637,5.090059805732307e-07,0.0209358255022745,0.0132593253219981,0.0193822788542671,0.0127976752063584,-0.0015535466480074,0.0112510841411102,-0.986086501354098,0.3288385728019346,0.007176119970145,0.0198911897265112,-0.0015535466480074,-0.0236056715645835,0.0204985782685686
3,Huawei_P30_phone,device_overall_mean,slopeUV500-1500_sma3nz_amean,51,0.4939333177754924,poor,0.494445201446038,0.0002261050767943,0.5361085972850679,5.021451064571728e-05,-0.0040311837657987,0.0030754317451165,-0.0035643192426414,0.0029385683160686,0.0004668645231572,0.00302597081628,1.101821458427665,0.2758149902197316,0.0018492700924577,0.0051259151766796,0.0004668645231572,-0.0054640382767517,0.0063977673230662
3,Huawei_P30_phone,device_overall_mean,slopeV0-500_sma3nz_amean,51,0.7749204060868023,good,0.7902462099394225,5.371970192848846e-12,0.7654298642533935,6.087060830364339e-11,0.0966425064217705,0.0125329671017524,0.0967838205484278,0.015285725237489,0.0001413141266573,0.0093779021222896,0.1076130576226136,0.9147333023770362,0.0062469084492156,0.0173155467974962,0.0001413141266573,-0.0182393740330304,0.018522002286345
3,Huawei_P30_phone,device_overall_mean,slopeV0-500_sma3nz_stddevNorm,51,0.7084966222986844,moderate,0.7893535645682964,5.894863889751958e-12,0.7269683257918552,1.5363641315988407e-09,0.2822998992709427,0.0573016168339195,0.286632772925406,0.091987485419893,0.0043328736544632,0.0585128834776951,0.5288221200902399,0.5992686706386057,0.0382409406934684,0.1059984796545521,0.0043328736544632,-0.1103523779618193,0.1190181252707457
3,Huawei_P30_phone,device_overall_mean,slopeV500-1500_sma3nz_amean,51,0.6242127394798185,moderate,0.628017734535235,8.088236456742105e-07,0.5598190045248869,1.9445714894498526e-05,-0.0324561969456915,0.0051057222117932,-0.0316746652904623,0.0057014487334005,0.0007815316552292,0.0046916636261507,1.1896105145626452,0.239817940280444,0.0029896360928496,0.0082868484617734,0.0007815316552292,-0.0084141290520262,0.0099771923624847
3,Huawei_P30_phone,device_overall_mean,slopeV500-1500_sma3nz_stddevNorm,51,-0.1429172073834061,poor,-0.8001139548989946,1.8656446923838044e-12,0.0947511312217194,0.5083727014816455,-0.3304715658939933,0.9027439068338268,-1.9938366634873768,10.026643973976077,-1.663365097593384,10.76257337589165,-1.103713989221952,0.2750008828839199,4.981928814134286,13.809202139622997,-1.663365097593384,-22.75800891434102,19.43127871915425
3,Huawei_P30_phone,device_overall_mean,spectralFluxUV_sma3nz_amean,51,0.5588234104553468,moderate,0.5608982319080194,1.859152595324747e-05,0.28190683054343,0.0450530702899564,0.2950756221684322,0.2545188707618803,0.2444607482058196,0.2335110140883666,-0.0506148739626126,0.2294244218536225,-1.5755188436492418,0.1214435980361703,0.1432214644170141,0.396989645306895,-0.0506148739626126,-0.5002867407957128,0.3990569928704874
3,Huawei_P30_phone,device_overall_mean,spectralFluxV_sma3nz_amean,51,0.64118571884022,moderate,0.6521480723939653,2.1666483196989853e-07,0.7398190045248868,5.56305985068402e-10,2.721084923615721,0.5609578153440791,2.612859963389829,0.674721129850225,-0.1082249602258921,0.5256035646501284,-1.4704634055318453,0.1477016844885433,0.3366721333106398,0.9332075421219392,-0.1082249602258921,-1.1384079469401436,0.9219580264883596
3,Huawei_P30_phone,device_overall_mean,spectralFluxV_sma3nz_stddevNorm,51,0.6690009740102083,moderate,0.669762827453358,7.674687890457774e-08,0.6188235294117647,1.2978525511506336e-06,0.4128471931064054,0.0655868088442633,0.3928884737933631,0.0625305391359255,-0.0199587193130422,0.0521350551914222,-2.733933338636187,0.0086324786389911,0.0336765921291383,0.0933467509141274,-0.0199587193130422,-0.1221434274882298,0.0822259888621453
3,Huawei_P30_phone,device_overall_mean,spectralFlux_sma3_amean,51,0.6551399113994228,moderate,0.6637835196435256,1.1000326352358421e-07,0.7507692307692309,2.2315175369060567e-10,2.4273194475817106,0.5078612210243404,2.327320686015556,0.5973308208189347,-0.099998761566155,0.4604289872311098,-1.551018763962317,0.1272044140018529,0.29617610514028,0.8209582788908386,-0.099998761566155,-1.0024395765391303,0.8024420534068204
3,Huawei_P30_phone,device_overall_mean,spectralFlux_sma3_stddevNorm,51,0.7054211912377842,moderate,0.7065611794709985,6.893977498814634e-09,0.6823529411764705,3.4989628495568026e-08,0.519186933207349,0.0788837232126742,0.5014706305034692,0.0745247432203941,-0.0177163027038797,0.0588993264336972,-2.1480671416604498,0.0365780452275797,0.0384588381685196,0.1066024606408237,-0.0177163027038797,-0.1331589825139263,0.0977263771061667
